question,ground_truth,partial_answers,perspective_count,dataset,original_index,complexity_level
Could The President pardon himself if he committed a crime?,"[""The president can pardon himself, as the Constitution does not explicitly restrict this action and the pardon power is very broad."", ""A self-pardon by the president could be seen as a violation of the principle that no one can be a judge in their own case, which is a fundamental aspect of legal and constitutional theory."", ""The historical context of the pardon power, derived from British law where the monarch could not be prosecuted and thus did not need to pardon themselves, suggests that self-pardons were not intended by the framers of the Constitution.""]","[""The president can pardon himself, as the Constitution does not explicitly restrict this action and the pardon power is very broad."", ""A self-pardon by the president could be seen as a violation of the principle that no one can be a judge in their own case, which is a fundamental aspect of legal and constitutional theory."", ""The historical context of the pardon power, derived from British law where the monarch could not be prosecuted and thus did not need to pardon themselves, suggests that self-pardons were not intended by the framers of the Constitution.""]",3,debateqa,1503,2
Are you able to be your whole self at school?,"[""When people feel comfortable bringing their whole selves, they contribute more to the work, are more creative and motivated, and experience more joy and satisfaction."", ""Bringing your whole self to work means being honest, valued for who you are, and feeling confident that differences of opinion are respected."", ""Psychological safety in the workplace, where different ideas are valued and critique is welcome, allows individuals to bring their best to the table.""]","[""When people feel comfortable bringing their whole selves, they contribute more to the work, are more creative and motivated, and experience more joy and satisfaction."", ""Bringing your whole self to work means being honest, valued for who you are, and feeling confident that differences of opinion are respected."", ""Psychological safety in the workplace, where different ideas are valued and critique is welcome, allows individuals to bring their best to the table.""]",3,debateqa,1861,2
Should gifted and talented education be eliminated?,"[""Gifted education is often a flash point in school desegregation debates"", ""Some progressives have proposed eliminating gifted programs altogether"", ""Researchers analyzed the records of about 1,300 students, raising big questions about whether gifted education benefits the kids who are lucky enough to be in it"", ""Students’ reading scores were only slightly higher after receiving gifted instruction"", ""Black students didn’t experience even the small reading gains that their white peers did in gifted programs"", ""Gifted classes may not help talented students move ahead faster"", ""It seems like Black students benefit less than white students and that high income students benefit the most""]","[""Gifted education is often a flash point in school desegregation debates"", ""Some progressives have proposed eliminating gifted programs altogether"", ""Researchers analyzed the records of about 1,300 students, raising big questions about whether gifted education benefits the kids who are lucky enough to be in it"", ""Students’ reading scores were only slightly higher after receiving gifted instruction"", ""Black students didn’t experience even the small reading gains that their white peers did in gifted programs"", ""Gifted classes may not help talented students move ahead faster"", ""It seems like Black students benefit less than white students and that high income students benefit the most""]",7,debateqa,36,3
Can money bring happiness?,"[""Money can increase happiness when spent on goods and services that fit our personalities"", ""Higher income is associated with greater happiness for most people, but for an unhappy minority, happiness plateaus after a certain income level"", ""Low expectations and good relationships are more likely to bring happiness than material possessions""]","[""Money can increase happiness when spent on goods and services that fit our personalities"", ""Higher income is associated with greater happiness for most people, but for an unhappy minority, happiness plateaus after a certain income level"", ""Low expectations and good relationships are more likely to bring happiness than material possessions""]",3,debateqa,1066,1
Is death still a taboo topic in modern society?,"[""death and dying have remained taboo topics"", ""the positive death movement is driving an evolution in the Western approach to thinking about death and dying"", ""many people have been forced into talking about creating and updating their wills and end-of-life wishes""]","[""death and dying have remained taboo topics"", ""the positive death movement is driving an evolution in the Western approach to thinking about death and dying"", ""many people have been forced into talking about creating and updating their wills and end-of-life wishes""]",3,debateqa,1917,2
Do video games contribute to violence among children?,"[""violent video games can contribute to real-life violent behavior and harm children in other ways"", ""most youths are not affected by violent video games"", ""violent video games increase precursors to violent behavior, such as bullying"", ""violent video games significantly positively predicted problem behaviors"", ""violent video games do not have a significant impact on increasing violent behaviors among youths""]","[""violent video games can contribute to real-life violent behavior and harm children in other ways"", ""most youths are not affected by violent video games"", ""violent video games increase precursors to violent behavior, such as bullying"", ""violent video games significantly positively predicted problem behaviors"", ""violent video games do not have a significant impact on increasing violent behaviors among youths""]",5,debateqa,1091,3
Why do people support Hillary Clinton when she is a known criminal?,"[""People support Hillary Clinton because they believe she has the best combination of heart, compassion, brains, and persistence, qualities essential for effective leadership"", ""Support for Hillary Clinton stems from her long-standing commitment to public service and advocacy for children and families"", ""Support for Hillary Clinton is influenced by her detailed involvement in significant policy areas like healthcare, education, and historic preservation, demonstrating her capability and dedication""]","[""People support Hillary Clinton because they believe she has the best combination of heart, compassion, brains, and persistence, qualities essential for effective leadership"", ""Support for Hillary Clinton stems from her long-standing commitment to public service and advocacy for children and families"", ""Support for Hillary Clinton is influenced by her detailed involvement in significant policy areas like healthcare, education, and historic preservation, demonstrating her capability and dedication""]",3,debateqa,1701,2
Who was more detestable? Joseph Stalin or Adolf Hitler?,"[""Stalin's regime was seen as a betrayal of the Bolshevik Revolution's original, liberatory aspects"", ""Hitler was seen as a direct and aggressive threat to other nations, actively pursuing territorial expansion"", ""Stalin was perceived as a tactical and opportunistic leader who would align with Hitler to avoid confrontation and secure stability for his regime""]","[""Stalin's regime was seen as a betrayal of the Bolshevik Revolution's original, liberatory aspects"", ""Hitler was seen as a direct and aggressive threat to other nations, actively pursuing territorial expansion"", ""Stalin was perceived as a tactical and opportunistic leader who would align with Hitler to avoid confrontation and secure stability for his regime""]",3,debateqa,679,1
Should schools teach LGBT+ inclusive sex education?,"[""LGBT-inclusive sex education can reduce bullying, improve mental health and reduce suicidality in young LGBT people"", ""Some sex education curricula cover LGBT issues, presenting homosexuality and heterosexuality as equally valid"", ""Teachers' personal opinions about homosexuality can impact the effectiveness of LGBT sex education"", ""Opponents argue that LGBT sex education programs would force a political point of view on students, misuse tax money, and disrespect religious values""]","[""LGBT-inclusive sex education can reduce bullying, improve mental health and reduce suicidality in young LGBT people"", ""Some sex education curricula cover LGBT issues, presenting homosexuality and heterosexuality as equally valid"", ""Teachers' personal opinions about homosexuality can impact the effectiveness of LGBT sex education"", ""Opponents argue that LGBT sex education programs would force a political point of view on students, misuse tax money, and disrespect religious values""]",4,debateqa,985,3
Where will you go after you die? To heaven or hell?,"[""believers in Jesus Christ go immediately to heaven when they die"", ""faithful Jehovah’s Witnesses who die remain in an unconscious state of “soul sleep” until the resurrection"", ""the Roman Catholic Church teaches that all believers who die enter a place of punishment, purgatory, to atone for sins not covered by Jesus’ sacrificial death"", ""the souls of believers immediately go to be with the Lord in heaven upon death"", ""disembodied souls of believers are conscious and await the final resurrection""]","[""believers in Jesus Christ go immediately to heaven when they die"", ""faithful Jehovah’s Witnesses who die remain in an unconscious state of “soul sleep” until the resurrection"", ""the Roman Catholic Church teaches that all believers who die enter a place of punishment, purgatory, to atone for sins not covered by Jesus’ sacrificial death"", ""the souls of believers immediately go to be with the Lord in heaven upon death"", ""disembodied souls of believers are conscious and await the final resurrection""]",5,debateqa,1627,3
Should the Equal Rights Amendment (ERA) be ratified?,"[""The ERA would provide a clearer judicial standard for deciding cases of sex discrimination"", ""The ERA would help overcome many of the obstacles that kept women as second-class citizens"", ""The ERA would improve the United States' standing in the world community with respect to human rights"", ""The ERA would prevent a rollback of women's rights by conservative or reactionary political votes"", ""The ERA would empower Congress to enforce gender equity through legislation""]","[""The ERA would provide a clearer judicial standard for deciding cases of sex discrimination"", ""The ERA would help overcome many of the obstacles that kept women as second-class citizens"", ""The ERA would improve the United States' standing in the world community with respect to human rights"", ""The ERA would prevent a rollback of women's rights by conservative or reactionary political votes"", ""The ERA would empower Congress to enforce gender equity through legislation""]",5,debateqa,876,3
Is war justifiable?,"[""war is justifiable if it is fought to protect innocent life from danger"", ""war is justifiable when it adheres to ethical principles before, during, and after the conflict"", ""war is not justifiable as it involves mass murder, which should always be unacceptable""]","[""war is justifiable if it is fought to protect innocent life from danger"", ""war is justifiable when it adheres to ethical principles before, during, and after the conflict"", ""war is not justifiable as it involves mass murder, which should always be unacceptable""]",3,debateqa,1139,2
Is it best for the age of conception to be lower or higher?,"[""Older women are more likely than younger women to have certain health conditions that can cause complications before and during pregnancy"", ""Older women are more likely to need a c-section, which comes with risks like infection and reaction to anesthesia"", ""Older women are more likely to have a baby with a birth defect""]","[""Older women are more likely than younger women to have certain health conditions that can cause complications before and during pregnancy"", ""Older women are more likely to need a c-section, which comes with risks like infection and reaction to anesthesia"", ""Older women are more likely to have a baby with a birth defect""]",3,debateqa,1127,2
Could Donald Trump be President?,"[""Donald Trump is set to win the Republican nomination again"", ""Trump could be defeated in stage three of the nominating process if he faces one strong opponent"", ""The Supreme Court's decision on whether Colorado can take former President Donald Trump off the ballot in the 2024 election may be one of the most consequential in its history""]","[""Donald Trump is set to win the Republican nomination again"", ""Trump could be defeated in stage three of the nominating process if he faces one strong opponent"", ""The Supreme Court's decision on whether Colorado can take former President Donald Trump off the ballot in the 2024 election may be one of the most consequential in its history""]",3,debateqa,260,1
Is the imposition of sanctions on states the best way to end child labor?,"[""Sanctions may not be the best way as they could exacerbate poverty, which is a primary driver of child labor"", ""Improving educational opportunities and economic conditions could be more effective than sanctions in ending child labor"", ""Sanctions might not address the underlying issues like lack of education and economic instability that contribute to child labor""]","[""Sanctions may not be the best way as they could exacerbate poverty, which is a primary driver of child labor"", ""Improving educational opportunities and economic conditions could be more effective than sanctions in ending child labor"", ""Sanctions might not address the underlying issues like lack of education and economic instability that contribute to child labor""]",3,debateqa,861,1
Is Mammoth Cave the longest cave system in the world?,"[""Mammoth Cave National Park is home to the world's longest known cave system"", ""Mammoth Cave National Park houses the world’s longest cave system, with over 405 miles mapped"", ""Mammoth Cave is currently mapped and explored at 426 miles, making it the longest known cave in the world""]","[""Mammoth Cave National Park is home to the world's longest known cave system"", ""Mammoth Cave National Park houses the world’s longest cave system, with over 405 miles mapped"", ""Mammoth Cave is currently mapped and explored at 426 miles, making it the longest known cave in the world""]",3,debateqa,1864,2
Is the Zika virus only transmitted by mosquitoes?,"[""Zika virus is not only transmitted by mosquitoes but also through sexual contact and from mother to baby"", ""Zika virus can be transmitted through blood transfusions, although no confirmed cases have been reported in the United States"", ""Zika virus can be spread from an infected person to others through sexual activity, even if the infected person shows no symptoms""]","[""Zika virus is not only transmitted by mosquitoes but also through sexual contact and from mother to baby"", ""Zika virus can be transmitted through blood transfusions, although no confirmed cases have been reported in the United States"", ""Zika virus can be spread from an infected person to others through sexual activity, even if the infected person shows no symptoms""]",3,debateqa,115,1
Is sitting the new smoking?,"[""many medical experts now believe it to be accurate"", ""sitting creates health risks comparable to those caused by smoking"", ""too much sitting has been linked to higher risks for various health problems, particularly cardiovascular disease"", ""sitting too long can take a mental toll as well"", ""being sedentary is linked to a much bigger chance of premature death than smoking""]","[""many medical experts now believe it to be accurate"", ""sitting creates health risks comparable to those caused by smoking"", ""too much sitting has been linked to higher risks for various health problems, particularly cardiovascular disease"", ""sitting too long can take a mental toll as well"", ""being sedentary is linked to a much bigger chance of premature death than smoking""]",5,debateqa,61,3
Is rainforest harvesting sustainable?,"[""Rainwater harvesting is a sustainable method that reduces the pressure on processed supply water and enhances green living"", ""Rainwater harvesting contributes to recharging local aquifers, curbing urban flooding, and ensuring water access in water-scarce regions"", ""Employing rainwater harvesting systems offers economical water management and environmental benefits""]","[""Rainwater harvesting is a sustainable method that reduces the pressure on processed supply water and enhances green living"", ""Rainwater harvesting contributes to recharging local aquifers, curbing urban flooding, and ensuring water access in water-scarce regions"", ""Employing rainwater harvesting systems offers economical water management and environmental benefits""]",3,debateqa,55,1
Is barefoot running healthier than running with shoes?,"[""Barefoot running may lead to better running mechanics and more efficient running patterns"", ""Barefoot running could potentially reduce the risk of chronic injuries"", ""Running barefoot might help prevent plantar fasciitis by promoting better running technique"", ""Barefoot running could lead to increased calorie burn due to the absence of springy soles found in running shoes"", ""There are risks associated with barefoot running, such as increased exposure to foot injuries and stress fractures""]","[""Barefoot running may lead to better running mechanics and more efficient running patterns"", ""Barefoot running could potentially reduce the risk of chronic injuries"", ""Running barefoot might help prevent plantar fasciitis by promoting better running technique"", ""Barefoot running could lead to increased calorie burn due to the absence of springy soles found in running shoes"", ""There are risks associated with barefoot running, such as increased exposure to foot injuries and stress fractures""]",5,debateqa,1898,3
Social media: More pros or more cons.,"[""Social media promotes increased interaction with friends and family, educational support, social and political change, and rapid information dissemination"", ""Social media prevents face-to-face communication, wastes time, alters children's brains, exposes users to predators, and spreads false information"", ""Social media can enhance well-being by providing community, support, and identity affirmation, especially during critical times like the COVID-19 pandemic"", ""Social media contributes to cyberbullying, which can have severe offline consequences including mental health issues and suicidal behavior"", ""Social media fosters civic and political engagement among youth, providing a platform for expression and participation in social movements""]","[""Social media promotes increased interaction with friends and family, educational support, social and political change, and rapid information dissemination"", ""Social media prevents face-to-face communication, wastes time, alters children's brains, exposes users to predators, and spreads false information"", ""Social media can enhance well-being by providing community, support, and identity affirmation, especially during critical times like the COVID-19 pandemic"", ""Social media contributes to cyberbullying, which can have severe offline consequences including mental health issues and suicidal behavior"", ""Social media fosters civic and political engagement among youth, providing a platform for expression and participation in social movements""]",5,debateqa,760,3
Are ride-hailing companies a benefit to society?,"[""Ride-hailing services increase traffic congestion, emissions, and total vehicle miles traveled"", ""Ride-hailing companies create jobs and boost the economy"", ""Ride-hailing increases mobility for seniors, people with disabilities, and low-income populations""]","[""Ride-hailing services increase traffic congestion, emissions, and total vehicle miles traveled"", ""Ride-hailing companies create jobs and boost the economy"", ""Ride-hailing increases mobility for seniors, people with disabilities, and low-income populations""]",3,debateqa,580,1
Why do people with terrible depression continue living?,"[""People with terrible depression may continue living due to the social connections that are crucial for survival and thriving."", ""Engaging in meaningful activities can help people with depression find a sense of purpose and improve their well-being, which may encourage them to continue living."", ""Individuals with depression might continue living due to interventions and support aimed at reducing loneliness and social isolation, which are linked to poor mental health outcomes."", ""The inherent need to combat the emotional and physical pain of loneliness might drive individuals with severe depression to seek connections that sustain their will to live.""]","[""People with terrible depression may continue living due to the social connections that are crucial for survival and thriving."", ""Engaging in meaningful activities can help people with depression find a sense of purpose and improve their well-being, which may encourage them to continue living."", ""Individuals with depression might continue living due to interventions and support aimed at reducing loneliness and social isolation, which are linked to poor mental health outcomes."", ""The inherent need to combat the emotional and physical pain of loneliness might drive individuals with severe depression to seek connections that sustain their will to live.""]",4,debateqa,671,2
Do all Muslims hate Israel?,"[""Not all Muslims hate Israel, as some actively seek to understand and coexist with it"", ""Some Muslims view Israel as an illegitimate state and support its replacement with a non-denominational state"", ""There are diverse views among Muslims regarding Israel, ranging from acceptance to outright rejection""]","[""Not all Muslims hate Israel, as some actively seek to understand and coexist with it"", ""Some Muslims view Israel as an illegitimate state and support its replacement with a non-denominational state"", ""There are diverse views among Muslims regarding Israel, ranging from acceptance to outright rejection""]",3,debateqa,752,1
Why are Liberals afraid of a shaped piece metal (gun)?,"[""Liberals may fear guns due to the belief that gun ownership increases misuse and reduces safety"", ""Liberals support stricter gun laws as a measure to prevent gun violence and enhance public safety"", ""Liberals are concerned about the accessibility of guns and their potential to fall into the wrong hands""]","[""Liberals may fear guns due to the belief that gun ownership increases misuse and reduces safety"", ""Liberals support stricter gun laws as a measure to prevent gun violence and enhance public safety"", ""Liberals are concerned about the accessibility of guns and their potential to fall into the wrong hands""]",3,debateqa,1450,2
"Should there be a statute of limitations for sexual assault cases, or should justice be pursued regardless of when the crime occurred?","[""Some states have abolished statutes of limitations for all felony sex crimes to allow a perpetrator to be prosecuted at any point, as long as there’s enough evidence to win a conviction"", ""California abolished its statute of limitations for almost every type of sex crime, signaling that victims always have an opportunity to seek justice"", ""The Adult Survivors Act allows survivors to sue their abusers regardless of when the abuse occurred, providing a one-year lookback window"", ""RAINN recommends eliminating statutes of limitations for at least the most serious (felony-level) sex crimes"", ""States should include exceptions to statutes of limitations so that the clock can toll or continue upon the discovery of DNA evidence""]","[""Some states have abolished statutes of limitations for all felony sex crimes to allow a perpetrator to be prosecuted at any point, as long as there’s enough evidence to win a conviction"", ""California abolished its statute of limitations for almost every type of sex crime, signaling that victims always have an opportunity to seek justice"", ""The Adult Survivors Act allows survivors to sue their abusers regardless of when the abuse occurred, providing a one-year lookback window"", ""RAINN recommends eliminating statutes of limitations for at least the most serious (felony-level) sex crimes"", ""States should include exceptions to statutes of limitations so that the clock can toll or continue upon the discovery of DNA evidence""]",5,debateqa,413,3
What is morality?,"[""Morality involves the differentiation of intentions, decisions, and actions between those that are proper and those that are improper"", ""Morality can be a body of standards derived from a code of conduct from a particular philosophy, religion, or culture"", ""Morality may also be synonymous with \""goodness\"", \""appropriateness\"" or \""rightness\"""", ""Immorality is the active opposition to morality, while amorality refers to an unawareness of, indifference toward, or disbelief in any set of moral standards"", ""Morality in its descriptive sense refers to personal or cultural values, codes of conduct, or social mores from a society""]","[""Morality involves the differentiation of intentions, decisions, and actions between those that are proper and those that are improper"", ""Morality can be a body of standards derived from a code of conduct from a particular philosophy, religion, or culture"", ""Morality may also be synonymous with \""goodness\"", \""appropriateness\"" or \""rightness\"""", ""Immorality is the active opposition to morality, while amorality refers to an unawareness of, indifference toward, or disbelief in any set of moral standards"", ""Morality in its descriptive sense refers to personal or cultural values, codes of conduct, or social mores from a society""]",5,debateqa,1363,3
Russia has decided to support Terror group called Taliban in Afghanistan where it is fighting US troops. Is Russia 's act justified?,"[""Russia's support for the Taliban is alleged but denied by Russia"", ""Russia's support for the Taliban is part of broader allegations involving other countries"", ""The support of Russia to Taliban is part of a pattern where several state and non-state actors are alleged to have supported the Taliban""]","[""Russia's support for the Taliban is alleged but denied by Russia"", ""Russia's support for the Taliban is part of broader allegations involving other countries"", ""The support of Russia to Taliban is part of a pattern where several state and non-state actors are alleged to have supported the Taliban""]",3,debateqa,1752,2
Should K-12 students dissect animals in science classrooms?,"[""NSTA supports the decision of science teachers and their school or school district to integrate live animals and dissection in the K–12 classroom"", ""Dissecting a real animal provides students with more learning opportunities"", ""Dissection can encourage students to pursue careers in science"", ""Animal dissection is a productive and worthwhile use for dead animals"", ""Methods used to supply animals for dissections are bad for the environment and inhumane"", ""Medical studies do not require or benefit from animal dissection"", ""Dissecting real animals is unnecessary since alternatives exist""]","[""NSTA supports the decision of science teachers and their school or school district to integrate live animals and dissection in the K–12 classroom"", ""Dissecting a real animal provides students with more learning opportunities"", ""Dissection can encourage students to pursue careers in science"", ""Animal dissection is a productive and worthwhile use for dead animals"", ""Methods used to supply animals for dissections are bad for the environment and inhumane"", ""Medical studies do not require or benefit from animal dissection"", ""Dissecting real animals is unnecessary since alternatives exist""]",7,debateqa,1804,3
Does giving homework meet its purpose?,"[""Homework is intended to further solidify concepts and practices that a student learns in class"", ""Homework can teach students time management, organization, and structure"", ""Homework helps students learn the material taught in class and acquire skills needed to plan, organize, and complete their work"", ""Homework allows parents to be involved with their children's learning, tracking academic strengths and weaknesses"", ""Homework has been a widely debated topic since its inception in the 19th century""]","[""Homework is intended to further solidify concepts and practices that a student learns in class"", ""Homework can teach students time management, organization, and structure"", ""Homework helps students learn the material taught in class and acquire skills needed to plan, organize, and complete their work"", ""Homework allows parents to be involved with their children's learning, tracking academic strengths and weaknesses"", ""Homework has been a widely debated topic since its inception in the 19th century""]",5,debateqa,771,3
How well do you read other people?,"[""Emotional intelligence helps you build stronger relationships, succeed at school and work, and achieve your career and personal goals."", ""Emotional intelligence affects your performance at school or work, your physical health, your mental health, your relationships, and your social intelligence."", ""Building emotional intelligence involves learning key skills such as self-management, self-awareness, social awareness, and relationship management.""]","[""Emotional intelligence helps you build stronger relationships, succeed at school and work, and achieve your career and personal goals."", ""Emotional intelligence affects your performance at school or work, your physical health, your mental health, your relationships, and your social intelligence."", ""Building emotional intelligence involves learning key skills such as self-management, self-awareness, social awareness, and relationship management.""]",3,debateqa,363,1
Was Mardi Gras originally a Christian holiday?,"[""Mardi Gras is a Christian holiday"", ""Mardi Gras has origins in pagan spring and fertility rites"", ""Mardi Gras was incorporated into the Christian calendar by the Church in Rome""]","[""Mardi Gras is a Christian holiday"", ""Mardi Gras has origins in pagan spring and fertility rites"", ""Mardi Gras was incorporated into the Christian calendar by the Church in Rome""]",3,debateqa,189,1
Why hasn't Donald Trump been ejected from the Republican party?,"[""Trump was acquitted by the Senate, which did not reach the necessary two-thirds majority for conviction"", ""Some Republican leaders and members of Congress still support Trump"", ""Trump's significant voter base within the Republican Party may deter leaders from ejecting him""]","[""Trump was acquitted by the Senate, which did not reach the necessary two-thirds majority for conviction"", ""Some Republican leaders and members of Congress still support Trump"", ""Trump's significant voter base within the Republican Party may deter leaders from ejecting him""]",3,debateqa,1293,2
How could Trump actually not pay any taxes?,"[""Trump utilized real estate tax breaks to significantly reduce his tax liabilities"", ""Trump's companies are structured as \""pass-through\"" businesses, allowing deductions such as interest on loans to lower taxes"", ""Trump reported substantial business losses, which he used to offset other income and reduce taxes""]","[""Trump utilized real estate tax breaks to significantly reduce his tax liabilities"", ""Trump's companies are structured as \""pass-through\"" businesses, allowing deductions such as interest on loans to lower taxes"", ""Trump reported substantial business losses, which he used to offset other income and reduce taxes""]",3,debateqa,1372,2
Is Hillary Clinton advocating raising taxes for the middle class?,"[""Hillary Clinton is not advocating raising taxes for the middle class but aims to ensure the wealthiest Americans pay their fair share"", ""Clinton's tax policies focus on providing targeted tax credits to the middle class and raising capital gains taxes"", ""Clinton's tax strategy includes closing tax loopholes for the wealthy to fund her public programs""]","[""Hillary Clinton is not advocating raising taxes for the middle class but aims to ensure the wealthiest Americans pay their fair share"", ""Clinton's tax policies focus on providing targeted tax credits to the middle class and raising capital gains taxes"", ""Clinton's tax strategy includes closing tax loopholes for the wealthy to fund her public programs""]",3,debateqa,230,1
Does religion play too large a role in politics and policymaking?,"[""Democrats and Democratic-leaning independents overwhelmingly believe that the government should do more to solve problems"", ""Republicans and Republican leaners generally prefer a limited role for government, believing it does too many things better left to businesses and individuals"", ""Younger adults and minority groups tend to support a more active role for government in solving problems""]","[""Democrats and Democratic-leaning independents overwhelmingly believe that the government should do more to solve problems"", ""Republicans and Republican leaners generally prefer a limited role for government, believing it does too many things better left to businesses and individuals"", ""Younger adults and minority groups tend to support a more active role for government in solving problems""]",3,debateqa,925,1
Can Russian Hackers get Trump's tax returns?,"[""Russian hackers have previously targeted U.S. political entities"", ""Trump has financial ties to Russia which could potentially be revealed through his tax returns"", ""Trump encouraged Russia to engage in hacking related to U.S. political processes""]","[""Russian hackers have previously targeted U.S. political entities"", ""Trump has financial ties to Russia which could potentially be revealed through his tax returns"", ""Trump encouraged Russia to engage in hacking related to U.S. political processes""]",3,debateqa,1770,2
What are your opinions on Brexit?,"[""Liberal Prime Minister Justin Trudeau has consistently cast Brexit in a negative light"", ""Conservative leaders Andrew Scheer and Erin O'Toole have commented positively on the UK's leaving the EU"", ""the UK's decision to leave the EU is seen as an opportunity to reinvigorate relations with Commonwealth states"", ""the UK's departure from the EU threatens the consensus on close relations with Europe in Canadian foreign policy"", ""the UK's withdrawal from the EU could lead to the emergence of a new fault line in Canadian foreign policy, dividing Eurosphere and Anglosphere loyalties""]","[""Liberal Prime Minister Justin Trudeau has consistently cast Brexit in a negative light"", ""Conservative leaders Andrew Scheer and Erin O'Toole have commented positively on the UK's leaving the EU"", ""the UK's decision to leave the EU is seen as an opportunity to reinvigorate relations with Commonwealth states"", ""the UK's departure from the EU threatens the consensus on close relations with Europe in Canadian foreign policy"", ""the UK's withdrawal from the EU could lead to the emergence of a new fault line in Canadian foreign policy, dividing Eurosphere and Anglosphere loyalties""]",5,debateqa,581,3
How does a liberal propaganda mill like Quora expect ongoing credibility when you don't recognize Hillary Clinton as a criminal sociopath?,"[""Neoliberalism is often criticized for serving powerful interests at the expense of the public."", ""Quora's credibility may be questioned due to perceived biases in content moderation and the topics it promotes."", ""The platform's association with neoliberal ideologies could lead to skepticism about its impartiality and credibility.""]","[""Neoliberalism is often criticized for serving powerful interests at the expense of the public."", ""Quora's credibility may be questioned due to perceived biases in content moderation and the topics it promotes."", ""The platform's association with neoliberal ideologies could lead to skepticism about its impartiality and credibility.""]",3,debateqa,1296,2
Why is racism often a double standard?,"[""Racism often manifests as a double standard when different groups are treated differently under similar circumstances without any justifiable reason."", ""Double standards in racism can arise from societal biases and prejudices that influence how different races are perceived and treated."", ""In specific contexts like employment or media, racial double standards can result in unfair treatment or representation based on race.""]","[""Racism often manifests as a double standard when different groups are treated differently under similar circumstances without any justifiable reason."", ""Double standards in racism can arise from societal biases and prejudices that influence how different races are perceived and treated."", ""In specific contexts like employment or media, racial double standards can result in unfair treatment or representation based on race.""]",3,debateqa,1279,2
Will Putin have Trump killed?,"[""Putin is not genuinely frightened by NATO expansion"", ""Putin is threatened by a flourishing democracy in Ukraine"", ""Putin continues to try to undermine democracy and sovereignty in Ukraine and the region""]","[""Putin is not genuinely frightened by NATO expansion"", ""Putin is threatened by a flourishing democracy in Ukraine"", ""Putin continues to try to undermine democracy and sovereignty in Ukraine and the region""]",3,debateqa,615,1
Will women still vote for Donald Trump in a potential presidential election despite his insulting remarks?,"[""Women voters will play a pivotal role in determining the outcome of the 2024 U.S. presidential election"", ""Trump's support from women declined by five points to 36 percent"", ""Trump's share of the white women vote in 2020 actually increased from 2016""]","[""Women voters will play a pivotal role in determining the outcome of the 2024 U.S. presidential election"", ""Trump's support from women declined by five points to 36 percent"", ""Trump's share of the white women vote in 2020 actually increased from 2016""]",3,debateqa,1224,2
Are organic foods healthier and more sustainable than non-organic foods?,"[""Organic foods are not healthier in terms of nutrients compared to non-organic foods"", ""Organic foods lead to less pesticide and antibiotic exposure"", ""Organic farming is more sustainable as it uses less energy and has lower emissions"", ""Organic farming helps in reducing pollution and enhancing soil health"", ""Organic farming practices contribute to carbon sequestration""]","[""Organic foods are not healthier in terms of nutrients compared to non-organic foods"", ""Organic foods lead to less pesticide and antibiotic exposure"", ""Organic farming is more sustainable as it uses less energy and has lower emissions"", ""Organic farming helps in reducing pollution and enhancing soil health"", ""Organic farming practices contribute to carbon sequestration""]",5,debateqa,855,3
What have been President Obama's biggest foreign policy mistakes?,"[""President Obama's declaration of a date certain to end American combat operations discouraged our friends and heartened our enemies"", ""Obama's policy in Iraq left the U.S. with no presence, no leverage, and no credibility with the Iraqi leadership"", ""Obama's handling of the Syrian civil war was highly criticized""]","[""President Obama's declaration of a date certain to end American combat operations discouraged our friends and heartened our enemies"", ""Obama's policy in Iraq left the U.S. with no presence, no leverage, and no credibility with the Iraqi leadership"", ""Obama's handling of the Syrian civil war was highly criticized""]",3,debateqa,1781,2
Is America tired of being told what to think and feel by vocal liberals?,"[""Americans feel exhausted and angry about politics"", ""Public dissatisfaction with the political system is high"", ""Many Americans are critical of both major political parties"", ""There is a widespread belief that special interests and campaign donors overly influence politics""]","[""Americans feel exhausted and angry about politics"", ""Public dissatisfaction with the political system is high"", ""Many Americans are critical of both major political parties"", ""There is a widespread belief that special interests and campaign donors overly influence politics""]",4,debateqa,1112,3
What are the drawbacks of range voting?,"[""Range voting can be manipulated by strategic voters, potentially leading to unfair outcomes"", ""Range voting may not work well if voters lack sufficient knowledge to vote strategically"", ""Range voting can lead to a situation where voters expressing mild preferences are penalized compared to those expressing intense preferences""]","[""Range voting can be manipulated by strategic voters, potentially leading to unfair outcomes"", ""Range voting may not work well if voters lack sufficient knowledge to vote strategically"", ""Range voting can lead to a situation where voters expressing mild preferences are penalized compared to those expressing intense preferences""]",3,debateqa,57,1
Should education focus more on maths and science rather than music and art?,"[""STEM-related classes allow students to use their creativity to fix problems that at first seemed unfixable, which teaches them in more practical ways than in music or art class"", ""requiring students to study the arts may result in the loss of valuable time to pursue their interests and acquire more marketable career skills"", ""the more they study music, the better they do in those subjects"", ""music education — multiple years of high-quality instrumental learning and playing in a band or orchestra or singing in a choir at an advanced level – may be the very thing that improves all-around academic achievement"", ""Students are not expected to master all areas in detail, but they should develop a coherent view of essential concepts, structures, and intellectual methods that typify these disciplines""]","[""STEM-related classes allow students to use their creativity to fix problems that at first seemed unfixable, which teaches them in more practical ways than in music or art class"", ""requiring students to study the arts may result in the loss of valuable time to pursue their interests and acquire more marketable career skills"", ""the more they study music, the better they do in those subjects"", ""music education — multiple years of high-quality instrumental learning and playing in a band or orchestra or singing in a choir at an advanced level – may be the very thing that improves all-around academic achievement"", ""Students are not expected to master all areas in detail, but they should develop a coherent view of essential concepts, structures, and intellectual methods that typify these disciplines""]",5,debateqa,484,3
Can Hillary Clinton pardon herself if she is elected as President?,"[""the president “shall have Power to grant Reprieves and Pardons for Offenses against the United States, except in Cases of Impeachment”"", ""the text of the Constitution does not explicitly prohibit a president from pardoning themselves"", ""historical and structural interpretations of the Constitution suggest that a president cannot pardon themselves""]","[""the president “shall have Power to grant Reprieves and Pardons for Offenses against the United States, except in Cases of Impeachment”"", ""the text of the Constitution does not explicitly prohibit a president from pardoning themselves"", ""historical and structural interpretations of the Constitution suggest that a president cannot pardon themselves""]",3,debateqa,1442,2
"Do you complain too much, too little, or just the right amount?","[""too little stress can lead to boredom and depression"", ""too much stress can cause anxiety and poor health"", ""the right amount of acute stress tunes up the brain and improves performance and health""]","[""too little stress can lead to boredom and depression"", ""too much stress can cause anxiety and poor health"", ""the right amount of acute stress tunes up the brain and improves performance and health""]",3,debateqa,454,1
Should abortions be made legal?,"[""Access to safe, legal abortion is a matter of human rights"", ""Legal restrictions on abortion often result in more illegal abortions, which may also be unsafe and may drive higher maternal mortality and morbidity"", ""Restrictive abortion policies push pregnant people seeking abortions, especially those living in poverty or rural areas, out of the healthcare system and into unsafe, unregulated settings"", ""Unsafe abortion is a leading cause of maternal mortality and morbidity"", ""Denying women, girls, and other pregnant people access to abortion is a form of discrimination and jeopardizes a range of human rights""]","[""Access to safe, legal abortion is a matter of human rights"", ""Legal restrictions on abortion often result in more illegal abortions, which may also be unsafe and may drive higher maternal mortality and morbidity"", ""Restrictive abortion policies push pregnant people seeking abortions, especially those living in poverty or rural areas, out of the healthcare system and into unsafe, unregulated settings"", ""Unsafe abortion is a leading cause of maternal mortality and morbidity"", ""Denying women, girls, and other pregnant people access to abortion is a form of discrimination and jeopardizes a range of human rights""]",5,debateqa,1031,3
What are the negative sides of capitalism?,"[""Capitalism is inherently exploitative, alienating, and leads to economic inequality"", ""Capitalism leads to environmental degradation due to its focus on continuous growth and profit maximization"", ""Capitalism perpetuates income inequality and concentrates wealth among a small elite""]","[""Capitalism is inherently exploitative, alienating, and leads to economic inequality"", ""Capitalism leads to environmental degradation due to its focus on continuous growth and profit maximization"", ""Capitalism perpetuates income inequality and concentrates wealth among a small elite""]",3,debateqa,611,1
What are the pros and cons of Hillary Clinton being the next President?,"[""Hillary Clinton has extensive experience in public service, including roles as U.S. Secretary of State and U.S. Senator from New York"", ""Hillary Clinton has been a leading advocate for expanding health insurance coverage and ensuring children are properly immunized"", ""Hillary Clinton's involvement in various public roles has sometimes led to controversy"", ""Hillary Clinton has demonstrated a commitment to children's issues and support for women around the world"", ""Hillary Clinton has a history of balancing public service with private life, which could influence her presidential duties""]","[""Hillary Clinton has extensive experience in public service, including roles as U.S. Secretary of State and U.S. Senator from New York"", ""Hillary Clinton has been a leading advocate for expanding health insurance coverage and ensuring children are properly immunized"", ""Hillary Clinton's involvement in various public roles has sometimes led to controversy"", ""Hillary Clinton has demonstrated a commitment to children's issues and support for women around the world"", ""Hillary Clinton has a history of balancing public service with private life, which could influence her presidential duties""]",5,debateqa,1558,3
"Rise of populist movements and growing political polarization, and how can societies address the resulting divisions and strengthen democratic institutions?","[""Interventions should aim to reduce feelings of threat, not just feelings of dislike"", ""Pluralism programs to bridge differences are not enough to improve democracy"", ""A different form of pluralistic work that coordinates groups to act on shared goals, despite other differences of opinion, may work to bridge partisanship, build trust, and advance a more just democracy""]","[""Interventions should aim to reduce feelings of threat, not just feelings of dislike"", ""Pluralism programs to bridge differences are not enough to improve democracy"", ""A different form of pluralistic work that coordinates groups to act on shared goals, despite other differences of opinion, may work to bridge partisanship, build trust, and advance a more just democracy""]",3,debateqa,1824,2
Why did Hillary Clinton not win?,"[""some articles used negative framing devices that had persisted throughout Clinton's career"", ""coverage often focused on surrogates instead of Clinton"", ""other headlines emphasized that Clinton’s victory could be attributed to other people, such as Bernie Sanders"", ""Clinton was omitted from coverage of the DNC nomination in these papers"", ""the idea of the presidency as an inherently masculine role has been cultivated over time""]","[""some articles used negative framing devices that had persisted throughout Clinton's career"", ""coverage often focused on surrogates instead of Clinton"", ""other headlines emphasized that Clinton’s victory could be attributed to other people, such as Bernie Sanders"", ""Clinton was omitted from coverage of the DNC nomination in these papers"", ""the idea of the presidency as an inherently masculine role has been cultivated over time""]",5,debateqa,979,3
What should be done with the minimum wage?,"[""Raising the minimum wage to $15 could significantly increase the wages of nearly 40 million workers and reduce gender, racial, and ethnic wage gaps."", ""Implementing a $17 minimum wage by 2029 could lift families out of poverty but might also result in job losses for some low-wage workers."", ""Adjusting the minimum wage annually based on the median hourly wage could ensure that its value is not eroded over time by inflation."", ""Local adjustments, such as in L.A. County, show that regional minimum wage increases can be more responsive to local economic conditions.""]","[""Raising the minimum wage to $15 could significantly increase the wages of nearly 40 million workers and reduce gender, racial, and ethnic wage gaps."", ""Implementing a $17 minimum wage by 2029 could lift families out of poverty but might also result in job losses for some low-wage workers."", ""Adjusting the minimum wage annually based on the median hourly wage could ensure that its value is not eroded over time by inflation."", ""Local adjustments, such as in L.A. County, show that regional minimum wage increases can be more responsive to local economic conditions.""]",4,debateqa,630,2
Should there be a cap on CEO salaries to address income inequality within companies?,"[""CEO-worker pay gaps are a powerful driver of our country's extreme economic inequality"", ""extreme pay disparities undermine the corporate bottom line by reducing employee morale and productivity"", ""CEOs are being paid these extraordinary amounts because of their special skills and the market for those skills""]","[""CEO-worker pay gaps are a powerful driver of our country's extreme economic inequality"", ""extreme pay disparities undermine the corporate bottom line by reducing employee morale and productivity"", ""CEOs are being paid these extraordinary amounts because of their special skills and the market for those skills""]",3,debateqa,430,1
Can strict traffic laws prevent accidents?,"[""imposing stricter penalties will not affect road-user behaviour"", ""implementing automatic traffic surveillance techniques can make enforcement effects last"", ""strict traffic laws are essential for maintaining order and safety on the roads""]","[""imposing stricter penalties will not affect road-user behaviour"", ""implementing automatic traffic surveillance techniques can make enforcement effects last"", ""strict traffic laws are essential for maintaining order and safety on the roads""]",3,debateqa,1049,1
Is nationalism good or bad?,"[""Nationalism can be seen as a celebration of cultural and ethnic differences of a people, regardless of the form of government"", ""Nationalism is historically and philosophically different from national identity, national consciousness, and national sovereignty"", ""Nationalism has been associated with negative aspects such as racism, ethnic supremacy, and militarism in various historical contexts""]","[""Nationalism can be seen as a celebration of cultural and ethnic differences of a people, regardless of the form of government"", ""Nationalism is historically and philosophically different from national identity, national consciousness, and national sovereignty"", ""Nationalism has been associated with negative aspects such as racism, ethnic supremacy, and militarism in various historical contexts""]",3,debateqa,961,1
Why do American students dislike or hate mainland Chinese students so much?,"[""Chinese international students are clearly affected by changes in U.S.-China relations and domestic politics in both countries"", ""the recent protests by Chinese people against coverage by CNN does have some merit to it"", ""the media just makes it out as a black-and-white issue of innocent monks wanting their freedom and the terrible Chinese police just beating them and killing them""]","[""Chinese international students are clearly affected by changes in U.S.-China relations and domestic politics in both countries"", ""the recent protests by Chinese people against coverage by CNN does have some merit to it"", ""the media just makes it out as a black-and-white issue of innocent monks wanting their freedom and the terrible Chinese police just beating them and killing them""]",3,debateqa,1201,2
Who is the perfect man?,"[""The perfect man is seen as a balance of imperfections which offer authenticity"", ""The perfect man should be extremely honest, have a good sense of humor, and be communicative"", ""The perfect man is caring, protective, and should be on the same wavelength about everything with his partner"", ""The perfect man is defined by his ability to offer unconditional love and maintain a spark in long-term relationships"", ""Perfection in a man involves being a real man who is not scared of sensitive moments and is responsible"", ""The perfect man is someone who complements his partner perfectly, contributing to a harmonious and loving relationship"", ""The perfect man is a concept that varies among different cultures and religions, often emphasizing moral, spiritual, and philosophical qualities""]","[""The perfect man is seen as a balance of imperfections which offer authenticity"", ""The perfect man should be extremely honest, have a good sense of humor, and be communicative"", ""The perfect man is caring, protective, and should be on the same wavelength about everything with his partner"", ""The perfect man is defined by his ability to offer unconditional love and maintain a spark in long-term relationships"", ""Perfection in a man involves being a real man who is not scared of sensitive moments and is responsible"", ""The perfect man is someone who complements his partner perfectly, contributing to a harmonious and loving relationship"", ""The perfect man is a concept that varies among different cultures and religions, often emphasizing moral, spiritual, and philosophical qualities""]",7,debateqa,1859,3
What will you do if you have only one day left in your life?,"[""Food stored constantly at 0 °F will always be safe"", ""Freezing to 0 °F inactivates any microbes — bacteria, yeasts and molds — present in food"", ""Freezing keeps food safe by slowing the movement of molecules, causing microbes to enter a dormant stage""]","[""Food stored constantly at 0 °F will always be safe"", ""Freezing to 0 °F inactivates any microbes — bacteria, yeasts and molds — present in food"", ""Freezing keeps food safe by slowing the movement of molecules, causing microbes to enter a dormant stage""]",3,debateqa,567,1
Does Brain Training actually improve cognitive function?,"[""some studies have shown positive results in improving processing information and working memory through brain training programs"", ""there is no substantial evidence that brain training apps can prevent or slow cognitive decline"", ""brain training may help improve specific tasks but not overall cognitive performance""]","[""some studies have shown positive results in improving processing information and working memory through brain training programs"", ""there is no substantial evidence that brain training apps can prevent or slow cognitive decline"", ""brain training may help improve specific tasks but not overall cognitive performance""]",3,debateqa,1712,2
"If a Democrat wins the presidency in 2016, could Republicans refuse to confirm a Supreme Court nominee for four years?","[""Republicans could refuse to confirm a Supreme Court nominee if they control the Senate"", ""Republicans might block a nominee if a majority opposes the vote"", ""The decision to confirm a nominee could depend on the political alignment between the Senate and the presidency""]","[""Republicans could refuse to confirm a Supreme Court nominee if they control the Senate"", ""Republicans might block a nominee if a majority opposes the vote"", ""The decision to confirm a nominee could depend on the political alignment between the Senate and the presidency""]",3,debateqa,1392,2
What would be the pros and cons of education in the USA being privatized or state-regulated with no federal oversight?,"[""Privatization of education in the USA could lead to increased local and private funding, potentially enhancing educational facilities and resources"", ""State-regulated education with no federal oversight might limit the ability to address national educational emergencies and critical needs effectively"", ""Federal involvement in education helps ensure equal access and educational excellence across the nation""]","[""Privatization of education in the USA could lead to increased local and private funding, potentially enhancing educational facilities and resources"", ""State-regulated education with no federal oversight might limit the ability to address national educational emergencies and critical needs effectively"", ""Federal involvement in education helps ensure equal access and educational excellence across the nation""]",3,debateqa,421,1
Should public schools implement mandatory drug testing for students?,"[""Drug testing can deter substance use among students"", ""Random drug testing may not effectively deter future substance use intentions among students"", ""Drug testing is considered a search under the Fourth Amendment, requiring reasonable suspicion"", ""Drug testing without reasonable suspicion or probable cause can violate the Fourth Amendment"", ""Drug testing can help identify students at risk and provide early intervention""]","[""Drug testing can deter substance use among students"", ""Random drug testing may not effectively deter future substance use intentions among students"", ""Drug testing is considered a search under the Fourth Amendment, requiring reasonable suspicion"", ""Drug testing without reasonable suspicion or probable cause can violate the Fourth Amendment"", ""Drug testing can help identify students at risk and provide early intervention""]",5,debateqa,388,3
Should martial arts classes be compulsory in school?,"[""Martial arts classes can enhance physical and psychological well-being in students"", ""Martial arts training can be integrated into school curriculums to improve academic outcomes"", ""There are concerns about increased aggression and the promotion of violence through martial arts in schools""]","[""Martial arts classes can enhance physical and psychological well-being in students"", ""Martial arts training can be integrated into school curriculums to improve academic outcomes"", ""There are concerns about increased aggression and the promotion of violence through martial arts in schools""]",3,debateqa,777,1
What do Chinese people think of Donald Trump?,"[""Chinese people view Donald Trump as chaotic and potentially detrimental for the U.S."", ""Chinese people were disappointed with the Biden administration as they found it tougher and more consistent in its approach toward China compared to Trump."", ""Trump's reference to COVID-19 as the \""Chinese virus\"" led to increased racism and hate crimes against Asians in America.""]","[""Chinese people view Donald Trump as chaotic and potentially detrimental for the U.S."", ""Chinese people were disappointed with the Biden administration as they found it tougher and more consistent in its approach toward China compared to Trump."", ""Trump's reference to COVID-19 as the \""Chinese virus\"" led to increased racism and hate crimes against Asians in America.""]",3,debateqa,854,1
Do all fungi reproduce through spores?,"[""Almost all fungi reproduce asexually by producing spores"", ""Yeast do not produce spores but reproduce asexually by budding"", ""Sexual reproduction also occurs in virtually all fungi""]","[""Almost all fungi reproduce asexually by producing spores"", ""Yeast do not produce spores but reproduce asexually by budding"", ""Sexual reproduction also occurs in virtually all fungi""]",3,debateqa,1648,2
Why do I need to vote for Donald Trump?,"[""More than a third of voters are extremely or very confident that Trump has the physical and mental fitness needed to do the job of president"", ""Trump is favored by older voters and those with no college degree by large margins"", ""A majority of voters say it really matters who wins the 2024 race""]","[""More than a third of voters are extremely or very confident that Trump has the physical and mental fitness needed to do the job of president"", ""Trump is favored by older voters and those with no college degree by large margins"", ""A majority of voters say it really matters who wins the 2024 race""]",3,debateqa,1657,2
Should organ selling be legalized?,"[""legalizing organ selling could potentially save thousands of lives every year by increasing the supply of organs"", ""legalizing organ selling may lead to exploitation and worsen the economic condition of the poor"", ""Iran's regulated organ market model shows that it is possible to have a legal organ trade without significant exploitation""]","[""legalizing organ selling could potentially save thousands of lives every year by increasing the supply of organs"", ""legalizing organ selling may lead to exploitation and worsen the economic condition of the poor"", ""Iran's regulated organ market model shows that it is possible to have a legal organ trade without significant exploitation""]",3,debateqa,166,1
"Now that Donald Trump is president, can he be forced to release his tax returns?","[""the Manhattan District Attorney obtained several years of Trump's tax information"", ""the U.S. House Ways and Means Committee obtained and released six years of his returns"", ""Trump sued to prevent his returns from being released by the IRS"", ""the Supreme Court rejected Trump's claims of absolute immunity from criminal process"", ""the IRS failed to audit Trump's taxes during the first two years of his presidency""]","[""the Manhattan District Attorney obtained several years of Trump's tax information"", ""the U.S. House Ways and Means Committee obtained and released six years of his returns"", ""Trump sued to prevent his returns from being released by the IRS"", ""the Supreme Court rejected Trump's claims of absolute immunity from criminal process"", ""the IRS failed to audit Trump's taxes during the first two years of his presidency""]",5,debateqa,1273,3
Is pedophilia a mental illness?,"[""Pedophilia is a psychiatric disorder"", ""Pedophilia is distinguished from pedophilic disorder in diagnostic systems"", ""Pedophilic disorder involves distress or interpersonal difficulty due to pedophilic arousal""]","[""Pedophilia is a psychiatric disorder"", ""Pedophilia is distinguished from pedophilic disorder in diagnostic systems"", ""Pedophilic disorder involves distress or interpersonal difficulty due to pedophilic arousal""]",3,debateqa,1205,2
Should unpaid internships be banned?,"[""Unpaid internships disproportionately benefit students who can afford to intern without pay, denying equitable access to all students."", ""Unpaid internships should be banned as they perpetuate gender, racial, and socio-economic inequities."", ""Legislation is needed to ensure all internships are paid to benefit students, educational institutions, employers, and the economy."", ""Unpaid internships are unjust and create an unlevel playing field for underserved college students."", ""Unpaid internships lack legal protections for interns, unlike paid internships.""]","[""Unpaid internships disproportionately benefit students who can afford to intern without pay, denying equitable access to all students."", ""Unpaid internships should be banned as they perpetuate gender, racial, and socio-economic inequities."", ""Legislation is needed to ensure all internships are paid to benefit students, educational institutions, employers, and the economy."", ""Unpaid internships are unjust and create an unlevel playing field for underserved college students."", ""Unpaid internships lack legal protections for interns, unlike paid internships.""]",5,debateqa,1020,3
"Should the government subsidize or provide free reproductive technologies, such as in-vitro fertilization, to help individuals conceive?","[""Many people require fertility assistance, including LGBTQ individuals and single individuals who desire to raise children"", ""Fertility services are often not covered by insurance, making them inaccessible to many due to high costs"", ""Subsidizing reproductive technologies could reduce out-of-pocket spending significantly for individuals seeking these services""]","[""Many people require fertility assistance, including LGBTQ individuals and single individuals who desire to raise children"", ""Fertility services are often not covered by insurance, making them inaccessible to many due to high costs"", ""Subsidizing reproductive technologies could reduce out-of-pocket spending significantly for individuals seeking these services""]",3,debateqa,1038,1
What is the likelihood of an assassination attempt on Trump?,"[""Trump and his supporters have a history of using threats of violence"", ""Trump's legal arguments suggest a president can act with impunity, including potential for violent acts"", ""Historical precedents of assassination attempts on U.S. Presidents indicate ongoing risks""]","[""Trump and his supporters have a history of using threats of violence"", ""Trump's legal arguments suggest a president can act with impunity, including potential for violent acts"", ""Historical precedents of assassination attempts on U.S. Presidents indicate ongoing risks""]",3,debateqa,668,1
"Why do Americans need to know about the rest of the world, if their natural inclination is not to participate in it?","[""Americans need to understand global geopolitical dynamics as they can significantly impact regional stability and economic development, including in areas like Latin America where the US and China are major influencers."", ""Understanding international economic trends and policies, such as China's Belt and Road Initiative, is crucial for Americans to comprehend the global economic landscape and its implications on national and regional economies."", ""Awareness of international affairs helps Americans understand the influence of foreign policies on domestic issues, such as immigration and trade, which directly affect the country's economic and social landscape."", ""Knowledge of global religious and cultural shifts is important for Americans to navigate and understand changing demographics and ideologies within their own country.""]","[""Americans need to understand global geopolitical dynamics as they can significantly impact regional stability and economic development, including in areas like Latin America where the US and China are major influencers."", ""Understanding international economic trends and policies, such as China's Belt and Road Initiative, is crucial for Americans to comprehend the global economic landscape and its implications on national and regional economies."", ""Awareness of international affairs helps Americans understand the influence of foreign policies on domestic issues, such as immigration and trade, which directly affect the country's economic and social landscape."", ""Knowledge of global religious and cultural shifts is important for Americans to navigate and understand changing demographics and ideologies within their own country.""]",4,debateqa,821,3
Was Shakespeare the real author of all his plays and poems?,"[""Shakespeare of Stratford was a front to shield the identity of the real author or authors"", ""Shakespeare's humble origins and obscure life seemed incompatible with his poetic eminence"", ""Supporters of alternative candidates argue that theirs is the more plausible author""]","[""Shakespeare of Stratford was a front to shield the identity of the real author or authors"", ""Shakespeare's humble origins and obscure life seemed incompatible with his poetic eminence"", ""Supporters of alternative candidates argue that theirs is the more plausible author""]",3,debateqa,193,1
Is affirmative action in college admissions a necessary step towards achieving equality or a form of reverse discrimination?,"[""Affirmative action is intended to alleviate under-representation and promote opportunities for marginalized groups"", ""Affirmative action is criticized for potentially benefiting the most privileged within minority groups at the expense of the least fortunate within majority groups"", ""Affirmative action policies vary internationally, with some regions using quotas and others giving preferential treatment in selection processes"", ""Affirmative action is supported for promoting substantive equality and addressing historical discrimination"", ""Affirmative action in college admissions was deemed unconstitutional under the 14th Amendment's Equal Protection Clause by the Supreme Court in 2023""]","[""Affirmative action is intended to alleviate under-representation and promote opportunities for marginalized groups"", ""Affirmative action is criticized for potentially benefiting the most privileged within minority groups at the expense of the least fortunate within majority groups"", ""Affirmative action policies vary internationally, with some regions using quotas and others giving preferential treatment in selection processes"", ""Affirmative action is supported for promoting substantive equality and addressing historical discrimination"", ""Affirmative action in college admissions was deemed unconstitutional under the 14th Amendment's Equal Protection Clause by the Supreme Court in 2023""]",5,debateqa,1911,3
Was Bach blind when he composed his final pieces?,"[""Bach was totally blind after the operations"", ""Bach's vision started to decline at the age of 64, leading to blindness after unsuccessful eye surgeries"", ""Bach underwent two eye operations in 1750 which resulted in complete blindness""]","[""Bach was totally blind after the operations"", ""Bach's vision started to decline at the age of 64, leading to blindness after unsuccessful eye surgeries"", ""Bach underwent two eye operations in 1750 which resulted in complete blindness""]",3,debateqa,184,1
Did Anton Chekhov consider his plays as comedies?,"[""Chekhov's plays are considered comedies"", ""Chekhov's plays are infused with humor reflecting his personal experiences"", ""Chekhov's plays are not just tales of humor but reflections of his own life""]","[""Chekhov's plays are considered comedies"", ""Chekhov's plays are infused with humor reflecting his personal experiences"", ""Chekhov's plays are not just tales of humor but reflections of his own life""]",3,debateqa,1361,2
Will people vote for Hillary Clinton because she is a woman?,"[""Half of Clinton supporters think she is being held to a higher standard than past presidential candidates because she is a woman"", ""Women who back Clinton are far more likely than her male supporters to say she is being held to a higher standard"", ""Women were 13 percentage points more likely than men to have voted for Clinton""]","[""Half of Clinton supporters think she is being held to a higher standard than past presidential candidates because she is a woman"", ""Women who back Clinton are far more likely than her male supporters to say she is being held to a higher standard"", ""Women were 13 percentage points more likely than men to have voted for Clinton""]",3,debateqa,1863,2
Should schools invite professionals for informative speeches more often?,"[""Inviting professionals to speak in schools can enhance informative speaking by providing real-world examples and expertise"", ""Professionals can tailor their language and content to suit the educational level and background of the students, making complex topics more accessible and engaging"", ""Having professionals speak at schools encourages critical thinking and debate among students, fostering a deeper understanding of various subjects""]","[""Inviting professionals to speak in schools can enhance informative speaking by providing real-world examples and expertise"", ""Professionals can tailor their language and content to suit the educational level and background of the students, making complex topics more accessible and engaging"", ""Having professionals speak at schools encourages critical thinking and debate among students, fostering a deeper understanding of various subjects""]",3,debateqa,1848,2
Are coffee grounds effective as a slug and snail deterrent?,"[""liquid coffee acts as an effective slug killer"", ""using a 1% to 2% solution mixed with water as a soil drench caused 100% of slugs to leave the treated soil and subsequently die of caffeine poisoning"", ""coffee grounds scattered on top of the soil will deter slugs and snails""]","[""liquid coffee acts as an effective slug killer"", ""using a 1% to 2% solution mixed with water as a soil drench caused 100% of slugs to leave the treated soil and subsequently die of caffeine poisoning"", ""coffee grounds scattered on top of the soil will deter slugs and snails""]",3,debateqa,1537,2
Is Hillary clinton well enough to be president?,"[""67% of Americans approve of the job she did as secretary of state"", ""majorities say she is tough (69%) and honest (56%)"", ""her handling of the 2012 attack on the U.S. consulate at Benghazi, Libya registers as a negative aspect of her background"", ""most say they would consider voting for her"", ""33% say that if Clinton runs for president, the fact that she is a woman would help her""]","[""67% of Americans approve of the job she did as secretary of state"", ""majorities say she is tough (69%) and honest (56%)"", ""her handling of the 2012 attack on the U.S. consulate at Benghazi, Libya registers as a negative aspect of her background"", ""most say they would consider voting for her"", ""33% say that if Clinton runs for president, the fact that she is a woman would help her""]",5,debateqa,1855,3
Should abortion be illegal?,"[""Abortion should be legal in all or most cases"", ""Abortion should be illegal in all or most cases"", ""Abortion legality should depend on the stage of pregnancy""]","[""Abortion should be legal in all or most cases"", ""Abortion should be illegal in all or most cases"", ""Abortion legality should depend on the stage of pregnancy""]",3,debateqa,373,1
Is the concept of a “green economy” a realistic and viable solution for sustainable development?,"[""The green economy is characterized by measures and procedures adopted by Member States to improve quality of life and the environment"", ""Green economy can be a viable solution to overcome the current multi-crisis situation if technological progress is homogenized across Europe"", ""Green economy approaches focus on access to green finance, technology, and investments to support sustainable economic growth""]","[""The green economy is characterized by measures and procedures adopted by Member States to improve quality of life and the environment"", ""Green economy can be a viable solution to overcome the current multi-crisis situation if technological progress is homogenized across Europe"", ""Green economy approaches focus on access to green finance, technology, and investments to support sustainable economic growth""]",3,debateqa,12,1
"Is the current system of party primaries effective, or should there be a move towards open primaries or another system?","[""Washington state's primary system allows the top two vote getters to advance to the general election in November, regardless of party"", ""Most state and federal primary elections in the U.S. are divided up by political party, and many are only open to voters who are members of a party"", ""Reform-minded advocates and many political scientists say the current system is not working, as it often leads to more extreme candidates who mainly appeal to activists"", ""There is a movement to rethink how states set up their primary elections and how voters choose which candidates advance to a general election"", ""Washington's Presidential Primary is a nomination process to help the major political parties choose their presidential nominees""]","[""Washington state's primary system allows the top two vote getters to advance to the general election in November, regardless of party"", ""Most state and federal primary elections in the U.S. are divided up by political party, and many are only open to voters who are members of a party"", ""Reform-minded advocates and many political scientists say the current system is not working, as it often leads to more extreme candidates who mainly appeal to activists"", ""There is a movement to rethink how states set up their primary elections and how voters choose which candidates advance to a general election"", ""Washington's Presidential Primary is a nomination process to help the major political parties choose their presidential nominees""]",5,debateqa,259,3
Should performance-enhancing drugs be accepted in sports?,"[""PEDs should be accepted because they can level the playing field in sports where doping is already prevalent"", ""PEDs should not be accepted as they compromise the spirit and integrity of sports, emphasizing physical attributes over skills like coordination and strategic thinking"", ""PEDs should be regulated and safely used to protect athletes' health and ensure fairness"", ""PEDs should not be accepted as they can lead to severe health risks and potentially shorten athletes' lives""]","[""PEDs should be accepted because they can level the playing field in sports where doping is already prevalent"", ""PEDs should not be accepted as they compromise the spirit and integrity of sports, emphasizing physical attributes over skills like coordination and strategic thinking"", ""PEDs should be regulated and safely used to protect athletes' health and ensure fairness"", ""PEDs should not be accepted as they can lead to severe health risks and potentially shorten athletes' lives""]",4,debateqa,693,2
Should prescription drug prices be regulated?,"[""Government regulation of prescription drug prices could decrease research and development, potentially reducing the availability of new drugs"", ""Price regulation could modestly reduce drug prices through increased manufacturer rebates and competition from me-too drugs"", ""Direct government intervention in drug pricing, such as setting prices, could save money for governments, employers, and consumers"", ""Regulating drug prices could lead to a reduction in the number of new drugs entering the market"", ""Price caps on drugs do not necessarily hinder innovation but can encourage fiscal responsibility and ethical pricing""]","[""Government regulation of prescription drug prices could decrease research and development, potentially reducing the availability of new drugs"", ""Price regulation could modestly reduce drug prices through increased manufacturer rebates and competition from me-too drugs"", ""Direct government intervention in drug pricing, such as setting prices, could save money for governments, employers, and consumers"", ""Regulating drug prices could lead to a reduction in the number of new drugs entering the market"", ""Price caps on drugs do not necessarily hinder innovation but can encourage fiscal responsibility and ethical pricing""]",5,debateqa,214,3
How is Donald Trump a better choice than Hillary Clinton?,"[""Donald Trump is seen as standing with the American people and represents a break from the Washington insiders"", ""Trump's presidency is viewed as potentially disastrous for liberal democracy and civil society due to his unorthodox campaign and mobilization of dangerous cultural tendencies"", ""Trump is criticized for potentially having no regard for constitutional processes and for policies that could target minorities""]","[""Donald Trump is seen as standing with the American people and represents a break from the Washington insiders"", ""Trump's presidency is viewed as potentially disastrous for liberal democracy and civil society due to his unorthodox campaign and mobilization of dangerous cultural tendencies"", ""Trump is criticized for potentially having no regard for constitutional processes and for policies that could target minorities""]",3,debateqa,1716,2
Should the British Monarchy be abolished?,"[""The British monarchy should be abolished because it is a form of government that does not respect equality in basic moral and political status, which is a cornerstone of democracy."", ""The monarchy should not be abolished as it represents the UK and provides a stable figurehead separate from the often unpopular politics of the country."", ""Arguments against abolishing the monarchy include the high public support for maintaining the status quo and the symbolic role the monarchy plays in promoting stability and national unity."", ""Monarchy should be abolished because it perpetuates an unearned hierarchy and undermines the moral foundation of democratic equality."", ""Abolishing the monarchy is supported by the argument that it is an outdated institution that costs taxpayers significantly and does not justify its expenses through its ceremonial roles.""]","[""The British monarchy should be abolished because it is a form of government that does not respect equality in basic moral and political status, which is a cornerstone of democracy."", ""The monarchy should not be abolished as it represents the UK and provides a stable figurehead separate from the often unpopular politics of the country."", ""Arguments against abolishing the monarchy include the high public support for maintaining the status quo and the symbolic role the monarchy plays in promoting stability and national unity."", ""Monarchy should be abolished because it perpetuates an unearned hierarchy and undermines the moral foundation of democratic equality."", ""Abolishing the monarchy is supported by the argument that it is an outdated institution that costs taxpayers significantly and does not justify its expenses through its ceremonial roles.""]",5,debateqa,429,3
Did the ancient Egyptians have electricity?,"[""The ancient Egyptians used simple machines like ramps and levers to aid in construction processes"", ""Egyptians developed significant maritime technology including ships and lighthouses"", ""There is no direct evidence of electricity use in ancient Egypt, but they had knowledge of various other technologies""]","[""The ancient Egyptians used simple machines like ramps and levers to aid in construction processes"", ""Egyptians developed significant maritime technology including ships and lighthouses"", ""There is no direct evidence of electricity use in ancient Egypt, but they had knowledge of various other technologies""]",3,debateqa,1636,2
Will advanced artificial intelligence threaten human jobs and society?,"[""AI could replace jobs but also create new opportunities"", ""AI may exacerbate income inequality within and between countries"", ""Advanced AI integration can enhance productivity and economic growth"", ""AI's impact on jobs varies significantly between advanced and emerging economies"", ""AI could lead to social and ethical challenges, necessitating careful management and regulation""]","[""AI could replace jobs but also create new opportunities"", ""AI may exacerbate income inequality within and between countries"", ""Advanced AI integration can enhance productivity and economic growth"", ""AI's impact on jobs varies significantly between advanced and emerging economies"", ""AI could lead to social and ethical challenges, necessitating careful management and regulation""]",5,debateqa,84,3
Should children learn gender identity and sexual orientation in school?,"[""A third of teachers say students should learn in school that whether someone is a boy or a girl can be different from the sex they were assigned at birth"", ""Half of teachers say students should not learn about gender identity in school at all"", ""Most Republican teachers (69%) say students should not learn about this topic in school at all"", ""By a large margin, Democratic teachers are more likely than Republican teachers to say students should learn that someone’s gender can be different from their sex at birth"", ""48% of teachers say yes when it comes to sexual orientation or gender identity""]","[""A third of teachers say students should learn in school that whether someone is a boy or a girl can be different from the sex they were assigned at birth"", ""Half of teachers say students should not learn about gender identity in school at all"", ""Most Republican teachers (69%) say students should not learn about this topic in school at all"", ""By a large margin, Democratic teachers are more likely than Republican teachers to say students should learn that someone’s gender can be different from their sex at birth"", ""48% of teachers say yes when it comes to sexual orientation or gender identity""]",5,debateqa,863,3
What Lies did Hillary Clinton tell?,"[""Clinton lied about the circumstances surrounding the Benghazi attack"", ""Clinton misrepresented her landing under sniper fire in Iraq"", ""Clinton was dishonest about her email server""]","[""Clinton lied about the circumstances surrounding the Benghazi attack"", ""Clinton misrepresented her landing under sniper fire in Iraq"", ""Clinton was dishonest about her email server""]",3,debateqa,1194,2
Should convicted felons be allowed to vote after serving their time in prison?,"[""Restoration of voting rights varies by state, with some allowing automatic restoration after release, while others require additional actions such as a governor's pardon or completion of a waiting period"", ""Arguments for restoring voting rights include the belief that participating in democracy is a crucial step in a felon's reintegration and that disenfranchisement serves as a form of racial discrimination"", ""Opponents argue that felons should not vote because they have demonstrated poor judgment and a disregard for the law, and that voting rights should be earned back after proving a commitment to lawful behavior""]","[""Restoration of voting rights varies by state, with some allowing automatic restoration after release, while others require additional actions such as a governor's pardon or completion of a waiting period"", ""Arguments for restoring voting rights include the belief that participating in democracy is a crucial step in a felon's reintegration and that disenfranchisement serves as a form of racial discrimination"", ""Opponents argue that felons should not vote because they have demonstrated poor judgment and a disregard for the law, and that voting rights should be earned back after proving a commitment to lawful behavior""]",3,debateqa,78,1
Should social media companies be liable for products being pushed on their platforms?,"[""social media companies are free of any liability for the harms they cause"", ""social media companies should be held liable if they fail to protect minors from harmful content"", ""legislation is needed to hold social media companies accountable for the content they push""]","[""social media companies are free of any liability for the harms they cause"", ""social media companies should be held liable if they fail to protect minors from harmful content"", ""legislation is needed to hold social media companies accountable for the content they push""]",3,debateqa,794,1
"Who is better, Lionel Messi or Cristiano Ronaldo?","[""Wikipedia does not have an article with this exact name."", ""This page is template-protected from creation, so only template editors can create it."", ""If a page was recently created here, it may not be visible yet because of a delay in updating the database.""]","[""Wikipedia does not have an article with this exact name."", ""This page is template-protected from creation, so only template editors can create it."", ""If a page was recently created here, it may not be visible yet because of a delay in updating the database.""]",3,debateqa,1210,2
Is kneeling during the national anthem an appropriate form of protest?,"[""Kneeling during the national anthem is a legal form of peaceful protest, which is a First Amendment right."", ""Kneeling during the national anthem shows disrespect for the flag and members of the armed forces."", ""When one believes the United States is not living up to its ideals of freedom, liberty, and justice for all, kneeling during the national anthem is appropriate and justified.""]","[""Kneeling during the national anthem is a legal form of peaceful protest, which is a First Amendment right."", ""Kneeling during the national anthem shows disrespect for the flag and members of the armed forces."", ""When one believes the United States is not living up to its ideals of freedom, liberty, and justice for all, kneeling during the national anthem is appropriate and justified.""]",3,debateqa,143,1
Should the United States continue fracking?,"[""Fracking stimulates economic growth and has helped bring the U.S. economy out of recession"", ""Fracking has environmental risks including water and air pollution, and contributes to climate change"", ""Fracking has allowed the U.S to produce and export more natural gas, increasing national security and moving the country toward energy independence"", ""Fracking poses significant risks to drinking water through contamination from chemicals and methane"", ""Fracking is a key technology in making shale gas an affordable addition to the Nation’s energy supply and has proven to be a safe and effective stimulation technique""]","[""Fracking stimulates economic growth and has helped bring the U.S. economy out of recession"", ""Fracking has environmental risks including water and air pollution, and contributes to climate change"", ""Fracking has allowed the U.S to produce and export more natural gas, increasing national security and moving the country toward energy independence"", ""Fracking poses significant risks to drinking water through contamination from chemicals and methane"", ""Fracking is a key technology in making shale gas an affordable addition to the Nation’s energy supply and has proven to be a safe and effective stimulation technique""]",5,debateqa,122,3
How much will the Cairo and Libya attacks on 9.11 damage President Obama's re-election efforts?,"[""President Obama's inconsistent statements on the nature of the Benghazi attack could have undermined his credibility and affected his re-election efforts"", ""The administration's perceived lack of transparency and consistency regarding the Benghazi attack might have led to public distrust during President Obama's re-election campaign"", ""Initial refusal to label the Benghazi incident as a terrorist attack, despite evidence, could have negatively impacted public perception and voter confidence in Obama's leadership""]","[""President Obama's inconsistent statements on the nature of the Benghazi attack could have undermined his credibility and affected his re-election efforts"", ""The administration's perceived lack of transparency and consistency regarding the Benghazi attack might have led to public distrust during President Obama's re-election campaign"", ""Initial refusal to label the Benghazi incident as a terrorist attack, despite evidence, could have negatively impacted public perception and voter confidence in Obama's leadership""]",3,debateqa,1452,2
Is online shopping better than offline shopping?,"[""Online shopping offers a larger selection of products compared to offline stores"", ""Offline shopping allows for immediate possession of the product, which online shopping cannot offer"", ""Online shopping can save time as it eliminates the need to drive to stores"", ""Offline shopping supports local communities financially more than online shopping"", ""Offline shopping provides the opportunity to see and feel products before purchasing, reducing the risk of dissatisfaction""]","[""Online shopping offers a larger selection of products compared to offline stores"", ""Offline shopping allows for immediate possession of the product, which online shopping cannot offer"", ""Online shopping can save time as it eliminates the need to drive to stores"", ""Offline shopping supports local communities financially more than online shopping"", ""Offline shopping provides the opportunity to see and feel products before purchasing, reducing the risk of dissatisfaction""]",5,debateqa,1094,3
Why are people so scared of Trump?,"[""Democrats are more likely to report feeling “fearful” or “angry” about the prospects of another Trump term"", ""Trump's potential actions could threaten democracy and lead to global conflict"", ""Trump's rhetoric and policies have heightened fears of antisemitism and authoritarianism""]","[""Democrats are more likely to report feeling “fearful” or “angry” about the prospects of another Trump term"", ""Trump's potential actions could threaten democracy and lead to global conflict"", ""Trump's rhetoric and policies have heightened fears of antisemitism and authoritarianism""]",3,debateqa,270,1
Is the Painted Lady butterfly the most widespread butterfly in the world?,"[""The Painted Lady Butterfly is the most widespread butterfly species found on the planet"", ""The painted lady is the most widespread of all butterflies in the world"", ""The painted lady is one of the most widespread species of butterfly, found right across the world with the exception of South America""]","[""The Painted Lady Butterfly is the most widespread butterfly species found on the planet"", ""The painted lady is the most widespread of all butterflies in the world"", ""The painted lady is one of the most widespread species of butterfly, found right across the world with the exception of South America""]",3,debateqa,102,1
Should students be punished for not having lunch money?,"[""Public shaming practices for school meal debt should be prohibited"", ""Students should not be denied participation in extracurricular activities due to lunch debt"", ""Offering free school lunches to all children regardless of financial situation is an ideal solution""]","[""Public shaming practices for school meal debt should be prohibited"", ""Students should not be denied participation in extracurricular activities due to lunch debt"", ""Offering free school lunches to all children regardless of financial situation is an ideal solution""]",3,debateqa,1435,2
Is the concept of “trickle-down economics” an effective strategy for economic growth?,"[""Trickle-down economics has not effectively addressed economic inequality and has often resulted in the concentration of wealth at the top."", ""Trickle-down economics has led to regional disparities and economic decline in certain areas."", ""Trickle-down economics has been criticized for its lack of support for the middle class and its focus on benefiting the wealthy.""]","[""Trickle-down economics has not effectively addressed economic inequality and has often resulted in the concentration of wealth at the top."", ""Trickle-down economics has led to regional disparities and economic decline in certain areas."", ""Trickle-down economics has been criticized for its lack of support for the middle class and its focus on benefiting the wealthy.""]",3,debateqa,465,1
"Should public spaces, such as parks and streets, be named after controversial historical figures?","[""public entities should no longer play a role in distorting history by honoring a secessionist government"", ""the statues misrepresent history, and glorify people who perpetuated slavery"", ""the statues are a painful reminder of past and present institutionalized racism in the United States""]","[""public entities should no longer play a role in distorting history by honoring a secessionist government"", ""the statues misrepresent history, and glorify people who perpetuated slavery"", ""the statues are a painful reminder of past and present institutionalized racism in the United States""]",3,debateqa,915,1
Should ethnic quotas be implemented in industries lacking diversity?,"[""Quotas can help close the wage gap between men and women in the workplace"", ""Quotas can create a more diverse working environment"", ""Quotas demonstrate a company's commitment to an inclusive work environment""]","[""Quotas can help close the wage gap between men and women in the workplace"", ""Quotas can create a more diverse working environment"", ""Quotas demonstrate a company's commitment to an inclusive work environment""]",3,debateqa,124,1
Is golf a sport and are golfers athletes?,"[""Golf is a sport because it requires skill, practice, and athleticism, similar to other sports"", ""Golf is considered a sport by many due to its competitive nature and the physical fitness required by professional golfers"", ""Golf is recognized as a sport by the International Olympic Committee, indicating its global acceptance as a competitive physical activity"", ""Golf involves significant physical exertion and skill, which aligns with the general definitions of a sport"", ""Golfers are considered athletes because they must maintain excellent physical condition and undergo rigorous training schedules similar to other professional athletes""]","[""Golf is a sport because it requires skill, practice, and athleticism, similar to other sports"", ""Golf is considered a sport by many due to its competitive nature and the physical fitness required by professional golfers"", ""Golf is recognized as a sport by the International Olympic Committee, indicating its global acceptance as a competitive physical activity"", ""Golf involves significant physical exertion and skill, which aligns with the general definitions of a sport"", ""Golfers are considered athletes because they must maintain excellent physical condition and undergo rigorous training schedules similar to other professional athletes""]",5,debateqa,354,3
Who would win if Germany (NATO not involved) declared war to Russia in modern times?,"[""Germany has shown resolve and unity in its response to the war"", ""Russia's military has been exposed as weaker than expected"", ""Germany has increased its defense budget significantly""]","[""Germany has shown resolve and unity in its response to the war"", ""Russia's military has been exposed as weaker than expected"", ""Germany has increased its defense budget significantly""]",3,debateqa,1188,2
Have touchdown celebrations gone too far?,"[""NFL rules have been adjusted to reduce excessive celebrations, allowing only certain types of celebrations without penalties"", ""Some celebrations, like the \""Lambeau Leap,\"" are not considered excessive and are allowed"", ""The CFL is more lenient with touchdown celebrations compared to the NFL, often involving elaborate group performances"", ""Excessive celebrations can lead to penalties that may affect the outcome of the game""]","[""NFL rules have been adjusted to reduce excessive celebrations, allowing only certain types of celebrations without penalties"", ""Some celebrations, like the \""Lambeau Leap,\"" are not considered excessive and are allowed"", ""The CFL is more lenient with touchdown celebrations compared to the NFL, often involving elaborate group performances"", ""Excessive celebrations can lead to penalties that may affect the outcome of the game""]",4,debateqa,318,2
Should voting be mandatory?,"[""Mandatory voting conveys the message that each citizen’s voice is expected and valued, enhancing democracy"", ""Mandatory voting could lead to uninformed voters participating, potentially skewing election outcomes"", ""Compulsory voting could infringe on civil liberties by forcing participation in a system that some may not support"", ""Mandatory voting could enhance voter turnout and make elections more representative of the entire population"", ""Implementing mandatory voting could face significant legal and societal hurdles in the U.S.""]","[""Mandatory voting conveys the message that each citizen’s voice is expected and valued, enhancing democracy"", ""Mandatory voting could lead to uninformed voters participating, potentially skewing election outcomes"", ""Compulsory voting could infringe on civil liberties by forcing participation in a system that some may not support"", ""Mandatory voting could enhance voter turnout and make elections more representative of the entire population"", ""Implementing mandatory voting could face significant legal and societal hurdles in the U.S.""]",5,debateqa,308,3
Why shouldn't we vote for Donald Trump?,"[""Donald Trump isn’t eligible to be the next President of the United States due to his actions related to the insurrection on January 6"", ""Voting for Trump as a joke can lead to the election of a candidate that the majority actually does not want"", ""Trump's presidency could undermine the will of voters and threaten democratic principles""]","[""Donald Trump isn’t eligible to be the next President of the United States due to his actions related to the insurrection on January 6"", ""Voting for Trump as a joke can lead to the election of a candidate that the majority actually does not want"", ""Trump's presidency could undermine the will of voters and threaten democratic principles""]",3,debateqa,1756,2
"Should pharmaceutical companies be held responsible for the opioid epidemic, and if so, how?","[""pharmaceutical companies deceptively promoted opioid use"", ""pharmaceutical companies should be held responsible due to their aggressive and misleading marketing campaigns"", ""the FDA failed to properly regulate and enforce marketing regulations, contributing to the crisis"", ""legal accountability through lawsuits has been pursued against companies supplying opioids"", ""government suits against pharmaceutical companies claim injury and seek restitution to repair systems debilitated by opioid addiction""]","[""pharmaceutical companies deceptively promoted opioid use"", ""pharmaceutical companies should be held responsible due to their aggressive and misleading marketing campaigns"", ""the FDA failed to properly regulate and enforce marketing regulations, contributing to the crisis"", ""legal accountability through lawsuits has been pursued against companies supplying opioids"", ""government suits against pharmaceutical companies claim injury and seek restitution to repair systems debilitated by opioid addiction""]",5,debateqa,306,3
Should politicians be permitted to introduce morality laws based on their religious beliefs?,"[""Religious liberty should not be misused to discriminate against vulnerable communities"", ""Religious liberty policies should reflect the moral values of equality, inclusion, and freedom for all to live without fear of discrimination"", ""Religious liberty must extend to all people, not only ones who come from a specific set of religious beliefs""]","[""Religious liberty should not be misused to discriminate against vulnerable communities"", ""Religious liberty policies should reflect the moral values of equality, inclusion, and freedom for all to live without fear of discrimination"", ""Religious liberty must extend to all people, not only ones who come from a specific set of religious beliefs""]",3,debateqa,62,1
How do I convince an atheist that there is a God?,"[""God's acts in the world would in principle leave detectable traces of such activity"", ""the biblical faith is checkable; it opens itself up to public scrutiny"", ""the existence of God is evident by the observation of governing laws and existing order in the Universe""]","[""God's acts in the world would in principle leave detectable traces of such activity"", ""the biblical faith is checkable; it opens itself up to public scrutiny"", ""the existence of God is evident by the observation of governing laws and existing order in the Universe""]",3,debateqa,1766,2
North Korean nuclear deterrence: A myth or reality?,"[""North Korea's nuclear program has limited offensive capability"", ""North Korea's nuclear weapons pose a significant threat"", ""North Korea uses its nuclear program as a deterrence tool against the US and South Korea""]","[""North Korea's nuclear program has limited offensive capability"", ""North Korea's nuclear weapons pose a significant threat"", ""North Korea uses its nuclear program as a deterrence tool against the US and South Korea""]",3,debateqa,977,1
What are your experiences with meditation?,"[""meditation experiences can vary widely, from seeing swirling lights to feeling sensations of pressure"", ""meditation can help manage chronic pain by changing the perception of pain"", ""meditation can enhance well-being and reduce stress through improved attention regulation and emotional control""]","[""meditation experiences can vary widely, from seeing swirling lights to feeling sensations of pressure"", ""meditation can help manage chronic pain by changing the perception of pain"", ""meditation can enhance well-being and reduce stress through improved attention regulation and emotional control""]",3,debateqa,968,1
What will the afterlife be like?,"[""The afterlife can take many forms, including the unity of flesh and spirit in a resurrected body, living on in descendants, or a sense of heaven"", ""Heaven is described as a place where the righteous of any faith can enter, based on their actions rather than specific beliefs"", ""Children and those with severe mental disabilities are believed to be in heaven due to their innocence and inability to commit deliberate sin"", ""Unsealed family members will still experience wonderful arrangements in the afterlife if they live worthily of the Celestial Kingdom"", ""Many believe the afterlife includes being free from suffering and being reunited with loved ones""]","[""The afterlife can take many forms, including the unity of flesh and spirit in a resurrected body, living on in descendants, or a sense of heaven"", ""Heaven is described as a place where the righteous of any faith can enter, based on their actions rather than specific beliefs"", ""Children and those with severe mental disabilities are believed to be in heaven due to their innocence and inability to commit deliberate sin"", ""Unsealed family members will still experience wonderful arrangements in the afterlife if they live worthily of the Celestial Kingdom"", ""Many believe the afterlife includes being free from suffering and being reunited with loved ones""]",5,debateqa,1689,3
Do compression garments improve athletic performance?,"[""Compression garments do not greatly improve circulation or performance during a workout"", ""Compression garments are more effective after your workout for recovery"", ""Compression garments worn during recovery can be beneficial for performance recovery and delayed-onset muscle soreness""]","[""Compression garments do not greatly improve circulation or performance during a workout"", ""Compression garments are more effective after your workout for recovery"", ""Compression garments worn during recovery can be beneficial for performance recovery and delayed-onset muscle soreness""]",3,debateqa,1667,2
Do black women commit fewer crimes than white men?,"[""Black women are disproportionately incarcerated relative to their numbers in the general population"", ""Black women commit more crime compared to white women"", ""Men commit more crimes than women""]","[""Black women are disproportionately incarcerated relative to their numbers in the general population"", ""Black women commit more crime compared to white women"", ""Men commit more crimes than women""]",3,debateqa,1281,2
Why Non-Muslims hate muslims?,"[""Islamophobia is a fear, prejudice and hatred of Muslims that leads to provocation, hostility and intolerance"", ""Some experts prefer the label 'anti-Muslim hatred,' fearing that the term 'Islamophobia' risks condemning all critiques of Islam"", ""Islamophobia has many non-violent and policy-driven manifestations, including negative media portrayals, labour discrimination, and targeted legislation""]","[""Islamophobia is a fear, prejudice and hatred of Muslims that leads to provocation, hostility and intolerance"", ""Some experts prefer the label 'anti-Muslim hatred,' fearing that the term 'Islamophobia' risks condemning all critiques of Islam"", ""Islamophobia has many non-violent and policy-driven manifestations, including negative media portrayals, labour discrimination, and targeted legislation""]",3,debateqa,274,1
Should cities be designed to be more pedestrian and cyclist friendly?,"[""Creating a welcoming environment for bicycling and walking improves resident’s quality of life."", ""Complete streets are designed and operated to enable safe access for all users, including pedestrians, bicyclists, motorists and transit riders of all ages and abilities."", ""Encouraging biking and walking reduces a community’s automobile dependence."", ""Bicycle and pedestrian friendly communities also benefit economically; encouraging local spending, spurring tourism, and creating jobs."", ""Complete streets make it easy to cross the street, walk to shops, and bicycle to work.""]","[""Creating a welcoming environment for bicycling and walking improves resident’s quality of life."", ""Complete streets are designed and operated to enable safe access for all users, including pedestrians, bicyclists, motorists and transit riders of all ages and abilities."", ""Encouraging biking and walking reduces a community’s automobile dependence."", ""Bicycle and pedestrian friendly communities also benefit economically; encouraging local spending, spurring tourism, and creating jobs."", ""Complete streets make it easy to cross the street, walk to shops, and bicycle to work.""]",5,debateqa,687,3
Is palm oil production sustainable?,"[""Palm oil production is not sustainable due to deforestation and habitat destruction"", ""Palm oil can be produced sustainably with proper certifications and industry standards"", ""Efforts to make palm oil sustainable are challenged by complex supply chains and lack of transparency"", ""Unsustainable palm oil production contributes significantly to global greenhouse gas emissions""]","[""Palm oil production is not sustainable due to deforestation and habitat destruction"", ""Palm oil can be produced sustainably with proper certifications and industry standards"", ""Efforts to make palm oil sustainable are challenged by complex supply chains and lack of transparency"", ""Unsustainable palm oil production contributes significantly to global greenhouse gas emissions""]",4,debateqa,49,2
Why are some people angry about the use of lab rats as test subjects in medical research?,"[""some people are distressed by the potential dangers associated with lab experiments"", ""concerns about the ethical treatment of animals"", ""anger stems from the use of animals in potentially harmful research""]","[""some people are distressed by the potential dangers associated with lab experiments"", ""concerns about the ethical treatment of animals"", ""anger stems from the use of animals in potentially harmful research""]",3,debateqa,995,1
How accurate is the history taught in public schools? Do they avoid uncomfortable facts about history?,"[""legislation limiting topics that schools can teach"", ""laws prohibit discussing critical race theory in classrooms"", ""educators are censored for broaching controversial topics""]","[""legislation limiting topics that schools can teach"", ""laws prohibit discussing critical race theory in classrooms"", ""educators are censored for broaching controversial topics""]",3,debateqa,156,1
Should the Electoral College not vote for Trump?,"[""The Electoral College is designed to spread the power to elect the president across all 50 states, ensuring that more populous states don't overpower smaller ones."", ""Electors are usually chosen because they are loyal and dedicated members of their party, which may influence their decision to vote as pledged."", ""There is no Constitutional provision or Federal law that requires electors to vote according to the results of the popular vote in their States."", ""Electors generally hold a leadership position in their party or were chosen to recognize years of loyal service to the party, and more than 99 percent of electors have voted as pledged historically.""]","[""The Electoral College is designed to spread the power to elect the president across all 50 states, ensuring that more populous states don't overpower smaller ones."", ""Electors are usually chosen because they are loyal and dedicated members of their party, which may influence their decision to vote as pledged."", ""There is no Constitutional provision or Federal law that requires electors to vote according to the results of the popular vote in their States."", ""Electors generally hold a leadership position in their party or were chosen to recognize years of loyal service to the party, and more than 99 percent of electors have voted as pledged historically.""]",4,debateqa,1089,3
How often do police officers purposely alter the details of their confrontations while documenting the facts?,"[""officers are often forced to make split second decisions in circumstances that are tense, uncertain and rapidly evolving about the amount of force that is necessary in a particular situation"", ""officers must be entrusted with well reasoned discretion in determining the appropriate use of force in each incident"", ""the use of force by law enforcement personnel is a matter of critical concern both to the public and to the law enforcement community""]","[""officers are often forced to make split second decisions in circumstances that are tense, uncertain and rapidly evolving about the amount of force that is necessary in a particular situation"", ""officers must be entrusted with well reasoned discretion in determining the appropriate use of force in each incident"", ""the use of force by law enforcement personnel is a matter of critical concern both to the public and to the law enforcement community""]",3,debateqa,1083,1
Should children receive education on morality in school?,"[""Civic education is essential to sustain our constitutional democracy"", ""Education on morality is part of the informal curriculum in schools, which includes the governance of the school community and the relationships among those within it"", ""Classical education cultivates human nature so it can grow properly and flourish, guiding students into freedom by making them self-reliant and responsible"", ""Students should learn about civic dispositions, which include traits of private and public character essential to the maintenance and improvement of constitutional democracy"", ""Classical education provides moral education by cultivating moral virtue and guiding students to become self-reliant and responsible""]","[""Civic education is essential to sustain our constitutional democracy"", ""Education on morality is part of the informal curriculum in schools, which includes the governance of the school community and the relationships among those within it"", ""Classical education cultivates human nature so it can grow properly and flourish, guiding students into freedom by making them self-reliant and responsible"", ""Students should learn about civic dispositions, which include traits of private and public character essential to the maintenance and improvement of constitutional democracy"", ""Classical education provides moral education by cultivating moral virtue and guiding students to become self-reliant and responsible""]",5,debateqa,735,3
What percentage of Hillary Clinton's supporters has voted for her just because of her gender?,"[""Very few of Clinton’s male (6%) or female (8%) supporters think she is treated less critically because of her gender"", ""Among men who back Clinton, 52% say Clinton’s gender is not a factor"", ""40% of men who back Clinton say she is held to a higher standard than prior presidential candidates""]","[""Very few of Clinton’s male (6%) or female (8%) supporters think she is treated less critically because of her gender"", ""Among men who back Clinton, 52% say Clinton’s gender is not a factor"", ""40% of men who back Clinton say she is held to a higher standard than prior presidential candidates""]",3,debateqa,1307,2
Is Crimea a part of Russia or Ukraine?,"[""The U.S. sees Crimea as \""occupied territory\"""", ""in Russia, Google Maps now shows the peninsula as part of Russian territory"", ""Ukraine's Google Maps uses a thin dashed line, which simply indicates a provincial border""]","[""The U.S. sees Crimea as \""occupied territory\"""", ""in Russia, Google Maps now shows the peninsula as part of Russian territory"", ""Ukraine's Google Maps uses a thin dashed line, which simply indicates a provincial border""]",3,debateqa,698,1
What is the most hated nationality in the world?,"[""China tops the list as the most disliked country"", ""the top three most disliked countries are China, the United States, and Russia"", ""countries with ongoing conflicts like North Korea, Iraq, Afghanistan, and Syria are high on the list""]","[""China tops the list as the most disliked country"", ""the top three most disliked countries are China, the United States, and Russia"", ""countries with ongoing conflicts like North Korea, Iraq, Afghanistan, and Syria are high on the list""]",3,debateqa,1338,2
Do dowsing rods actually help locate water?,"[""Water dowsing does not work as it relies on the ideomotor phenomenon, where the dowser's unconscious movements control the rods, not any detection of underground water."", ""Scientific studies have repeatedly shown that dowsing is no more effective than random chance."", ""Dowsing rods move due to unstable equilibrium, similar to a marble on a roof, which can be misinterpreted as being influenced by underground water.""]","[""Water dowsing does not work as it relies on the ideomotor phenomenon, where the dowser's unconscious movements control the rods, not any detection of underground water."", ""Scientific studies have repeatedly shown that dowsing is no more effective than random chance."", ""Dowsing rods move due to unstable equilibrium, similar to a marble on a roof, which can be misinterpreted as being influenced by underground water.""]",3,debateqa,1672,2
What makes people support racism? What makes people oppose racism?,"[""People support racism due to ingrained societal structures and passive acceptance of racial advantages."", ""People oppose racism by becoming aware of its systemic nature and actively challenging it."", ""Racism persists because individuals often adopt the prejudiced views of their close social circles from a young age."", ""People oppose racism by educating themselves and others, and supporting anti-racist actions and policies.""]","[""People support racism due to ingrained societal structures and passive acceptance of racial advantages."", ""People oppose racism by becoming aware of its systemic nature and actively challenging it."", ""Racism persists because individuals often adopt the prejudiced views of their close social circles from a young age."", ""People oppose racism by educating themselves and others, and supporting anti-racist actions and policies.""]",4,debateqa,1247,3
Are Americans secretly racist?,"[""Some Americans hold explicitly racist beliefs and attitudes"", ""Racist ideas are embedded in institutions and systemic practices"", ""Young Americans, including Millennials, exhibit similar levels of racial bias as older generations""]","[""Some Americans hold explicitly racist beliefs and attitudes"", ""Racist ideas are embedded in institutions and systemic practices"", ""Young Americans, including Millennials, exhibit similar levels of racial bias as older generations""]",3,debateqa,1749,2
Do children learn language skills from television?,"[""Watching television or videos does not help children under age 2 learn language"", ""For children under age 2, watching TV actually delays language development"", ""Older children may benefit from educational shows if they are older than 2 years"", ""Interacting with children while watching screens can enhance their language skills"", ""There is no substitute for real interaction through talk, conversation, books, songs, and stories for very young children""]","[""Watching television or videos does not help children under age 2 learn language"", ""For children under age 2, watching TV actually delays language development"", ""Older children may benefit from educational shows if they are older than 2 years"", ""Interacting with children while watching screens can enhance their language skills"", ""There is no substitute for real interaction through talk, conversation, books, songs, and stories for very young children""]",5,debateqa,1665,3
What are some ways we can improve political discourse?,"[""Adopt a two-step process involving normative and empirical steps to clarify political aims and determine optimal policies"", ""Encourage open-mindedness and awareness of biases to foster more informed and less polarized political discussions"", ""Resist loyalty signaling and promote charitable interpretations of opposing views to improve political discourse"", ""Focus on creating win-win outcomes and compromises in political discussions to reduce zero-sum game dynamics"", ""Emphasize the importance of respectful and high-quality political conversations through educational initiatives""]","[""Adopt a two-step process involving normative and empirical steps to clarify political aims and determine optimal policies"", ""Encourage open-mindedness and awareness of biases to foster more informed and less polarized political discussions"", ""Resist loyalty signaling and promote charitable interpretations of opposing views to improve political discourse"", ""Focus on creating win-win outcomes and compromises in political discussions to reduce zero-sum game dynamics"", ""Emphasize the importance of respectful and high-quality political conversations through educational initiatives""]",5,debateqa,779,3
Is fasting beneficial for individuals with diabetes?,"[""fasting has demonstrated beneficial effects for both healthy individuals and those with metabolic diseases"", ""fasting can be used safely and effectively in addition to medications to support the therapy in T1DM and T2DM"", ""fasting has the potential to minimize the risk of hypoglycemia in T1DM, lower glycaemic variability, and improve fat metabolism in T1DM and T2DM""]","[""fasting has demonstrated beneficial effects for both healthy individuals and those with metabolic diseases"", ""fasting can be used safely and effectively in addition to medications to support the therapy in T1DM and T2DM"", ""fasting has the potential to minimize the risk of hypoglycemia in T1DM, lower glycaemic variability, and improve fat metabolism in T1DM and T2DM""]",3,debateqa,1933,2
What would the world look like if the Nazis won the war?,"[""the occupation of major Allied cities by Axis powers is commonly depicted in works about a hypothetical Axis victory"", ""the literature uses the Latin term Pax Germanica to describe such fictional post-war outcomes"", ""speculative literature about hypothetical military victories by the Axis Powers have generally been English-language literary work from the British Commonwealth and the United States""]","[""the occupation of major Allied cities by Axis powers is commonly depicted in works about a hypothetical Axis victory"", ""the literature uses the Latin term Pax Germanica to describe such fictional post-war outcomes"", ""speculative literature about hypothetical military victories by the Axis Powers have generally been English-language literary work from the British Commonwealth and the United States""]",3,debateqa,1478,2
Can a man possibly be a 'one woman man'?,"[""Yes, a man can possibly be a 'one woman man' as it is a calling for every follower of Christ and is achievable with God's help."", ""Being a 'one woman man' is essential for church leaders and is a demonstration of fidelity and self-control."", ""A man can be a 'one woman man' by cultivating fidelity from a young age, regardless of marital status.""]","[""Yes, a man can possibly be a 'one woman man' as it is a calling for every follower of Christ and is achievable with God's help."", ""Being a 'one woman man' is essential for church leaders and is a demonstration of fidelity and self-control."", ""A man can be a 'one woman man' by cultivating fidelity from a young age, regardless of marital status.""]",3,debateqa,1562,2
Is thirteen an unlucky number?,"[""the number thirteen is often considered an unlucky number in the western world"", ""some believe thirteen is unlucky due to its association with famous but undesirable dinner guests, such as Judas Iscariot, the 13th guest at the Last Supper, and Loki, the 13th god in Norse mythology"", ""the fear of the number 13, or triskaidekaphobia, is considered more of a superstition than a serious phobia because it only arises in certain situations and rarely has any significant impact on one's life"", ""superstitions about the number 13 thrive on confirmation bias, where people look for evidence that supports their belief in the number's unluckiness""]","[""the number thirteen is often considered an unlucky number in the western world"", ""some believe thirteen is unlucky due to its association with famous but undesirable dinner guests, such as Judas Iscariot, the 13th guest at the Last Supper, and Loki, the 13th god in Norse mythology"", ""the fear of the number 13, or triskaidekaphobia, is considered more of a superstition than a serious phobia because it only arises in certain situations and rarely has any significant impact on one's life"", ""superstitions about the number 13 thrive on confirmation bias, where people look for evidence that supports their belief in the number's unluckiness""]",4,debateqa,996,3
Should companies be required to hire 50% male and 50% female employees?,"[""Gender proportionality principle helps organizations grow their gender diversity throughout the entire hierarchy"", ""Gender proportionality principle is supported as it presents a simple and attainable minimum standard to look toward in diversifying an organization"", ""Gender proportionality principle is argued to be fair and provide equal opportunity""]","[""Gender proportionality principle helps organizations grow their gender diversity throughout the entire hierarchy"", ""Gender proportionality principle is supported as it presents a simple and attainable minimum standard to look toward in diversifying an organization"", ""Gender proportionality principle is argued to be fair and provide equal opportunity""]",3,debateqa,784,1
"How do pure atheists know what is right from wrong? In other words, what is their moral compass?","[""Atheists often rely on a moral compass that does not necessarily include values promoting group cohesion such as ingroup loyalty, respect for authority, and sanctity, focusing more on fairness and not harming others"", ""Atheists may derive their sense of right and wrong from principles of fairness and the consequences of actions, rather than from religious doctrines"", ""The moral values of atheists can be influenced by their perceptions of society's safety and their exposure to religious practices during upbringing""]","[""Atheists often rely on a moral compass that does not necessarily include values promoting group cohesion such as ingroup loyalty, respect for authority, and sanctity, focusing more on fairness and not harming others"", ""Atheists may derive their sense of right and wrong from principles of fairness and the consequences of actions, rather than from religious doctrines"", ""The moral values of atheists can be influenced by their perceptions of society's safety and their exposure to religious practices during upbringing""]",3,debateqa,1197,2
What is the big bone of contention between Catholics and Protestants?,"[""Papal infallibility is a major bone of contention between Catholics and Protestants"", ""Protestants reject the doctrine of papal infallibility"", ""The issue of authority underlies the rift between Roman Catholicism and Protestantism""]","[""Papal infallibility is a major bone of contention between Catholics and Protestants"", ""Protestants reject the doctrine of papal infallibility"", ""The issue of authority underlies the rift between Roman Catholicism and Protestantism""]",3,debateqa,1165,2
Is spelunking the same as caving?,"[""Caving and spelunking are terms used interchangeably in the United States and Canada, while in the United Kingdom and Ireland, spelunking is referred to as potholing."", ""Spelunking is often considered the term for those who are less experienced or non-professional cavers."", ""Spelunkers are generally those who require rescue due to inadequate preparation and experience, contrasting with more prepared and self-sufficient cavers.""]","[""Caving and spelunking are terms used interchangeably in the United States and Canada, while in the United Kingdom and Ireland, spelunking is referred to as potholing."", ""Spelunking is often considered the term for those who are less experienced or non-professional cavers."", ""Spelunkers are generally those who require rescue due to inadequate preparation and experience, contrasting with more prepared and self-sufficient cavers.""]",3,debateqa,65,1
Can plants survive without soil?,"[""Plants can grow without soil using hydroponics, which involves a solution of water containing necessary plant nutrients"", ""Plants can survive without soil by extracting necessary oxygen from water or air"", ""Some plants can grow attached to other structures like tree branches, where they receive support and nutrients from composted materials""]","[""Plants can grow without soil using hydroponics, which involves a solution of water containing necessary plant nutrients"", ""Plants can survive without soil by extracting necessary oxygen from water or air"", ""Some plants can grow attached to other structures like tree branches, where they receive support and nutrients from composted materials""]",3,debateqa,1285,2
Should schools require students to wear uniforms?,"[""School uniforms deter crime and increase student safety."", ""School uniforms keep students focused on their education, not their clothes."", ""School uniforms do not stop bullying and can actually increase violent attacks."", ""School uniforms restrict students’ freedom of expression."", ""School uniforms do not improve attendance, academic preparedness, or exam results.""]","[""School uniforms deter crime and increase student safety."", ""School uniforms keep students focused on their education, not their clothes."", ""School uniforms do not stop bullying and can actually increase violent attacks."", ""School uniforms restrict students’ freedom of expression."", ""School uniforms do not improve attendance, academic preparedness, or exam results.""]",5,debateqa,788,3
Was the Silurian period the birth of the first land plants?,"[""The first vascular plants appeared during the Silurian period"", ""The first good evidence of life on land is preserved from the Silurian period, including the earliest fossils of vascular plants"", ""The evolution of vascular plants occurred in the Silurian, marking a significant biological event""]","[""The first vascular plants appeared during the Silurian period"", ""The first good evidence of life on land is preserved from the Silurian period, including the earliest fossils of vascular plants"", ""The evolution of vascular plants occurred in the Silurian, marking a significant biological event""]",3,debateqa,1067,1
Do ghosts or gods really exist?,"[""belief and fascination in ghosts and other “paranormal activity” would increase as faith in God decreases"", ""people are afraid to believe in God because if God is real then it means we need to live our lives according to His Will"", ""the Catholic Church has no official doctrine regarding “ghosts,” so Catholics are free to have different opinions"", ""it is commonly accepted that souls in Purgatory who God allows to appear to the living to prompt the living to pray for them"", ""God is a disembodied spirit who is omnipotent, omniscient, and omnipresent"", ""Christian Scientists believe that everything that exists is spiritual and fashioned by divine thought"", ""Hinduism views that all experience emanates from the mind of Brahman (God)""]","[""belief and fascination in ghosts and other “paranormal activity” would increase as faith in God decreases"", ""people are afraid to believe in God because if God is real then it means we need to live our lives according to His Will"", ""the Catholic Church has no official doctrine regarding “ghosts,” so Catholics are free to have different opinions"", ""it is commonly accepted that souls in Purgatory who God allows to appear to the living to prompt the living to pray for them"", ""God is a disembodied spirit who is omnipotent, omniscient, and omnipresent"", ""Christian Scientists believe that everything that exists is spiritual and fashioned by divine thought"", ""Hinduism views that all experience emanates from the mind of Brahman (God)""]",7,debateqa,881,3
Is it ethical to euthanize a pet?,"[""Euthanasia is considered when a pet's quality of life is seriously impaired by an injury or disease that cannot be treated"", ""Euthanasia may be necessary if a pet has become vicious, dangerous, or unmanageable"", ""Euthanasia is a personal decision supported by veterinarians, family, and friends"", ""Euthanasia is used to end a pet's pain when they are suffering or unlikely to make a recovery"", ""Euthanasia decisions can be influenced by economic, emotional, and space limitations or lifestyle changes""]","[""Euthanasia is considered when a pet's quality of life is seriously impaired by an injury or disease that cannot be treated"", ""Euthanasia may be necessary if a pet has become vicious, dangerous, or unmanageable"", ""Euthanasia is a personal decision supported by veterinarians, family, and friends"", ""Euthanasia is used to end a pet's pain when they are suffering or unlikely to make a recovery"", ""Euthanasia decisions can be influenced by economic, emotional, and space limitations or lifestyle changes""]",5,debateqa,924,3
Why does the rich royal family needs taxes payers support?,"[""The British royal family requires taxpayer support to cover the costs of official expenditures including the upkeep of royal residences, staffing, travel, state visits, public engagements, and official entertainment"", ""The Sovereign Grant is funded by the Treasury to support the monarch's official duties and its amount is linked to the revenue from the Crown Estate"", ""Additional funding from taxpayers was necessary for specific large-scale projects like the renovation of Buckingham Palace""]","[""The British royal family requires taxpayer support to cover the costs of official expenditures including the upkeep of royal residences, staffing, travel, state visits, public engagements, and official entertainment"", ""The Sovereign Grant is funded by the Treasury to support the monarch's official duties and its amount is linked to the revenue from the Crown Estate"", ""Additional funding from taxpayers was necessary for specific large-scale projects like the renovation of Buckingham Palace""]",3,debateqa,211,1
Should marijuana be legalized?,"[""A majority of Americans now favor the legalization of marijuana"", ""Legalizing marijuana can have economic and criminal justice benefits"", ""There are concerns about the potential negative health effects of marijuana""]","[""A majority of Americans now favor the legalization of marijuana"", ""Legalizing marijuana can have economic and criminal justice benefits"", ""There are concerns about the potential negative health effects of marijuana""]",3,debateqa,237,1
Should the government take an active role in trying to shape culture?,"[""Government involvement in education can help ensure that students receive a complete and thorough curriculum"", ""Government actions can sometimes lead to censorship and violation of constitutional rights, impacting the quality of education"", ""Public opinion supports a more active role for teachers and students in deciding school curricula, suggesting a need for government to consider these preferences in policy-making"", ""Government policies can either support or hinder the teaching of comprehensive and inclusive history and civics education"", ""State actions can promote or restrict educational content, influencing how race and history are taught in schools""]","[""Government involvement in education can help ensure that students receive a complete and thorough curriculum"", ""Government actions can sometimes lead to censorship and violation of constitutional rights, impacting the quality of education"", ""Public opinion supports a more active role for teachers and students in deciding school curricula, suggesting a need for government to consider these preferences in policy-making"", ""Government policies can either support or hinder the teaching of comprehensive and inclusive history and civics education"", ""State actions can promote or restrict educational content, influencing how race and history are taught in schools""]",5,debateqa,862,3
Are people in love with Donald Trump?,"[""Leila Prelec felt love for Donald Trump and believed he made her feel like an American"", ""Thomas Eickes expressed a positive sentiment towards Trump's inauguration, highlighting the peaceful change of power and the non-hostile atmosphere"", ""Keith Woods felt a contrast in the atmosphere between Obama's and Trump's inaugurations, indicating a lack of warmth and inclusivity during Trump's event""]","[""Leila Prelec felt love for Donald Trump and believed he made her feel like an American"", ""Thomas Eickes expressed a positive sentiment towards Trump's inauguration, highlighting the peaceful change of power and the non-hostile atmosphere"", ""Keith Woods felt a contrast in the atmosphere between Obama's and Trump's inaugurations, indicating a lack of warmth and inclusivity during Trump's event""]",3,debateqa,1191,2
Should science be optional in middle school?,"[""Computer science is essential for personal and professional success in a digital world"", ""Computer science instruction is mandated by law for middle schools in Iowa by July 1, 2023"", ""Computer science education is underrepresented in K-12 schools, which is a loss of talent and innovation"", ""Computer science education equips students with critical skills like design, logical reasoning, and problem-solving"", ""Computer science courses can count as math credits and fulfill graduation requirements""]","[""Computer science is essential for personal and professional success in a digital world"", ""Computer science instruction is mandated by law for middle schools in Iowa by July 1, 2023"", ""Computer science education is underrepresented in K-12 schools, which is a loss of talent and innovation"", ""Computer science education equips students with critical skills like design, logical reasoning, and problem-solving"", ""Computer science courses can count as math credits and fulfill graduation requirements""]",5,debateqa,525,3
"Is it offensive for sports teams and their fans to use Native American names, imagery and gestures?","[""Native Americans and their supporters object to the use of images and names in a manner and context they consider derogatory"", ""Native American mascots are harmful and perpetuate negative stereotypes"", ""Some Native Americans see the use of Native American names and imagery in sports as a form of honor and recognition"", ""There is significant opposition among Native Americans to the use of Native American mascots and team names"", ""Use of Native American mascots can lead to psychological harm and decreased self-esteem among Native individuals"", ""There is a movement towards changing or eliminating Native American mascots in response to their offensive nature""]","[""Native Americans and their supporters object to the use of images and names in a manner and context they consider derogatory"", ""Native American mascots are harmful and perpetuate negative stereotypes"", ""Some Native Americans see the use of Native American names and imagery in sports as a form of honor and recognition"", ""There is significant opposition among Native Americans to the use of Native American mascots and team names"", ""Use of Native American mascots can lead to psychological harm and decreased self-esteem among Native individuals"", ""There is a movement towards changing or eliminating Native American mascots in response to their offensive nature""]",6,debateqa,415,3
Is Hillary Clinton crazy enough to start a nuclear war with Russia?,"[""Hillary Clinton is not perceived as someone who would start a nuclear war with Russia"", ""Hillary Clinton has a history of working towards nuclear disarmament and preventing nuclear proliferation"", ""Hillary Clinton's approach to nuclear weapons is cautious and aimed at reducing nuclear threats""]","[""Hillary Clinton is not perceived as someone who would start a nuclear war with Russia"", ""Hillary Clinton has a history of working towards nuclear disarmament and preventing nuclear proliferation"", ""Hillary Clinton's approach to nuclear weapons is cautious and aimed at reducing nuclear threats""]",3,debateqa,1099,1
Should companies be taxed on their carbon emissions and other negative environmental impacts?,"[""A carbon tax could discourage the use of fossil fuels and encourage a shift to less-polluting fuels, thereby limiting the carbon dioxide (CO2) emissions"", ""Carbon taxes can also generate more immediate environmental and health benefits, particularly by reducing deaths that result from local air pollution"", ""Carbon taxes are generally straightforward to administer because they can be piggybacked on existing fuel taxes"", ""Carbon taxes can play a key role in achieving countries’ pledges under the 2015 Paris Agreement"", ""A carbon tax could raise significant revenue for governments, which they can use to counteract economic harm caused by higher fuel prices""]","[""A carbon tax could discourage the use of fossil fuels and encourage a shift to less-polluting fuels, thereby limiting the carbon dioxide (CO2) emissions"", ""Carbon taxes can also generate more immediate environmental and health benefits, particularly by reducing deaths that result from local air pollution"", ""Carbon taxes are generally straightforward to administer because they can be piggybacked on existing fuel taxes"", ""Carbon taxes can play a key role in achieving countries’ pledges under the 2015 Paris Agreement"", ""A carbon tax could raise significant revenue for governments, which they can use to counteract economic harm caused by higher fuel prices""]",5,debateqa,865,3
"Should artificial intelligence be involved in decision-making processes within the legal system, such as predicting criminal behavior?","[""AI can improve the efficiency and accuracy of the legal system by quickly analyzing massive data sets and providing statistical likelihoods of recidivism"", ""AI can help reduce human error and bias in legal decision-making by using algorithms to perform tasks like facial recognition and predicting criminal behavior"", ""Using AI in legal decision-making could lead to ethical concerns and potential misuse, requiring careful consideration and regulation""]","[""AI can improve the efficiency and accuracy of the legal system by quickly analyzing massive data sets and providing statistical likelihoods of recidivism"", ""AI can help reduce human error and bias in legal decision-making by using algorithms to perform tasks like facial recognition and predicting criminal behavior"", ""Using AI in legal decision-making could lead to ethical concerns and potential misuse, requiring careful consideration and regulation""]",3,debateqa,1,1
"If North Korea were to attack South Korea suddenly, how would the latter with its ally, America, defend itself?","[""South Korea and the U.S. would defend themselves by retaliating with massive counterstrikes"", ""South Korea and the U.S. would rely on their military and security forces to prevent, quell, and crush all known and possible sources of dissent or opposition"", ""The U.S. would support South Korea by working with the U.S. across party lines on buttressing U.S. and allied security in the Indo-Pacific""]","[""South Korea and the U.S. would defend themselves by retaliating with massive counterstrikes"", ""South Korea and the U.S. would rely on their military and security forces to prevent, quell, and crush all known and possible sources of dissent or opposition"", ""The U.S. would support South Korea by working with the U.S. across party lines on buttressing U.S. and allied security in the Indo-Pacific""]",3,debateqa,485,1
Should foreign aid be tied to conditions or provided unconditionally?,"[""Conditionality helps countries solve balance of payments problems without resorting to measures that harm national or international prosperity."", ""Unconditional US military assistance to Israel has undermined America’s own laws governing the use of such assistance by partner nations."", ""The US does not have to, nor should it, provide that aid unconditionally."", ""Conditionality is included in financing and non-financing IMF programs with the aim to progress towards the agreed policy goals."", ""By endorsing Israel’s military operations in Gaza and failing to exercise effective oversight of US military assistance, Washington is essentially undercutting the Foreign Assistance Act, the Arms Export Act, and the Leahy Laws.""]","[""Conditionality helps countries solve balance of payments problems without resorting to measures that harm national or international prosperity."", ""Unconditional US military assistance to Israel has undermined America’s own laws governing the use of such assistance by partner nations."", ""The US does not have to, nor should it, provide that aid unconditionally."", ""Conditionality is included in financing and non-financing IMF programs with the aim to progress towards the agreed policy goals."", ""By endorsing Israel’s military operations in Gaza and failing to exercise effective oversight of US military assistance, Washington is essentially undercutting the Foreign Assistance Act, the Arms Export Act, and the Leahy Laws.""]",5,debateqa,700,3
Should college football replace the Bowl Championship Series (BCS) with a playoff system?,"[""A playoff system would replace the subjectivity of human and computer polls with the objective measure of winning or losing a game"", ""A playoff system would give each school an opportunity to earn a fair share of the revenue distributed to the conferences"", ""The BCS system makes every regular season game crucial for the teams in contention to finish in the top two"", ""Playoff proponents argue against the internal validity of the BCS National Championship and lament that the participants are decided based upon coaches' and media polls rather than on-field competition"", ""The BCS rewards undefeated BCS teams, leading schools to schedule games against weaker opponents to protect their records""]","[""A playoff system would replace the subjectivity of human and computer polls with the objective measure of winning or losing a game"", ""A playoff system would give each school an opportunity to earn a fair share of the revenue distributed to the conferences"", ""The BCS system makes every regular season game crucial for the teams in contention to finish in the top two"", ""Playoff proponents argue against the internal validity of the BCS National Championship and lament that the participants are decided based upon coaches' and media polls rather than on-field competition"", ""The BCS rewards undefeated BCS teams, leading schools to schedule games against weaker opponents to protect their records""]",5,debateqa,4,3
Do men like giving oral sex to women?,"[""Men in heterosexual relationships express a desire to perform oral sex more frequently"", ""Men enjoy providing oral sex and would like to do it more often, but face reluctance from their female partners"", ""Men might desire to increase the frequency of giving oral sex as a strategy to receive more oral sex""]","[""Men in heterosexual relationships express a desire to perform oral sex more frequently"", ""Men enjoy providing oral sex and would like to do it more often, but face reluctance from their female partners"", ""Men might desire to increase the frequency of giving oral sex as a strategy to receive more oral sex""]",3,debateqa,1225,2
Do meteorites come from comets?,"[""Most meteoroids are pieces of other, larger bodies that have been broken or blasted off. Some come from comets, others from asteroids"", ""Some meteoroids are rocky, while others are metallic, or combinations of rock and metal"", ""Most meteor showers come from comets, whose material is quite fragile""]","[""Most meteoroids are pieces of other, larger bodies that have been broken or blasted off. Some come from comets, others from asteroids"", ""Some meteoroids are rocky, while others are metallic, or combinations of rock and metal"", ""Most meteor showers come from comets, whose material is quite fragile""]",3,debateqa,1686,2
Who do you think is going to win the presidential elections and why?,"[""Donald Trump is leading with 67% support in the Republican presidential primary according to national averages"", ""President Joe Biden is likely to be the Democratic nominee as indicated by primary polls"", ""Historically, candidates leading by as much as Trump usually win the nomination"", ""The 2024 presidential race between Biden and Trump is virtually a dead heat according to current polling"", ""Many voters express a desire to replace both Biden and Trump on the ballot""]","[""Donald Trump is leading with 67% support in the Republican presidential primary according to national averages"", ""President Joe Biden is likely to be the Democratic nominee as indicated by primary polls"", ""Historically, candidates leading by as much as Trump usually win the nomination"", ""The 2024 presidential race between Biden and Trump is virtually a dead heat according to current polling"", ""Many voters express a desire to replace both Biden and Trump on the ballot""]",5,debateqa,457,3
Can you brew beer without hops?,"[""beer was sometimes flavored using gruit, and some still see it as a workable alternative to hops"", ""modified yeast can be used to create hoppy flavors without actual hops"", ""various herbs and plants like yarrow, mugwort, and wormwood have historically been used as alternatives to hops in brewing""]","[""beer was sometimes flavored using gruit, and some still see it as a workable alternative to hops"", ""modified yeast can be used to create hoppy flavors without actual hops"", ""various herbs and plants like yarrow, mugwort, and wormwood have historically been used as alternatives to hops in brewing""]",3,debateqa,1337,2
How did god come into existence out of nothing?,"[""God has always existed and did not come from anything"", ""God is described as an uncaused First Cause"", ""God created everything out of nothing""]","[""God has always existed and did not come from anything"", ""God is described as an uncaused First Cause"", ""God created everything out of nothing""]",3,debateqa,1323,2
"Is it ethical for companies to profit from the sale of addictive substances, such as tobacco or sugary drinks?","[""food companies are often significant contributors to public health problems"", ""food companies engage in activities to prevent public health problems"", ""the ultimate motivation of companies seems to be to make a profit, even at the expense of consumer health""]","[""food companies are often significant contributors to public health problems"", ""food companies engage in activities to prevent public health problems"", ""the ultimate motivation of companies seems to be to make a profit, even at the expense of consumer health""]",3,debateqa,398,1
Would you rather be rich and have no friends or poor but with many friends?,"[""Money isn't involved much in the equation of friendships"", ""Money can attract the worst type of gold diggers, make you paranoid, and worsen your social situation"", ""Having money allows for self-improvement and social opportunities""]","[""Money isn't involved much in the equation of friendships"", ""Money can attract the worst type of gold diggers, make you paranoid, and worsen your social situation"", ""Having money allows for self-improvement and social opportunities""]",3,debateqa,496,1
Why do so many people hate Hillary Clinton?,"[""Chinese officials tend not to be very fond of Clinton"", ""Clinton is described as the most hated American political politician among Chinese internet users"", ""Clinton's tough dealings with China and portrayal as an anti-China politician""]","[""Chinese officials tend not to be very fond of Clinton"", ""Clinton is described as the most hated American political politician among Chinese internet users"", ""Clinton's tough dealings with China and portrayal as an anti-China politician""]",3,debateqa,573,1
Should national parks raise entry fees to fund conservation projects?,"[""Charging international visitors more than domestic ones could significantly increase park revenue"", ""Implementing a modest surcharge for international visitors could raise an estimated $330 million, nearly doubling recreation fee revenue for the park system"", ""Higher fees for international visitors are unlikely to deter them due to the inelastic nature of their demand for park visitation""]","[""Charging international visitors more than domestic ones could significantly increase park revenue"", ""Implementing a modest surcharge for international visitors could raise an estimated $330 million, nearly doubling recreation fee revenue for the park system"", ""Higher fees for international visitors are unlikely to deter them due to the inelastic nature of their demand for park visitation""]",3,debateqa,177,1
Does the government still neglects minor disabilities?,"[""Yes, you can report abuse and neglect of a person with a disability even if you are not a Mandated Reporter"", ""Everyone is urged to err on the side of caution, and immediately report all suspected cases of abuse or neglect"", ""Reports that are screened out by DPPC are still referred to the appropriate state agency for any follow-up deemed necessary""]","[""Yes, you can report abuse and neglect of a person with a disability even if you are not a Mandated Reporter"", ""Everyone is urged to err on the side of caution, and immediately report all suspected cases of abuse or neglect"", ""Reports that are screened out by DPPC are still referred to the appropriate state agency for any follow-up deemed necessary""]",3,debateqa,1818,2
Is the earth flat? Is there a sky dome?,"[""Humans have known for thousands of years that the planet is round"", ""the Earth is flat and square, while the heavens are round"", ""the Earth was a short cylinder with a flat, circular top""]","[""Humans have known for thousands of years that the planet is round"", ""the Earth is flat and square, while the heavens are round"", ""the Earth was a short cylinder with a flat, circular top""]",3,debateqa,1429,2
How can I convince someone to not vote for Trump?,"[""Highlight Trump's negative impact on the Republican Party and his loss in previous elections as a deterrent"", ""Emphasize Biden's lead over Trump among young voters and their opposition to Trump's policies"", ""Use the shift of suburban voters back to the GOP as a caution against complacency"", ""Discuss the broader dissatisfaction with both major parties among young voters to encourage a focus on issues rather than personalities""]","[""Highlight Trump's negative impact on the Republican Party and his loss in previous elections as a deterrent"", ""Emphasize Biden's lead over Trump among young voters and their opposition to Trump's policies"", ""Use the shift of suburban voters back to the GOP as a caution against complacency"", ""Discuss the broader dissatisfaction with both major parties among young voters to encourage a focus on issues rather than personalities""]",4,debateqa,864,3
Was radio invented by Nikola Tesla?,"[""Nikola Tesla discovered he could transmit and receive powerful radio signals using tuned Tesla coils"", ""Marconi was awarded a patent for the invention of radio in 1904, which was initially rejected due to Tesla's prior patents"", ""The U.S. Supreme Court restored Tesla's radio patent in 1943, acknowledging his priority over Marconi""]","[""Nikola Tesla discovered he could transmit and receive powerful radio signals using tuned Tesla coils"", ""Marconi was awarded a patent for the invention of radio in 1904, which was initially rejected due to Tesla's prior patents"", ""The U.S. Supreme Court restored Tesla's radio patent in 1943, acknowledging his priority over Marconi""]",3,debateqa,196,1
Does the moon have a molten core?,"[""The moon's inner core is solid"", ""The moon's inner core has a density close to that of iron"", ""The moon's inner core is about 300 miles (500 km) in diameter""]","[""The moon's inner core is solid"", ""The moon's inner core has a density close to that of iron"", ""The moon's inner core is about 300 miles (500 km) in diameter""]",3,debateqa,1809,2
Marvel vs. DC: Which is better?,"[""Marvel movies have more characters that have more connections both with each other and in their storylines"", ""Marvel has had more successful box office numbers compared to DC"", ""Marvel's cinematic universe is more structured and has better storyline continuity"", ""Marvel offers a wider variety of stories and character development in their series and movies"", ""DC has had many flop movies which negatively impacted their reputation""]","[""Marvel movies have more characters that have more connections both with each other and in their storylines"", ""Marvel has had more successful box office numbers compared to DC"", ""Marvel's cinematic universe is more structured and has better storyline continuity"", ""Marvel offers a wider variety of stories and character development in their series and movies"", ""DC has had many flop movies which negatively impacted their reputation""]",5,debateqa,1084,3
What impact would an AI have on our society?,"[""AI can amplify existing human biases when used in decision-making processes, potentially leading to discriminatory outcomes"", ""AI has the potential to improve societal issues by enhancing decision-making and reducing human biases"", ""AI-driven automation in industries can lead to job displacement and wage reductions, particularly affecting lower and middle-income workers"", ""Regulatory frameworks are being developed to manage AI's risks while promoting beneficial innovation"", ""AI is enhancing scientific research by identifying trends, predicting outcomes, and designing experiments, which accelerates advancements in various fields""]","[""AI can amplify existing human biases when used in decision-making processes, potentially leading to discriminatory outcomes"", ""AI has the potential to improve societal issues by enhancing decision-making and reducing human biases"", ""AI-driven automation in industries can lead to job displacement and wage reductions, particularly affecting lower and middle-income workers"", ""Regulatory frameworks are being developed to manage AI's risks while promoting beneficial innovation"", ""AI is enhancing scientific research by identifying trends, predicting outcomes, and designing experiments, which accelerates advancements in various fields""]",5,debateqa,577,3
Is playing video games bad for children’s health?,"[""Video games have a positive effect on children including better performance on cognitive skills tests"", ""Excessive video gaming can lead to poor sleep, impact attention, and contribute to aggressive behaviors"", ""Video games can enhance social skills, problem-solving abilities, and hand-eye coordination"", ""Playing video games for long periods without social interaction can negatively impact social development"", ""Setting limits on gaming time and content is recommended to mitigate negative effects""]","[""Video games have a positive effect on children including better performance on cognitive skills tests"", ""Excessive video gaming can lead to poor sleep, impact attention, and contribute to aggressive behaviors"", ""Video games can enhance social skills, problem-solving abilities, and hand-eye coordination"", ""Playing video games for long periods without social interaction can negatively impact social development"", ""Setting limits on gaming time and content is recommended to mitigate negative effects""]",5,debateqa,238,3
Should recreational marijuana be legal?,"[""Legalizing recreational marijuana may have negative public health effects."", ""Recreational marijuana legalization is viewed positively for local economies and the criminal justice system."", ""There are concerns about the impact of recreational marijuana on community safety and the use of other drugs.""]","[""Legalizing recreational marijuana may have negative public health effects."", ""Recreational marijuana legalization is viewed positively for local economies and the criminal justice system."", ""There are concerns about the impact of recreational marijuana on community safety and the use of other drugs.""]",3,debateqa,369,1
Can men ever know what a woman want?,"[""Men and women perceive their own safety very differently"", ""Women have a different reality of their own safety than do men"", ""Men are more afraid of failure or being humiliated, while women fear physical violence""]","[""Men and women perceive their own safety very differently"", ""Women have a different reality of their own safety than do men"", ""Men are more afraid of failure or being humiliated, while women fear physical violence""]",3,debateqa,549,1
Would Hillary Clinton be a good president for US?,"[""Hillary Clinton is highly qualified and experienced, making her a suitable president"", ""Clinton's ability to work with both parties and her record in public service demonstrate her potential as a good president"", ""Clinton's policies are aimed at strengthening the middle class and the economy, which could be beneficial for the US"", ""Clinton's international experience and relationships with world leaders could enhance her effectiveness as president"", ""Clinton's commitment to social issues like equal pay, family leave, and immigration reform highlights her progressive stance""]","[""Hillary Clinton is highly qualified and experienced, making her a suitable president"", ""Clinton's ability to work with both parties and her record in public service demonstrate her potential as a good president"", ""Clinton's policies are aimed at strengthening the middle class and the economy, which could be beneficial for the US"", ""Clinton's international experience and relationships with world leaders could enhance her effectiveness as president"", ""Clinton's commitment to social issues like equal pay, family leave, and immigration reform highlights her progressive stance""]",5,debateqa,1453,3
Should TikTok be banned?,"[""TikTok should be banned due to its addictive nature and negative impact on youth mental health"", ""TikTok poses a national security threat due to potential data access by the Chinese government"", ""Banning TikTok would be an act of censorship and harm democratic values"", ""TikTok serves as a platform for free expression and banning it would restrict freedom of speech"", ""Banning TikTok could lead to increased censorship and authoritarian control""]","[""TikTok should be banned due to its addictive nature and negative impact on youth mental health"", ""TikTok poses a national security threat due to potential data access by the Chinese government"", ""Banning TikTok would be an act of censorship and harm democratic values"", ""TikTok serves as a platform for free expression and banning it would restrict freedom of speech"", ""Banning TikTok could lead to increased censorship and authoritarian control""]",5,debateqa,1937,3
What's the point of fighting a war on drugs?,"[""The war on drugs aims to reduce the harmful effects of drug use by focusing on saving lives and reducing harm rather than increasing arrests and incarceration."", ""The war on drugs is intended to dismantle failed drug policies by adopting harm reduction strategies and treating substance misuse as a health issue."", ""The war on drugs historically aimed to criminalize drug use and disproportionately impact communities of color, leading to mass incarceration without improving health or safety outcomes.""]","[""The war on drugs aims to reduce the harmful effects of drug use by focusing on saving lives and reducing harm rather than increasing arrests and incarceration."", ""The war on drugs is intended to dismantle failed drug policies by adopting harm reduction strategies and treating substance misuse as a health issue."", ""The war on drugs historically aimed to criminalize drug use and disproportionately impact communities of color, leading to mass incarceration without improving health or safety outcomes.""]",3,debateqa,1095,1
Should people over 89 not be allowed to vote?,"[""strong majorities from both political affiliations approved of cleaning up voter rolls"", ""More than 80% of Americans support using a nation-wide database to identify ineligible voters"", ""Consensus around using information from the Social Security Administration and state death certificates to remove voters who are no longer living was even stronger""]","[""strong majorities from both political affiliations approved of cleaning up voter rolls"", ""More than 80% of Americans support using a nation-wide database to identify ineligible voters"", ""Consensus around using information from the Social Security Administration and state death certificates to remove voters who are no longer living was even stronger""]",3,debateqa,204,1
"If you look at a beautiful thing and appreciate it as god's creation, do you also hold god responsible for natural disaster, disease, war, torture, rape and killing?","[""God claims responsibility for both calm and calamity in his creation"", ""God is not the source of sin but allows certain events to occur"", ""Natural disasters are a reminder of the world's fallen state and a harbinger of final judgment"", ""God uses natural disasters as part of his sovereign design and purposes"", ""God's ultimate purpose in allowing disasters includes the hope of renewal and redemption""]","[""God claims responsibility for both calm and calamity in his creation"", ""God is not the source of sin but allows certain events to occur"", ""Natural disasters are a reminder of the world's fallen state and a harbinger of final judgment"", ""God uses natural disasters as part of his sovereign design and purposes"", ""God's ultimate purpose in allowing disasters includes the hope of renewal and redemption""]",5,debateqa,1255,3
What's wrong with the US healthcare system?,"[""The U.S. healthcare system is characterized by high costs and disparities in access to care based on income, race, and geographical location"", ""The U.S. lacks universal healthcare, contributing to a significant portion of the population lacking health insurance"", ""High healthcare expenditure in the U.S. does not translate into better health outcomes compared to other developed nations"", ""Legislative efforts like the Affordable Care Act have aimed to address issues within the U.S. healthcare system but challenges remain"", ""There is a significant shortage of physicians projected for the future in the U.S., which could worsen healthcare access and quality""]","[""The U.S. healthcare system is characterized by high costs and disparities in access to care based on income, race, and geographical location"", ""The U.S. lacks universal healthcare, contributing to a significant portion of the population lacking health insurance"", ""High healthcare expenditure in the U.S. does not translate into better health outcomes compared to other developed nations"", ""Legislative efforts like the Affordable Care Act have aimed to address issues within the U.S. healthcare system but challenges remain"", ""There is a significant shortage of physicians projected for the future in the U.S., which could worsen healthcare access and quality""]",5,debateqa,694,3
"Why do atheists insist that God provide undeniable proof of his existence, when the Bible says that God requires faith?","[""Atheists insist on undeniable proof of God's existence because they believe that if God exists and loves us, the evidence for his existence should be absolutely undeniable"", ""Atheists may require undeniable proof of God's existence because they perceive a lack of extraordinary evidence as an indication that a loving, omnipotent God does not exist"", ""Atheists argue for undeniable proof because they believe that a world with clear evidence of God would prevent atheism or skepticism""]","[""Atheists insist on undeniable proof of God's existence because they believe that if God exists and loves us, the evidence for his existence should be absolutely undeniable"", ""Atheists may require undeniable proof of God's existence because they perceive a lack of extraordinary evidence as an indication that a loving, omnipotent God does not exist"", ""Atheists argue for undeniable proof because they believe that a world with clear evidence of God would prevent atheism or skepticism""]",3,debateqa,1454,2
Should the state invest more money in health than education?,"[""Investing more in health could potentially increase state support for education by reducing the financial pressure from rising health costs"", ""Investing in health has shown to improve economic growth and productivity, which could justify prioritizing health over education"", ""Higher investment in health could lead to better educational outcomes by reducing mortality and morbidity, which are lower among more educated individuals"", ""Redirecting funds from health to education might not be feasible due to the essential nature of healthcare spending and its direct impact on life expectancy""]","[""Investing more in health could potentially increase state support for education by reducing the financial pressure from rising health costs"", ""Investing in health has shown to improve economic growth and productivity, which could justify prioritizing health over education"", ""Higher investment in health could lead to better educational outcomes by reducing mortality and morbidity, which are lower among more educated individuals"", ""Redirecting funds from health to education might not be feasible due to the essential nature of healthcare spending and its direct impact on life expectancy""]",4,debateqa,1028,3
Is victim mentality a behavior more performed by women?,"[""Victim-blaming attitudes marginalize the victim/survivor and make it harder to come forward and report the abuse"", ""Men face many of the same barriers as women that prevent them from reporting abuse"", ""Women are the primary targets and girls are mainly trafficked for sexual exploitation""]","[""Victim-blaming attitudes marginalize the victim/survivor and make it harder to come forward and report the abuse"", ""Men face many of the same barriers as women that prevent them from reporting abuse"", ""Women are the primary targets and girls are mainly trafficked for sexual exploitation""]",3,debateqa,842,1
How do you lose weight permanently?,"[""Weight-loss surgery can lead to permanent weight loss"", ""Liposuction permanently reduces fat and refines the body’s contours"", ""Adopting a healthy lifestyle with diet and exercise is essential for permanent weight loss""]","[""Weight-loss surgery can lead to permanent weight loss"", ""Liposuction permanently reduces fat and refines the body’s contours"", ""Adopting a healthy lifestyle with diet and exercise is essential for permanent weight loss""]",3,debateqa,491,1
Is the concept of mutually assured destruction a reliable deterrent for preventing nuclear warfare?,"[""Mutual assured destruction is a reliable deterrent as it is based on the theory of rational deterrence, which holds that the threat of using strong weapons against the enemy prevents the enemy's use of those same weapons"", ""The presence of nuclear weapons decreases the risk of crisis escalation, supporting the idea that MAD can prevent nuclear warfare"", ""Mutually assured destruction may not deter conventional wars that could escalate into nuclear conflicts"", ""The doctrine of MAD assumes that neither side will dare to launch a first strike due to the guaranteed retaliatory second strike, maintaining a stable but tense global peace"", ""Emerging technologies like cyber-espionage and high-speed missiles threaten to undermine the effectiveness of MAD as a deterrent strategy""]","[""Mutual assured destruction is a reliable deterrent as it is based on the theory of rational deterrence, which holds that the threat of using strong weapons against the enemy prevents the enemy's use of those same weapons"", ""The presence of nuclear weapons decreases the risk of crisis escalation, supporting the idea that MAD can prevent nuclear warfare"", ""Mutually assured destruction may not deter conventional wars that could escalate into nuclear conflicts"", ""The doctrine of MAD assumes that neither side will dare to launch a first strike due to the guaranteed retaliatory second strike, maintaining a stable but tense global peace"", ""Emerging technologies like cyber-espionage and high-speed missiles threaten to undermine the effectiveness of MAD as a deterrent strategy""]",5,debateqa,1778,3
Is a plant-based vegan diet healthier than eating meat and other animal products?,"[""Plant-based diets are linked to lower rates of heart disease, type 2 diabetes, and some cancers"", ""Vegetarians and vegans may have an increased risk of stroke"", ""Plant-based diets can lead to inadequate protein, vitamin, and mineral intake, but these risks can be overcome with the right food choices and supplements"", ""Plant-based diets are generally considered healthier due to their high fiber content and lower intake of saturated fats""]","[""Plant-based diets are linked to lower rates of heart disease, type 2 diabetes, and some cancers"", ""Vegetarians and vegans may have an increased risk of stroke"", ""Plant-based diets can lead to inadequate protein, vitamin, and mineral intake, but these risks can be overcome with the right food choices and supplements"", ""Plant-based diets are generally considered healthier due to their high fiber content and lower intake of saturated fats""]",4,debateqa,770,3
What is the true story behind the conflict in Syria?,"[""The conflict in Syria began with peaceful protests in 2011 that escalated into a brutal war due to government opposition."", ""Multiple internal and external groups, including international powers, are involved in the Syrian conflict, complicating peace efforts."", ""Efforts for peace talks have repeatedly failed, with various attempts at negotiations not leading to a resolution.""]","[""The conflict in Syria began with peaceful protests in 2011 that escalated into a brutal war due to government opposition."", ""Multiple internal and external groups, including international powers, are involved in the Syrian conflict, complicating peace efforts."", ""Efforts for peace talks have repeatedly failed, with various attempts at negotiations not leading to a resolution.""]",3,debateqa,389,1
Does weight lifting cause high blood pressure?,"[""weight lifting can elevate your blood pressure"", ""strength training can help lower your blood pressure if you do it consistently"", ""people who have high blood pressure should be cautious about any movements that involve lifting very heavy weights"", ""regular exercise helps lower blood pressure over time"", ""being more active will lower your blood pressure""]","[""weight lifting can elevate your blood pressure"", ""strength training can help lower your blood pressure if you do it consistently"", ""people who have high blood pressure should be cautious about any movements that involve lifting very heavy weights"", ""regular exercise helps lower blood pressure over time"", ""being more active will lower your blood pressure""]",5,debateqa,1812,3
Why doesn’t Ukraine join NATO?,"[""Ukraine's membership in NATO could lead to a direct conflict with Russia, including a nuclear war"", ""Admitting Ukraine to NATO could undermine the credibility of NATO's security guarantees"", ""The cost of defending Ukraine could strain NATO's resources and capabilities"", ""Ukraine's geography and ongoing conflict with Russia make its NATO membership controversial""]","[""Ukraine's membership in NATO could lead to a direct conflict with Russia, including a nuclear war"", ""Admitting Ukraine to NATO could undermine the credibility of NATO's security guarantees"", ""The cost of defending Ukraine could strain NATO's resources and capabilities"", ""Ukraine's geography and ongoing conflict with Russia make its NATO membership controversial""]",4,debateqa,1150,3
Is Donald Trump a billionaire buffoon?,"[""Trump has been described as the nation's favorite buffoon billionaire"", ""Trump is seen as a mediocre man who owes his financial success to luck"", ""Trump is often labeled a buffoon in media comparisons with other political figures""]","[""Trump has been described as the nation's favorite buffoon billionaire"", ""Trump is seen as a mediocre man who owes his financial success to luck"", ""Trump is often labeled a buffoon in media comparisons with other political figures""]",3,debateqa,1572,2
Are humans really causing global warming?,"[""human activities are amplifying Earth’s natural greenhouse effect by increasing the abundance of greenhouse gases in the atmosphere"", ""virtually all climate scientists agree that the increase in heat-trapping gases is the main reason for the rise in global average temperature"", ""humans are putting an estimated 9.5 billion metric tons of carbon into the atmosphere each year by burning fossil fuels""]","[""human activities are amplifying Earth’s natural greenhouse effect by increasing the abundance of greenhouse gases in the atmosphere"", ""virtually all climate scientists agree that the increase in heat-trapping gases is the main reason for the rise in global average temperature"", ""humans are putting an estimated 9.5 billion metric tons of carbon into the atmosphere each year by burning fossil fuels""]",3,debateqa,1474,2
Is it possible that Gods were aliens?,"[""Some prominent scientists have proposed that space aliens designed and then transported life to Earth"", ""Some researchers believe the Anunnaki may have been actual beings from another planet"", ""Francis Crick proposed the idea that extraterrestrials seeded life on earth to set the evolutionary process in motion""]","[""Some prominent scientists have proposed that space aliens designed and then transported life to Earth"", ""Some researchers believe the Anunnaki may have been actual beings from another planet"", ""Francis Crick proposed the idea that extraterrestrials seeded life on earth to set the evolutionary process in motion""]",3,debateqa,729,1
Do you think that political correctness serves any specific purpose or makes society a better place?,"[""Political correctness is intended to avoid offense or disadvantage to members of particular groups in society"", ""Political correctness can inhibit free speech and police free thought, treating other people with the dignity they deserve"", ""Political correctness has reset the standards for civility and respect in day-to-day interactions""]","[""Political correctness is intended to avoid offense or disadvantage to members of particular groups in society"", ""Political correctness can inhibit free speech and police free thought, treating other people with the dignity they deserve"", ""Political correctness has reset the standards for civility and respect in day-to-day interactions""]",3,debateqa,1827,2
Why is US mainstream media biased against Trump?,"[""Trump worked to discredit journalists throughout his presidency, labeling the mainstream media biased"", ""Trump's claims of “fake news” have caused large swaths of the public to lose trust in mainstream media"", ""Trump's encouragement of retributive violence towards perceived opponents has made it more difficult for reporters to do their jobs"", ""Trump's strategy involves saying two contradictory things about the same issue, allowing supporters to grasp onto whichever message they like best"", ""The White House press corps often normalized Trump's tactics and those of his alt-right administration through coverage""]","[""Trump worked to discredit journalists throughout his presidency, labeling the mainstream media biased"", ""Trump's claims of “fake news” have caused large swaths of the public to lose trust in mainstream media"", ""Trump's encouragement of retributive violence towards perceived opponents has made it more difficult for reporters to do their jobs"", ""Trump's strategy involves saying two contradictory things about the same issue, allowing supporters to grasp onto whichever message they like best"", ""The White House press corps often normalized Trump's tactics and those of his alt-right administration through coverage""]",5,debateqa,1633,3
Is it true that Prophet Muhammad was a pedophile?,"[""Mohammed was not a pedophile and that it’s wrong and offensive to depict him as such"", ""the marriage of the Prophet Mohammed with Aisha was a happy marriage"", ""the age of Aisha at marriage has been disputed by a wide range of contemporary Muslim commentators""]","[""Mohammed was not a pedophile and that it’s wrong and offensive to depict him as such"", ""the marriage of the Prophet Mohammed with Aisha was a happy marriage"", ""the age of Aisha at marriage has been disputed by a wide range of contemporary Muslim commentators""]",3,debateqa,1159,2
Should celebrities and influencers use their platforms to advocate for political and social issues?,"[""Influencers should use their platforms to advocate for political and social issues as they can educate and engage their audience on important topics"", ""Celebrities and influencers can significantly influence public opinion and actions, such as increasing awareness or voter turnout, through their endorsements and advocacy"", ""Influencers should not use their platforms for political advocacy as it can lead to misinformation and lacks the credibility and depth of professional journalism"", ""Using social media platforms for political advocacy by influencers can be seen as manipulative and may not always be transparent or truthful""]","[""Influencers should use their platforms to advocate for political and social issues as they can educate and engage their audience on important topics"", ""Celebrities and influencers can significantly influence public opinion and actions, such as increasing awareness or voter turnout, through their endorsements and advocacy"", ""Influencers should not use their platforms for political advocacy as it can lead to misinformation and lacks the credibility and depth of professional journalism"", ""Using social media platforms for political advocacy by influencers can be seen as manipulative and may not always be transparent or truthful""]",4,debateqa,250,2
Did the Germans really hate the Jews or not?,"[""Antisemitism existed in Europe for centuries before the Holocaust, often for religious reasons"", ""Many Germans participated in varying degrees in the persecution and murder of Jews and other victims"", ""Hitler's antisemitism was influenced by figures like Georg Ritter von Schönerer and Karl Lueger"", ""Hitler blamed Jews for Germany's problems and used this as a political message to gain support"", ""Antisemitism was not just a Nazi ideology but was prevalent among ordinary Germans and other Europeans""]","[""Antisemitism existed in Europe for centuries before the Holocaust, often for religious reasons"", ""Many Germans participated in varying degrees in the persecution and murder of Jews and other victims"", ""Hitler's antisemitism was influenced by figures like Georg Ritter von Schönerer and Karl Lueger"", ""Hitler blamed Jews for Germany's problems and used this as a political message to gain support"", ""Antisemitism was not just a Nazi ideology but was prevalent among ordinary Germans and other Europeans""]",5,debateqa,1168,3
Why did Americans elect Trump instead of Hillary?,"[""Trump won a solid plurality of the votes cast by primary voters who identified as Republicans"", ""Clinton won a clear majority of the votes cast by ordinary voters in presidential primaries"", ""Trump's campaign resonated with voters who felt left behind by economic globalization and cultural changes""]","[""Trump won a solid plurality of the votes cast by primary voters who identified as Republicans"", ""Clinton won a clear majority of the votes cast by ordinary voters in presidential primaries"", ""Trump's campaign resonated with voters who felt left behind by economic globalization and cultural changes""]",3,debateqa,164,1
Is a gluten-free diet a healthier alternative?,"[""Gluten-free diets are essential for managing signs and symptoms of celiac disease and other medical conditions associated with gluten."", ""Gluten-free diets can lead to nutritional deficits in fiber, vitamins, and minerals."", ""Gluten-free products often contain higher levels of unhealthy ingredients like fats and sugars, which can lead to weight gain and other health issues."", ""There is no inherent health benefit to a gluten-free diet for individuals without celiac disease or gluten sensitivity.""]","[""Gluten-free diets are essential for managing signs and symptoms of celiac disease and other medical conditions associated with gluten."", ""Gluten-free diets can lead to nutritional deficits in fiber, vitamins, and minerals."", ""Gluten-free products often contain higher levels of unhealthy ingredients like fats and sugars, which can lead to weight gain and other health issues."", ""There is no inherent health benefit to a gluten-free diet for individuals without celiac disease or gluten sensitivity.""]",4,debateqa,147,2
Should society ban Zoos?,"[""Zoos provide vital support to endangered species"", ""Zoos are detrimental to animals' physical health"", ""Zoos educate the public about animals and conservation efforts"", ""Zoos don't educate the public enough to justify keeping animals captive"", ""Zoo confinement is psychologically damaging to animals""]","[""Zoos provide vital support to endangered species"", ""Zoos are detrimental to animals' physical health"", ""Zoos educate the public about animals and conservation efforts"", ""Zoos don't educate the public enough to justify keeping animals captive"", ""Zoo confinement is psychologically damaging to animals""]",5,debateqa,1887,3
How did Hillary Clinton mess up her chances of winning the US presidential election?,"[""polls underestimated Trump’s level of support"", ""nonresponse bias"", ""shy Trumpers""]","[""polls underestimated Trump’s level of support"", ""nonresponse bias"", ""shy Trumpers""]",3,debateqa,1846,2
Will Donald Trump ever release his taxes?,"[""Trump has not released his tax returns due to ongoing audits"", ""Legal investigations into Trump's associates may affect his decision on releasing his tax returns"", ""Trump's focus on significant tax reforms might overshadow the issue of releasing his tax returns""]","[""Trump has not released his tax returns due to ongoing audits"", ""Legal investigations into Trump's associates may affect his decision on releasing his tax returns"", ""Trump's focus on significant tax reforms might overshadow the issue of releasing his tax returns""]",3,debateqa,955,1
Should there be a minimum weight limit for models?,"[""Minimum weight limits could prevent health issues and protect models"", ""Minimum weight limits could reduce the pressure on models to adopt extreme diets"", ""Implementing weight limits might not address the root causes of eating disorders"", ""Weight limits could challenge the fashion industry's influence on unhealthy body images"", ""Voluntary codes and industry self-regulation may not be sufficient""]","[""Minimum weight limits could prevent health issues and protect models"", ""Minimum weight limits could reduce the pressure on models to adopt extreme diets"", ""Implementing weight limits might not address the root causes of eating disorders"", ""Weight limits could challenge the fashion industry's influence on unhealthy body images"", ""Voluntary codes and industry self-regulation may not be sufficient""]",5,debateqa,912,3
"Will the American civil rights movement, including BLM, be energized & accomplish more with Trump as President?","[""Trump's presidency has been perceived negatively in terms of handling race relations, with many Americans believing he has made them worse"", ""Public support for the Black Lives Matter movement is strong, which could suggest an energized civil rights movement"", ""There is a significant partisan divide in perceptions of the protests and Trump's impact on race relations, which could affect the movement's unity and effectiveness"", ""Increased discussions about race and racial equality among Americans might contribute to a more energized civil rights movement"", ""Activism and engagement in issues of race or racial equality have increased, indicating a potential rise in energy within the movement""]","[""Trump's presidency has been perceived negatively in terms of handling race relations, with many Americans believing he has made them worse"", ""Public support for the Black Lives Matter movement is strong, which could suggest an energized civil rights movement"", ""There is a significant partisan divide in perceptions of the protests and Trump's impact on race relations, which could affect the movement's unity and effectiveness"", ""Increased discussions about race and racial equality among Americans might contribute to a more energized civil rights movement"", ""Activism and engagement in issues of race or racial equality have increased, indicating a potential rise in energy within the movement""]",5,debateqa,1260,3
Is nuclear energy a viable solution to fight climate change?,"[""Nuclear energy is low-carbon and can be deployed on a large scale"", ""Nuclear power plants produce no greenhouse gas emissions during operation"", ""Nuclear energy can directly replace fossil fuel plants, avoiding the combustion of fossil fuels for electricity generation"", ""Nuclear power is the second-largest source of low-carbon electricity today"", ""Nuclear power can play an important role in clean energy transitions""]","[""Nuclear energy is low-carbon and can be deployed on a large scale"", ""Nuclear power plants produce no greenhouse gas emissions during operation"", ""Nuclear energy can directly replace fossil fuel plants, avoiding the combustion of fossil fuels for electricity generation"", ""Nuclear power is the second-largest source of low-carbon electricity today"", ""Nuclear power can play an important role in clean energy transitions""]",5,debateqa,1044,3
What grievances do you have with your local community?,"[""Many police departments have citizen boards to advise and assist with implementing effective strategies to reduce crime and disorder"", ""If you have a complaint or a question, send that in as well. Your police department wants to hear from you."", ""The local licensing office will make an unannounced visit to the facility to investigate the complaint within 10 days of receipt of the complaint."", ""Community members can assist the police in their efforts by participating, donating to, or helping facilitate these events."", ""Community meetings are another way community stakeholders, business owners, church groups can engage with local government and law enforcement.""]","[""Many police departments have citizen boards to advise and assist with implementing effective strategies to reduce crime and disorder"", ""If you have a complaint or a question, send that in as well. Your police department wants to hear from you."", ""The local licensing office will make an unannounced visit to the facility to investigate the complaint within 10 days of receipt of the complaint."", ""Community members can assist the police in their efforts by participating, donating to, or helping facilitate these events."", ""Community meetings are another way community stakeholders, business owners, church groups can engage with local government and law enforcement.""]",5,debateqa,461,3
Does the centrifugal force affect the shape of Earth?,"[""The actual shape of the earth reflects the planet's rotation around its axis, which produces a centrifugal force that distorts the earth's shape into a flattened oval called an \""oblate spheroid.\"""", ""Centrifugal force due to the earth's rotation is greatest at the equator, causing the planet to bulge at the equator and flatten at the poles."", ""Earth's rotation-caused \""oblateness\"" and variations in the density of the earth's interior materials further distort its shape from a perfect sphere.""]","[""The actual shape of the earth reflects the planet's rotation around its axis, which produces a centrifugal force that distorts the earth's shape into a flattened oval called an \""oblate spheroid.\"""", ""Centrifugal force due to the earth's rotation is greatest at the equator, causing the planet to bulge at the equator and flatten at the poles."", ""Earth's rotation-caused \""oblateness\"" and variations in the density of the earth's interior materials further distort its shape from a perfect sphere.""]",3,debateqa,1796,2
What is Hillary Clinton really like?,"[""Hillary Clinton is deeply committed to family and community service"", ""Hillary Clinton has a history of advocating for children and families"", ""Hillary Clinton has been criticized for her foreign policy decisions and is seen as prone to support military interventions"", ""Hillary Clinton values the role of allies and believes in America's leadership on the global stage"", ""Hillary Clinton is recognized for her efforts in promoting women's rights and peace""]","[""Hillary Clinton is deeply committed to family and community service"", ""Hillary Clinton has a history of advocating for children and families"", ""Hillary Clinton has been criticized for her foreign policy decisions and is seen as prone to support military interventions"", ""Hillary Clinton values the role of allies and believes in America's leadership on the global stage"", ""Hillary Clinton is recognized for her efforts in promoting women's rights and peace""]",5,debateqa,641,3
What is our purpose in being here?,"[""Our purpose in life should be to fear God and keep his commandments"", ""Our purpose includes glorifying God and enjoying fellowship with Him"", ""Life's purpose involves having good relationships with others, working, and having dominion over the earth"", ""Discovering personal purpose can be facilitated by self-reflection and identifying personal values and interests"", ""Experiencing hardship and having a supportive social network can lead to finding one's purpose""]","[""Our purpose in life should be to fear God and keep his commandments"", ""Our purpose includes glorifying God and enjoying fellowship with Him"", ""Life's purpose involves having good relationships with others, working, and having dominion over the earth"", ""Discovering personal purpose can be facilitated by self-reflection and identifying personal values and interests"", ""Experiencing hardship and having a supportive social network can lead to finding one's purpose""]",5,debateqa,514,3
What is the best evidence for a historical Jesus?,"[""the resurrection of Jesus is a historical event"", ""the crucifixion of Jesus is a historically indisputable event"", ""the empty tomb is a strong historical argument for the resurrection""]","[""the resurrection of Jesus is a historical event"", ""the crucifixion of Jesus is a historically indisputable event"", ""the empty tomb is a strong historical argument for the resurrection""]",3,debateqa,530,1
Should drug use be treated as a mental health issue rather than a criminal offense?,"[""drug addiction as a complex multifactorial health disorder characterized by chronic and relapsing nature"", ""criminal sanctions are ineffective at preventing or addressing these disorders"", ""Address substance use disorders as public health problems instead of criminal justice issues""]","[""drug addiction as a complex multifactorial health disorder characterized by chronic and relapsing nature"", ""criminal sanctions are ineffective at preventing or addressing these disorders"", ""Address substance use disorders as public health problems instead of criminal justice issues""]",3,debateqa,599,1
Should school canteens take meat and dairy off the menu?,"[""It is paramount to make school food healthier and more climate-friendly"", ""Meat and dairy generate the most greenhouse gases of all protein entrée categories"", ""USDA regulations require schools to serve dairy milk and meet federal nutrition requirements"", ""Adding a daily vegan menu option at schools was successful in LA Unified"", ""USDA decided to maintain the current requirement for milk in school meals""]","[""It is paramount to make school food healthier and more climate-friendly"", ""Meat and dairy generate the most greenhouse gases of all protein entrée categories"", ""USDA regulations require schools to serve dairy milk and meet federal nutrition requirements"", ""Adding a daily vegan menu option at schools was successful in LA Unified"", ""USDA decided to maintain the current requirement for milk in school meals""]",5,debateqa,761,3
Why do people believe Hillary Clinton is dishonest?,"[""People believe Hillary Clinton is dishonest due to her handling of classified information and her use of a personal email server during her time as Secretary of State"", ""Some view Hillary Clinton as dishonest because of perceptions that she intentionally mishandled classified information, despite the FBI not finding clear evidence of intentional law violations"", ""The belief in Hillary Clinton's dishonesty is reinforced by the controversy over her email practices, which led to official investigations and public doubt""]","[""People believe Hillary Clinton is dishonest due to her handling of classified information and her use of a personal email server during her time as Secretary of State"", ""Some view Hillary Clinton as dishonest because of perceptions that she intentionally mishandled classified information, despite the FBI not finding clear evidence of intentional law violations"", ""The belief in Hillary Clinton's dishonesty is reinforced by the controversy over her email practices, which led to official investigations and public doubt""]",3,debateqa,1734,2
"Why do people dislike Hillary particularly? Anyway she's not the only corrupt politician, isnt she?","[""Clinton is a successful political leader who is also a woman in a man's world."", ""Clinton's principal enemies are clear: partisans of a Republican party that is led by Paul Ryan, Mitch McConnell, and a cadre of right-wing extremists."", ""Clinton is being attacked by the right wing because the right wing hates her, and the right wing hates her because she is a liberal and a feminist and a woman.""]","[""Clinton is a successful political leader who is also a woman in a man's world."", ""Clinton's principal enemies are clear: partisans of a Republican party that is led by Paul Ryan, Mitch McConnell, and a cadre of right-wing extremists."", ""Clinton is being attacked by the right wing because the right wing hates her, and the right wing hates her because she is a liberal and a feminist and a woman.""]",3,debateqa,1519,2
Can hurricanes cause earthquakes?,"[""Very large low-pressure changes associated with major storm systems such as hurricanes are known to trigger episodes of fault slip (slow earthquakes) in the Earth’s crust"", ""Hurricanes may play a role in triggering some damaging earthquakes"", ""The numbers of earthquakes triggered by hurricanes are small and not statistically significant""]","[""Very large low-pressure changes associated with major storm systems such as hurricanes are known to trigger episodes of fault slip (slow earthquakes) in the Earth’s crust"", ""Hurricanes may play a role in triggering some damaging earthquakes"", ""The numbers of earthquakes triggered by hurricanes are small and not statistically significant""]",3,debateqa,1258,2
Why is Donald Trump comparing Hillary Clinton to Angela Merkel?,"[""Donald Trump is compared to Hillary Clinton because overseas publics have significantly less confidence in Trump's ability to handle international affairs compared to Clinton"", ""Trump may be compared to Clinton due to their differing levels of support in Europe, where Clinton is viewed more favorably"", ""Trump is compared to Clinton as they represent contrasting figures in terms of international confidence and capability""]","[""Donald Trump is compared to Hillary Clinton because overseas publics have significantly less confidence in Trump's ability to handle international affairs compared to Clinton"", ""Trump may be compared to Clinton due to their differing levels of support in Europe, where Clinton is viewed more favorably"", ""Trump is compared to Clinton as they represent contrasting figures in terms of international confidence and capability""]",3,debateqa,635,1
Should polygamous marriages be made legal?,"[""Polygamy undermines the stability of society and harms women and children"", ""Polygamy is associated with increased violence against women and economic downturns"", ""Legalizing polygamy could lead to greater protection from abuse for children in polygamous communities"", ""Polygamy violates women's rights to equality in marriage"", ""Decriminalizing polygamy could reduce the welfare burden on the state and provide legal support for polygamist wives""]","[""Polygamy undermines the stability of society and harms women and children"", ""Polygamy is associated with increased violence against women and economic downturns"", ""Legalizing polygamy could lead to greater protection from abuse for children in polygamous communities"", ""Polygamy violates women's rights to equality in marriage"", ""Decriminalizing polygamy could reduce the welfare burden on the state and provide legal support for polygamist wives""]",5,debateqa,902,3
Which is more dangerous the far right or the far left?,"[""Far-right actors are the primary threat to the U.S. homeland"", ""Far-left extremist violence, including lethal attack capabilities, cannot be overlooked or overestimated"", ""Rightwing groups tend to be more violent"", ""Leftwing groups more frequently target law enforcement"", ""Far-leftists generally avoid fatal violence, favoring disruptive and oft-destructive but non-fatal “direct action.”"", ""Far-right extremists are known to stockpile large caches of firearms, ammunition, explosives, and other weapons and regularly engage in attacks with the intent of inflicting mass casualties""]","[""Far-right actors are the primary threat to the U.S. homeland"", ""Far-left extremist violence, including lethal attack capabilities, cannot be overlooked or overestimated"", ""Rightwing groups tend to be more violent"", ""Leftwing groups more frequently target law enforcement"", ""Far-leftists generally avoid fatal violence, favoring disruptive and oft-destructive but non-fatal “direct action.”"", ""Far-right extremists are known to stockpile large caches of firearms, ammunition, explosives, and other weapons and regularly engage in attacks with the intent of inflicting mass casualties""]",6,debateqa,1176,3
Should the voting age be raised to 21?,"[""raising the voting age to 25 would cause young people to assign \""greater value to the act\"" of voting"", ""lowering the voting age to 16 could increase political engagement and participation among young people"", ""opponents argue that 16-year-olds may not have the necessary life experience or maturity to make informed decisions""]","[""raising the voting age to 25 would cause young people to assign \""greater value to the act\"" of voting"", ""lowering the voting age to 16 could increase political engagement and participation among young people"", ""opponents argue that 16-year-olds may not have the necessary life experience or maturity to make informed decisions""]",3,debateqa,1113,2
Should museums return artifacts to their country of origin?,"[""more museums have returned artifacts to their place of origin"", ""The Met proactively returns objects when research shows they should be returned"", ""Returning artifacts helps heal societies dehumanized by colonialism""]","[""more museums have returned artifacts to their place of origin"", ""The Met proactively returns objects when research shows they should be returned"", ""Returning artifacts helps heal societies dehumanized by colonialism""]",3,debateqa,943,1
Does the constitution need to be updated/rewritten?,"[""Thomas Jefferson believed that a country's constitution should be rewritten every 19 years"", ""Legal experts estimate the lifespan of a constitution is less than 20 years"", ""the U.S. Constitution, the oldest still in use today, has been successful due to its flexibility and the ability to be amended"", ""Some constitutional scholars believe that a constitutional convention is the only hope for any type of substantial reform"", ""There is concern that a Second Constitutional Convention might lead to a complete rewrite of the U.S. Constitution""]","[""Thomas Jefferson believed that a country's constitution should be rewritten every 19 years"", ""Legal experts estimate the lifespan of a constitution is less than 20 years"", ""the U.S. Constitution, the oldest still in use today, has been successful due to its flexibility and the ability to be amended"", ""Some constitutional scholars believe that a constitutional convention is the only hope for any type of substantial reform"", ""There is concern that a Second Constitutional Convention might lead to a complete rewrite of the U.S. Constitution""]",5,debateqa,993,3
Should we feel guilty when we travel?,"[""Travel is stimulating, whether you're visiting a Starbucks in Rome or watching a dung beetle in Africa"", ""Travel can create profound connections and help appreciate other humans and another way of living"", ""Traveling can lead to feelings of guilt due to the environmental impact and the disparities it highlights between tourists and locals""]","[""Travel is stimulating, whether you're visiting a Starbucks in Rome or watching a dung beetle in Africa"", ""Travel can create profound connections and help appreciate other humans and another way of living"", ""Traveling can lead to feelings of guilt due to the environmental impact and the disparities it highlights between tourists and locals""]",3,debateqa,718,1
Were there dinosaurs on Noah's Ark?,"[""The idea that Noah kept dinosaurs on the ark is plausible"", ""Young adult dinosaurs were likely chosen for the Ark to ensure they had full reproductive potential after the Flood"", ""There were probably only 20 to 50 Genesis kinds of dinosaurs, some adults were as small as chickens"", ""The ark's size and design could accommodate dinosaurs alongside other animals"", ""Dinosaurs' inclusion on the Ark is supported by the belief that they existed alongside humans before the Flood""]","[""The idea that Noah kept dinosaurs on the ark is plausible"", ""Young adult dinosaurs were likely chosen for the Ark to ensure they had full reproductive potential after the Flood"", ""There were probably only 20 to 50 Genesis kinds of dinosaurs, some adults were as small as chickens"", ""The ark's size and design could accommodate dinosaurs alongside other animals"", ""Dinosaurs' inclusion on the Ark is supported by the belief that they existed alongside humans before the Flood""]",5,debateqa,1401,3
Why is it that jerks and assholes breed more than nice and intelligent individuals?,"[""some people are genetically predisposed to be nasty"", ""almost any of us is susceptible to becoming an asshole under certain circumstances"", ""giving people even a little bit of power over others can induce them to abuse that power""]","[""some people are genetically predisposed to be nasty"", ""almost any of us is susceptible to becoming an asshole under certain circumstances"", ""giving people even a little bit of power over others can induce them to abuse that power""]",3,debateqa,683,1
Why do so many white people deny white privilege is a thing?,"[""White people deny white privilege because they believe they have earned their advantages through hard work, not unearned benefits"", ""White individuals may deny white privilege as acknowledging it challenges their self-image as good, moral people"", ""White people might deny white privilege to avoid confronting the systemic and historical advantages it represents"", ""Some white people deny white privilege because they do not see themselves as directly benefiting from it"", ""Denial of white privilege among white people can be a psychological defense mechanism to maintain a positive self-concept""]","[""White people deny white privilege because they believe they have earned their advantages through hard work, not unearned benefits"", ""White individuals may deny white privilege as acknowledging it challenges their self-image as good, moral people"", ""White people might deny white privilege to avoid confronting the systemic and historical advantages it represents"", ""Some white people deny white privilege because they do not see themselves as directly benefiting from it"", ""Denial of white privilege among white people can be a psychological defense mechanism to maintain a positive self-concept""]",5,debateqa,1079,3
Is vaping e-cigarettes safe?,"[""Vaping exposes you to fewer toxic chemicals than smoking traditional cigarettes but is still not safe"", ""Vaping is associated with lung injuries and deaths, particularly from modified devices or black market e-liquids"", ""Vaping can lead to nicotine addiction and is not recommended as a cessation tool by the FDA"", ""E-cigarettes are popular among youth, potentially leading to nicotine addiction and subsequent use of traditional tobacco products"", ""Long-term health effects of vaping are unknown, but current evidence suggests potential harm to heart and lungs""]","[""Vaping exposes you to fewer toxic chemicals than smoking traditional cigarettes but is still not safe"", ""Vaping is associated with lung injuries and deaths, particularly from modified devices or black market e-liquids"", ""Vaping can lead to nicotine addiction and is not recommended as a cessation tool by the FDA"", ""E-cigarettes are popular among youth, potentially leading to nicotine addiction and subsequent use of traditional tobacco products"", ""Long-term health effects of vaping are unknown, but current evidence suggests potential harm to heart and lungs""]",5,debateqa,40,3
Should certain books be banned from a library?,"[""Book banning is a form of censorship"", ""Those advocating a ban complain typically that the book in question contains graphic violence, expresses disrespect for parents and family, is sexually explicit, exalts evil, lacks literary merit, is unsuitable for a particular age group, or includes offensive language"", ""Opponents of bans argue that by restricting information and discouraging freedom of thought, censors undermine one of the primary functions of education: teaching students how to think for themselves"", ""Community standards may be taken into account in book banning"", ""Those who oppose book banning emphasize that the First Amendment protects rights of students to receive ideas""]","[""Book banning is a form of censorship"", ""Those advocating a ban complain typically that the book in question contains graphic violence, expresses disrespect for parents and family, is sexually explicit, exalts evil, lacks literary merit, is unsuitable for a particular age group, or includes offensive language"", ""Opponents of bans argue that by restricting information and discouraging freedom of thought, censors undermine one of the primary functions of education: teaching students how to think for themselves"", ""Community standards may be taken into account in book banning"", ""Those who oppose book banning emphasize that the First Amendment protects rights of students to receive ideas""]",5,debateqa,1088,3
Is there a need for more diversity and inclusion in corporate leadership positions?,"[""Diverse and inclusive workplaces are important because they lead to positive impacts on recruitment, loyalty, innovation, and performance."", ""Companies with diverse leadership teams report higher innovation revenue and better market performance."", ""There is a significant trust deficit between organizations and their Black employees, indicating a need for more inclusive leadership."", ""Organizations must actively work towards creating a culture that values diversity and inclusion to attract and retain top talent.""]","[""Diverse and inclusive workplaces are important because they lead to positive impacts on recruitment, loyalty, innovation, and performance."", ""Companies with diverse leadership teams report higher innovation revenue and better market performance."", ""There is a significant trust deficit between organizations and their Black employees, indicating a need for more inclusive leadership."", ""Organizations must actively work towards creating a culture that values diversity and inclusion to attract and retain top talent.""]",4,debateqa,213,2
Should the US take in more or fewer refugees from conflicts abroad?,"[""The United States has historically been a global leader in refugee resettlement, suggesting a capacity and tradition of taking in more refugees."", ""Recent reductions in U.S. refugee admissions under the Trump administration indicate a trend towards accepting fewer refugees."", ""Increasing global conflicts and the rising number of forcibly displaced people suggest a need for the U.S. to accept more refugees."", ""Security concerns and extensive vetting procedures introduced by the Trump administration have been used to justify taking in fewer refugees."", ""The U.S. has the infrastructure through various agencies and international collaborations to effectively resettle and integrate refugees.""]","[""The United States has historically been a global leader in refugee resettlement, suggesting a capacity and tradition of taking in more refugees."", ""Recent reductions in U.S. refugee admissions under the Trump administration indicate a trend towards accepting fewer refugees."", ""Increasing global conflicts and the rising number of forcibly displaced people suggest a need for the U.S. to accept more refugees."", ""Security concerns and extensive vetting procedures introduced by the Trump administration have been used to justify taking in fewer refugees."", ""The U.S. has the infrastructure through various agencies and international collaborations to effectively resettle and integrate refugees.""]",5,debateqa,1063,3
Should the US government increase funding for law enforcement?,"[""President Biden's administration has proposed significant funding increases for law enforcement to enhance public safety and crime prevention"", ""Increased funding for law enforcement is aimed at recruiting and training additional police officers to ensure effective, accountable community policing"", ""The proposed budget includes substantial investments in crime prevention services that address the causes of crime, aiming to reduce the burdens on police officers"", ""There is a push for legislative changes and funding to enhance gun control measures as part of the strategy to increase public safety"", ""Investments are also directed towards modernizing the criminal justice system and supporting community-led violence prevention initiatives""]","[""President Biden's administration has proposed significant funding increases for law enforcement to enhance public safety and crime prevention"", ""Increased funding for law enforcement is aimed at recruiting and training additional police officers to ensure effective, accountable community policing"", ""The proposed budget includes substantial investments in crime prevention services that address the causes of crime, aiming to reduce the burdens on police officers"", ""There is a push for legislative changes and funding to enhance gun control measures as part of the strategy to increase public safety"", ""Investments are also directed towards modernizing the criminal justice system and supporting community-led violence prevention initiatives""]",5,debateqa,1133,3
Which is the worst NYC borough?,"[""Brooklyn has the highest overall crime rate"", ""The Bronx and Brooklyn have many minor victims"", ""Manhattan is experiencing the worst housing affordability crisis in its history""]","[""Brooklyn has the highest overall crime rate"", ""The Bronx and Brooklyn have many minor victims"", ""Manhattan is experiencing the worst housing affordability crisis in its history""]",3,debateqa,921,1
What's the best evidence that we never landed on the moon?,"[""some people believe humans couldn't have passed through the Van Allen belts without being exposed to lethal doses of radiation"", ""the argument that the landings were faked is based on various misunderstandings of Nasa equipment and lunar physics"", ""conspiracy theorists claim that NASA faked the landings to avoid humiliation and to ensure that it continued to get funding""]","[""some people believe humans couldn't have passed through the Van Allen belts without being exposed to lethal doses of radiation"", ""the argument that the landings were faked is based on various misunderstandings of Nasa equipment and lunar physics"", ""conspiracy theorists claim that NASA faked the landings to avoid humiliation and to ensure that it continued to get funding""]",3,debateqa,704,1
Should sex work be legal?,"[""Human Rights Watch supports the full decriminalization of consensual adult sex work."", ""Criminalization exposes sex workers to abuse and exploitation by law enforcement."", ""Decriminalizing sex work maximizes sex workers' legal protection and their ability to exercise other key rights."", ""Legalizing or decriminalizing prostitution has not decreased the prevalence of illegal prostitution."", ""Legalization or decriminalization increases human trafficking."", ""The Nordic Model has lowered the prevalence of street prostitution.""]","[""Human Rights Watch supports the full decriminalization of consensual adult sex work."", ""Criminalization exposes sex workers to abuse and exploitation by law enforcement."", ""Decriminalizing sex work maximizes sex workers' legal protection and their ability to exercise other key rights."", ""Legalizing or decriminalizing prostitution has not decreased the prevalence of illegal prostitution."", ""Legalization or decriminalization increases human trafficking."", ""The Nordic Model has lowered the prevalence of street prostitution.""]",6,debateqa,323,3
Should all education including college be free and paid for by the government?,"[""Free college programs can reduce student debt significantly"", ""Free college has historical precedents and benefits in the U.S."", ""Free college could lead to increased taxpayer burden and shifting funds from other priorities"", ""Free college might not address all financial burdens of students"", ""Free college could decrease the value of a college degree and lead to lower completion rates""]","[""Free college programs can reduce student debt significantly"", ""Free college has historical precedents and benefits in the U.S."", ""Free college could lead to increased taxpayer burden and shifting funds from other priorities"", ""Free college might not address all financial burdens of students"", ""Free college could decrease the value of a college degree and lead to lower completion rates""]",5,debateqa,54,3
"Should gig economy workers be classified as employees with full benefits, or is the current contractor model acceptable?","[""independent contractors may be earning very low wages"", ""independent contractors enjoy significant freedom and flexibility"", ""independent contractor status leaves workers exposed to economic fluctuations and abuse from contracting companies"", ""independent contractors lack access to traditional benefits"", ""independent contractors are part of a growing precarious workforce""]","[""independent contractors may be earning very low wages"", ""independent contractors enjoy significant freedom and flexibility"", ""independent contractor status leaves workers exposed to economic fluctuations and abuse from contracting companies"", ""independent contractors lack access to traditional benefits"", ""independent contractors are part of a growing precarious workforce""]",5,debateqa,849,3
Will Hillary Clinton go to jail?,"[""There is no evidence that jail policies are being reviewed in response to this tragedy"", ""Clarke has not seen fit to address those residents at any length about these troubling incidents for which he has chosen to shoulder responsibility"", ""the Justice Department under Attorney General Jeff Sessions was profoundly disinterested in responding to my repeated appeals for a federal investigation into Clarke's jail""]","[""There is no evidence that jail policies are being reviewed in response to this tragedy"", ""Clarke has not seen fit to address those residents at any length about these troubling incidents for which he has chosen to shoulder responsibility"", ""the Justice Department under Attorney General Jeff Sessions was profoundly disinterested in responding to my repeated appeals for a federal investigation into Clarke's jail""]",3,debateqa,535,1
Who would win in a fight between a bear and a gorilla?,"[""the grizzly bear would easily dominate the gorilla"", ""the gorilla is simply smarter than the grizzly bear"", ""the gorilla's intellect sets it over the edge"", ""the grizzly's claws and its size really put the silverback in an uphill battle"", ""the gorilla's sheer upper body strength will likely be its greatest ally in this fight""]","[""the grizzly bear would easily dominate the gorilla"", ""the gorilla is simply smarter than the grizzly bear"", ""the gorilla's intellect sets it over the edge"", ""the grizzly's claws and its size really put the silverback in an uphill battle"", ""the gorilla's sheer upper body strength will likely be its greatest ally in this fight""]",5,debateqa,647,3
Should the minimum age for voting be abolished?,"[""16-year-olds demonstrate lower interest in politics, have less political knowledge, and lack the experience needed to participate in elections"", ""16-year-olds are just as knowledgeable about civics and have the same ability to make good voting choices as older voters"", ""Lowering the voting age to 16 increases voter turnout and develops lifelong voting habits""]","[""16-year-olds demonstrate lower interest in politics, have less political knowledge, and lack the experience needed to participate in elections"", ""16-year-olds are just as knowledgeable about civics and have the same ability to make good voting choices as older voters"", ""Lowering the voting age to 16 increases voter turnout and develops lifelong voting habits""]",3,debateqa,802,1
"Is the practice of planned obsolescence in the tech industry ethical, or does it contribute to electronic waste problems?","[""Planned obsolescence is an often-used tactic in the electronics industry to push sales, leading to environmental damage and frustrated consumers"", ""Planned obsolescence contributes to electronic waste by making products that are deliberately designed to have a short lifespan"", ""The practice of planned obsolescence violates the engineering code of ethics by treating consumers merely as a means to achieve sales goals, without considering their wellbeing"", ""Planned obsolescence leads to increased electronic waste, as products are discarded prematurely when they could still be functional""]","[""Planned obsolescence is an often-used tactic in the electronics industry to push sales, leading to environmental damage and frustrated consumers"", ""Planned obsolescence contributes to electronic waste by making products that are deliberately designed to have a short lifespan"", ""The practice of planned obsolescence violates the engineering code of ethics by treating consumers merely as a means to achieve sales goals, without considering their wellbeing"", ""Planned obsolescence leads to increased electronic waste, as products are discarded prematurely when they could still be functional""]",4,debateqa,436,2
Why does man need God?,"[""Man needs God to experience true freedom from internal and external oppressive forces"", ""Man needs God to achieve a sense of complete identity and wholeness, fulfilling our nature as beings made in the image of God"", ""Man needs God to find rest and satisfaction, filling the inherent void that material and worldly achievements cannot""]","[""Man needs God to experience true freedom from internal and external oppressive forces"", ""Man needs God to achieve a sense of complete identity and wholeness, fulfilling our nature as beings made in the image of God"", ""Man needs God to find rest and satisfaction, filling the inherent void that material and worldly achievements cannot""]",3,debateqa,1239,2
Do animals understand human language?,"[""Dogs, potbelly pigs, chimpanzees, and elephants understand some human language"", ""Koko the gorilla knew sign language and understood 2,000 words"", ""Some animals are capable of complex communication, like Alex the grey parrot who knew 150 words and spoke in full sentences""]","[""Dogs, potbelly pigs, chimpanzees, and elephants understand some human language"", ""Koko the gorilla knew sign language and understood 2,000 words"", ""Some animals are capable of complex communication, like Alex the grey parrot who knew 150 words and spoke in full sentences""]",3,debateqa,1654,2
Should social media influencers be held accountable if found to promote faulty or harmful products?,"[""Influencers should be held accountable for promoting harmful products as they can be liable for negligent misrepresentation."", ""Influencers should be held accountable because they often fail to provide complete and accurate information about the products they promote."", ""Influencers should be held accountable as their significant control over advertising content can make establishing their liability for false or misleading claims easier.""]","[""Influencers should be held accountable for promoting harmful products as they can be liable for negligent misrepresentation."", ""Influencers should be held accountable because they often fail to provide complete and accurate information about the products they promote."", ""Influencers should be held accountable as their significant control over advertising content can make establishing their liability for false or misleading claims easier.""]",3,debateqa,1103,1
Did the USA need to nuke Japan in WW2?,"[""Japan was ready to surrender before the atomic bombs were dropped"", ""The use of atomic bombs was influenced by the desire to demonstrate power to the Soviet Union"", ""The atomic bombings were seen as a way to avoid an invasion of Japan, which would have resulted in high casualties""]","[""Japan was ready to surrender before the atomic bombs were dropped"", ""The use of atomic bombs was influenced by the desire to demonstrate power to the Soviet Union"", ""The atomic bombings were seen as a way to avoid an invasion of Japan, which would have resulted in high casualties""]",3,debateqa,987,1
Are ethics and morality inherently subjective?,"[""morality is a feature of humanity"", ""morality is not nor could ever be objective"", ""morality is objective""]","[""morality is a feature of humanity"", ""morality is not nor could ever be objective"", ""morality is objective""]",3,debateqa,1441,2
"If the modern state of Israel is predicated on a peoples' return to a land they were expelled from 1900 years prior, shouldn't we also make provisions for the American continent to be returned to Native Americans?","[""The Law of Return in Israel is based on the historic and never broken connection between the Jewish people and the homeland"", ""The Law of Return extends citizenship rights to Jews and their descendants, which can be seen as a form of positive discrimination"", ""Native Americans and Palestinians share a history of resistance against colonialism and occupation""]","[""The Law of Return in Israel is based on the historic and never broken connection between the Jewish people and the homeland"", ""The Law of Return extends citizenship rights to Jews and their descendants, which can be seen as a form of positive discrimination"", ""Native Americans and Palestinians share a history of resistance against colonialism and occupation""]",3,debateqa,20,1
Is global warming a hoax?,"[""Climate change denial includes unreasonable doubts about the extent to which climate change is caused by humans"", ""Climate change denial is a form of science denial"", ""Climate change denial is undermining efforts to act on or adapt to climate change""]","[""Climate change denial includes unreasonable doubts about the extent to which climate change is caused by humans"", ""Climate change denial is a form of science denial"", ""Climate change denial is undermining efforts to act on or adapt to climate change""]",3,debateqa,1187,2
Should there be increased transparency in the grand jury process for high-profile cases?,"[""Increased transparency in the grand jury process could help address public confusion and perceptions of procedural injustice"", ""Transparency could prevent perceptions of prosecutorial manipulation and enhance the legitimacy of grand jury decisions"", ""Greater transparency might not sufficiently alter prosecutorial behavior or voter decisions due to existing political pressures""]","[""Increased transparency in the grand jury process could help address public confusion and perceptions of procedural injustice"", ""Transparency could prevent perceptions of prosecutorial manipulation and enhance the legitimacy of grand jury decisions"", ""Greater transparency might not sufficiently alter prosecutorial behavior or voter decisions due to existing political pressures""]",3,debateqa,1761,2
Is standing desk better for health than sitting?,"[""Standing desks may not significantly increase calorie burn compared to sitting"", ""Standing desks can help reduce sedentary habits and encourage more movement"", ""Using a standing desk may help mitigate health risks associated with prolonged sitting""]","[""Standing desks may not significantly increase calorie burn compared to sitting"", ""Standing desks can help reduce sedentary habits and encourage more movement"", ""Using a standing desk may help mitigate health risks associated with prolonged sitting""]",3,debateqa,69,1
Why doesn't the US have a national health service like most European States?,"[""opponents of health care coverage expansions and current industry players argue that expanding coverage would increase wait times and reduce quality of care"", ""expanding coverage does not necessarily result in longer wait times based on data from other nations with universal coverage"", ""coverage expansions can be managed without increasing wait times through policy tools like expanding scopes of practice for nonphysician providers and adjusting payment rates""]","[""opponents of health care coverage expansions and current industry players argue that expanding coverage would increase wait times and reduce quality of care"", ""expanding coverage does not necessarily result in longer wait times based on data from other nations with universal coverage"", ""coverage expansions can be managed without increasing wait times through policy tools like expanding scopes of practice for nonphysician providers and adjusting payment rates""]",3,debateqa,957,1
Should countries prioritize reforestation efforts to offset carbon emissions?,"[""Reforestation projects can contribute to carbon offsetting by investing in the removal of greenhouse gases from the atmosphere"", ""Reforestation efforts can be short-term solutions and may not address the main sources of carbon emissions effectively"", ""Protecting existing forests could be more effective than prioritizing new reforestation for carbon absorption"", ""Reforestation can lead to negative environmental impacts such as soil degradation and biosecurity risks in developing countries"", ""Reforestation can support broader climate goals and provide economic incentives for conservation""]","[""Reforestation projects can contribute to carbon offsetting by investing in the removal of greenhouse gases from the atmosphere"", ""Reforestation efforts can be short-term solutions and may not address the main sources of carbon emissions effectively"", ""Protecting existing forests could be more effective than prioritizing new reforestation for carbon absorption"", ""Reforestation can lead to negative environmental impacts such as soil degradation and biosecurity risks in developing countries"", ""Reforestation can support broader climate goals and provide economic incentives for conservation""]",5,debateqa,338,3
Are meteorites hot when they hit the Earth?,"[""Meteorites are cold when they hit the Earth"", ""The heat from atmospheric entry does not penetrate the interior of meteorites"", ""Some meteorites may have warm surfaces upon landing but their interiors remain cold""]","[""Meteorites are cold when they hit the Earth"", ""The heat from atmospheric entry does not penetrate the interior of meteorites"", ""Some meteorites may have warm surfaces upon landing but their interiors remain cold""]",3,debateqa,1573,2
Did humans evolve from apes?,"[""Humans and the great apes of Africa share a common ancestor that lived between 8 and 6 million years ago"", ""Humans originated from apelike ancestors and evolved over a period of approximately six million years"", ""Humans are not directly descended from any modern apes but share a common ancestor with chimpanzees""]","[""Humans and the great apes of Africa share a common ancestor that lived between 8 and 6 million years ago"", ""Humans originated from apelike ancestors and evolved over a period of approximately six million years"", ""Humans are not directly descended from any modern apes but share a common ancestor with chimpanzees""]",3,debateqa,1629,2
Do you believe that there is God? Why or why not?,"[""the existence of God proves itself true to the extent that we take it seriously and live our lives in face of it"", ""the universe was caused to exist by something outside it"", ""objective moral obligations are surprising in a universe without God""]","[""the existence of God proves itself true to the extent that we take it seriously and live our lives in face of it"", ""the universe was caused to exist by something outside it"", ""objective moral obligations are surprising in a universe without God""]",3,debateqa,1216,2
Is anime a form of cartoon?,"[""Anime is a semi-realistic visual representation of real-world objects and characters"", ""Cartoons are a non-realistic visual representation of real-world objects and characters"", ""Anime originated from Japan and has a distinct art style and production method""]","[""Anime is a semi-realistic visual representation of real-world objects and characters"", ""Cartoons are a non-realistic visual representation of real-world objects and characters"", ""Anime originated from Japan and has a distinct art style and production method""]",3,debateqa,1891,2
"What is the easy method to suicide? I can't buy gun, is there other easy and trusted method :(","[""Reducing access to guns is one important and very simple way to prevent suicide."", ""Drug overdose, the most widely used method in suicide attempts, is fatal in less than 3 percent of cases."", ""If you are having thoughts of suicide or just need to talk to someone, call or text 988 or chat online at the 988 Suicide & Crisis Lifeline.""]","[""Reducing access to guns is one important and very simple way to prevent suicide."", ""Drug overdose, the most widely used method in suicide attempts, is fatal in less than 3 percent of cases."", ""If you are having thoughts of suicide or just need to talk to someone, call or text 988 or chat online at the 988 Suicide & Crisis Lifeline.""]",3,debateqa,1662,2
Should prostitution be legalized and regulated?,"[""Legalizing prostitution can reduce crime, improve public health, increase tax revenue, and help people out of poverty"", ""Legalizing prostitution can lead to increases in sexually transmitted diseases, human trafficking, and violent crime"", ""Decriminalizing prostitution allows sex workers better collaboration with law enforcement and reduces violence against them"", ""Legalizing prostitution does not necessarily reduce the prevalence of illegal prostitution or human trafficking"", ""The Nordic Model, which criminalizes buying sex but decriminalizes selling it, has been effective in reducing street prostitution""]","[""Legalizing prostitution can reduce crime, improve public health, increase tax revenue, and help people out of poverty"", ""Legalizing prostitution can lead to increases in sexually transmitted diseases, human trafficking, and violent crime"", ""Decriminalizing prostitution allows sex workers better collaboration with law enforcement and reduces violence against them"", ""Legalizing prostitution does not necessarily reduce the prevalence of illegal prostitution or human trafficking"", ""The Nordic Model, which criminalizes buying sex but decriminalizes selling it, has been effective in reducing street prostitution""]",5,debateqa,762,3
Why is the electoral college necessary?,"[""The Electoral College provides a more equal voice for both small and large states in the election of the president"", ""The Electoral College prevents presidential candidates from focusing solely on high-population urban centers"", ""The Electoral College increases the legitimacy and certainty of elections by magnifying the margin of victory"", ""The Electoral College discourages voter fraud by isolating the impact of stolen votes to one state""]","[""The Electoral College provides a more equal voice for both small and large states in the election of the president"", ""The Electoral College prevents presidential candidates from focusing solely on high-population urban centers"", ""The Electoral College increases the legitimacy and certainty of elections by magnifying the margin of victory"", ""The Electoral College discourages voter fraud by isolating the impact of stolen votes to one state""]",4,debateqa,336,2
Should fur clothing be banned?,"[""Israel's ban on the sale of fur will take effect in six months."", ""California became the first state to ban the sale of new furs with the passage of Assembly Bill 44 in 2019."", ""There are already bans on farming fur across Slovakia, Serbia, Luxembourg, Norway, Croatia, Czech Republic, Macedonia, Slovenia, Bosnia, Belgium, and the UK."", ""Opposition to the fur trade has been growing, with significant bans and reductions in fur farming and sales worldwide."", ""Animal rights groups argue that fur farming involves significant cruelty and environmental damage, advocating for bans to prevent these harms.""]","[""Israel's ban on the sale of fur will take effect in six months."", ""California became the first state to ban the sale of new furs with the passage of Assembly Bill 44 in 2019."", ""There are already bans on farming fur across Slovakia, Serbia, Luxembourg, Norway, Croatia, Czech Republic, Macedonia, Slovenia, Bosnia, Belgium, and the UK."", ""Opposition to the fur trade has been growing, with significant bans and reductions in fur farming and sales worldwide."", ""Animal rights groups argue that fur farming involves significant cruelty and environmental damage, advocating for bans to prevent these harms.""]",5,debateqa,386,3
Is it acceptable to deny children life-saving blood transfusions based on parental religious beliefs?,"[""While the U.S. Constitution protects the freedom to practice religion, courts have not interpreted that freedom to include the right to refuse lifesaving treatment for a child on the basis of that religion"", ""Some states even have specific laws that authorize a court to order treatment under certain circumstances"", ""Minors generally cannot provide consent for or refuse medical treatment, and in the majority of cases, a parent must provide consent or refusal""]","[""While the U.S. Constitution protects the freedom to practice religion, courts have not interpreted that freedom to include the right to refuse lifesaving treatment for a child on the basis of that religion"", ""Some states even have specific laws that authorize a court to order treatment under certain circumstances"", ""Minors generally cannot provide consent for or refuse medical treatment, and in the majority of cases, a parent must provide consent or refusal""]",3,debateqa,179,1
Churchill's quotation on the evils of Islam got a UK man arrested. Would Winston Churchill be arrested if he said it today?,"[""Churchill's views on Islam have been controversial and could potentially lead to legal consequences today if expressed publicly"", ""Current UK laws on hate speech might consider Churchill's statements as potentially inciting hatred, which could lead to legal action if made today"", ""Churchill's historical status and contributions might provide some protection against legal consequences, but his statements on Islam would still be highly scrutinized and potentially actionable""]","[""Churchill's views on Islam have been controversial and could potentially lead to legal consequences today if expressed publicly"", ""Current UK laws on hate speech might consider Churchill's statements as potentially inciting hatred, which could lead to legal action if made today"", ""Churchill's historical status and contributions might provide some protection against legal consequences, but his statements on Islam would still be highly scrutinized and potentially actionable""]",3,debateqa,1625,2
Is the MeToo movement currently stirring controversy?,"[""The MeToo movement is currently stirring controversy as it is seen by some as a hindrance to male-female relations and likened to a witch hunt for men."", ""The MeToo movement is stirring controversy due to misunderstandings about its original intent, which is about power and privilege, not just sex and gender."", ""Controversy surrounds the MeToo movement as it faces criticism for complicating interactions between men and women in the workforce.""]","[""The MeToo movement is currently stirring controversy as it is seen by some as a hindrance to male-female relations and likened to a witch hunt for men."", ""The MeToo movement is stirring controversy due to misunderstandings about its original intent, which is about power and privilege, not just sex and gender."", ""Controversy surrounds the MeToo movement as it faces criticism for complicating interactions between men and women in the workforce.""]",3,debateqa,1783,2
Do women also enjoy sex?,"[""Women tend to assume that after their bodies have bounced back from childbirth, their sex lives should do the same"", ""Many women soon come to realize that sex after birth simply doesn't feel the same"", ""Many women simply don't find sex enjoyable when they're dealing with pelvic organ prolapse"", ""Staying intimate with those you love is important. It's something everyone needs"", ""Sexuality includes many things, like touching, hugging, or kissing""]","[""Women tend to assume that after their bodies have bounced back from childbirth, their sex lives should do the same"", ""Many women soon come to realize that sex after birth simply doesn't feel the same"", ""Many women simply don't find sex enjoyable when they're dealing with pelvic organ prolapse"", ""Staying intimate with those you love is important. It's something everyone needs"", ""Sexuality includes many things, like touching, hugging, or kissing""]",5,debateqa,646,3
Why does UK want to leave European Union?,"[""UK's desire to regain control over its laws and reduce the influence of EU institutions"", ""Concerns about sovereignty and national identity influenced the UK's decision to leave the EU"", ""Economic and regulatory concerns played a role in the decision to leave the EU""]","[""UK's desire to regain control over its laws and reduce the influence of EU institutions"", ""Concerns about sovereignty and national identity influenced the UK's decision to leave the EU"", ""Economic and regulatory concerns played a role in the decision to leave the EU""]",3,debateqa,1118,2
Should colleges prioritize vocational and trade programs over traditional academic degrees?,"[""Trade schools allow students to start working sooner and specialize in high-demand careers, potentially leading to stable employment and long-term career growth"", ""Traditional academic degrees offer broader intellectual and personal growth, which can be very useful for personal development and accessing job opportunities"", ""Vocational education focuses on practical skills and direct industry preparation, which may limit job flexibility and adaptability compared to traditional degrees"", ""College degrees are perceived to prepare students somewhat well for the workforce, but there is skepticism about their effectiveness in securing well-paying jobs"", ""Trade schools offer lower costs and faster entry into the workforce, which can be economically beneficial for students""]","[""Trade schools allow students to start working sooner and specialize in high-demand careers, potentially leading to stable employment and long-term career growth"", ""Traditional academic degrees offer broader intellectual and personal growth, which can be very useful for personal development and accessing job opportunities"", ""Vocational education focuses on practical skills and direct industry preparation, which may limit job flexibility and adaptability compared to traditional degrees"", ""College degrees are perceived to prepare students somewhat well for the workforce, but there is skepticism about their effectiveness in securing well-paying jobs"", ""Trade schools offer lower costs and faster entry into the workforce, which can be economically beneficial for students""]",5,debateqa,1775,3
Does consumption of dairy products increase mucus production?,"[""Drinking milk does not cause the body to make phlegm."", ""Milk and dairy product intake was not associated with an increase in upper or lower respiratory tract symptoms of congestion or nasal secretion weight."", ""beta-CM-7 from the blood stream could stimulate the production and secretion of mucus production from respiratory glands.""]","[""Drinking milk does not cause the body to make phlegm."", ""Milk and dairy product intake was not associated with an increase in upper or lower respiratory tract symptoms of congestion or nasal secretion weight."", ""beta-CM-7 from the blood stream could stimulate the production and secretion of mucus production from respiratory glands.""]",3,debateqa,1731,2
What is the least painless way to kill yourself?,"[""jumping from a building may not be the least painful way to die as survivors reveal that landing hard on the pavement is very painful"", ""swallowing a bottle of pain medication or sleeping pills may seem cleaner and less painful, but surviving an overdose can lead to brain damage and a painful, long-term condition"", ""helium inhalation is considered a quick and painless method of suicide""]","[""jumping from a building may not be the least painful way to die as survivors reveal that landing hard on the pavement is very painful"", ""swallowing a bottle of pain medication or sleeping pills may seem cleaner and less painful, but surviving an overdose can lead to brain damage and a painful, long-term condition"", ""helium inhalation is considered a quick and painless method of suicide""]",3,debateqa,1087,1
Should the government impose drug price controls?,"[""Price controls can lead to reduced access to critical drugs and worse outcomes"", ""Price controls can help ensure equitable access to lifesaving medications"", ""Price controls may hinder pharmaceutical innovation and development""]","[""Price controls can lead to reduced access to critical drugs and worse outcomes"", ""Price controls can help ensure equitable access to lifesaving medications"", ""Price controls may hinder pharmaceutical innovation and development""]",3,debateqa,1048,1
Should the government intervene to prevent or bail out failing industries to protect jobs?,"[""Government intervention can help stabilize key industries during economic crises, as seen with the auto industry bailout"", ""Government bailouts can be controversial, with debates centered on economic philosophy and the role of free market principles"", ""Government interventions can lead to significant recovery and future preparedness in industries, contributing to broader economic stability""]","[""Government intervention can help stabilize key industries during economic crises, as seen with the auto industry bailout"", ""Government bailouts can be controversial, with debates centered on economic philosophy and the role of free market principles"", ""Government interventions can lead to significant recovery and future preparedness in industries, contributing to broader economic stability""]",3,debateqa,616,1
Is the concept of a global minimum corporate tax rate a fair and effective approach to address tax avoidance?,"[""A global minimum corporate tax rate can help address tax avoidance by ensuring that multinational enterprises pay a fair share of taxes, preventing them from exploiting gaps and mismatches between different countries' tax systems."", ""The implementation of a global minimum corporate tax rate could be seen as fair as it aims to restore trust in domestic and international tax systems by tackling BEPS practices that cost countries significant revenue annually."", ""While a global minimum corporate tax rate targets fairness and effectiveness, the challenge remains in its implementation and the potential impact on international business competitiveness.""]","[""A global minimum corporate tax rate can help address tax avoidance by ensuring that multinational enterprises pay a fair share of taxes, preventing them from exploiting gaps and mismatches between different countries' tax systems."", ""The implementation of a global minimum corporate tax rate could be seen as fair as it aims to restore trust in domestic and international tax systems by tackling BEPS practices that cost countries significant revenue annually."", ""While a global minimum corporate tax rate targets fairness and effectiveness, the challenge remains in its implementation and the potential impact on international business competitiveness.""]",3,debateqa,337,1
What role should celebrities have during the coronavirus crisis?,"[""Celebrities can play a significant role in resolving problems in various crises due to their reputation and social authority"", ""Celebrities can influence public behavior positively by raising awareness and concern about COVID-19"", ""Celebrities can also exacerbate the crisis by spreading misinformation"", ""Celebrities can provide material aid and personal services during the COVID-19 crisis"", ""Celebrities can foster awareness and support medical staff during the pandemic""]","[""Celebrities can play a significant role in resolving problems in various crises due to their reputation and social authority"", ""Celebrities can influence public behavior positively by raising awareness and concern about COVID-19"", ""Celebrities can also exacerbate the crisis by spreading misinformation"", ""Celebrities can provide material aid and personal services during the COVID-19 crisis"", ""Celebrities can foster awareness and support medical staff during the pandemic""]",5,debateqa,108,3
Should patients stop taking blood thinners before an endoscopy?,"[""Patients on blood thinners should consult their prescribing physician to determine if it is safe to stop them and for how long before an endoscopy."", ""Anti-platelet drugs are usually stopped for seven days prior to an endoscopic procedure, but consultation with a heart doctor or specialist is important."", ""Warfarin is generally safe to stop for four days before an endoscopic procedure, but specific advice from a doctor is necessary.""]","[""Patients on blood thinners should consult their prescribing physician to determine if it is safe to stop them and for how long before an endoscopy."", ""Anti-platelet drugs are usually stopped for seven days prior to an endoscopic procedure, but consultation with a heart doctor or specialist is important."", ""Warfarin is generally safe to stop for four days before an endoscopic procedure, but specific advice from a doctor is necessary.""]",3,debateqa,173,1
Would you ever consider becoming vegetarian?,"[""Vegetarian diets are associated with lower risk of heart disease, cancer, and type 2 diabetes"", ""Adopting a vegetarian diet can lead to a longer life span and reduced risk of chronic diseases"", ""Vegetarian diets can help in weight management and prevent obesity"", ""Environmental and economic benefits are significant reasons to consider vegetarianism"", ""Vegetarian diets require careful planning to avoid nutritional deficiencies""]","[""Vegetarian diets are associated with lower risk of heart disease, cancer, and type 2 diabetes"", ""Adopting a vegetarian diet can lead to a longer life span and reduced risk of chronic diseases"", ""Vegetarian diets can help in weight management and prevent obesity"", ""Environmental and economic benefits are significant reasons to consider vegetarianism"", ""Vegetarian diets require careful planning to avoid nutritional deficiencies""]",5,debateqa,42,3
Were the IRA freedom fighters or terrorists?,"[""The IRA is unmistakably a terrorist organization"", ""The IRA is seen as the chief protagonist in widespread terrorism"", ""The Provisionals see themselves engaged in a war of national liberation""]","[""The IRA is unmistakably a terrorist organization"", ""The IRA is seen as the chief protagonist in widespread terrorism"", ""The Provisionals see themselves engaged in a war of national liberation""]",3,debateqa,1297,2
Is Hillary Clinton too sick to be POTUS?,"[""Clinton will be a terrific leader for our country, and will rebuild confidence in our nation for all its people"", ""she is the most qualified and most experienced person ever to run for president"", ""She has the intellect, temperament, wisdom, and leadership ability to bring us together as a nation and lead us forward""]","[""Clinton will be a terrific leader for our country, and will rebuild confidence in our nation for all its people"", ""she is the most qualified and most experienced person ever to run for president"", ""She has the intellect, temperament, wisdom, and leadership ability to bring us together as a nation and lead us forward""]",3,debateqa,1428,2
Do male bees work?,"[""Male bees, or drones, do not gather nectar or pollen and cannot feed without assistance from worker bees"", ""Drones' main function is to mate with a receptive queen"", ""Drones die after mating, which is their primary role""]","[""Male bees, or drones, do not gather nectar or pollen and cannot feed without assistance from worker bees"", ""Drones' main function is to mate with a receptive queen"", ""Drones die after mating, which is their primary role""]",3,debateqa,1682,2
Is online learning as effective as traditional classroom learning?,"[""over 75% of academic leaders think online learning is equal to or superior to traditional classes"", ""Online learning allows for more flexibility and independence in study schedules"", ""Traditional classes offer more structured schedules and social interactions"", ""Online learning can be more affordable due to lower associated costs"", ""Online learning is effective according to a study showing students performing better than those in traditional settings""]","[""over 75% of academic leaders think online learning is equal to or superior to traditional classes"", ""Online learning allows for more flexibility and independence in study schedules"", ""Traditional classes offer more structured schedules and social interactions"", ""Online learning can be more affordable due to lower associated costs"", ""Online learning is effective according to a study showing students performing better than those in traditional settings""]",5,debateqa,41,3
Why does Donald Trump hate Mexicans so much?,"[""Trump's criticism of Mexican immigrants as \""criminals\"" and \""rapists\"" and his promise to build a wall funded by Mexico contribute to his negative perception among Mexicans."", ""Trump's policies and rhetoric are seen as a defense of a declining White majority, appealing to White nationalist and anti-immigrant sentiments."", ""Trump's administration has been characterized by policies that target Latinos through racialization, reinforcing stereotypes and supporting White nationalist agendas.""]","[""Trump's criticism of Mexican immigrants as \""criminals\"" and \""rapists\"" and his promise to build a wall funded by Mexico contribute to his negative perception among Mexicans."", ""Trump's policies and rhetoric are seen as a defense of a declining White majority, appealing to White nationalist and anti-immigrant sentiments."", ""Trump's administration has been characterized by policies that target Latinos through racialization, reinforcing stereotypes and supporting White nationalist agendas.""]",3,debateqa,395,1
Were radios used in the Trenches during World War I?,"[""U.S. soldiers operated a radio switchboard just behind the front line during World War I"", ""the U.S. government poured millions into radio research during the war"", ""radios were part of the convergence of emerging technologies that reshaped life on and off the battlefield""]","[""U.S. soldiers operated a radio switchboard just behind the front line during World War I"", ""the U.S. government poured millions into radio research during the war"", ""radios were part of the convergence of emerging technologies that reshaped life on and off the battlefield""]",3,debateqa,458,1
What has been the impact of animal testing to advance medical research?,"[""Animal research has led to significant medical advances such as vaccines for various diseases and new surgical techniques."", ""Animal testing is necessary for the development of new medicines to ensure their safety and effectiveness before clinical trials in humans."", ""Animal testing has been crucial in preventing human tragedies by identifying harmful effects of substances before they are marketed.""]","[""Animal research has led to significant medical advances such as vaccines for various diseases and new surgical techniques."", ""Animal testing is necessary for the development of new medicines to ensure their safety and effectiveness before clinical trials in humans."", ""Animal testing has been crucial in preventing human tragedies by identifying harmful effects of substances before they are marketed.""]",3,debateqa,674,1
Why would Russia prefer Trump over Clinton as president?,"[""Russian President Vladimir Putin ordered an influence campaign to boost the candidacy of his preferred candidate Donald Trump"", ""Russia targeted email addresses associated with Hillary Clinton’s campaign to undermine her candidacy"", ""Russia preferred Trump due to his public encouragement of Russia to find Clinton's missing emails, which aligned with their hacking activities""]","[""Russian President Vladimir Putin ordered an influence campaign to boost the candidacy of his preferred candidate Donald Trump"", ""Russia targeted email addresses associated with Hillary Clinton’s campaign to undermine her candidacy"", ""Russia preferred Trump due to his public encouragement of Russia to find Clinton's missing emails, which aligned with their hacking activities""]",3,debateqa,1524,2
Is the blue whale the largest mammal that has ever lived?,"[""Blue whales are the largest animals ever to live on our planet"", ""Antarctic blue whales are the largest animals on Earth"", ""Antarctic blue whales can weigh up to 400,000 pounds and reach up to 98 feet in length""]","[""Blue whales are the largest animals ever to live on our planet"", ""Antarctic blue whales are the largest animals on Earth"", ""Antarctic blue whales can weigh up to 400,000 pounds and reach up to 98 feet in length""]",3,debateqa,117,1
Is the concept of a space force necessary for national security or an unnecessary militarization of space?,"[""The Space Force is seen as an unnecessary and costly militarization of space that could be better addressed by focusing on urgent domestic and international priorities"", ""The Space Force is criticized for duplicating existing military efforts and adding unnecessary bureaucracy, which could potentially threaten national security"", ""Supporters argue that the Space Force is necessary to protect national security interests in space, which is increasingly becoming a contested domain""]","[""The Space Force is seen as an unnecessary and costly militarization of space that could be better addressed by focusing on urgent domestic and international priorities"", ""The Space Force is criticized for duplicating existing military efforts and adding unnecessary bureaucracy, which could potentially threaten national security"", ""Supporters argue that the Space Force is necessary to protect national security interests in space, which is increasingly becoming a contested domain""]",3,debateqa,1416,2
Why is Donald Trump so stupid?,"[""Trump communicates at a fourth-grade level to ensure everyone can understand him, not because he lacks intelligence"", ""Trump's approach to communication is strategic for broad comprehension"", ""Trump's simplistic language is a calculated tactic to connect with a wider audience""]","[""Trump communicates at a fourth-grade level to ensure everyone can understand him, not because he lacks intelligence"", ""Trump's approach to communication is strategic for broad comprehension"", ""Trump's simplistic language is a calculated tactic to connect with a wider audience""]",3,debateqa,905,1
Should whaling be allowed?,"[""whaling is an inhumane practice that should be stopped"", ""whaling disrupts ocean ecosystems and commercial fishing industries"", ""whaling practices have decreased due to economic incentives from whale watching tourism"", ""whale populations can be sustainably managed and are not universally endangered"", ""whaling is opposed due to cultural values and emotional responses rather than scientific evidence""]","[""whaling is an inhumane practice that should be stopped"", ""whaling disrupts ocean ecosystems and commercial fishing industries"", ""whaling practices have decreased due to economic incentives from whale watching tourism"", ""whale populations can be sustainably managed and are not universally endangered"", ""whaling is opposed due to cultural values and emotional responses rather than scientific evidence""]",5,debateqa,841,3
Should I propose her or not?,"[""If you like this girl’s appearance and you sense that she is obedient and good-mannered and she wants to become religiously committed, and you want to marry her, then there is nothing wrong with you proposing to her"", ""if she appears to be good and righteous, then go ahead and propose to her"", ""Juliet says that she has not even dreamed of marrying, but that she will consider Paris as a possible husband if her parents wish her to""]","[""If you like this girl’s appearance and you sense that she is obedient and good-mannered and she wants to become religiously committed, and you want to marry her, then there is nothing wrong with you proposing to her"", ""if she appears to be good and righteous, then go ahead and propose to her"", ""Juliet says that she has not even dreamed of marrying, but that she will consider Paris as a possible husband if her parents wish her to""]",3,debateqa,648,1
Is using hair oil beneficial for all hair types?,"[""Hair oiling adds moisture and shine to hair"", ""Hair oiling may protect your hair from the sun"", ""Not all hair types should apply oils to the scalp"", ""Some hair types benefit more from oiling than others"", ""Hair oiling can improve the appearance of split ends""]","[""Hair oiling adds moisture and shine to hair"", ""Hair oiling may protect your hair from the sun"", ""Not all hair types should apply oils to the scalp"", ""Some hair types benefit more from oiling than others"", ""Hair oiling can improve the appearance of split ends""]",5,debateqa,145,3
Who cares about animal rights more: humans or animals?,"[""Humans care about animal rights as they work to ensure non-human animals are not left behind in the fight for rights"", ""Animals inherently care about their own rights as they value their lives and fight against harm"", ""Humans demonstrate greater advocacy for animal rights through legal actions and philosophical arguments""]","[""Humans care about animal rights as they work to ensure non-human animals are not left behind in the fight for rights"", ""Animals inherently care about their own rights as they value their lives and fight against harm"", ""Humans demonstrate greater advocacy for animal rights through legal actions and philosophical arguments""]",3,debateqa,1074,1
If Trump is elected can individual states block his effort to deport 11 million people?,"[""Trump plans to use local law enforcement and the military, including the National Guard, for deportations"", ""Trump's deportation plans may face legal challenges regarding the use of military against civilians"", ""States might resist Trump's deportation efforts based on legal and human rights grounds""]","[""Trump plans to use local law enforcement and the military, including the National Guard, for deportations"", ""Trump's deportation plans may face legal challenges regarding the use of military against civilians"", ""States might resist Trump's deportation efforts based on legal and human rights grounds""]",3,debateqa,1238,2
Should all prisons be governmentally owned and run?,"[""Private prisons can reduce prison overpopulation and improve safety by managing costs and delivering better outcomes through performance-based contracts."", ""Private prisons exploit employees and prisoners for corporate gain, leading to understaffing and poor conditions."", ""Private prisons can be costly and do not necessarily save money when considering longer sentences and similar recidivism rates.""]","[""Private prisons can reduce prison overpopulation and improve safety by managing costs and delivering better outcomes through performance-based contracts."", ""Private prisons exploit employees and prisoners for corporate gain, leading to understaffing and poor conditions."", ""Private prisons can be costly and do not necessarily save money when considering longer sentences and similar recidivism rates.""]",3,debateqa,273,1
Is chocolate good for health?,"[""Chocolate has numerous health benefits when eaten in control"", ""High-cocoa chocolate can increase your energy level"", ""Chocolate is high in sugar and saturated fat, which can be detrimental to health"", ""Dark chocolate contains powerful antioxidants that can benefit health""]","[""Chocolate has numerous health benefits when eaten in control"", ""High-cocoa chocolate can increase your energy level"", ""Chocolate is high in sugar and saturated fat, which can be detrimental to health"", ""Dark chocolate contains powerful antioxidants that can benefit health""]",4,debateqa,1100,3
Trump or Clinton?,"[""Clinton leads Trump among women and non-white voters"", ""Trump has a slight lead in North Carolina according to the first Elon University Poll"", ""Trump resonated with many union members despite Clinton's endorsements from union leaders"", ""Clinton is seen as having a sense of decency, but opinions are divided on her fitness to be president"", ""Trump is perceived negatively in terms of decency and suitability for presidency""]","[""Clinton leads Trump among women and non-white voters"", ""Trump has a slight lead in North Carolina according to the first Elon University Poll"", ""Trump resonated with many union members despite Clinton's endorsements from union leaders"", ""Clinton is seen as having a sense of decency, but opinions are divided on her fitness to be president"", ""Trump is perceived negatively in terms of decency and suitability for presidency""]",5,debateqa,939,3
Should the draft be reinstated if not enough American citizens voluntarily enlist?,"[""The all-volunteer force has been successful and has adapted to societal changes."", ""Reinstating the draft could address manpower needs in times of conflict."", ""The draft historically allowed for socioeconomic and racial inequalities."", ""The draft can increase public engagement and awareness of military and foreign policy decisions.""]","[""The all-volunteer force has been successful and has adapted to societal changes."", ""Reinstating the draft could address manpower needs in times of conflict."", ""The draft historically allowed for socioeconomic and racial inequalities."", ""The draft can increase public engagement and awareness of military and foreign policy decisions.""]",4,debateqa,867,3
Should corporal punishment be used in K-12 schools?,"[""Corporal punishment can inflict long-lasting physical and mental harm on students."", ""Corporal punishment sets clear boundaries and motivates children to behave in school."", ""Corporal punishment creates an unsafe and violent school environment.""]","[""Corporal punishment can inflict long-lasting physical and mental harm on students."", ""Corporal punishment sets clear boundaries and motivates children to behave in school."", ""Corporal punishment creates an unsafe and violent school environment.""]",3,debateqa,873,1
Should local police forces receive military grade weapons and vehicles?,"[""Arming our local police departments with military-grade equipment as if they are going to war is unequivocally not the answer"", ""Weapons of war don’t belong in our local police departments and should never be used against the American people"", ""Police militarization fails to reduce rates of violent crime or change the number of officers assaulted or killed"", ""Using military equipment against our own American citizens will only exacerbate, not heal, our divisions in the fight against injustice"", ""The militarization of local police forces can lead to increased officer-involved shootings and civilian deaths""]","[""Arming our local police departments with military-grade equipment as if they are going to war is unequivocally not the answer"", ""Weapons of war don’t belong in our local police departments and should never be used against the American people"", ""Police militarization fails to reduce rates of violent crime or change the number of officers assaulted or killed"", ""Using military equipment against our own American citizens will only exacerbate, not heal, our divisions in the fight against injustice"", ""The militarization of local police forces can lead to increased officer-involved shootings and civilian deaths""]",5,debateqa,378,3
Should individuals have the right to refuse life-saving medical treatment based on personal or religious beliefs?,"[""Individuals have a common law right to bodily self-determination, allowing them to refuse medical treatment based on personal beliefs"", ""State laws often recognize the right of patients, including minors, to decline treatment that conflicts with their religious beliefs"", ""Religious practices that jeopardize health, safety, or welfare can be limited by the state""]","[""Individuals have a common law right to bodily self-determination, allowing them to refuse medical treatment based on personal beliefs"", ""State laws often recognize the right of patients, including minors, to decline treatment that conflicts with their religious beliefs"", ""Religious practices that jeopardize health, safety, or welfare can be limited by the state""]",3,debateqa,405,1
Are Ivy League colleges inherently better than other schools?,"[""Ivy League graduates are seen as a solution to urban education challenges"", ""Ivy League schools are perceived as prestigious and capable of providing high-quality education"", ""The effectiveness of Ivy League graduates in educational reform is debated""]","[""Ivy League graduates are seen as a solution to urban education challenges"", ""Ivy League schools are perceived as prestigious and capable of providing high-quality education"", ""The effectiveness of Ivy League graduates in educational reform is debated""]",3,debateqa,348,1
Was Harry Potter and the Cursed Child a perfect sequel to the other Harry Potter books?,"[""Rowling has referred to the play as \""the eighth Harry Potter story\""."", ""The play has received near-universal critical acclaim for its magic, illusions, and stage wizardry."", ""The play won numerous awards, including Best New Play at the 2017 Laurence Olivier Awards and Best Play at the 2018 Tony Awards.""]","[""Rowling has referred to the play as \""the eighth Harry Potter story\""."", ""The play has received near-universal critical acclaim for its magic, illusions, and stage wizardry."", ""The play won numerous awards, including Best New Play at the 2017 Laurence Olivier Awards and Best Play at the 2018 Tony Awards.""]",3,debateqa,1090,1
How has USA been dominating the world for so long?,"[""The advancement of gunpowder technology allowed Europeans to quickly take over much of the rest of the globe, setting a foundation for Western dominance"", ""The United States has been able to exert significant influence on the World Bank, shaping its policies and decisions to align with U.S. interests"", ""Technological leadership in areas like artificial intelligence is seen as a key factor for global dominance in the modern era, with the U.S. being a major player""]","[""The advancement of gunpowder technology allowed Europeans to quickly take over much of the rest of the globe, setting a foundation for Western dominance"", ""The United States has been able to exert significant influence on the World Bank, shaping its policies and decisions to align with U.S. interests"", ""Technological leadership in areas like artificial intelligence is seen as a key factor for global dominance in the modern era, with the U.S. being a major player""]",3,debateqa,437,1
"Given traditional FED policy, will Trumps proposed tax cuts and spending simply force large hikes in interest rates?","[""Trump's tax cuts favored the top earners and worsened income inequality"", ""Trump's tax cuts and spending increased federal budget deficits and the National Debt"", ""Trump's tax cuts could lead to large hikes in interest rates if extended without offsetting cuts""]","[""Trump's tax cuts favored the top earners and worsened income inequality"", ""Trump's tax cuts and spending increased federal budget deficits and the National Debt"", ""Trump's tax cuts could lead to large hikes in interest rates if extended without offsetting cuts""]",3,debateqa,1451,2
Should schools be responsible for addressing and combating issues of bullying and discrimination among students?,"[""Schools should have policies prohibiting harassment, intimidation, and bullying"", ""Schools are responsible for creating a community of inclusion and promoting respect for diversity"", ""Schools must respond to bullying by investigating incidents and taking actions to prevent recurrence""]","[""Schools should have policies prohibiting harassment, intimidation, and bullying"", ""Schools are responsible for creating a community of inclusion and promoting respect for diversity"", ""Schools must respond to bullying by investigating incidents and taking actions to prevent recurrence""]",3,debateqa,477,1
Is obesity a disease?,"[""The American Medical Association (AMA) designated obesity a disease in 2013"", ""Obesity is a “chronic, relapsing, multi-factorial, neurobehavioral disease"", ""Labeling obesity a disease may be expedient but it is not a necessary step in a campaign to combat obesity"", ""Obesity lacks a universal concomitant group of symptoms or signs and the impairment of function which characterize disease according to traditional definitions"", ""Obesity is related to genetic, psychological, physical, metabolic, neurological, and hormonal impairments""]","[""The American Medical Association (AMA) designated obesity a disease in 2013"", ""Obesity is a “chronic, relapsing, multi-factorial, neurobehavioral disease"", ""Labeling obesity a disease may be expedient but it is not a necessary step in a campaign to combat obesity"", ""Obesity lacks a universal concomitant group of symptoms or signs and the impairment of function which characterize disease according to traditional definitions"", ""Obesity is related to genetic, psychological, physical, metabolic, neurological, and hormonal impairments""]",5,debateqa,236,3
How have you coped with the death of an idol?,"[""finding solace in faith and the promises of Christianity"", ""seeking comfort through community and remembering shared experiences"", ""embracing the inevitability of aging and finding peace in the natural progression of life""]","[""finding solace in faith and the promises of Christianity"", ""seeking comfort through community and remembering shared experiences"", ""embracing the inevitability of aging and finding peace in the natural progression of life""]",3,debateqa,1025,1
Is World War 3 near?,"[""the ongoing wars in Ukraine and Gaza, and a number of armed skirmishes elsewhere have put much of the international community on edge"", ""the Russian military today is a poor imitation of the Red Army"", ""Today, it is hard to envision a world war that does not pit the United States against China""]","[""the ongoing wars in Ukraine and Gaza, and a number of armed skirmishes elsewhere have put much of the international community on edge"", ""the Russian military today is a poor imitation of the Red Army"", ""Today, it is hard to envision a world war that does not pit the United States against China""]",3,debateqa,1865,2
Why are Israel and Palestine in a state of war?,"[""The Israeli–Palestinian conflict is driven by territorial disputes and issues of self-determination."", ""The conflict has historical roots in the early 20th century with the rise of Zionism and Arab nationalism."", ""Israel's occupation of Palestinian territories and settlement activities are central issues."", ""The 1948 Arab-Israeli War and subsequent wars have significantly shaped the geopolitical landscape of the region."", ""Attempts at peace have been made through international mediation and agreements like the Oslo Accords.""]","[""The Israeli–Palestinian conflict is driven by territorial disputes and issues of self-determination."", ""The conflict has historical roots in the early 20th century with the rise of Zionism and Arab nationalism."", ""Israel's occupation of Palestinian territories and settlement activities are central issues."", ""The 1948 Arab-Israeli War and subsequent wars have significantly shaped the geopolitical landscape of the region."", ""Attempts at peace have been made through international mediation and agreements like the Oslo Accords.""]",5,debateqa,1110,3
Do you expect Trump's presidency to affect innovation in the US?,"[""Trump's administration's proposal to close agricultural research facilities could reduce the nation's capacity to innovate in agriculture"", ""Trump's presidency has been marked by a lack of significant action to reduce drug prices despite promises, potentially affecting innovation in pharmaceuticals"", ""The Trump administration's support for the pharmaceutical industry, including appointing industry insiders, may influence innovation by maintaining high drug prices""]","[""Trump's administration's proposal to close agricultural research facilities could reduce the nation's capacity to innovate in agriculture"", ""Trump's presidency has been marked by a lack of significant action to reduce drug prices despite promises, potentially affecting innovation in pharmaceuticals"", ""The Trump administration's support for the pharmaceutical industry, including appointing industry insiders, may influence innovation by maintaining high drug prices""]",3,debateqa,505,1
Should schools allow students to use mobile phones within school premises?,"[""cell phones can play a very beneficial role in a classroom, especially when used effectively"", ""allowing students to use phones in school teaches them responsible usage for later in life"", ""using mobile phones in the classroom can foster independent learning, enhance collaboration, and provide instant access to a wealth of educational resources"", ""cell phones in school settings can significantly enhance a student's ability to manage time, keep up with responsibilities, and maintain a balanced academic life"", ""mobile phones offer crucial safety benefits, especially in emergency situations""]","[""cell phones can play a very beneficial role in a classroom, especially when used effectively"", ""allowing students to use phones in school teaches them responsible usage for later in life"", ""using mobile phones in the classroom can foster independent learning, enhance collaboration, and provide instant access to a wealth of educational resources"", ""cell phones in school settings can significantly enhance a student's ability to manage time, keep up with responsibilities, and maintain a balanced academic life"", ""mobile phones offer crucial safety benefits, especially in emergency situations""]",5,debateqa,1858,3
Will a Trump Presidency damage the environment so much that we can never recover?,"[""Trump's presidency led to environmental recklessness"", ""Trump's environmental policies can be repaired under new administration"", ""Immediate action is required to address climate crisis and prevent irreparable harm""]","[""Trump's presidency led to environmental recklessness"", ""Trump's environmental policies can be repaired under new administration"", ""Immediate action is required to address climate crisis and prevent irreparable harm""]",3,debateqa,839,1
How much racism do you face in your daily life?,"[""Racism is experienced through discriminatory treatments and unfair policies in institutions like schools"", ""Individuals face racism in daily interactions through public expressions of racism, often involving slurs, biases, or hateful words or actions"", ""People of color experience racism through systemic structures that privilege white people, resulting in disadvantages"", ""Racism is perpetuated by societal norms and media that normalize racist ideas, affecting daily experiences"", ""Experiences of racism vary among Latinos based on skin color, with darker-skinned individuals reporting more discrimination""]","[""Racism is experienced through discriminatory treatments and unfair policies in institutions like schools"", ""Individuals face racism in daily interactions through public expressions of racism, often involving slurs, biases, or hateful words or actions"", ""People of color experience racism through systemic structures that privilege white people, resulting in disadvantages"", ""Racism is perpetuated by societal norms and media that normalize racist ideas, affecting daily experiences"", ""Experiences of racism vary among Latinos based on skin color, with darker-skinned individuals reporting more discrimination""]",5,debateqa,289,3
What has Obama done for Latinos/Hispanics?,"[""President Obama worked to expand opportunities for the Hispanic community, including increasing investments in education and making healthcare more affordable."", ""Obama's administration significantly reduced the uninsured rate among Hispanic adults through the Affordable Care Act."", ""Obama took steps to fix the immigration system, including policies like DACA that benefited many Hispanics."", ""Obama supported the Hispanic community's economic participation by backing legislation to raise the minimum wage and increasing lending to Hispanic entrepreneurs."", ""Obama's policies led to a significant increase in college enrollment and graduation rates among Hispanic students.""]","[""President Obama worked to expand opportunities for the Hispanic community, including increasing investments in education and making healthcare more affordable."", ""Obama's administration significantly reduced the uninsured rate among Hispanic adults through the Affordable Care Act."", ""Obama took steps to fix the immigration system, including policies like DACA that benefited many Hispanics."", ""Obama supported the Hispanic community's economic participation by backing legislation to raise the minimum wage and increasing lending to Hispanic entrepreneurs."", ""Obama's policies led to a significant increase in college enrollment and graduation rates among Hispanic students.""]",5,debateqa,600,3
Why does the father have no say in whether or not the mother gets an abortion?,"[""men have no legal rights when it comes to abortion"", ""an abortion is a private matter between a woman and her doctor"", ""the law does not specify men's rights in abortion""]","[""men have no legal rights when it comes to abortion"", ""an abortion is a private matter between a woman and her doctor"", ""the law does not specify men's rights in abortion""]",3,debateqa,1222,2
If Jews don't accept Jesus as the messiah why should Gentiles accept the Jews' claim that God (via Abraham) gave a territory called Israel to Jews?,"[""The New Testament reflects confusion among early Christians about the relationship between Gentile believers and Jewish traditions, indicating a complex and evolving understanding of religious identity and obligations."", ""Some Christians believe that the church has replaced Israel regarding the promises made by God in the Old Testament, a view known as supercessionism or replacement theology."", ""The Hebrew Roots movement teaches that Gentile believers become part of Israel and are obligated to keep significant parts of the Law of Moses, challenging traditional Christian views on the applicability of Jewish law to non-Jews."", ""The Jerusalem Council in Acts 15 concluded that Gentile believers should not be burdened with the full yoke of the Law of Moses, highlighting a clear distinction in expectations between Jewish and Gentile followers of Jesus.""]","[""The New Testament reflects confusion among early Christians about the relationship between Gentile believers and Jewish traditions, indicating a complex and evolving understanding of religious identity and obligations."", ""Some Christians believe that the church has replaced Israel regarding the promises made by God in the Old Testament, a view known as supercessionism or replacement theology."", ""The Hebrew Roots movement teaches that Gentile believers become part of Israel and are obligated to keep significant parts of the Law of Moses, challenging traditional Christian views on the applicability of Jewish law to non-Jews."", ""The Jerusalem Council in Acts 15 concluded that Gentile believers should not be burdened with the full yoke of the Law of Moses, highlighting a clear distinction in expectations between Jewish and Gentile followers of Jesus.""]",4,debateqa,252,2
Was the Holodomor the communists’ holocaust?,"[""The Holodomor was a genocide as it was a deliberate act by the Soviet government to subjugate the Ukrainian people"", ""The Holodomor was a result of Soviet policies aimed at suppressing Ukrainian nationalism and controlling the population through starvation"", ""The Holodomor was part of a broader Soviet policy of forced collectivization and industrialization, which led to widespread famine""]","[""The Holodomor was a genocide as it was a deliberate act by the Soviet government to subjugate the Ukrainian people"", ""The Holodomor was a result of Soviet policies aimed at suppressing Ukrainian nationalism and controlling the population through starvation"", ""The Holodomor was part of a broader Soviet policy of forced collectivization and industrialization, which led to widespread famine""]",3,debateqa,1054,1
Should fast food be banned in schools?,"[""Banning junk food in schools could decrease the frequency of heart disease"", ""Banning junk food in schools could lead to increased academic performance"", ""Banning junk food in schools could lead to a decrease in obesity rates among students"", ""Banning junk food in schools could lead to a reduction in Type 2 diabetes among students""]","[""Banning junk food in schools could decrease the frequency of heart disease"", ""Banning junk food in schools could lead to increased academic performance"", ""Banning junk food in schools could lead to a decrease in obesity rates among students"", ""Banning junk food in schools could lead to a reduction in Type 2 diabetes among students""]",4,debateqa,432,2
Why Clinton is better than Trump?,"[""Clinton received more support from women and younger voters compared to Trump"", ""Clinton had a higher percentage of college-educated voters"", ""Clinton led among voters with liberal values and the religiously unaffiliated"", ""Clinton was favored more in urban areas, while Trump was preferred in rural areas"", ""Clinton had stronger support from Hispanic and black voters""]","[""Clinton received more support from women and younger voters compared to Trump"", ""Clinton had a higher percentage of college-educated voters"", ""Clinton led among voters with liberal values and the religiously unaffiliated"", ""Clinton was favored more in urban areas, while Trump was preferred in rural areas"", ""Clinton had stronger support from Hispanic and black voters""]",5,debateqa,1221,3
Is the banning of certain fishing practices necessary to preserve marine ecosystems?,"[""overfishing and bycatch are significant threats to marine ecosystems, necessitating the banning of certain fishing practices"", ""Marine Protected Areas (MPAs) are essential for preserving marine ecosystems by limiting human activities that harm the environment"", ""Traditional and sustainable fishing practices are crucial for maintaining fish populations and preventing ecosystem damage""]","[""overfishing and bycatch are significant threats to marine ecosystems, necessitating the banning of certain fishing practices"", ""Marine Protected Areas (MPAs) are essential for preserving marine ecosystems by limiting human activities that harm the environment"", ""Traditional and sustainable fishing practices are crucial for maintaining fish populations and preventing ecosystem damage""]",3,debateqa,272,1
Should schools and compulsory education not be compulsory?,"[""Compulsory education is the unconstitutional application of force to our neighbor’s children"", ""Compulsory education laws are criminal laws that protect children from parental neglect or their own thoughtlessness"", ""Ending compulsory education restores natural rights of self-government and parental choice in education"", ""Compulsory education sends a mixed message about freedom and compulsion in capitalist societies"", ""Compulsory schooling laws authorize state control and limit parental choice, impacting disadvantaged families most""]","[""Compulsory education is the unconstitutional application of force to our neighbor’s children"", ""Compulsory education laws are criminal laws that protect children from parental neglect or their own thoughtlessness"", ""Ending compulsory education restores natural rights of self-government and parental choice in education"", ""Compulsory education sends a mixed message about freedom and compulsion in capitalist societies"", ""Compulsory schooling laws authorize state control and limit parental choice, impacting disadvantaged families most""]",5,debateqa,807,3
Should parents who refuse to vaccinate their kids be punished?,"[""some states have changed the exemptions allowed to citizens, promoting vaccinations in the process"", ""Australia and Italy have begun imposing fines as a punishment"", ""some pediatricians have started calling Child Protective Services (“CPS”) on parents who refuse to vaccinate""]","[""some states have changed the exemptions allowed to citizens, promoting vaccinations in the process"", ""Australia and Italy have begun imposing fines as a punishment"", ""some pediatricians have started calling Child Protective Services (“CPS”) on parents who refuse to vaccinate""]",3,debateqa,456,1
Does antacids usage cause kidney stones?,"[""Some antacids contain calcium and taking too much can increase your risk of kidney stones"", ""Excessive intake of certain over-the-counter supplements, such as vitamin C, can increase the risk of kidney stones"", ""Calcium supplements beyond recommended levels may increase the risk for kidney stones""]","[""Some antacids contain calcium and taking too much can increase your risk of kidney stones"", ""Excessive intake of certain over-the-counter supplements, such as vitamin C, can increase the risk of kidney stones"", ""Calcium supplements beyond recommended levels may increase the risk for kidney stones""]",3,debateqa,1722,2
Where is the line in prisons that once you cross the punishment becomes cruel and unusual?,"[""It does not entail the restriction of other human rights, with the exception of those which are naturally restricted by the very fact of being in prison."", ""Prisoners are likely to have existing health problems on entry to prison, as they are predominantly from poorly educated and socio-economically deprived sectors of the general population, with minimal access to adequate health services."", ""Prison reform is necessary to ensure that this principle is respected, the human rights of prisoners protected and their prospects for social reintegration increased, in compliance with relevant international standards and norms.""]","[""It does not entail the restriction of other human rights, with the exception of those which are naturally restricted by the very fact of being in prison."", ""Prisoners are likely to have existing health problems on entry to prison, as they are predominantly from poorly educated and socio-economically deprived sectors of the general population, with minimal access to adequate health services."", ""Prison reform is necessary to ensure that this principle is respected, the human rights of prisoners protected and their prospects for social reintegration increased, in compliance with relevant international standards and norms.""]",3,debateqa,127,1
Why do some people care so much about blocking gay marriage? Why do some people care so much about what other people do in their own private lives?,"[""Some people care about blocking gay marriage because they believe it draws too much attention away from other important issues for the LGBT community."", ""Resistance to gay marriage and other LGBT rights often stems from deeply held religious beliefs that view homosexuality as a sin."", ""Some people focus on what others do in their private lives due to concerns about the societal impact of gays and lesbians raising children.""]","[""Some people care about blocking gay marriage because they believe it draws too much attention away from other important issues for the LGBT community."", ""Resistance to gay marriage and other LGBT rights often stems from deeply held religious beliefs that view homosexuality as a sin."", ""Some people focus on what others do in their private lives due to concerns about the societal impact of gays and lesbians raising children.""]",3,debateqa,1248,2
What are the most sinister real-world conspiracies in history?,"[""Conspiracy theories have been linked to significant real-world consequences such as wars and genocides"", ""Some conspiracy theories have led to large-scale health crises and public health challenges"", ""Conspiracy theories have been used to justify terrorist attacks and extremist actions""]","[""Conspiracy theories have been linked to significant real-world consequences such as wars and genocides"", ""Some conspiracy theories have led to large-scale health crises and public health challenges"", ""Conspiracy theories have been used to justify terrorist attacks and extremist actions""]",3,debateqa,79,1
Is organic food really better for the environment?,"[""Organic farming reduces greenhouse gas emissions and uses less energy"", ""Organic farming supports biodiversity and soil health"", ""Organic farming can be less efficient in terms of space and resource use, potentially leading to higher carbon emissions"", ""Organic farming methods can enhance carbon sequestration in soil"", ""Organic farming reduces the risk of pollution in soils and waterways""]","[""Organic farming reduces greenhouse gas emissions and uses less energy"", ""Organic farming supports biodiversity and soil health"", ""Organic farming can be less efficient in terms of space and resource use, potentially leading to higher carbon emissions"", ""Organic farming methods can enhance carbon sequestration in soil"", ""Organic farming reduces the risk of pollution in soils and waterways""]",5,debateqa,47,3
Should school uniforms be mandatory?,"[""School uniforms may decrease violence and theft, prevent gang members from wearing gang colors and insignia at school, promote student discipline, help parents and students resist peer pressure, help students concentrate on their school work, and enable school officials to recognize school intruders."", ""School uniforms help eliminate gang-related styles and logos, make it easier to spot a stranger on campus, and are believed to make students better behaved and more attentive to classwork."", ""Despite reported benefits, mandatory uniforms are controversial as they are seen to suppress freedom of expression and impose financial burdens on families."", ""Uniforms do not significantly impact student achievement and may indirectly affect school environment and student outcomes by providing a visible and public symbol of commitment to school improvement and reform.""]","[""School uniforms may decrease violence and theft, prevent gang members from wearing gang colors and insignia at school, promote student discipline, help parents and students resist peer pressure, help students concentrate on their school work, and enable school officials to recognize school intruders."", ""School uniforms help eliminate gang-related styles and logos, make it easier to spot a stranger on campus, and are believed to make students better behaved and more attentive to classwork."", ""Despite reported benefits, mandatory uniforms are controversial as they are seen to suppress freedom of expression and impose financial burdens on families."", ""Uniforms do not significantly impact student achievement and may indirectly affect school environment and student outcomes by providing a visible and public symbol of commitment to school improvement and reform.""]",4,debateqa,691,2
Why would you vote for Trump?,"[""Most White Christian voters would vote for Trump because they believe he was a \""great\"" or \""good\"" president"", ""White evangelical Protestant voters show strong support for Trump, with a significant majority considering him a good president"", ""Regular church attendance among Christians correlates with higher support for Trump""]","[""Most White Christian voters would vote for Trump because they believe he was a \""great\"" or \""good\"" president"", ""White evangelical Protestant voters show strong support for Trump, with a significant majority considering him a good president"", ""Regular church attendance among Christians correlates with higher support for Trump""]",3,debateqa,1499,2
Why does everyone hate Hillary Clinton?,"[""Clinton's marital relationship came under public scrutiny during the Lewinsky scandal"", ""Clinton was criticized for her use of a private email server as secretary"", ""Clinton faced criticism for her role in the failure to prevent the 2012 Benghazi attack""]","[""Clinton's marital relationship came under public scrutiny during the Lewinsky scandal"", ""Clinton was criticized for her use of a private email server as secretary"", ""Clinton faced criticism for her role in the failure to prevent the 2012 Benghazi attack""]",3,debateqa,1405,2
What if Donald Trump wins?,"[""If Donald Trump wins, he may focus on reversing Biden's policies, similar to how Biden reversed Trump's energy policies and border wall funding"", ""A Trump victory could lead to a shift in foreign policy focus, potentially undoing Biden's efforts to restore trusted leadership among global democracies"", ""Trump's win might result in changes to the U.S. Supreme Court's composition, as seen during Biden's term with the appointment of Ketanji Brown Jackson""]","[""If Donald Trump wins, he may focus on reversing Biden's policies, similar to how Biden reversed Trump's energy policies and border wall funding"", ""A Trump victory could lead to a shift in foreign policy focus, potentially undoing Biden's efforts to restore trusted leadership among global democracies"", ""Trump's win might result in changes to the U.S. Supreme Court's composition, as seen during Biden's term with the appointment of Ketanji Brown Jackson""]",3,debateqa,168,1
Does ‘literally’ mean ‘figuratively’ now?,"[""Literally means 'figuratively' in English usage, despite objections."", ""Usage of 'literally' to mean 'figuratively' is recognized by dictionaries."", ""'Literally' has been used figuratively by literate writers historically.""]","[""Literally means 'figuratively' in English usage, despite objections."", ""Usage of 'literally' to mean 'figuratively' is recognized by dictionaries."", ""'Literally' has been used figuratively by literate writers historically.""]",3,debateqa,1817,2
Are women more demanding these days? If so what problems is it causing for generation Y?,"[""Young women are entering traditionally male domains and opening up new, flexible ways to define themselves as women."", ""Young women's demands could disrupt established processes within companies, causing hesitancy in employing them despite their qualifications."", ""Young women face significant barriers in professional advancement due to persistent male dominance in executive positions and societal expectations.""]","[""Young women are entering traditionally male domains and opening up new, flexible ways to define themselves as women."", ""Young women's demands could disrupt established processes within companies, causing hesitancy in employing them despite their qualifications."", ""Young women face significant barriers in professional advancement due to persistent male dominance in executive positions and societal expectations.""]",3,debateqa,1309,2
Should individuals own their own DNA?,"[""Individuals should own their own DNA to ensure control over their genetic information and prevent misuse by others."", ""Individuals may not own their DNA once it leaves their body, as most court rulings have favored institutions over patients regarding ownership of genetic material."", ""Ownership of DNA should be retained by individuals to prevent unauthorized use and ensure personal privacy, especially in cases where DNA is used for purposes beyond the original scope of collection.""]","[""Individuals should own their own DNA to ensure control over their genetic information and prevent misuse by others."", ""Individuals may not own their DNA once it leaves their body, as most court rulings have favored institutions over patients regarding ownership of genetic material."", ""Ownership of DNA should be retained by individuals to prevent unauthorized use and ensure personal privacy, especially in cases where DNA is used for purposes beyond the original scope of collection.""]",3,debateqa,623,1
"Why do Brits respect Winston Churchill, when he has done many bad deeds? Especially to people of South Asia, South-East Asia and Africa.","[""Churchill is respected for his leadership during critical times, particularly World War II, where he inspired the British people and maintained strong international relations"", ""Churchill's views and policies were influenced by a belief in the British Empire's role in bringing civilization and development to its colonies"", ""Churchill's racial views and policies have been criticized for exacerbating suffering and promoting racial hierarchies""]","[""Churchill is respected for his leadership during critical times, particularly World War II, where he inspired the British people and maintained strong international relations"", ""Churchill's views and policies were influenced by a belief in the British Empire's role in bringing civilization and development to its colonies"", ""Churchill's racial views and policies have been criticized for exacerbating suffering and promoting racial hierarchies""]",3,debateqa,1179,2
Is fair trade good or bad?,"[""Fair Trade certification aims to improve the lives of farmers in developing countries by providing a guaranteed minimum price and a price premium for community projects"", ""Fair Trade certification has shown limited success in improving the welfare of coffee growers, with some benefiting from higher prices while others face losses or exit the industry"", ""Fair Trade certification can potentially lead to negative impacts on intermediaries and non-farm workers in the coffee sector, contributing to income inequality""]","[""Fair Trade certification aims to improve the lives of farmers in developing countries by providing a guaranteed minimum price and a price premium for community projects"", ""Fair Trade certification has shown limited success in improving the welfare of coffee growers, with some benefiting from higher prices while others face losses or exit the industry"", ""Fair Trade certification can potentially lead to negative impacts on intermediaries and non-farm workers in the coffee sector, contributing to income inequality""]",3,debateqa,462,1
"Should schools teach moral and ethical values, or is this the responsibility of parents and guardians?","[""Parents are partners with educators, administrators, and school district boards of trustees in their children's education."", ""Parents shall be encouraged to actively participate in creating and implementing educational programs for their children."", ""Each board of trustees shall cooperate in the establishment of ongoing operations of at least one parent-teacher organization at each school in the district to promote parental involvement in school activities.""]","[""Parents are partners with educators, administrators, and school district boards of trustees in their children's education."", ""Parents shall be encouraged to actively participate in creating and implementing educational programs for their children."", ""Each board of trustees shall cooperate in the establishment of ongoing operations of at least one parent-teacher organization at each school in the district to promote parental involvement in school activities.""]",3,debateqa,1446,2
"Why is the media, all jews-xontrolled, cannot say that all Muslim must be deported?","[""Antisemitic tropes generally construct Jews and Jewish communities as sinister, cruel, powerful, or controlling"", ""Antisemitic tropes have often taken the form of popular libels, conspiracy theories, or the denial or minimization of past atrocities against Jews"", ""Antisemitic tropes and libels have been documented in the anti-Zionist movement""]","[""Antisemitic tropes generally construct Jews and Jewish communities as sinister, cruel, powerful, or controlling"", ""Antisemitic tropes have often taken the form of popular libels, conspiracy theories, or the denial or minimization of past atrocities against Jews"", ""Antisemitic tropes and libels have been documented in the anti-Zionist movement""]",3,debateqa,1539,2
"What’s your favorite Halloween costume, past or present?","[""Debbie Ellinghaus's favorite costume was a Rubix Cube"", ""Jason Dearing enjoyed a coordinating Wizard of Oz costume with his siblings"", ""Vern Reske dressed as George Weasley from Harry Potter"", ""Gabriela Schulman's favorite was Hermione Granger"", ""Meredith Beisel's favorite costumes were Loonette from The Big Comfy Couch and Sandy from Grease"", ""Seth Gilbert loved a Superman costume made by his Grandma Dolly"", ""Chelsea Dean creatively combined a Good Witch and Bad Witch costume"", ""Samantha Williams and her cousin dressed as a kitchen sink"", ""Lelia Vetter enjoyed being Raggedy Ann and a trick or treat box"", ""Rebecca Dzida was inspired by moving day to dress as a washing machine"", ""Hannah Ensign's unique costume was Ophelia from Shakespeare""]","[""Debbie Ellinghaus's favorite costume was a Rubix Cube"", ""Jason Dearing enjoyed a coordinating Wizard of Oz costume with his siblings"", ""Vern Reske dressed as George Weasley from Harry Potter"", ""Gabriela Schulman's favorite was Hermione Granger"", ""Meredith Beisel's favorite costumes were Loonette from The Big Comfy Couch and Sandy from Grease"", ""Seth Gilbert loved a Superman costume made by his Grandma Dolly"", ""Chelsea Dean creatively combined a Good Witch and Bad Witch costume"", ""Samantha Williams and her cousin dressed as a kitchen sink"", ""Lelia Vetter enjoyed being Raggedy Ann and a trick or treat box"", ""Rebecca Dzida was inspired by moving day to dress as a washing machine"", ""Hannah Ensign's unique costume was Ophelia from Shakespeare""]",11,debateqa,17,3
Should the passage “under God” which was added in 1954 be taken out of the pledge of allegiance?,"[""The phrase \""under God\"" in the Pledge of Allegiance serves as an acknowledgment of religion with legitimate secular purposes of solemnizing public occasions and expressing confidence in the future"", ""The inclusion of \""under God\"" in the Pledge reflects America's religious heritage and the historical acknowledgment of a supreme being's role in the founding of the nation"", ""The phrase \""under God\"" does not establish a religion but acknowledges the historical fact that the founders believed in a supreme being""]","[""The phrase \""under God\"" in the Pledge of Allegiance serves as an acknowledgment of religion with legitimate secular purposes of solemnizing public occasions and expressing confidence in the future"", ""The inclusion of \""under God\"" in the Pledge reflects America's religious heritage and the historical acknowledgment of a supreme being's role in the founding of the nation"", ""The phrase \""under God\"" does not establish a religion but acknowledges the historical fact that the founders believed in a supreme being""]",3,debateqa,380,1
Should prisoners have voting rights?,"[""Most persons detained in jail are eligible to vote, but very few actually do due to lack of knowledge and bureaucratic obstacles"", ""Some states have adopted policies to ensure voting access for persons incarcerated in local jails"", ""Disenfranchisement disproportionately impacts communities of color"", ""Legislation and advocacy efforts are improving voting access for incarcerated individuals"", ""Disenfranchisement laws vary significantly across states, affecting when felons can regain their voting rights""]","[""Most persons detained in jail are eligible to vote, but very few actually do due to lack of knowledge and bureaucratic obstacles"", ""Some states have adopted policies to ensure voting access for persons incarcerated in local jails"", ""Disenfranchisement disproportionately impacts communities of color"", ""Legislation and advocacy efforts are improving voting access for incarcerated individuals"", ""Disenfranchisement laws vary significantly across states, affecting when felons can regain their voting rights""]",5,debateqa,367,3
Can hypnosis allow people to recall forgotten memories?,"[""Hypnosis may not be reliable for memory retrieval as it does not work well as a memory-recovery method and can contribute to the persistence of false memories"", ""Recovered-memory therapy, which often uses hypnosis, is scientifically discredited and can lead to the creation of false memories"", ""Hypnosis can access areas of the mind usually inaccessible, potentially allowing for the recall of repressed memories, though it's not guaranteed""]","[""Hypnosis may not be reliable for memory retrieval as it does not work well as a memory-recovery method and can contribute to the persistence of false memories"", ""Recovered-memory therapy, which often uses hypnosis, is scientifically discredited and can lead to the creation of false memories"", ""Hypnosis can access areas of the mind usually inaccessible, potentially allowing for the recall of repressed memories, though it's not guaranteed""]",3,debateqa,1261,2
How do I deal with emotionally abusive and narrow minded parents?,"[""seeking forgiveness, spiritual outlets and/or therapy"", ""attending the funeral may risk bringing up negative emotions"", ""allow sufficient time to grieve and allow the rage and other emotions to flow through"", ""seek out a grief counselor to help you through this time"", ""make arrangements with the funeral home to view the body privately""]","[""seeking forgiveness, spiritual outlets and/or therapy"", ""attending the funeral may risk bringing up negative emotions"", ""allow sufficient time to grieve and allow the rage and other emotions to flow through"", ""seek out a grief counselor to help you through this time"", ""make arrangements with the funeral home to view the body privately""]",5,debateqa,303,3
"Why does God permit 20 million+ children to die each year from starvation, disease, abuse and natural disasters?","[""Suffering is a consequence of the fall of man and of creation, a result of sin."", ""God permits suffering as part of His judgment but tempers it with mercy and grace."", ""Suffering serves to strengthen our relationship with God and helps us appreciate goodness."", ""Free will is a gift from God, allowing for both good and evil, which leads to suffering."", ""Natural disasters are part of the broader judgment and suffering that the whole creation endures.""]","[""Suffering is a consequence of the fall of man and of creation, a result of sin."", ""God permits suffering as part of His judgment but tempers it with mercy and grace."", ""Suffering serves to strengthen our relationship with God and helps us appreciate goodness."", ""Free will is a gift from God, allowing for both good and evil, which leads to suffering."", ""Natural disasters are part of the broader judgment and suffering that the whole creation endures.""]",5,debateqa,1204,3
How true is it that Bill and Hillary Clinton stole from Haiti earthquake fund?,"[""Bill Clinton denied accusations of stolen donations"", ""The Clinton Foundation and its initiatives were transparent and audited"", ""All funds raised by the Clinton Foundation were used for Haitian projects without any administrative overhead""]","[""Bill Clinton denied accusations of stolen donations"", ""The Clinton Foundation and its initiatives were transparent and audited"", ""All funds raised by the Clinton Foundation were used for Haitian projects without any administrative overhead""]",3,debateqa,1660,2
Is there a need for more regulation of the beauty and cosmetic industry?,"[""the United States has banned fewer than a dozen chemicals in cosmetics, while the European Union has banned over 1,600 chemicals"", ""the FDA lacks the resources to inspect the millions of cosmetic shipments imported into the United States each year"", ""the FDA's authority to regulate cosmetics was established in 1938, but it can only regulate adulterated or misbranded products"", ""cosmetics can largely be sold based on manufacturers’ safety claims without any government verification"", ""the new law, MoCRA, does not go far enough in regulating the safety of cosmetics""]","[""the United States has banned fewer than a dozen chemicals in cosmetics, while the European Union has banned over 1,600 chemicals"", ""the FDA lacks the resources to inspect the millions of cosmetic shipments imported into the United States each year"", ""the FDA's authority to regulate cosmetics was established in 1938, but it can only regulate adulterated or misbranded products"", ""cosmetics can largely be sold based on manufacturers’ safety claims without any government verification"", ""the new law, MoCRA, does not go far enough in regulating the safety of cosmetics""]",5,debateqa,591,3
I'm Mexican and I'm a Donald trump supporter I think he would become a good president?,"[""Donald J. Trump is the 45th President of the United States. He believes the United States has incredible potential and will go on to exceed even its remarkable achievements of the past."", ""President Trump has delivered historic results in his first term in office despite partisan gridlock in the Nation’s Capital, and resistance from special interests and the Washington Establishment."", ""He passed record-setting tax cuts and regulation cuts, achieved energy independence, replaced NAFTA with the United-States-Mexico-Canada Agreement, invested $2 trillion to completely rebuild the Military, launched the Space Force, obliterated the ISIS Caliphate, achieved a major breakthrough for peace in the Middle East, passed the most significant Veterans Affairs reforms in half a century, confirmed over 250 federal judges, including 2 Supreme Court Justices, signed bipartisan Criminal Justice Reform, lowered drug prices, protected Medicare and Social Security, and secured our nation’s borders.""]","[""Donald J. Trump is the 45th President of the United States. He believes the United States has incredible potential and will go on to exceed even its remarkable achievements of the past."", ""President Trump has delivered historic results in his first term in office despite partisan gridlock in the Nation’s Capital, and resistance from special interests and the Washington Establishment."", ""He passed record-setting tax cuts and regulation cuts, achieved energy independence, replaced NAFTA with the United-States-Mexico-Canada Agreement, invested $2 trillion to completely rebuild the Military, launched the Space Force, obliterated the ISIS Caliphate, achieved a major breakthrough for peace in the Middle East, passed the most significant Veterans Affairs reforms in half a century, confirmed over 250 federal judges, including 2 Supreme Court Justices, signed bipartisan Criminal Justice Reform, lowered drug prices, protected Medicare and Social Security, and secured our nation’s borders.""]",3,debateqa,1458,2
Why do more men commit suicide than women?,"[""Men value independence and decisiveness, and they regard acknowledging a need for help as weakness and avoid it"", ""Women value interdependence, and they consult friends and readily accept help"", ""Factors that protect women from suicide are opposite to vulnerability factors in men""]","[""Men value independence and decisiveness, and they regard acknowledging a need for help as weakness and avoid it"", ""Women value interdependence, and they consult friends and readily accept help"", ""Factors that protect women from suicide are opposite to vulnerability factors in men""]",3,debateqa,1663,2
Did Jesus actually exist?,"[""scholars agree that a Jewish man called Jesus of Nazareth did exist in the 1st century CE"", ""only two key events of the biblical story of Jesus's life are widely accepted as historical: his baptism and his crucifixion"", ""the idea that Jesus was a purely mythical figure has been considered an untenable fringe theory in academic scholarship""]","[""scholars agree that a Jewish man called Jesus of Nazareth did exist in the 1st century CE"", ""only two key events of the biblical story of Jesus's life are widely accepted as historical: his baptism and his crucifixion"", ""the idea that Jesus was a purely mythical figure has been considered an untenable fringe theory in academic scholarship""]",3,debateqa,1366,2
Are salamanders poisonous to touch?,"[""Yes – all salamanders are poisonous."", ""California newts are quite poisonous because their skin secretes tetrodotoxin."", ""If you were to accidentally ingest their toxins, it can make you very sick.""]","[""Yes – all salamanders are poisonous."", ""California newts are quite poisonous because their skin secretes tetrodotoxin."", ""If you were to accidentally ingest their toxins, it can make you very sick.""]",3,debateqa,1596,2
"Should governments invest more in space exploration, or are there more pressing issues on Earth that need attention?","[""Space exploration supports highly skilled jobs, fuels technology advancements, and creates business opportunities that feed back into the economy"", ""Space research directly impacts Earthly problems by generating knowledge that can help mitigate the impacts of climate change and improve quality of life through medical research"", ""Space exploration is essential for planetary defense and could potentially save humanity from catastrophic events like asteroid impacts"", ""Investing in space exploration inspires the next generation in science, engineering, and other fields, contributing to solving Earth's problems"", ""Space exploration is a relatively low-cost investment compared to other government expenditures, representing a small fraction of total spending""]","[""Space exploration supports highly skilled jobs, fuels technology advancements, and creates business opportunities that feed back into the economy"", ""Space research directly impacts Earthly problems by generating knowledge that can help mitigate the impacts of climate change and improve quality of life through medical research"", ""Space exploration is essential for planetary defense and could potentially save humanity from catastrophic events like asteroid impacts"", ""Investing in space exploration inspires the next generation in science, engineering, and other fields, contributing to solving Earth's problems"", ""Space exploration is a relatively low-cost investment compared to other government expenditures, representing a small fraction of total spending""]",5,debateqa,205,3
"Is it acceptable for insurance companies to use genetic information for risk assessment, potentially denying coverage based on predispositions to certain conditions?","[""Insurance companies fear that individuals may undergo testing and learn they have a variant that confers substantial risk of death and/or disability, and then purchase insurance without revealing the test results"", ""Insurers could access genetic information in several ways: through family history, reviewing medical records, asking applicants if they or family members have undergone genetic testing, or requesting that applicants undergo testing"", ""Life insurance companies are currently debating how to approach these issues""]","[""Insurance companies fear that individuals may undergo testing and learn they have a variant that confers substantial risk of death and/or disability, and then purchase insurance without revealing the test results"", ""Insurers could access genetic information in several ways: through family history, reviewing medical records, asking applicants if they or family members have undergone genetic testing, or requesting that applicants undergo testing"", ""Life insurance companies are currently debating how to approach these issues""]",3,debateqa,75,1
"Can a marriage recover from the other spouse having an extramarital affair? If so, how?","[""an affair doesn't have to mean the end of a marriage"", ""many marriages survive and may even become stronger with deeper levels of intimacy"", ""seeking help from a licensed therapist trained in marital therapy can help put the affair into perspective and teach ways to rebuild the relationship""]","[""an affair doesn't have to mean the end of a marriage"", ""many marriages survive and may even become stronger with deeper levels of intimacy"", ""seeking help from a licensed therapist trained in marital therapy can help put the affair into perspective and teach ways to rebuild the relationship""]",3,debateqa,1422,2
Is it ethical to engage in surveillance and data collection for national security purposes?,"[""Surveillance and data collection for national security purposes can be justified by the need to identify potential threats of violence or terrorism"", ""Surveillance can lead to misinterpretation of social media activity, sometimes with severe consequences, and can suppress people's willingness to communicate openly online"", ""The use of surveillance for national security can invade individuals' privacy by revealing sensitive personal information""]","[""Surveillance and data collection for national security purposes can be justified by the need to identify potential threats of violence or terrorism"", ""Surveillance can lead to misinterpretation of social media activity, sometimes with severe consequences, and can suppress people's willingness to communicate openly online"", ""The use of surveillance for national security can invade individuals' privacy by revealing sensitive personal information""]",3,debateqa,423,1
Can you get rid of cellulite with exercise?,"[""Exercise can help improve the appearance of cellulite"", ""Regular exercise increases your muscle mass, which flattens cellulite"", ""Exercise also increases blood flow to certain areas of your body, which speeds up fat loss""]","[""Exercise can help improve the appearance of cellulite"", ""Regular exercise increases your muscle mass, which flattens cellulite"", ""Exercise also increases blood flow to certain areas of your body, which speeds up fat loss""]",3,debateqa,1339,2
How was Hillary Clinton as Secretary of State?,"[""Hillary Clinton served as the 67th United States Secretary of State, under President Barack Obama, from 2009 to 2013"", ""Clinton was conflicted whether she wanted to take the position or remain in the Senate, and agonized over her decision"", ""Clinton's tenure as Secretary of State included a focus on using 'smart power', which involves using a full range of diplomatic tools""]","[""Hillary Clinton served as the 67th United States Secretary of State, under President Barack Obama, from 2009 to 2013"", ""Clinton was conflicted whether she wanted to take the position or remain in the Senate, and agonized over her decision"", ""Clinton's tenure as Secretary of State included a focus on using 'smart power', which involves using a full range of diplomatic tools""]",3,debateqa,1156,2
Should children be allowed to have phones in school?,"[""Phones should be banned in schools to keep students focused on schoolwork and prevent bullying and social isolation."", ""Phones in schools can undermine the learning process as they distract students from absorbing information effectively."", ""Allowing phones can enrich lessons and provide opportunities to use technology for school-related purposes."", ""Flexible classroom policies on phone use can support teaching tech-literacy and self-regulation."", ""Phones can help maintain social connections and support marginalized groups.""]","[""Phones should be banned in schools to keep students focused on schoolwork and prevent bullying and social isolation."", ""Phones in schools can undermine the learning process as they distract students from absorbing information effectively."", ""Allowing phones can enrich lessons and provide opportunities to use technology for school-related purposes."", ""Flexible classroom policies on phone use can support teaching tech-literacy and self-regulation."", ""Phones can help maintain social connections and support marginalized groups.""]",5,debateqa,754,3
Which religion is the true religion & why?,"[""True religion includes being slow to speak and quick to listen, being doers of the word and not merely hearers, and looks after the orphans and widows in their distress"", ""True religion is a gift from God, not an obligation or a measuring stick, and it is meant to bring light into the world"", ""True religion is undefiled and avoids being polluted by the world, focusing on helping those in need rather than scapegoating them""]","[""True religion includes being slow to speak and quick to listen, being doers of the word and not merely hearers, and looks after the orphans and widows in their distress"", ""True religion is a gift from God, not an obligation or a measuring stick, and it is meant to bring light into the world"", ""True religion is undefiled and avoids being polluted by the world, focusing on helping those in need rather than scapegoating them""]",3,debateqa,708,1
Should students have a lunch break and a separate recess to relax?,"[""Recess is a great time for kids to express themselves and learn important life skills through play."", ""Regular breaks help students stay focused and increase their productivity."", ""Extended recess can improve both mental and physical health of students."", ""Students need adequate time for lunch to relax and prepare for the rest of the school day."", ""More frequent and longer breaks can lead to better behavior and patience in both students and teachers.""]","[""Recess is a great time for kids to express themselves and learn important life skills through play."", ""Regular breaks help students stay focused and increase their productivity."", ""Extended recess can improve both mental and physical health of students."", ""Students need adequate time for lunch to relax and prepare for the rest of the school day."", ""More frequent and longer breaks can lead to better behavior and patience in both students and teachers.""]",5,debateqa,1803,3
Do the homosexuals and transsexuals have no fear of Allah and the punishment of an eternal life in hell for disobeying his rules?,"[""some believe that homosexuality is explicitly prohibited in Islam"", ""Islamic teachings are foundational and inseparable from belief in Allah and His revelation"", ""the affirmation of same-sex relationships and transgenderism is presented as a positive moral cause""]","[""some believe that homosexuality is explicitly prohibited in Islam"", ""Islamic teachings are foundational and inseparable from belief in Allah and His revelation"", ""the affirmation of same-sex relationships and transgenderism is presented as a positive moral cause""]",3,debateqa,1162,2
Is it illegal for a 16-year-old girl to date a 13-year-old guy?,"[""It is not illegal for a 16-year-old girl to date a 13-year-old guy as long as there is no sexual activity involved"", ""Sexual activity between a 16-year-old and a 13-year-old is illegal"", ""The penalties for sexual activity with someone under 13 are severe""]","[""It is not illegal for a 16-year-old girl to date a 13-year-old guy as long as there is no sexual activity involved"", ""Sexual activity between a 16-year-old and a 13-year-old is illegal"", ""The penalties for sexual activity with someone under 13 are severe""]",3,debateqa,1495,2
What are the solutions to the Israeli-Palestinian conflict?,"[""Approaching the issue from a rights-based perspective ensures that both sides can lay down a solid basis for a democratic and sustainable solution."", ""Unilateral Israeli measures can advance peace, such as ending settlement expansion and easing restrictions on Gaza."", ""Unilateral Palestinian actions include terminating previous agreements and dismantling the Palestinian Authority."", ""International legal actions against Israel, such as those pursued by the Palestinians at the International Criminal Court, represent another form of unilateral measure.""]","[""Approaching the issue from a rights-based perspective ensures that both sides can lay down a solid basis for a democratic and sustainable solution."", ""Unilateral Israeli measures can advance peace, such as ending settlement expansion and easing restrictions on Gaza."", ""Unilateral Palestinian actions include terminating previous agreements and dismantling the Palestinian Authority."", ""International legal actions against Israel, such as those pursued by the Palestinians at the International Criminal Court, represent another form of unilateral measure.""]",4,debateqa,658,2
"Should the United States adopt a system of mandatory voting, similar to some other democracies?","[""Mandatory voting could potentially increase voter turnout"", ""Mandatory voting laws are actively enforced in some countries, leading to higher voter turnout rates"", ""Compulsory voting may not be the sole factor in achieving high voter turnout""]","[""Mandatory voting could potentially increase voter turnout"", ""Mandatory voting laws are actively enforced in some countries, leading to higher voter turnout rates"", ""Compulsory voting may not be the sole factor in achieving high voter turnout""]",3,debateqa,87,1
Could the French and Belgian governments have avoided Nazi invasion in WWII?,"[""Belgium had pursued a policy of neutrality since its independence in 1830"", ""The Belgian army surrendered to German forces on 28 May 1940"", ""The German administration juggled competing objectives of maintaining order while extracting material from the territory for the war effort""]","[""Belgium had pursued a policy of neutrality since its independence in 1830"", ""The Belgian army surrendered to German forces on 28 May 1940"", ""The German administration juggled competing objectives of maintaining order while extracting material from the territory for the war effort""]",3,debateqa,1056,1
Should the US government increase funding for public transportation?,"[""Additional federal transit operations support could improve the quality of transit service and facilitate more equitable access in cities and towns of all sizes."", ""Expanding federal transit support for operations has proven difficult due to restrictions that limit most federal allocations to capital investments."", ""An expanded federal program that prioritizes equity would increase funding for all communities, ensuring even small towns can fund transit programs while benefiting big cities."", ""Subsidies can provide a strong foundation for transit networks to thrive and make significantly more money at the farebox.""]","[""Additional federal transit operations support could improve the quality of transit service and facilitate more equitable access in cities and towns of all sizes."", ""Expanding federal transit support for operations has proven difficult due to restrictions that limit most federal allocations to capital investments."", ""An expanded federal program that prioritizes equity would increase funding for all communities, ensuring even small towns can fund transit programs while benefiting big cities."", ""Subsidies can provide a strong foundation for transit networks to thrive and make significantly more money at the farebox.""]",4,debateqa,1132,3
Is human life approaching technological singularity?,"[""accelerated technological progress is bringing us closer to a point of no return, in which computational intelligence will reach such a level of complexity that it will be capable of improving itself"", ""Humans, according to Kurzweil, will leave their biological bodies behind and their intelligence will be transferred to machines"", ""the human mind would be surpassed by machines equipped with artificial intelligence""]","[""accelerated technological progress is bringing us closer to a point of no return, in which computational intelligence will reach such a level of complexity that it will be capable of improving itself"", ""Humans, according to Kurzweil, will leave their biological bodies behind and their intelligence will be transferred to machines"", ""the human mind would be surpassed by machines equipped with artificial intelligence""]",3,debateqa,1928,2
Are some youth sports too intense?,"[""Playing sports as a youth prepares them for future sports and gives them good sportsmanship character"", ""early youth sport specialization leads to a greater risk of overuse injuries"", ""intensive focus in just one sport at a young age can lead to injuries and burnout"", ""parents and coaches sometimes create high levels of stress and anxiety for young athletes""]","[""Playing sports as a youth prepares them for future sports and gives them good sportsmanship character"", ""early youth sport specialization leads to a greater risk of overuse injuries"", ""intensive focus in just one sport at a young age can lead to injuries and burnout"", ""parents and coaches sometimes create high levels of stress and anxiety for young athletes""]",4,debateqa,311,2
Will China ever get the chance to crush the Western power?,"[""China's economic growth has plateaued, and it may never surpass that of the United States"", ""China's influence is waning in Southeast Asia, and the perception of the United States' influence is rising"", ""China's military and economic setbacks during the pandemic have weakened its position relative to the United States""]","[""China's economic growth has plateaued, and it may never surpass that of the United States"", ""China's influence is waning in Southeast Asia, and the perception of the United States' influence is rising"", ""China's military and economic setbacks during the pandemic have weakened its position relative to the United States""]",3,debateqa,1402,2
How intertwined are political views and cultural views?,"[""Political views and cultural views are deeply intertwined, often used as a rhetorical device for support in U.S. politics, while British politics tend to avoid openly discussing politics or religion"", ""Political and cultural views are influenced by the historical and social context of a country, as seen in the U.S. and U.K., where Christian values historically underpin many traditions and expressions"", ""Cultural views can shape political landscapes, as seen in the U.S. where political divisions are intensified by the alignment of race, religion, and ideology with partisan identities"", ""The interaction between political and cultural views can lead to societal polarization, which is particularly profound in the U.S. due to the alignment of ideology, race, and religion""]","[""Political views and cultural views are deeply intertwined, often used as a rhetorical device for support in U.S. politics, while British politics tend to avoid openly discussing politics or religion"", ""Political and cultural views are influenced by the historical and social context of a country, as seen in the U.S. and U.K., where Christian values historically underpin many traditions and expressions"", ""Cultural views can shape political landscapes, as seen in the U.S. where political divisions are intensified by the alignment of race, religion, and ideology with partisan identities"", ""The interaction between political and cultural views can lead to societal polarization, which is particularly profound in the U.S. due to the alignment of ideology, race, and religion""]",4,debateqa,133,2
Should wealthy nations pay reparations to countries impacted by climate change?,"[""Wealthy nations should pay reparations as they are historically responsible for the majority of emissions"", ""Developing countries demand reparations for the \""loss and damage\"" from climate impacts"", ""Opposition from wealthy nations is based on fears of unlimited liability"", ""Recent agreements at COP27 established a fund for climate reparations"", ""Scientific data supports the claim that wealthy nations have caused significant climate damage to poorer countries""]","[""Wealthy nations should pay reparations as they are historically responsible for the majority of emissions"", ""Developing countries demand reparations for the \""loss and damage\"" from climate impacts"", ""Opposition from wealthy nations is based on fears of unlimited liability"", ""Recent agreements at COP27 established a fund for climate reparations"", ""Scientific data supports the claim that wealthy nations have caused significant climate damage to poorer countries""]",5,debateqa,345,3
Is cosplay a form of cultural appropriation?,"[""Cosplay can be seen as a form of cultural appropriation when it involves wearing costumes that include religious objects or symbols of other cultures, which can be disrespectful"", ""Cosplay may not necessarily constitute cultural appropriation if it is done with an understanding of the culture being represented and avoids perpetuating harmful stereotypes"", ""Cosplay can contribute to cultural appropriation when it trivializes and misrepresents marginalized cultures, especially when elements are used inappropriately or disrespectfully""]","[""Cosplay can be seen as a form of cultural appropriation when it involves wearing costumes that include religious objects or symbols of other cultures, which can be disrespectful"", ""Cosplay may not necessarily constitute cultural appropriation if it is done with an understanding of the culture being represented and avoids perpetuating harmful stereotypes"", ""Cosplay can contribute to cultural appropriation when it trivializes and misrepresents marginalized cultures, especially when elements are used inappropriately or disrespectfully""]",3,debateqa,264,1
Should unhealthy foods and drinks be subject to sin taxes like cigarettes and alcohol?,"[""Small excise taxes are likely to yield substantial revenue but are unlikely to affect obesity rates"", ""High excise taxes are likely to have a direct impact on weight in at-risk populations"", ""Ultimately, the effectiveness of earmarked health programs and subsidies is likely to be a key determinant of tax success in the fight against obesity""]","[""Small excise taxes are likely to yield substantial revenue but are unlikely to affect obesity rates"", ""High excise taxes are likely to have a direct impact on weight in at-risk populations"", ""Ultimately, the effectiveness of earmarked health programs and subsidies is likely to be a key determinant of tax success in the fight against obesity""]",3,debateqa,1053,1
How could Germany have won World War II?,"[""Germany could have won World War II by avoiding the declaration of war on the United States"", ""Improving military equipment and maintaining a wartime economy from the start could have altered the outcome of the war"", ""Germany could have won by not engaging in a two-front war and better timing its military campaigns"", ""Building stronger coalitions and avoiding unnecessary campaigns could have supported a German victory""]","[""Germany could have won World War II by avoiding the declaration of war on the United States"", ""Improving military equipment and maintaining a wartime economy from the start could have altered the outcome of the war"", ""Germany could have won by not engaging in a two-front war and better timing its military campaigns"", ""Building stronger coalitions and avoiding unnecessary campaigns could have supported a German victory""]",4,debateqa,1754,3
Can you find a moment or time whereas Donald Trump acted racist or said he was a racist?,"[""Donald Trump's administration rescinded a rule that enforced the requirement to use federal housing and community development funds to reverse racial segregation and expand access to opportunity for protected groups"", ""Trump's handling of race relations has been perceived negatively by a majority, with about half of the survey respondents stating he made race relations worse"", ""Trump's rhetoric and policies have been seen as contributing to a national atmosphere that is hostile to discussions of racial inequality and systemic racism""]","[""Donald Trump's administration rescinded a rule that enforced the requirement to use federal housing and community development funds to reverse racial segregation and expand access to opportunity for protected groups"", ""Trump's handling of race relations has been perceived negatively by a majority, with about half of the survey respondents stating he made race relations worse"", ""Trump's rhetoric and policies have been seen as contributing to a national atmosphere that is hostile to discussions of racial inequality and systemic racism""]",3,debateqa,551,1
Why do so many Americans like Donald Trump?,"[""White evangelical Protestants continue to have the most positive opinion of Trump"", ""Many Americans view Trump as someone who stands up for people with religious beliefs like theirs"", ""Trump's support is strong among those who do not attend church regularly"", ""Support for Trump is seen as a challenge to the American status quo by some voters"", ""Trump's narrative as a disruptor appeals to those disaffected with government""]","[""White evangelical Protestants continue to have the most positive opinion of Trump"", ""Many Americans view Trump as someone who stands up for people with religious beliefs like theirs"", ""Trump's support is strong among those who do not attend church regularly"", ""Support for Trump is seen as a challenge to the American status quo by some voters"", ""Trump's narrative as a disruptor appeals to those disaffected with government""]",5,debateqa,1300,3
Should schools teach students to be global citizens instead of instilling nationalism?,"[""Global citizenship education is about encouraging young people to develop the knowledge, skills and values they need to engage with the world."", ""Global citizenship education helps learners understand the interconnected nature of contemporary challenges and threats."", ""Global citizenship education promotes peace, human rights, and sustainable development."", ""Global citizenship education is not an additional subject but a framework for learning that reaches beyond school to the wider community."", ""Global citizenship education involves adjusting curricula to provide knowledge about the world and nurturing skills to put this knowledge into practice.""]","[""Global citizenship education is about encouraging young people to develop the knowledge, skills and values they need to engage with the world."", ""Global citizenship education helps learners understand the interconnected nature of contemporary challenges and threats."", ""Global citizenship education promotes peace, human rights, and sustainable development."", ""Global citizenship education is not an additional subject but a framework for learning that reaches beyond school to the wider community."", ""Global citizenship education involves adjusting curricula to provide knowledge about the world and nurturing skills to put this knowledge into practice.""]",5,debateqa,790,3
Should the unexplained endings of movies be explained?,"[""revealing a plot twist to readers or viewers in advance is commonly regarded as a spoiler"", ""Even revealing the fact that a work contains plot twists – especially at the ending – can also be controversial, as it changes the audience's expectations"", ""at least one study suggests that this does not affect the enjoyment of a work""]","[""revealing a plot twist to readers or viewers in advance is commonly regarded as a spoiler"", ""Even revealing the fact that a work contains plot twists – especially at the ending – can also be controversial, as it changes the audience's expectations"", ""at least one study suggests that this does not affect the enjoyment of a work""]",3,debateqa,1072,1
Should more land be dedicated as national parks?,"[""Lawmakers in Washington need to create more national parks."", ""more protected forests, grasslands, and waters would fight climate change by sequestering large amounts of carbon dioxide."", ""expanding national parks would relieve pressure on existing parks by offering alternative national park experiences in other outstanding places.""]","[""Lawmakers in Washington need to create more national parks."", ""more protected forests, grasslands, and waters would fight climate change by sequestering large amounts of carbon dioxide."", ""expanding national parks would relieve pressure on existing parks by offering alternative national park experiences in other outstanding places.""]",3,debateqa,381,1
Where were you and how did you react when Donald trump was announced as the president elect?,"[""President Biden said Donald Trump should not be given the traditional intelligence briefings that were given to former presidents"", ""President Biden's words about not giving Donald Trump intelligence briefings stand today"", ""President Biden has not changed his mind about not giving Donald Trump intelligence briefings""]","[""President Biden said Donald Trump should not be given the traditional intelligence briefings that were given to former presidents"", ""President Biden's words about not giving Donald Trump intelligence briefings stand today"", ""President Biden has not changed his mind about not giving Donald Trump intelligence briefings""]",3,debateqa,295,1
Are some Europeans fearful that they will become a minority in thier homeland from immigration?,"[""negative attitudes toward Muslims are tied to a belief that Muslims do not wish to participate in the broader society"", ""most Europeans think the recent surge of refugees could lead to more terrorism"", ""negative opinions about Muslims are much more common among respondents who place themselves on the right of the ideological spectrum""]","[""negative attitudes toward Muslims are tied to a belief that Muslims do not wish to participate in the broader society"", ""most Europeans think the recent surge of refugees could lead to more terrorism"", ""negative opinions about Muslims are much more common among respondents who place themselves on the right of the ideological spectrum""]",3,debateqa,455,1
Why is International Men's Day getting less importance compared to Women's Day?,"[""International Men's Day is not officially recognised by the United Nations"", ""International Men's Day focuses on issues unique to men and boys, which may not receive as much global attention as women's issues"", ""International Men's Day is celebrated in fewer countries compared to International Women's Day""]","[""International Men's Day is not officially recognised by the United Nations"", ""International Men's Day focuses on issues unique to men and boys, which may not receive as much global attention as women's issues"", ""International Men's Day is celebrated in fewer countries compared to International Women's Day""]",3,debateqa,1206,2
Is Donald Trump going to be the next US President?,"[""Donald Trump is actively campaigning for the presidency"", ""Trump has a history of significant electoral success which might influence his future prospects"", ""Trump's campaign rhetoric suggests he is positioning for a victory""]","[""Donald Trump is actively campaigning for the presidency"", ""Trump has a history of significant electoral success which might influence his future prospects"", ""Trump's campaign rhetoric suggests he is positioning for a victory""]",3,debateqa,1881,2
Is NASA's moon landing a hoax?,"[""Moon landing conspiracy theories claim that the Apollo program and the associated Moon landings were hoaxes staged by NASA"", ""Third-party evidence for the landings exists, and detailed rebuttals to the hoax claims have been made"", ""High-definition photos taken by the Lunar Reconnaissance Orbiter of the Apollo landing sites have captured the Lunar Module descent stages and the tracks left by the astronauts"", ""The Apollo 11 telemetry tapes were different from the telemetry tapes of the other Moon landings because they contained the raw television broadcast"", ""Despite the fact that they are demonstrably false and universally regarded as pseudoscience, opinion polls have shown that a significant percentage of people in various countries believe that the crewed landings were faked""]","[""Moon landing conspiracy theories claim that the Apollo program and the associated Moon landings were hoaxes staged by NASA"", ""Third-party evidence for the landings exists, and detailed rebuttals to the hoax claims have been made"", ""High-definition photos taken by the Lunar Reconnaissance Orbiter of the Apollo landing sites have captured the Lunar Module descent stages and the tracks left by the astronauts"", ""The Apollo 11 telemetry tapes were different from the telemetry tapes of the other Moon landings because they contained the raw television broadcast"", ""Despite the fact that they are demonstrably false and universally regarded as pseudoscience, opinion polls have shown that a significant percentage of people in various countries believe that the crewed landings were faked""]",5,debateqa,1530,3
"Is homeschooling a viable alternative to traditional schooling, or does it isolate students from necessary social experiences?","[""Homeschooling allows for the necessary individualization in all subject areas"", ""Homeschooling can provide solid remediation without the burden of travel"", ""Traditional schools offer a built-in social environment where students interact with peers""]","[""Homeschooling allows for the necessary individualization in all subject areas"", ""Homeschooling can provide solid remediation without the burden of travel"", ""Traditional schools offer a built-in social environment where students interact with peers""]",3,debateqa,787,1
Is pet ownership ethical?,"[""Pet ownership can be ethical if pets are treated well and their basic needs are met"", ""The inherent power imbalance and dependency in pet ownership raises ethical concerns"", ""Existing practices of pet ownership often lead to neglect and abuse, suggesting ethical issues"", ""Ending the practice of pet ownership is proposed as a moral duty to prevent creating vulnerable beings"", ""Legal reforms and stricter regulations could potentially address the ethical issues in pet ownership""]","[""Pet ownership can be ethical if pets are treated well and their basic needs are met"", ""The inherent power imbalance and dependency in pet ownership raises ethical concerns"", ""Existing practices of pet ownership often lead to neglect and abuse, suggesting ethical issues"", ""Ending the practice of pet ownership is proposed as a moral duty to prevent creating vulnerable beings"", ""Legal reforms and stricter regulations could potentially address the ethical issues in pet ownership""]",5,debateqa,847,3
"Is it true that Donald Trump could be manipulated by foreign governments, simply by playing to his ego?","[""Trump's foreign policy has been characterized by chaos, driven by ego and personal interests"", ""Trump's approach to foreign policy is supposedly defined by putting the interests of the American people first"", ""Trump's foreign policy has been marked by diplomatic failures and ineptitude that have damaged U.S. credibility""]","[""Trump's foreign policy has been characterized by chaos, driven by ego and personal interests"", ""Trump's approach to foreign policy is supposedly defined by putting the interests of the American people first"", ""Trump's foreign policy has been marked by diplomatic failures and ineptitude that have damaged U.S. credibility""]",3,debateqa,202,1
Should the government wipe out student loan debt?,"[""Student loan debt cancellation could boost the economy by increasing consumer spending and fostering new business growth"", ""Forgiving student loan debt could help rectify racial inequities as it disproportionately affects black students"", ""Student loan forgiveness could enable more Americans to achieve significant life milestones like marriage or homeownership"", ""Student loan forgiveness could be seen as unfair to those who have already paid off their loans or did not take any"", ""Large-scale student loan forgiveness could disproportionately benefit high-income earners who have higher amounts of debt but are less likely to struggle with repayments""]","[""Student loan debt cancellation could boost the economy by increasing consumer spending and fostering new business growth"", ""Forgiving student loan debt could help rectify racial inequities as it disproportionately affects black students"", ""Student loan forgiveness could enable more Americans to achieve significant life milestones like marriage or homeownership"", ""Student loan forgiveness could be seen as unfair to those who have already paid off their loans or did not take any"", ""Large-scale student loan forgiveness could disproportionately benefit high-income earners who have higher amounts of debt but are less likely to struggle with repayments""]",5,debateqa,998,3
What are some of the reasons to vote against Hillary Clinton?,"[""Hillary is also a serial liar, whose lies are of a breathtaking and unprecedented depth, breadth, and scope."", ""Her lies are about national security."", ""She demonized Bill Clinton's sexual assault victims.""]","[""Hillary is also a serial liar, whose lies are of a breathtaking and unprecedented depth, breadth, and scope."", ""Her lies are about national security."", ""She demonized Bill Clinton's sexual assault victims.""]",3,debateqa,605,1
Why do people hate guns?,"[""Guns make hate more deadly by giving individuals the means to commit large-scale violence."", ""People hate guns because they are used to intimidate and threaten, undermining democracy and safety."", ""Easy access to guns, even for those with hate crime misdemeanors, increases the risk of violent incidents.""]","[""Guns make hate more deadly by giving individuals the means to commit large-scale violence."", ""People hate guns because they are used to intimidate and threaten, undermining democracy and safety."", ""Easy access to guns, even for those with hate crime misdemeanors, increases the risk of violent incidents.""]",3,debateqa,1374,2
What will it take for Trump supporters to realize that they got conned?,"[""Trump supporters may realize they were conned if they acknowledge the manipulation and misinformation surrounding the election results"", ""Realization may come from understanding the legal consequences and the lack of evidence supporting claims of a stolen election"", ""Supporters might change their views if they see Trump's actions as damaging to democratic institutions and processes""]","[""Trump supporters may realize they were conned if they acknowledge the manipulation and misinformation surrounding the election results"", ""Realization may come from understanding the legal consequences and the lack of evidence supporting claims of a stolen election"", ""Supporters might change their views if they see Trump's actions as damaging to democratic institutions and processes""]",3,debateqa,312,1
Are there any industries that should only be owned by the government because of public safety concerns?,"[""Some industries, particularly those related to national security and public safety, should have built-in lawful intercept capabilities to assist law enforcement and security agencies"", ""Government ownership or control is necessary in industries where the technology can significantly hinder law enforcement's ability to access critical data for public safety"", ""Industries that involve critical data and communications infrastructure should be regulated or owned by the government to ensure that national security is not compromised by inadequate private sector interception capabilities""]","[""Some industries, particularly those related to national security and public safety, should have built-in lawful intercept capabilities to assist law enforcement and security agencies"", ""Government ownership or control is necessary in industries where the technology can significantly hinder law enforcement's ability to access critical data for public safety"", ""Industries that involve critical data and communications infrastructure should be regulated or owned by the government to ensure that national security is not compromised by inadequate private sector interception capabilities""]",3,debateqa,268,1
What was the real problem between Nazi and Jews?,"[""The real problem between Nazis and Jews was rooted in the Nazis' belief in racial superiority and their view of Jews as a threat to the German racial community."", ""Antisemitism in Europe, which predated the Holocaust, contributed to the Nazi view of Jews as dangerous and threatening."", ""Hitler's personal experiences and influences in Vienna, where antisemitism was prevalent, shaped his views and policies against Jews."", ""The Nazis exploited existing antisemitic sentiments and economic instability in Germany to gain power and implement policies against Jews."", ""Nazi propaganda played a crucial role in spreading antisemitic ideologies and justifying the persecution of Jews.""]","[""The real problem between Nazis and Jews was rooted in the Nazis' belief in racial superiority and their view of Jews as a threat to the German racial community."", ""Antisemitism in Europe, which predated the Holocaust, contributed to the Nazi view of Jews as dangerous and threatening."", ""Hitler's personal experiences and influences in Vienna, where antisemitism was prevalent, shaped his views and policies against Jews."", ""The Nazis exploited existing antisemitic sentiments and economic instability in Germany to gain power and implement policies against Jews."", ""Nazi propaganda played a crucial role in spreading antisemitic ideologies and justifying the persecution of Jews.""]",5,debateqa,1286,3
Thousands of Vets have condemned Donald Trump's comments about the Khan family as repugnant. Should Trump apologize or risk losing the military vote?,"[""Trump should apologize for his comments"", ""Trump risks losing the military vote if he does not apologize"", ""Trump's refusal to apologize could impact his support among military voters""]","[""Trump should apologize for his comments"", ""Trump risks losing the military vote if he does not apologize"", ""Trump's refusal to apologize could impact his support among military voters""]",3,debateqa,1404,2
Are cows more dangerous than sharks?,"[""sharks aren't acting maliciously—an accidental attack may result when a shark simply investigates what they perceive as a foreign object in the water"", ""humans kill an estimated 100 million sharks every year"", ""the average number of human fatalities from sharks is around five each year""]","[""sharks aren't acting maliciously—an accidental attack may result when a shark simply investigates what they perceive as a foreign object in the water"", ""humans kill an estimated 100 million sharks every year"", ""the average number of human fatalities from sharks is around five each year""]",3,debateqa,1541,2
Should celebrities be held accountable for their endorsements?,"[""Celebrities should be held accountable for misleading endorsements as they can be liable along with the manufacturer."", ""Celebrities should be cautious in their endorsements to avoid legal repercussions, as seen with high-profile lawsuits against them."", ""Regulatory bodies like the FTC and SEC emphasize the need for celebrities to disclose their financial ties to endorsed projects to protect consumers."", ""Celebrities should be held accountable especially when their endorsements could mislead consumers into risky investments, such as in the cryptocurrency market."", ""Accountability is necessary for celebrities as their endorsements can significantly influence public behavior and investment decisions.""]","[""Celebrities should be held accountable for misleading endorsements as they can be liable along with the manufacturer."", ""Celebrities should be cautious in their endorsements to avoid legal repercussions, as seen with high-profile lawsuits against them."", ""Regulatory bodies like the FTC and SEC emphasize the need for celebrities to disclose their financial ties to endorsed projects to protect consumers."", ""Celebrities should be held accountable especially when their endorsements could mislead consumers into risky investments, such as in the cryptocurrency market."", ""Accountability is necessary for celebrities as their endorsements can significantly influence public behavior and investment decisions.""]",5,debateqa,651,3
Is there a role for alternative medicine in mainstream healthcare?,"[""Complementary and alternative medicine (CAM) is increasingly included within mainstream integrative healthcare (IHC) services"", ""Health service managers understand CAM to enhance the holistic capacity of their service by filling therapeutic gaps in existing healthcare practices"", ""Health service managers describe the addition of CAM in their service as enabling patients who would otherwise not be able to afford CAM to gain access to these treatments thereby increasing healthcare choices""]","[""Complementary and alternative medicine (CAM) is increasingly included within mainstream integrative healthcare (IHC) services"", ""Health service managers understand CAM to enhance the holistic capacity of their service by filling therapeutic gaps in existing healthcare practices"", ""Health service managers describe the addition of CAM in their service as enabling patients who would otherwise not be able to afford CAM to gain access to these treatments thereby increasing healthcare choices""]",3,debateqa,734,1
Is reforestation efficient in reducing global warming?,"[""Reforestation efforts could potentially mitigate the effects of climate change through carbon sequestration"", ""Reforestation alone is not sufficient to halt and reverse the effects of climate change"", ""Combining reforestation with sustainable investments may yield promising results in combating climate change"", ""Reforestation has the potential to significantly reduce atmospheric carbon if implemented on a global scale"", ""There are significant challenges and considerations that need to be addressed before implementing large-scale reforestation""]","[""Reforestation efforts could potentially mitigate the effects of climate change through carbon sequestration"", ""Reforestation alone is not sufficient to halt and reverse the effects of climate change"", ""Combining reforestation with sustainable investments may yield promising results in combating climate change"", ""Reforestation has the potential to significantly reduce atmospheric carbon if implemented on a global scale"", ""There are significant challenges and considerations that need to be addressed before implementing large-scale reforestation""]",5,debateqa,1889,3
Should affirmative action be based on socioeconomic status instead of race or caste?,"[""SES-based affirmative action policies do not yield nearly as much racial diversity as do race-based policies"", ""SES is a significant factor in understanding racial/ethnic health disparities"", ""SES-based policies do not sort minority students into colleges for which they are academically unqualified""]","[""SES-based affirmative action policies do not yield nearly as much racial diversity as do race-based policies"", ""SES is a significant factor in understanding racial/ethnic health disparities"", ""SES-based policies do not sort minority students into colleges for which they are academically unqualified""]",3,debateqa,856,1
Political correctness: A solution or an issue?,"[""Political correctness has created more inclusive workplaces but also erected barriers to constructive communication and collaboration."", ""Political correctness can hinder employees' ability to develop effective relationships across potentially divisive group differences."", ""Political correctness is seen as a double-edged sword that, while promoting inclusivity, also fosters an environment of fear and inhibition."", ""Political correctness can suppress genuine expression and lead to misunderstandings and conflict."", ""Political correctness can be manipulated by different political sides to either mask bigotry or dilute messages.""]","[""Political correctness has created more inclusive workplaces but also erected barriers to constructive communication and collaboration."", ""Political correctness can hinder employees' ability to develop effective relationships across potentially divisive group differences."", ""Political correctness is seen as a double-edged sword that, while promoting inclusivity, also fosters an environment of fear and inhibition."", ""Political correctness can suppress genuine expression and lead to misunderstandings and conflict."", ""Political correctness can be manipulated by different political sides to either mask bigotry or dilute messages.""]",5,debateqa,967,3
Should military intervention be considered to address cybersecurity threats from foreign nations?,"[""Military intervention should be considered to address cybersecurity threats from foreign nations as part of a comprehensive strategy that integrates diplomatic, information, military, financial, intelligence, and law enforcement capabilities"", ""Collaborative efforts between public and private sectors are essential to effectively address cybersecurity threats from foreign nations"", ""Regulatory frameworks and harmonization are necessary to enhance cybersecurity practices and protect against threats from foreign nations""]","[""Military intervention should be considered to address cybersecurity threats from foreign nations as part of a comprehensive strategy that integrates diplomatic, information, military, financial, intelligence, and law enforcement capabilities"", ""Collaborative efforts between public and private sectors are essential to effectively address cybersecurity threats from foreign nations"", ""Regulatory frameworks and harmonization are necessary to enhance cybersecurity practices and protect against threats from foreign nations""]",3,debateqa,629,1
Will we see Donald Trump's tax returns now that he has won the US election?,"[""the U.S. House Ways and Means Committee obtained and released six years of his returns"", ""Democrats in Congress released thousands of pages of former President Donald Trump’s tax returns"", ""Trump's tax returns were released to the public following a party line vote by the House Ways and Means Committee""]","[""the U.S. House Ways and Means Committee obtained and released six years of his returns"", ""Democrats in Congress released thousands of pages of former President Donald Trump’s tax returns"", ""Trump's tax returns were released to the public following a party line vote by the House Ways and Means Committee""]",3,debateqa,1685,2
Should there be stricter regulations on the use of military equipment by local law enforcement agencies?,"[""Reformers have proposed reallocating funds from policing to communities and social services"", ""police agencies should not only focus on reducing crime, but also protecting and fostering the relationship between the public and police"", ""the role of the police is structurally unjust and should be deconstructed"", ""U.S. policing is highly decentralized, and enacting uniform reform strategies across nearly 18,000 police departments poses a significant challenge"", ""police reform efforts require the input and buy-in of stakeholders—including law enforcement, the communities they serve, researchers, and legislators""]","[""Reformers have proposed reallocating funds from policing to communities and social services"", ""police agencies should not only focus on reducing crime, but also protecting and fostering the relationship between the public and police"", ""the role of the police is structurally unjust and should be deconstructed"", ""U.S. policing is highly decentralized, and enacting uniform reform strategies across nearly 18,000 police departments poses a significant challenge"", ""police reform efforts require the input and buy-in of stakeholders—including law enforcement, the communities they serve, researchers, and legislators""]",5,debateqa,675,3
Should voting be mandatory as it is in some other democracies?,"[""Compulsory voting could reduce political polarization by pushing party platforms toward the center"", ""Mandatory voting can increase voter turnout significantly"", ""Compulsory voting is seen as a way to ensure that all citizens, especially those at the margins, are represented in democracy"", ""Compulsory voting may conflict with American principles of freedom from compelled speech"", ""Universal voting could amplify long-suppressed voices and enhance democratic participation""]","[""Compulsory voting could reduce political polarization by pushing party platforms toward the center"", ""Mandatory voting can increase voter turnout significantly"", ""Compulsory voting is seen as a way to ensure that all citizens, especially those at the margins, are represented in democracy"", ""Compulsory voting may conflict with American principles of freedom from compelled speech"", ""Universal voting could amplify long-suppressed voices and enhance democratic participation""]",5,debateqa,1906,3
When an unstoppable force meets an immovable object which one of the two is more powerful?,"[""The immovable object and the unstoppable force are both implicitly assumed to be indestructible"", ""there is no contradiction – that there is not a false dilemma"", ""the unstoppable force would just bounce off and continue moving, albeit in a different direction""]","[""The immovable object and the unstoppable force are both implicitly assumed to be indestructible"", ""there is no contradiction – that there is not a false dilemma"", ""the unstoppable force would just bounce off and continue moving, albeit in a different direction""]",3,debateqa,1081,1
"What will the US foreign policy look like, should the US government’s complicity the 9/11 false flag attack be proven with solid evidence?","[""US foreign policy may become more cautious and restrained to avoid international backlash and maintain diplomatic relations"", ""US foreign policy could shift towards greater transparency and accountability in international dealings"", ""US foreign policy might involve increased scrutiny and possible sanctions on countries linked to terrorism financing""]","[""US foreign policy may become more cautious and restrained to avoid international backlash and maintain diplomatic relations"", ""US foreign policy could shift towards greater transparency and accountability in international dealings"", ""US foreign policy might involve increased scrutiny and possible sanctions on countries linked to terrorism financing""]",3,debateqa,1728,2
Can penguins survive in warm weather?,"[""Penguins have a more difficult time dealing with warm temperatures than they do with cold"", ""Penguins can try to lose heat through their feet, the only part of their bodies not covered in feathers"", ""Penguins rely on cold temperatures to maintain the sea ice they use for hunting, resting, and making colonies""]","[""Penguins have a more difficult time dealing with warm temperatures than they do with cold"", ""Penguins can try to lose heat through their feet, the only part of their bodies not covered in feathers"", ""Penguins rely on cold temperatures to maintain the sea ice they use for hunting, resting, and making colonies""]",3,debateqa,1278,2
Why did the French government fake the terrorist attacks on 21.St November 2015?,"[""France has a lengthy history of terrorist attacks carried out by a variety of groups"", ""Islamist extremists have carried out numerous attacks in the 2010s"", ""the number of separate terrorist attacks in previous years has been far higher""]","[""France has a lengthy history of terrorist attacks carried out by a variety of groups"", ""Islamist extremists have carried out numerous attacks in the 2010s"", ""the number of separate terrorist attacks in previous years has been far higher""]",3,debateqa,1184,2
Is the use of ethnic or racial stereotypes in entertainment ever justified as satire or artistic expression?,"[""Blackface in contemporary art remains in relatively limited use as a theatrical device and is more commonly used today as social commentary or satire"", ""the intent was satire; specifically, blackface was ironically employed to humorously mock one of the many foibles of Hollywood rather than black people themselves"", ""the film, being an obvious satire, has received little criticism for its use of racial and ethnic stereotype due to it mocking the ignorance of Aykroyd's character rather than black people as a whole""]","[""Blackface in contemporary art remains in relatively limited use as a theatrical device and is more commonly used today as social commentary or satire"", ""the intent was satire; specifically, blackface was ironically employed to humorously mock one of the many foibles of Hollywood rather than black people themselves"", ""the film, being an obvious satire, has received little criticism for its use of racial and ethnic stereotype due to it mocking the ignorance of Aykroyd's character rather than black people as a whole""]",3,debateqa,1936,2
What are the major flaws with Donald Trump's and Hillary Clinton's foreign policy agendas?,"[""Trump's foreign policy is seen as impulsive and lacking in detail"", ""Clinton's foreign policy is criticized for lacking big, clear themes that resonate with voters despite its detail"", ""Clinton aims to build on Obama's policies, which may not distinctly mark her own foreign policy identity"", ""Trump's foreign policy is perceived as regressive and isolationist"", ""Clinton's foreign policy is seen as inclusive and modernizing, focusing on global cooperation""]","[""Trump's foreign policy is seen as impulsive and lacking in detail"", ""Clinton's foreign policy is criticized for lacking big, clear themes that resonate with voters despite its detail"", ""Clinton aims to build on Obama's policies, which may not distinctly mark her own foreign policy identity"", ""Trump's foreign policy is perceived as regressive and isolationist"", ""Clinton's foreign policy is seen as inclusive and modernizing, focusing on global cooperation""]",5,debateqa,203,3
Why should Hillary Clinton not be President?,"[""Clinton's focus on policy detail and preparedness was seen as a weakness by some voters who preferred emotional engagement."", ""Her extensive involvement in policy and governance, while admired by peers, did not translate well to the presidential campaign, where emotional appeal and charisma are crucial."", ""Clinton's failure to visit key battleground states like Wisconsin during the 2016 campaign is cited as a strategic error that may have cost her crucial votes.""]","[""Clinton's focus on policy detail and preparedness was seen as a weakness by some voters who preferred emotional engagement."", ""Her extensive involvement in policy and governance, while admired by peers, did not translate well to the presidential campaign, where emotional appeal and charisma are crucial."", ""Clinton's failure to visit key battleground states like Wisconsin during the 2016 campaign is cited as a strategic error that may have cost her crucial votes.""]",3,debateqa,1717,2
Do men actually gossip more than women?,"[""Women talked significantly more than men in collaborative settings, but there was little difference in social settings"", ""Men and women engage in gossip equally, with context influencing the frequency and type"", ""Younger individuals tend to engage in more negative gossip compared to older adults"", ""Boys gossip as much as girls among pre-teens, focusing on different topics""]","[""Women talked significantly more than men in collaborative settings, but there was little difference in social settings"", ""Men and women engage in gossip equally, with context influencing the frequency and type"", ""Younger individuals tend to engage in more negative gossip compared to older adults"", ""Boys gossip as much as girls among pre-teens, focusing on different topics""]",4,debateqa,31,2
Should the US government increase funding for disaster relief?,"[""the federal government provides financial assistance through the Disaster Relief Fund (DRF)"", ""most funding for the DRF is provided through supplemental appropriations in response to large or widespread disasters"", ""increased funding has been driven by a handful of very severe disasters"", ""the federal government's disaster assistance is widely used and increasing in cost"", ""improving disaster resilience could reduce the impact on communities and costs to taxpayers""]","[""the federal government provides financial assistance through the Disaster Relief Fund (DRF)"", ""most funding for the DRF is provided through supplemental appropriations in response to large or widespread disasters"", ""increased funding has been driven by a handful of very severe disasters"", ""the federal government's disaster assistance is widely used and increasing in cost"", ""improving disaster resilience could reduce the impact on communities and costs to taxpayers""]",5,debateqa,1135,3
How much of a role should religion play in the government?,"[""Religion should not be involved in politics as it can lead to oppressive states that control populations using God"", ""Religious leaders should have political roles to fight for justice and support the oppressed"", ""Religion in public life should focus on promoting charity and togetherness without political entanglement""]","[""Religion should not be involved in politics as it can lead to oppressive states that control populations using God"", ""Religious leaders should have political roles to fight for justice and support the oppressed"", ""Religion in public life should focus on promoting charity and togetherness without political entanglement""]",3,debateqa,1764,2
How would the U.S. military react if a U.S. president were to declare himself a dictator and ignore the two-term limit?,"[""The President has the exclusive power to command the military in operations approved by Congress"", ""The President may not disregard limitations that Congress has placed on his powers"", ""Congress can limit the President's ability to deploy troops without its approval""]","[""The President has the exclusive power to command the military in operations approved by Congress"", ""The President may not disregard limitations that Congress has placed on his powers"", ""Congress can limit the President's ability to deploy troops without its approval""]",3,debateqa,1845,2
"Why do people say ""my god is better than yours"" when all of us know there is only one god and different people call him by different names and love him in their own way?","[""People say \""my god is better than yours\"" due to historical contexts where each tribe had its competing god, reflecting a need to assert superiority and distinctiveness."", ""The assertion that \""my god is better than yours\"" can stem from a misunderstanding or lack of recognition of the universal and multifaceted nature of God as depicted in various religious texts."", ""Claims of superiority among gods reflect deeper social and cultural conflicts, often manifesting in religious expressions and the need for divine validation.""]","[""People say \""my god is better than yours\"" due to historical contexts where each tribe had its competing god, reflecting a need to assert superiority and distinctiveness."", ""The assertion that \""my god is better than yours\"" can stem from a misunderstanding or lack of recognition of the universal and multifaceted nature of God as depicted in various religious texts."", ""Claims of superiority among gods reflect deeper social and cultural conflicts, often manifesting in religious expressions and the need for divine validation.""]",3,debateqa,1469,2
Is Putin a good leader or a bad leader in Russia?,"[""Putin is a president who has risen with the help of the Russian political establishment"", ""Putin earns lower marks for his handling of relations with Ukraine"", ""Putin has enjoyed high approval ratings amongst the Russian public""]","[""Putin is a president who has risen with the help of the Russian political establishment"", ""Putin earns lower marks for his handling of relations with Ukraine"", ""Putin has enjoyed high approval ratings amongst the Russian public""]",3,debateqa,1326,2
What acts of kindness have you heard about or participated in during coronavirus?,"[""People are self-organizing to help those in need"", ""Stores designate certain hours for at-risk shoppers"", ""Chinese medical staff bring supplies to help Italy"", ""Quarantined residents sing from their balconies"", ""Health care workers get a round of applause"", ""NBA players chip in to pay arena workers while games are cancelled"", ""Companies offer free services and entertainment for the homebound"", ""Penguins enjoy a private tour of the aquarium""]","[""People are self-organizing to help those in need"", ""Stores designate certain hours for at-risk shoppers"", ""Chinese medical staff bring supplies to help Italy"", ""Quarantined residents sing from their balconies"", ""Health care workers get a round of applause"", ""NBA players chip in to pay arena workers while games are cancelled"", ""Companies offer free services and entertainment for the homebound"", ""Penguins enjoy a private tour of the aquarium""]",8,debateqa,242,3
"How can the U.S. intelligence community reconcile with Donald Trump, so they can work together?","[""the intelligence community can help Trump learn about the world with its many experts and capacity for crisp, cogent presentation of findings"", ""the intelligence community should have anticipated a leak and alerted fewer people to keep the matter quiet"", ""the intelligence community should consider reinterpreting events in a way that assigns some blame to itself"", ""new leadership in the intelligence community could repair many of the wounds within the intelligence community itself"", ""Trump and General Flynn should encourage rethinking of how the intelligence community is structured, budgeted, and led""]","[""the intelligence community can help Trump learn about the world with its many experts and capacity for crisp, cogent presentation of findings"", ""the intelligence community should have anticipated a leak and alerted fewer people to keep the matter quiet"", ""the intelligence community should consider reinterpreting events in a way that assigns some blame to itself"", ""new leadership in the intelligence community could repair many of the wounds within the intelligence community itself"", ""Trump and General Flynn should encourage rethinking of how the intelligence community is structured, budgeted, and led""]",5,debateqa,1276,3
How are world leaders reacting after Trump victory?,"[""World leaders are expressing moderate and formal acknowledgments of Trump's victory"", ""Some leaders are optimistic about strengthening bilateral relations with the US under Trump's presidency"", ""Some leaders are using the opportunity to invite Trump to address specific international issues like climate change and regional security"", ""Leaders from countries with tense relations with the US see Trump's victory as a potential for positive change""]","[""World leaders are expressing moderate and formal acknowledgments of Trump's victory"", ""Some leaders are optimistic about strengthening bilateral relations with the US under Trump's presidency"", ""Some leaders are using the opportunity to invite Trump to address specific international issues like climate change and regional security"", ""Leaders from countries with tense relations with the US see Trump's victory as a potential for positive change""]",4,debateqa,1693,3
Would you allow an ex-prisoner to live with you?,"[""Ex-prisoners face significant challenges in finding housing and employment, which are crucial for successful reintegration"", ""Support systems like mentoring and community assistance can significantly impact the successful reentry of ex-prisoners"", ""Ex-prisoners often experience societal rejection and stigmatization, which can negatively affect their self-concept and well-being""]","[""Ex-prisoners face significant challenges in finding housing and employment, which are crucial for successful reintegration"", ""Support systems like mentoring and community assistance can significantly impact the successful reentry of ex-prisoners"", ""Ex-prisoners often experience societal rejection and stigmatization, which can negatively affect their self-concept and well-being""]",3,debateqa,459,1
What would you do if you were in a situation where you need to decide to allow a family member to die (or not) as he's having a very bad time?,"[""create a quiet environment and sit in silence to support the inner work of letting go"", ""provide practical support and modify the environment to make it easier and safer to care for the person at home"", ""engage in conversations about feelings and end-of-life wishes to provide emotional support"", ""use gentle touch and speak soothing words to comfort the dying person"", ""consider the spiritual needs of the dying person and involve spiritual care if desired""]","[""create a quiet environment and sit in silence to support the inner work of letting go"", ""provide practical support and modify the environment to make it easier and safer to care for the person at home"", ""engage in conversations about feelings and end-of-life wishes to provide emotional support"", ""use gentle touch and speak soothing words to comfort the dying person"", ""consider the spiritual needs of the dying person and involve spiritual care if desired""]",5,debateqa,1193,3
Does Putin have inside information on Hillary Clinton and Donald Trump?,"[""the dossier reports a \""[well-developed conspiracy of co-operation between [Trump and his associates] and the Russian leadership]"", ""the Russian regime had been behind the recent leak of embarrassing email messages, emanating from the Democratic National Committee (DNC), to the Wikileaks platform"", ""the operation had been conducted with the full knowledge and support of Trump and senior members of his campaign team""]","[""the dossier reports a \""[well-developed conspiracy of co-operation between [Trump and his associates] and the Russian leadership]"", ""the Russian regime had been behind the recent leak of embarrassing email messages, emanating from the Democratic National Committee (DNC), to the Wikileaks platform"", ""the operation had been conducted with the full knowledge and support of Trump and senior members of his campaign team""]",3,debateqa,769,1
"Is the inclusion of trigger warnings in course materials a valid practice, or does it limit academic freedom?","[""Trigger warnings are important for inclusive classrooms as they help students with mental health disabilities engage more effectively"", ""Trigger warnings can be seen as limiting academic freedom by creating an atmosphere where challenging material is avoided"", ""Trigger warnings support students by acknowledging their full humanity and the real effects of trauma, thus enhancing their ability to learn""]","[""Trigger warnings are important for inclusive classrooms as they help students with mental health disabilities engage more effectively"", ""Trigger warnings can be seen as limiting academic freedom by creating an atmosphere where challenging material is avoided"", ""Trigger warnings support students by acknowledging their full humanity and the real effects of trauma, thus enhancing their ability to learn""]",3,debateqa,307,1
"If Hitler allowed his generals to plan freely and listened to their advice, how would WW2 have been changed?","[""There would have been no Stalingrad, no ridiculous \""no retreat\"" orders, and no holding units out waiting for the \""real invasion\"" at Calais"", ""Hitler's real goal was always to invade Russia, not England"", ""Listening to his generals could have prevented the creation of panzer divisions and blitzkrieg, potentially avoiding a European war""]","[""There would have been no Stalingrad, no ridiculous \""no retreat\"" orders, and no holding units out waiting for the \""real invasion\"" at Calais"", ""Hitler's real goal was always to invade Russia, not England"", ""Listening to his generals could have prevented the creation of panzer divisions and blitzkrieg, potentially avoiding a European war""]",3,debateqa,1543,2
Should the scientific community make more of an effort to make their papers accessible to a general audience or is it up to individuals to learn enough to interpret the papers?,"[""the scientific community should make their papers more accessible to a general audience"", ""individuals should make an effort to interpret scientific papers"", ""scientific papers should be made more accessible through clearer writing and presentation""]","[""the scientific community should make their papers more accessible to a general audience"", ""individuals should make an effort to interpret scientific papers"", ""scientific papers should be made more accessible through clearer writing and presentation""]",3,debateqa,1023,1
How is what you are studying in school relevant to your life and the larger world?,"[""schools could show students how their learning applies in the real world"", ""the Text-to-Text, Text-to-Self, and Text-to-World strategy helps students develop the habit of making these connections as they read"", ""studying sociology helps students to better understand their own lives and the social world""]","[""schools could show students how their learning applies in the real world"", ""the Text-to-Text, Text-to-Self, and Text-to-World strategy helps students develop the habit of making these connections as they read"", ""studying sociology helps students to better understand their own lives and the social world""]",3,debateqa,1882,2
Is early spay/neuter harmful for pets?,"[""neutering prior to sexual maturity significantly increases a dog’s risk of developing CCL disease"", ""early neutering is associated with a higher incidence of certain cancers"", ""neutering may be associated with increased risks of debilitating joint disorders and some cancers""]","[""neutering prior to sexual maturity significantly increases a dog’s risk of developing CCL disease"", ""early neutering is associated with a higher incidence of certain cancers"", ""neutering may be associated with increased risks of debilitating joint disorders and some cancers""]",3,debateqa,1925,2
Should paper ballots be used for voting?,"[""Paper ballots are recognized as a significant security measure"", ""Paper ballots allow for verification and audits"", ""Transition to paper ballots is increasing due to security concerns"", ""Internet voting poses significant security risks compared to paper ballots"", ""Paper ballots ensure voter confidence and transparency""]","[""Paper ballots are recognized as a significant security measure"", ""Paper ballots allow for verification and audits"", ""Transition to paper ballots is increasing due to security concerns"", ""Internet voting poses significant security risks compared to paper ballots"", ""Paper ballots ensure voter confidence and transparency""]",5,debateqa,1120,3
Are elite colleges overrated compared to state schools?,"[""elite schools have an advantage in terms of reputation and networks"", ""elite schools may not be as challenging in non-STEM fields compared to state schools"", ""state schools offer significant cost savings compared to elite private schools"", ""private universities may not provide significant advantages in certain professions"", ""elite private universities may offer smaller class sizes and a more impressive group of peers""]","[""elite schools have an advantage in terms of reputation and networks"", ""elite schools may not be as challenging in non-STEM fields compared to state schools"", ""state schools offer significant cost savings compared to elite private schools"", ""private universities may not provide significant advantages in certain professions"", ""elite private universities may offer smaller class sizes and a more impressive group of peers""]",5,debateqa,1857,3
"What will happen if Trump wins enough votes to win the electoral college, but electors jump ship and vote for Hillary?","[""If electors jump ship and vote for Hillary despite Trump winning enough electoral votes, it would be an unprecedented scenario"", ""Trump's strong performance in early primaries could solidify his position, making it difficult for electors to justify voting against him"", ""The large number of Democratic candidates and their divided support could weaken any opposition to Trump, reducing the likelihood of electors defecting to Hillary""]","[""If electors jump ship and vote for Hillary despite Trump winning enough electoral votes, it would be an unprecedented scenario"", ""Trump's strong performance in early primaries could solidify his position, making it difficult for electors to justify voting against him"", ""The large number of Democratic candidates and their divided support could weaken any opposition to Trump, reducing the likelihood of electors defecting to Hillary""]",3,debateqa,665,1
"If you hate white people, are you a racist?","[""hating someone based on race is considered a bias"", ""racial bias can manifest subtly and unconsciously, affecting judgments and actions"", ""expressing hate towards a race can be seen as a form of racial microaggression""]","[""hating someone based on race is considered a bias"", ""racial bias can manifest subtly and unconsciously, affecting judgments and actions"", ""expressing hate towards a race can be seen as a form of racial microaggression""]",3,debateqa,638,1
Should people over 88 not be allowed to vote?,"[""Older voters have the highest turnout rates and are a significant part of the voting population"", ""Older adults face challenges such as mobility issues and access to transportation, which can hinder their ability to vote"", ""Programs like 'Your Vote Counts' help homebound seniors exercise their right to vote by providing necessary assistance and information""]","[""Older voters have the highest turnout rates and are a significant part of the voting population"", ""Older adults face challenges such as mobility issues and access to transportation, which can hinder their ability to vote"", ""Programs like 'Your Vote Counts' help homebound seniors exercise their right to vote by providing necessary assistance and information""]",3,debateqa,1753,2
"Should there be limits on freedom of speech, particularly when it comes to hate speech?","[""Addressing hate speech does not mean limiting or prohibiting freedom of speech; it involves preventing hate speech from escalating into more dangerous forms like incitement to discrimination, hostility, and violence"", ""Hate speech is protected under the First Amendment unless it directly incites imminent criminal activity or consists of specific threats of violence"", ""Freedom of speech is a cornerstone of human rights and democratic societies, supporting other fundamental rights"", ""Public libraries, as public forums, cannot deny access based on a user's views or beliefs, emphasizing the protection of freedom of speech"", ""Restrictions on speech by public colleges and universities amount to government censorship, violating constitutional freedoms""]","[""Addressing hate speech does not mean limiting or prohibiting freedom of speech; it involves preventing hate speech from escalating into more dangerous forms like incitement to discrimination, hostility, and violence"", ""Hate speech is protected under the First Amendment unless it directly incites imminent criminal activity or consists of specific threats of violence"", ""Freedom of speech is a cornerstone of human rights and democratic societies, supporting other fundamental rights"", ""Public libraries, as public forums, cannot deny access based on a user's views or beliefs, emphasizing the protection of freedom of speech"", ""Restrictions on speech by public colleges and universities amount to government censorship, violating constitutional freedoms""]",5,debateqa,460,3
Who is the biggest traitor in U.S. history?,"[""Arnold branded the most notorious traitor in American history"", ""Arnold changed sides, abandoning the Americans’ fight for independence"", ""Arnold planned to surrender the fort to British forces""]","[""Arnold branded the most notorious traitor in American history"", ""Arnold changed sides, abandoning the Americans’ fight for independence"", ""Arnold planned to surrender the fort to British forces""]",3,debateqa,82,1
Does the death penalty violate moral standards regardless of the crime?,"[""Retributivism justifies the death penalty by linking the punishment directly to the offense committed, focusing on the past conduct that merits death as a penal response"", ""Utilitarianism justifies the death penalty by assessing the future effects or consequences of capital punishment, such as crime prevention through deterrence and incapacitation"", ""The death penalty may violate moral standards if it results in unethical conduct by medical practitioners or other participants necessary for its execution"", ""The death penalty can be seen as a violation of moral standards if it is applied arbitrarily, capriciously, or discriminately"", ""Capital punishment may not violate moral standards if it is seen as a form of retributive justice where the punishment fits the crime, such as in cases of murder""]","[""Retributivism justifies the death penalty by linking the punishment directly to the offense committed, focusing on the past conduct that merits death as a penal response"", ""Utilitarianism justifies the death penalty by assessing the future effects or consequences of capital punishment, such as crime prevention through deterrence and incapacitation"", ""The death penalty may violate moral standards if it results in unethical conduct by medical practitioners or other participants necessary for its execution"", ""The death penalty can be seen as a violation of moral standards if it is applied arbitrarily, capriciously, or discriminately"", ""Capital punishment may not violate moral standards if it is seen as a form of retributive justice where the punishment fits the crime, such as in cases of murder""]",5,debateqa,50,3
Should video games have restrictions on the content they portray?,"[""Some countries restrict video game content to protect younger audiences from inappropriate content"", ""Voluntary rating systems like ESRB and PEGI aim to inform parents about the types of games their children play"", ""Government regulation of video games has been historically supported by politicians to protect children from inappropriate content"", ""Self-regulation by the video game industry is deemed effective by some, negating the need for government intervention"", ""Video games are a form of expression entitled to First Amendment protection, complicating content restrictions""]","[""Some countries restrict video game content to protect younger audiences from inappropriate content"", ""Voluntary rating systems like ESRB and PEGI aim to inform parents about the types of games their children play"", ""Government regulation of video games has been historically supported by politicians to protect children from inappropriate content"", ""Self-regulation by the video game industry is deemed effective by some, negating the need for government intervention"", ""Video games are a form of expression entitled to First Amendment protection, complicating content restrictions""]",5,debateqa,253,3
Do memes make the internet a better place?,"[""Memes make the internet a better place by allowing us to laugh and express our ideas"", ""Memes can be harmful or offensive, sometimes leading to disinformation and changing behavior"", ""Memes help people cope with difficult situations by adding humor""]","[""Memes make the internet a better place by allowing us to laugh and express our ideas"", ""Memes can be harmful or offensive, sometimes leading to disinformation and changing behavior"", ""Memes help people cope with difficult situations by adding humor""]",3,debateqa,472,1
Is the moon geologically active?,"[""the moon is still geologically active"", ""the moon may indeed have active faults today"", ""fault movements are still occurring on the moon"", ""the moon has been volcanically active throughout much of its history"", ""smaller-scale volcanism may have occurred in the last 50 million years""]","[""the moon is still geologically active"", ""the moon may indeed have active faults today"", ""fault movements are still occurring on the moon"", ""the moon has been volcanically active throughout much of its history"", ""smaller-scale volcanism may have occurred in the last 50 million years""]",5,debateqa,129,3
"My girlfriend says she would kill herself if I broke up with her, what should I do?","[""Call your local emergency number or the National Suicide Prevention Lifeline if your partner has a plan and intention to follow through with suicide"", ""Recognize that repeated suicide threats can be a form of emotional abuse and manipulation"", ""Communicate your care for your partner but maintain your boundaries to protect yourself"", ""Put the responsibility of the choice to live or die on your partner, emphasizing that you cannot control their actions"", ""Seek external support from professionals or organizations if the situation is overwhelming""]","[""Call your local emergency number or the National Suicide Prevention Lifeline if your partner has a plan and intention to follow through with suicide"", ""Recognize that repeated suicide threats can be a form of emotional abuse and manipulation"", ""Communicate your care for your partner but maintain your boundaries to protect yourself"", ""Put the responsibility of the choice to live or die on your partner, emphasizing that you cannot control their actions"", ""Seek external support from professionals or organizations if the situation is overwhelming""]",5,debateqa,672,3
Should professional athletes and coaches be obligated to speak out on social issues?,"[""athletes have an obligation to lead and act"", ""athletes are bringing candid and influential voices to social concerns"", ""student-athletes have an obligation to raise awareness about social justice issues"", ""athletes of less prominent sports still lack the exposure and security to speak out freely"", ""the NCAA recognizes the important role of social engagement by student-athletes""]","[""athletes have an obligation to lead and act"", ""athletes are bringing candid and influential voices to social concerns"", ""student-athletes have an obligation to raise awareness about social justice issues"", ""athletes of less prominent sports still lack the exposure and security to speak out freely"", ""the NCAA recognizes the important role of social engagement by student-athletes""]",5,debateqa,183,3
Do video games make kids smarter?,"[""children who play more video games become smarter over time"", ""video games might actually \""boost\"" players' brains"", ""video games are associated with faster intelligence growth over two years in late elementary school""]","[""children who play more video games become smarter over time"", ""video games might actually \""boost\"" players' brains"", ""video games are associated with faster intelligence growth over two years in late elementary school""]",3,debateqa,9,1
Should there be a cap on CEO salaries in relation to the salaries of the lowest-paid employees?,"[""A cap on CEO salaries relative to the salaries of the lowest-paid employees is supported by many Americans"", ""Legislation like the Tax Excessive CEO Pay Act aims to address income inequality by imposing tax penalties on companies with large CEO-to-worker pay ratios"", ""High CEO pay is seen as a contributor to economic inequality and does not necessarily reflect CEO performance""]","[""A cap on CEO salaries relative to the salaries of the lowest-paid employees is supported by many Americans"", ""Legislation like the Tax Excessive CEO Pay Act aims to address income inequality by imposing tax penalties on companies with large CEO-to-worker pay ratios"", ""High CEO pay is seen as a contributor to economic inequality and does not necessarily reflect CEO performance""]",3,debateqa,1921,2
Should politicians be allowed to accept gifts from lobbyists?,"[""A Member, officer, or employee may not accept any gift from a lobbyist, except as specifically allowed by the rule"", ""House Members and employees may generally accept \""food or refreshment of a nominal value offered other than as part of a meal\"""", ""Gifts from lobbyists are uniquely susceptible to the appearance that they are intended to purchase access or influence""]","[""A Member, officer, or employee may not accept any gift from a lobbyist, except as specifically allowed by the rule"", ""House Members and employees may generally accept \""food or refreshment of a nominal value offered other than as part of a meal\"""", ""Gifts from lobbyists are uniquely susceptible to the appearance that they are intended to purchase access or influence""]",3,debateqa,1108,2
What would America be like if after freeing black people they absorbed them instead of oppressing them?,"[""America would have been a place where black people's destinies were intertwined with the nation's promise of equality"", ""America could have been a society where black individuals were treated as equals, embodying the true spirit of democracy and justice"", ""America could have embraced a more inclusive and fair society, reducing racial tensions and fostering genuine community integration"", ""America might have avoided the deep-seated racial divisions and inequalities that persist today""]","[""America would have been a place where black people's destinies were intertwined with the nation's promise of equality"", ""America could have been a society where black individuals were treated as equals, embodying the true spirit of democracy and justice"", ""America could have embraced a more inclusive and fair society, reducing racial tensions and fostering genuine community integration"", ""America might have avoided the deep-seated racial divisions and inequalities that persist today""]",4,debateqa,344,2
Is a 'pled' a correct past tense of 'plead'?,"[""'pleaded' has been considered the correct past tense and past participle form for several centuries"", ""'pled' is an alternative past-tense form that is to be avoided according to a dictionary of legal usage"", ""'pled' has historical usage going back to the 1200s"", ""'pleaded' is the safest bet if you're talking about law"", ""for non-legal scholars, both 'pleaded' or 'pled' can be used""]","[""'pleaded' has been considered the correct past tense and past participle form for several centuries"", ""'pled' is an alternative past-tense form that is to be avoided according to a dictionary of legal usage"", ""'pled' has historical usage going back to the 1200s"", ""'pleaded' is the safest bet if you're talking about law"", ""for non-legal scholars, both 'pleaded' or 'pled' can be used""]",5,debateqa,1877,3
Should society decriminalize the usage of drugs?,"[""Decriminalizing drugs has paid off in the Netherlands, allowing addicts to be treated as patients and reducing the number of new heroin addicts."", ""Decriminalization can save significant public funds which can be redirected towards community services and supports."", ""Legalizing drugs could potentially increase public safety by reducing drug-related crime and violence."", ""Prohibition policies have historically failed to control drug use and have instead contributed to higher crime rates and more potent illegal drugs."", ""Decriminalization can reduce the harms of criminalization, such as reducing arrests and the lifelong barriers they create.""]","[""Decriminalizing drugs has paid off in the Netherlands, allowing addicts to be treated as patients and reducing the number of new heroin addicts."", ""Decriminalization can save significant public funds which can be redirected towards community services and supports."", ""Legalizing drugs could potentially increase public safety by reducing drug-related crime and violence."", ""Prohibition policies have historically failed to control drug use and have instead contributed to higher crime rates and more potent illegal drugs."", ""Decriminalization can reduce the harms of criminalization, such as reducing arrests and the lifelong barriers they create.""]",5,debateqa,1884,3
Was the first beer brewed by the Sumerians?,"[""Beer was first brewed by the Sumerians in Mesopotamia"", ""Ancient Sumeria was one of the earliest civilizations to brew beer"", ""The Sumerians enjoyed a fermented cereal beverage that may not have been beer""]","[""Beer was first brewed by the Sumerians in Mesopotamia"", ""Ancient Sumeria was one of the earliest civilizations to brew beer"", ""The Sumerians enjoyed a fermented cereal beverage that may not have been beer""]",3,debateqa,1010,1
Could the Soviet Union have defeated Nazi Germany on its own?,"[""the Red Army could have defeated Nazi Germany without Allied help"", ""the German war economy was much weaker than everyone understood at the time"", ""huge Anglo-American aid to Russia were vital in allowing Russia to survive Operation Barbarossa""]","[""the Red Army could have defeated Nazi Germany without Allied help"", ""the German war economy was much weaker than everyone understood at the time"", ""huge Anglo-American aid to Russia were vital in allowing Russia to survive Operation Barbarossa""]",3,debateqa,1737,2
Why is wrong with'Prez' Donald Trump? Why do people hate him so much?,"[""Many people dislike Trump due to his false statements and harsh criticisms of the FBI and the Department of Justice"", ""Trump's actions and statements have caused fear of damage to the rule of law and institutions in the United States"", ""Trump's personal attacks on individuals have negatively impacted them both personally and professionally"", ""Trump's supporters are perceived negatively due to their association with him, despite the complexity of their backgrounds and reasons for support"", ""Trump's presidency has been marked by a significant number of voters who dislike both major candidates, indicating a broader dissatisfaction""]","[""Many people dislike Trump due to his false statements and harsh criticisms of the FBI and the Department of Justice"", ""Trump's actions and statements have caused fear of damage to the rule of law and institutions in the United States"", ""Trump's personal attacks on individuals have negatively impacted them both personally and professionally"", ""Trump's supporters are perceived negatively due to their association with him, despite the complexity of their backgrounds and reasons for support"", ""Trump's presidency has been marked by a significant number of voters who dislike both major candidates, indicating a broader dissatisfaction""]",5,debateqa,764,3
Can evolution explain the existence of 'junk DNA'?,"[""Evolution can explain the existence of 'junk DNA' as it may include sequences that were functional in ancestral organisms but are no longer functional in current ones"", ""'Junk DNA' might still be under investigation for potential unknown functions that could impact evolutionary processes"", ""Some 'junk DNA' could be remnants of evolutionary history, reflecting past environmental adaptations or genetic experiments""]","[""Evolution can explain the existence of 'junk DNA' as it may include sequences that were functional in ancestral organisms but are no longer functional in current ones"", ""'Junk DNA' might still be under investigation for potential unknown functions that could impact evolutionary processes"", ""Some 'junk DNA' could be remnants of evolutionary history, reflecting past environmental adaptations or genetic experiments""]",3,debateqa,1246,2
Does government spending spur inflation?,"[""Expansionary fiscal policy—an increase in government spending, a decrease in tax revenue, or a combination of the two—is expected to temporarily spur economic activity."", ""Expansionary fiscal policy can lead to accelerating inflation in the economy."", ""Increased government spending and tax cuts indirectly increase aggregate demand in the economy.""]","[""Expansionary fiscal policy—an increase in government spending, a decrease in tax revenue, or a combination of the two—is expected to temporarily spur economic activity."", ""Expansionary fiscal policy can lead to accelerating inflation in the economy."", ""Increased government spending and tax cuts indirectly increase aggregate demand in the economy.""]",3,debateqa,1747,2
How will a boy know whether a girl likes him or not?,"[""A boy may notice a girl likes him if she shows signs of emotional changes like moodiness or emotional outbursts, which can be part of her emotional development during puberty."", ""A boy might recognize a girl's interest through her increased social interactions and expressions of feelings, as girls often experience heightened emotional states during puberty."", ""Observing changes in a girl's behavior, such as being more communicative or showing more attention towards him, could indicate her interest.""]","[""A boy may notice a girl likes him if she shows signs of emotional changes like moodiness or emotional outbursts, which can be part of her emotional development during puberty."", ""A boy might recognize a girl's interest through her increased social interactions and expressions of feelings, as girls often experience heightened emotional states during puberty."", ""Observing changes in a girl's behavior, such as being more communicative or showing more attention towards him, could indicate her interest.""]",3,debateqa,637,1
Should we stop allocating money to schools based on property taxes?,"[""relying largely on property taxes to fund schools creates funding gaps"", ""local funding and locally controlled school systems tend to create perverse incentives that lead to inequitable outcomes"", ""increased funding can include improved test scores, higher graduation rates, and increased earnings for students in adulthood"", ""states adopting funding systems that distribute money more equitably see rising levels of student achievement"", ""states can adopt policies that distribute money in ways that alleviate inequality in public school funding""]","[""relying largely on property taxes to fund schools creates funding gaps"", ""local funding and locally controlled school systems tend to create perverse incentives that lead to inequitable outcomes"", ""increased funding can include improved test scores, higher graduation rates, and increased earnings for students in adulthood"", ""states adopting funding systems that distribute money more equitably see rising levels of student achievement"", ""states can adopt policies that distribute money in ways that alleviate inequality in public school funding""]",5,debateqa,251,3
Is Trump his own worst enemy in his race to become the next President?,"[""Trump's strong performance in early primaries indicates a high chance of reelection"", ""Trump's unique presidency style does not necessarily make him his own worst enemy"", ""Trump's electoral strategy focuses on the Electoral College, potentially ignoring broader popular support"", ""The divisive political climate may impact Trump's chances negatively, as polarization is deep""]","[""Trump's strong performance in early primaries indicates a high chance of reelection"", ""Trump's unique presidency style does not necessarily make him his own worst enemy"", ""Trump's electoral strategy focuses on the Electoral College, potentially ignoring broader popular support"", ""The divisive political climate may impact Trump's chances negatively, as polarization is deep""]",4,debateqa,782,3
How can Paul Ryan endorse Trump?,"[""Paul Ryan will not support a White House bid by former President Donald Trump"", ""Paul Ryan will support \""anybody but Trump\"" in the 2024 presidential contest"", ""Paul Ryan argues that Trump has cost the Republican party seats in Congress""]","[""Paul Ryan will not support a White House bid by former President Donald Trump"", ""Paul Ryan will support \""anybody but Trump\"" in the 2024 presidential contest"", ""Paul Ryan argues that Trump has cost the Republican party seats in Congress""]",3,debateqa,1349,2
Should all school meals meet certain nutritional standards?,"[""School meals are required to meet specific nutrition standards"", ""Students who participate in the school meal programs consume more whole grains, milk, fruits, and vegetables"", ""Research supports maintaining or improving the current National School Lunch Program nutrient standards to provide children with access to a healthful diet""]","[""School meals are required to meet specific nutrition standards"", ""Students who participate in the school meal programs consume more whole grains, milk, fruits, and vegetables"", ""Research supports maintaining or improving the current National School Lunch Program nutrient standards to provide children with access to a healthful diet""]",3,debateqa,1439,2
"Why does America have nuclear weapons? Isn't it a threat, despite the fact that America is the only country to use such weapons twice in anger?","[""America maintains nuclear weapons as a deterrent against threats and to maintain a balance of power"", ""The presence of nuclear weapons in America is due to historical and ongoing espionage threats from countries like Russia"", ""The U.S. holds nuclear weapons as a response to potential military threats and strategies from other nations, including Russia""]","[""America maintains nuclear weapons as a deterrent against threats and to maintain a balance of power"", ""The presence of nuclear weapons in America is due to historical and ongoing espionage threats from countries like Russia"", ""The U.S. holds nuclear weapons as a response to potential military threats and strategies from other nations, including Russia""]",3,debateqa,926,1
Can trump make America great again?,"[""Trump's pledge was to return the United States to an era of prosperity and world leadership"", ""Trump's approach included imposing tariffs on China and renegotiating trade deals like NAFTA"", ""Trump's administration focused on economic recovery and healthcare reforms""]","[""Trump's pledge was to return the United States to an era of prosperity and world leadership"", ""Trump's approach included imposing tariffs on China and renegotiating trade deals like NAFTA"", ""Trump's administration focused on economic recovery and healthcare reforms""]",3,debateqa,382,1
Should cultural and historical monuments associated with controversial figures be removed or preserved with contextual information?,"[""monuments should be preserved in museums or other appropriate venues"", ""monuments should be contextualized rather than removed to educate about their historical significance"", ""removal of monuments is necessary to challenge and reject the values they represent""]","[""monuments should be preserved in museums or other appropriate venues"", ""monuments should be contextualized rather than removed to educate about their historical significance"", ""removal of monuments is necessary to challenge and reject the values they represent""]",3,debateqa,63,1
Being mean: What is the most mean thing a stranger has ever done to you?,"[""people I don’t even know say hello or smile at me all the time"", ""people here always wear their seat belts even when they sit in the back seat"", ""people here prefer long distance driving rather than taking a train or flight""]","[""people I don’t even know say hello or smile at me all the time"", ""people here always wear their seat belts even when they sit in the back seat"", ""people here prefer long distance driving rather than taking a train or flight""]",3,debateqa,636,1
Do you think online conspiracy theories can be dangerous?,"[""Online conspiracy theories can lead to violence and extremist actions"", ""Conspiracy theories can undermine trust in political systems and reduce civic engagement"", ""Belief in conspiracy theories can negatively impact public health responses and adherence to medical advice""]","[""Online conspiracy theories can lead to violence and extremist actions"", ""Conspiracy theories can undermine trust in political systems and reduce civic engagement"", ""Belief in conspiracy theories can negatively impact public health responses and adherence to medical advice""]",3,debateqa,229,1
How powerful is Vladimir Putin?,"[""Vladimir Putin is described as a powerful figure with the ability to end the war in Ukraine instantly"", ""Putin's control over Russia's wealth and his methodical approach to building his fortune demonstrate his significant power"", ""Putin's influence is evident in his ability to sway U.S. President Donald Trump's opinions, particularly during the Helsinki summit"", ""Putin's power is further highlighted by his control over the State Duma through the United Russia party, which dominates the publicly elected Russian legislative house"", ""Putin's ability to manipulate public perception and maintain high popularity through propaganda campaigns underscores his powerful influence in Russia""]","[""Vladimir Putin is described as a powerful figure with the ability to end the war in Ukraine instantly"", ""Putin's control over Russia's wealth and his methodical approach to building his fortune demonstrate his significant power"", ""Putin's influence is evident in his ability to sway U.S. President Donald Trump's opinions, particularly during the Helsinki summit"", ""Putin's power is further highlighted by his control over the State Duma through the United Russia party, which dominates the publicly elected Russian legislative house"", ""Putin's ability to manipulate public perception and maintain high popularity through propaganda campaigns underscores his powerful influence in Russia""]",5,debateqa,914,3
Is block-chain technology the future?,"[""blockchain technology uses a distributed database"", ""blockchain technology supports both applications and complex programming"", ""blockchain offers the potential to easily and efficiently undertake a wide range of transactions and transference of rights and property""]","[""blockchain technology uses a distributed database"", ""blockchain technology supports both applications and complex programming"", ""blockchain offers the potential to easily and efficiently undertake a wide range of transactions and transference of rights and property""]",3,debateqa,23,1
Does anyone marry a rape victim?,"[""Rape-marriage laws allow a rapist to escape punishment if the victim consents to marriage"", ""Victims are pressured to marry their rapist out of concern for family reputation, shame from society, and the victim’s inability to find a husband following the rape"", ""Rapists usually marry the victim to avoid paying the compensation""]","[""Rape-marriage laws allow a rapist to escape punishment if the victim consents to marriage"", ""Victims are pressured to marry their rapist out of concern for family reputation, shame from society, and the victim’s inability to find a husband following the rape"", ""Rapists usually marry the victim to avoid paying the compensation""]",3,debateqa,989,1
Should there be regulations on the development and use of nanotechnology in consumer products?,"[""the lack of scientific evidence describing the accompanying exposure and health risks stalls the discussion regarding its guidance and regulation"", ""the potential for human contact and inhalation exposure to nanomaterials when using nanotechnology-based cosmetic powders"", ""the development of appropriate consumer safety regulations and guidelines is impeded by unknown potential health effects"", ""FDA does not categorically judge all products containing nanomaterials or otherwise involving the application of nanotechnology as intrinsically benign or harmful"", ""FDA will regulate nanotechnology products under existing statutory authorities""]","[""the lack of scientific evidence describing the accompanying exposure and health risks stalls the discussion regarding its guidance and regulation"", ""the potential for human contact and inhalation exposure to nanomaterials when using nanotechnology-based cosmetic powders"", ""the development of appropriate consumer safety regulations and guidelines is impeded by unknown potential health effects"", ""FDA does not categorically judge all products containing nanomaterials or otherwise involving the application of nanotechnology as intrinsically benign or harmful"", ""FDA will regulate nanotechnology products under existing statutory authorities""]",5,debateqa,586,3
Can universal healthcare and capitalism co-exist?,"[""Universal healthcare and capitalism can coexist as demonstrated by the partnership between South Australia Health and David Jones department store"", ""Universal healthcare systems can be funded by government regulation and subsidies derived from taxation"", ""Universal healthcare systems are not necessarily government-owned; they can involve private businesses with government funding""]","[""Universal healthcare and capitalism can coexist as demonstrated by the partnership between South Australia Health and David Jones department store"", ""Universal healthcare systems can be funded by government regulation and subsidies derived from taxation"", ""Universal healthcare systems are not necessarily government-owned; they can involve private businesses with government funding""]",3,debateqa,1013,1
Are you against or for the death penalty and why?,"[""The death penalty is irreversible and can lead to the execution of innocent people, which is a significant risk in any justice system"", ""The death penalty does not deter crime more effectively than life imprisonment"", ""The death penalty is considered inhumane and a violation of human rights, which undermines human dignity"", ""Capital punishment is often applied in a discriminatory manner, disproportionately affecting minorities and the poor"", ""Many argue that life imprisonment without parole is a more humane and effective punishment than the death penalty""]","[""The death penalty is irreversible and can lead to the execution of innocent people, which is a significant risk in any justice system"", ""The death penalty does not deter crime more effectively than life imprisonment"", ""The death penalty is considered inhumane and a violation of human rights, which undermines human dignity"", ""Capital punishment is often applied in a discriminatory manner, disproportionately affecting minorities and the poor"", ""Many argue that life imprisonment without parole is a more humane and effective punishment than the death penalty""]",5,debateqa,263,3
Do social media filters and editing promote unhealthy body image ideals?,"[""social media filters and editing tools are driving a lot of self-concern and anxiety"", ""constant exposure to ideal body types on social media leads to unhealthy body image and comparison"", ""viewing body-positive content on social media can promote body positivity and acceptance"", ""social media usage is linked to increased body dissatisfaction and disordered eating"", ""editing photos before posting online is a common practice that can affect self-image""]","[""social media filters and editing tools are driving a lot of self-concern and anxiety"", ""constant exposure to ideal body types on social media leads to unhealthy body image and comparison"", ""viewing body-positive content on social media can promote body positivity and acceptance"", ""social media usage is linked to increased body dissatisfaction and disordered eating"", ""editing photos before posting online is a common practice that can affect self-image""]",5,debateqa,639,3
Should animals be used for scientific or commercial testing?,"[""animals should not be used in research or to test the safety of products"", ""animal testing contributes to life-saving cures and treatments"", ""alternative testing methods now exist that can replace the need for animals""]","[""animals should not be used in research or to test the safety of products"", ""animal testing contributes to life-saving cures and treatments"", ""alternative testing methods now exist that can replace the need for animals""]",3,debateqa,140,1
Did ancient Egyptians use slaves for pyramid construction?,"[""Egyptologists agree that the Great Pyramids were not built by slaves"", ""Workers on the pyramids were paid laborers, not slaves"", ""Farmers built the pyramids during the flooding season when they could not work their lands""]","[""Egyptologists agree that the Great Pyramids were not built by slaves"", ""Workers on the pyramids were paid laborers, not slaves"", ""Farmers built the pyramids during the flooding season when they could not work their lands""]",3,debateqa,1387,2
Who are the best footballers?,"[""Lionel Messi is considered one of the best footballers, having won the award six times"", ""Cristiano Ronaldo is also among the best, with multiple awards"", ""Robert Lewandowski and Erling Haaland are recognized as top footballers in recent years""]","[""Lionel Messi is considered one of the best footballers, having won the award six times"", ""Cristiano Ronaldo is also among the best, with multiple awards"", ""Robert Lewandowski and Erling Haaland are recognized as top footballers in recent years""]",3,debateqa,1364,2
Is animal cloning ethical?,"[""The public is decidedly against the cloning of animals"", ""Cloning lacks any legitimate social value and decreases animal welfare"", ""Animal cloning raises serious ethical concerns due to the health risks and welfare of the cloned animals"", ""Cloning procedures often involve multiple surgeries and do not provide medical benefits, raising ethical issues"", ""Cloning can be seen as an extension of selective breeding, which may not necessarily violate ethical principles""]","[""The public is decidedly against the cloning of animals"", ""Cloning lacks any legitimate social value and decreases animal welfare"", ""Animal cloning raises serious ethical concerns due to the health risks and welfare of the cloned animals"", ""Cloning procedures often involve multiple surgeries and do not provide medical benefits, raising ethical issues"", ""Cloning can be seen as an extension of selective breeding, which may not necessarily violate ethical principles""]",5,debateqa,1780,3
How do you think long term environmental economic consequences can be mitigated in the face of short-term economic gains?,"[""Implementing immediate and phased-in climate mitigation policies can mitigate long-term environmental economic consequences"", ""Cooperation on finance and technology between countries can reduce costs and share know-how, especially for low-income countries, to address long-term environmental economic consequences"", ""Gradual and credible climate policies supported by appropriate monetary policies can help balance short-term economic costs and long-term benefits"", ""Delaying climate policies can lead to higher costs and worse trade-offs between inflation and GDP growth, exacerbating long-term environmental economic consequences"", ""Addressing the territorial impacts of crises like COVID-19 through coordinated multi-level governance and policy responses can mitigate long-term economic consequences""]","[""Implementing immediate and phased-in climate mitigation policies can mitigate long-term environmental economic consequences"", ""Cooperation on finance and technology between countries can reduce costs and share know-how, especially for low-income countries, to address long-term environmental economic consequences"", ""Gradual and credible climate policies supported by appropriate monetary policies can help balance short-term economic costs and long-term benefits"", ""Delaying climate policies can lead to higher costs and worse trade-offs between inflation and GDP growth, exacerbating long-term environmental economic consequences"", ""Addressing the territorial impacts of crises like COVID-19 through coordinated multi-level governance and policy responses can mitigate long-term economic consequences""]",5,debateqa,892,3
How do Christians justify the grandeur of their churches compared to the simplicity and humility of Jesus Christ?,"[""Christians justify the grandeur of their churches by emphasizing the church's role as the center of God's cosmic purpose and its duty to model the gospel it preaches"", ""Christians see the grandeur of churches as a reflection of God's glory and a physical manifestation of their faith, despite the simplicity of Jesus"", ""The grandeur of churches is often seen as a stumbling block to their mission when it betrays the gospel or lacks integrity""]","[""Christians justify the grandeur of their churches by emphasizing the church's role as the center of God's cosmic purpose and its duty to model the gospel it preaches"", ""Christians see the grandeur of churches as a reflection of God's glory and a physical manifestation of their faith, despite the simplicity of Jesus"", ""The grandeur of churches is often seen as a stumbling block to their mission when it betrays the gospel or lacks integrity""]",3,debateqa,1410,2
Is freedom of speech a necessity in a functional society?,"[""Freedom of speech is enshrined in the very first amendment to the U.S. Constitution"", ""Freedom of speech allows society to address damages, tear down harmful walls, open new doors, and restore foundations"", ""Freedom of speech is fundamental in a democracy as it supports the free flow of information and ideas""]","[""Freedom of speech is enshrined in the very first amendment to the U.S. Constitution"", ""Freedom of speech allows society to address damages, tear down harmful walls, open new doors, and restore foundations"", ""Freedom of speech is fundamental in a democracy as it supports the free flow of information and ideas""]",3,debateqa,261,1
The theory of evolution should not be taught in school.,"[""Evolution teaching has lasting effects on students, improving their knowledge and belief in evolution and affecting their life choices"", ""Evolution is a scientifically accepted explanation and central to modern science, thus should be included in education"", ""Teaching evolution is legally supported by the US Supreme Court decisions against laws that favor religious explanations like creationism""]","[""Evolution teaching has lasting effects on students, improving their knowledge and belief in evolution and affecting their life choices"", ""Evolution is a scientifically accepted explanation and central to modern science, thus should be included in education"", ""Teaching evolution is legally supported by the US Supreme Court decisions against laws that favor religious explanations like creationism""]",3,debateqa,778,1
Should people over 95 not be allowed to vote?,"[""a majority of Americans say voting is “a fundamental right for every adult U.S. citizen and should not be restricted in any way.”"", ""Democrats and Democratic-leaning independents overwhelmingly say voting is a fundamental right that should not be restricted in any way"", ""Two-thirds of Republicans and Republican leaners say voting is a privilege that can be limited if requirements are not met"", ""Most Americans say it is important to prevent people who are not legally qualified to vote from doing so"", ""Black Americans are more likely than those in other racial and ethnic groups to see voting as a fundamental right"", ""Younger adults are more likely than older adults to say that voting is a fundamental right for U.S. adult citizens""]","[""a majority of Americans say voting is “a fundamental right for every adult U.S. citizen and should not be restricted in any way.”"", ""Democrats and Democratic-leaning independents overwhelmingly say voting is a fundamental right that should not be restricted in any way"", ""Two-thirds of Republicans and Republican leaners say voting is a privilege that can be limited if requirements are not met"", ""Most Americans say it is important to prevent people who are not legally qualified to vote from doing so"", ""Black Americans are more likely than those in other racial and ethnic groups to see voting as a fundamental right"", ""Younger adults are more likely than older adults to say that voting is a fundamental right for U.S. adult citizens""]",6,debateqa,1336,3
Is Donald Trump a bad guy?,"[""Trump has shown that he will do whatever he can get away with"", ""Trump uses the law and legal procedures as tools of abuse and evasion of accountability"", ""Trump mocks asylum seekers and misrepresents their profiles for political rhetoric""]","[""Trump has shown that he will do whatever he can get away with"", ""Trump uses the law and legal procedures as tools of abuse and evasion of accountability"", ""Trump mocks asylum seekers and misrepresents their profiles for political rhetoric""]",3,debateqa,365,1
