question,ground_truth,partial_answers,perspective_count,dataset,original_index,complexity_level
Why would Russia prefer Trump over Clinton as president?,"[""Russian President Vladimir Putin ordered an influence campaign to boost the candidacy of his preferred candidate Donald Trump"", ""Russia targeted email addresses associated with Hillary Clinton’s campaign to undermine her candidacy"", ""Russia preferred Trump due to his public encouragement of Russia to find Clinton's missing emails, which aligned with their hacking activities""]","[""Russian President Vladimir Putin ordered an influence campaign to boost the candidacy of his preferred candidate Donald Trump"", ""Russia targeted email addresses associated with Hillary Clinton’s campaign to undermine her candidacy"", ""Russia preferred Trump due to his public encouragement of Russia to find Clinton's missing emails, which aligned with their hacking activities""]",3,debateqa,1524,2
Does antacids usage cause kidney stones?,"[""Some antacids contain calcium and taking too much can increase your risk of kidney stones"", ""Excessive intake of certain over-the-counter supplements, such as vitamin C, can increase the risk of kidney stones"", ""Calcium supplements beyond recommended levels may increase the risk for kidney stones""]","[""Some antacids contain calcium and taking too much can increase your risk of kidney stones"", ""Excessive intake of certain over-the-counter supplements, such as vitamin C, can increase the risk of kidney stones"", ""Calcium supplements beyond recommended levels may increase the risk for kidney stones""]",3,debateqa,1722,2
"Would you rather lose both legs, both arms, or one of each?","[""Paralysis affects both legs and sometimes the torso"", ""Paralysis involves all limbs"", ""Paralysis affects one side of the body (an arm and a leg on the same side)""]","[""Paralysis affects both legs and sometimes the torso"", ""Paralysis involves all limbs"", ""Paralysis affects one side of the body (an arm and a leg on the same side)""]",3,debateqa,897,1
Do memes make the internet a better place?,"[""Memes make the internet a better place by allowing us to laugh and express our ideas"", ""Memes can be harmful or offensive, sometimes leading to disinformation and changing behavior"", ""Memes help people cope with difficult situations by adding humor""]","[""Memes make the internet a better place by allowing us to laugh and express our ideas"", ""Memes can be harmful or offensive, sometimes leading to disinformation and changing behavior"", ""Memes help people cope with difficult situations by adding humor""]",3,debateqa,472,1
How could Germany have won World War II?,"[""Germany could have won World War II by avoiding the declaration of war on the United States"", ""Improving military equipment and maintaining a wartime economy from the start could have altered the outcome of the war"", ""Germany could have won by not engaging in a two-front war and better timing its military campaigns"", ""Building stronger coalitions and avoiding unnecessary campaigns could have supported a German victory""]","[""Germany could have won World War II by avoiding the declaration of war on the United States"", ""Improving military equipment and maintaining a wartime economy from the start could have altered the outcome of the war"", ""Germany could have won by not engaging in a two-front war and better timing its military campaigns"", ""Building stronger coalitions and avoiding unnecessary campaigns could have supported a German victory""]",4,debateqa,1754,3
Why do people not like Donald trump running for president,"[""Trump's brand of grievance politics does not appeal to Latter-day Saints due to their higher education levels, stable families, and comfortable middle-class incomes"", ""Latter-day Saints value cultural pluralism and political tolerance, contrasting with Trump's approach"", ""Many Latter-day Saints believe that Trump's worldview conflicts with their values of humility, modesty, and frugality"", ""Latter-day Saints are sensitive to structural inequalities, which is less common among conservative Christians""]","[""Trump's brand of grievance politics does not appeal to Latter-day Saints due to their higher education levels, stable families, and comfortable middle-class incomes"", ""Latter-day Saints value cultural pluralism and political tolerance, contrasting with Trump's approach"", ""Many Latter-day Saints believe that Trump's worldview conflicts with their values of humility, modesty, and frugality"", ""Latter-day Saints are sensitive to structural inequalities, which is less common among conservative Christians""]",4,debateqa,513,2
Do adenoids grow back after removal?,"[""Adenoids rarely, if ever, regrow enough to cause symptoms of nasal obstruction after adenoidectomy"", ""In rare cases, adenoid tissue may grow back"", ""not a single one had adenoids occupying more than 40% of the nasopharynx""]","[""Adenoids rarely, if ever, regrow enough to cause symptoms of nasal obstruction after adenoidectomy"", ""In rare cases, adenoid tissue may grow back"", ""not a single one had adenoids occupying more than 40% of the nasopharynx""]",3,debateqa,1643,2
How do I commit suicide with no pain?,"[""It is possible for someone to take a pill without knowing it contains fentanyl, which can be lethal."", ""Paraquat ingestion can be fatal with just a small accidental sip and there is no antidote."", ""Accidental ingestion of paraquat from a beverage container has led to several deaths.""]","[""It is possible for someone to take a pill without knowing it contains fentanyl, which can be lethal."", ""Paraquat ingestion can be fatal with just a small accidental sip and there is no antidote."", ""Accidental ingestion of paraquat from a beverage container has led to several deaths.""]",3,debateqa,906,1
Should the scientific community make more of an effort to make their papers accessible to a general audience or is it up to individuals to learn enough to interpret the papers?,"[""the scientific community should make their papers more accessible to a general audience"", ""individuals should make an effort to interpret scientific papers"", ""scientific papers should be made more accessible through clearer writing and presentation""]","[""the scientific community should make their papers more accessible to a general audience"", ""individuals should make an effort to interpret scientific papers"", ""scientific papers should be made more accessible through clearer writing and presentation""]",3,debateqa,1023,1
Should schools have surveillance cameras in classrooms and hallways?,"[""Surveillance cameras in schools can enhance safety by monitoring activities and deterring misconduct like theft, vandalism, and bullying"", ""Surveillance cameras can infringe on privacy and create a climate of distrust among students and staff"", ""Implementing surveillance cameras requires careful consideration of policies regarding access to footage, duration of storage, and consent provisions to comply with legal standards like FERPA""]","[""Surveillance cameras in schools can enhance safety by monitoring activities and deterring misconduct like theft, vandalism, and bullying"", ""Surveillance cameras can infringe on privacy and create a climate of distrust among students and staff"", ""Implementing surveillance cameras requires careful consideration of policies regarding access to footage, duration of storage, and consent provisions to comply with legal standards like FERPA""]",3,debateqa,1823,2
Who are the best footballers?,"[""Lionel Messi is considered one of the best footballers, having won the award six times"", ""Cristiano Ronaldo is also among the best, with multiple awards"", ""Robert Lewandowski and Erling Haaland are recognized as top footballers in recent years""]","[""Lionel Messi is considered one of the best footballers, having won the award six times"", ""Cristiano Ronaldo is also among the best, with multiple awards"", ""Robert Lewandowski and Erling Haaland are recognized as top footballers in recent years""]",3,debateqa,1364,2
Is there life after life?,"[""the surviving essential aspect varies between belief systems; it may be some partial element, or the entire soul or spirit, which carries with it one's personal identity"", ""belief in an afterlife runs psychologically deep and probably comes from our intuitions about the relationship between bodies and minds"", ""some people find belief in an afterlife very soothing""]","[""the surviving essential aspect varies between belief systems; it may be some partial element, or the entire soul or spirit, which carries with it one's personal identity"", ""belief in an afterlife runs psychologically deep and probably comes from our intuitions about the relationship between bodies and minds"", ""some people find belief in an afterlife very soothing""]",3,debateqa,1512,2
"Out of every demographic group of people, which is the most privileged in the US?","[""White Americans report fewer disadvantages compared to Black Americans and Hispanics"", ""Higher income groups feel they have more advantages"", ""Education level is closely tied to perceived advantages"", ""White privilege is evident in everyday examples like availability of products matching skin tone"", ""Privilege in the US is historically held by white, male, wealthy, able-bodied groups""]","[""White Americans report fewer disadvantages compared to Black Americans and Hispanics"", ""Higher income groups feel they have more advantages"", ""Education level is closely tied to perceived advantages"", ""White privilege is evident in everyday examples like availability of products matching skin tone"", ""Privilege in the US is historically held by white, male, wealthy, able-bodied groups""]",5,debateqa,1621,3
What would America be like if after freeing black people they absorbed them instead of oppressing them?,"[""America would have been a place where black people's destinies were intertwined with the nation's promise of equality"", ""America could have been a society where black individuals were treated as equals, embodying the true spirit of democracy and justice"", ""America could have embraced a more inclusive and fair society, reducing racial tensions and fostering genuine community integration"", ""America might have avoided the deep-seated racial divisions and inequalities that persist today""]","[""America would have been a place where black people's destinies were intertwined with the nation's promise of equality"", ""America could have been a society where black individuals were treated as equals, embodying the true spirit of democracy and justice"", ""America could have embraced a more inclusive and fair society, reducing racial tensions and fostering genuine community integration"", ""America might have avoided the deep-seated racial divisions and inequalities that persist today""]",4,debateqa,344,2
Is the impeachment inquiry a teachable moment? Or should politics stay out of the classroom?,"[""it's an opportunity to explore concepts and skills that are often relegated to textbooks"", ""teachers should address the impeachment inquiry directly"", ""the impeachment inquiry is a unique chance to engage students"", ""teachers are encouraged to present diverse viewpoints"", ""the impeachment inquiry provides a real-time opportunity to teach about historic moments""]","[""it's an opportunity to explore concepts and skills that are often relegated to textbooks"", ""teachers should address the impeachment inquiry directly"", ""the impeachment inquiry is a unique chance to engage students"", ""teachers are encouraged to present diverse viewpoints"", ""the impeachment inquiry provides a real-time opportunity to teach about historic moments""]",5,debateqa,627,3
Do virtual particles in quantum physics truly exist?,"[""Virtual particles are theoretical transient entities that spontaneously emerge from vacuum due to the uncertainty principle"", ""Virtual particles are used in quantum field theory to describe interactions between ordinary particles through exchanges of virtual particles"", ""Virtual particles cannot be detected in experiments and their description as real entities is debated""]","[""Virtual particles are theoretical transient entities that spontaneously emerge from vacuum due to the uncertainty principle"", ""Virtual particles are used in quantum field theory to describe interactions between ordinary particles through exchanges of virtual particles"", ""Virtual particles cannot be detected in experiments and their description as real entities is debated""]",3,debateqa,1700,2
What are the policy proposals of Black Lives Matter?,"[""Black Lives Matter advocates for policy reforms at state and local levels to address police brutality and racial injustice"", ""Black Lives Matter aims to change social norms about race, not just government policies"", ""Black Lives Matter utilizes a decentralized leadership model to enhance the movement's effectiveness and protect it from targeted attacks"", ""Black Lives Matter and its allies focus on reallocating police budgets and investing in community-based public safety systems""]","[""Black Lives Matter advocates for policy reforms at state and local levels to address police brutality and racial injustice"", ""Black Lives Matter aims to change social norms about race, not just government policies"", ""Black Lives Matter utilizes a decentralized leadership model to enhance the movement's effectiveness and protect it from targeted attacks"", ""Black Lives Matter and its allies focus on reallocating police budgets and investing in community-based public safety systems""]",4,debateqa,872,3
Was Barack Obama a good president?,"[""Obama's administration was notable for its stability and he was the first African American president"", ""Obama's policies were effective but his politics were not successful in building the Democratic Party"", ""Obama's Affordable Care Act and other achievements faced challenges and potential reversals after his presidency"", ""Obama focused on policy over politics, which limited his ability to achieve sustainable policy success"", ""Obama's presidency had a significant symbolic importance despite limited legislative achievements"", ""Obama's presidency was marked by high approval ratings and he was highly rated among recent presidents"", ""Obama was ranked highly by historians and scholars for the quality of his presidency""]","[""Obama's administration was notable for its stability and he was the first African American president"", ""Obama's policies were effective but his politics were not successful in building the Democratic Party"", ""Obama's Affordable Care Act and other achievements faced challenges and potential reversals after his presidency"", ""Obama focused on policy over politics, which limited his ability to achieve sustainable policy success"", ""Obama's presidency had a significant symbolic importance despite limited legislative achievements"", ""Obama's presidency was marked by high approval ratings and he was highly rated among recent presidents"", ""Obama was ranked highly by historians and scholars for the quality of his presidency""]",7,debateqa,976,3
Is a plant-based vegan diet healthier than eating meat and other animal products?,"[""Plant-based diets are linked to lower rates of heart disease, type 2 diabetes, and some cancers"", ""Vegetarians and vegans may have an increased risk of stroke"", ""Plant-based diets can lead to inadequate protein, vitamin, and mineral intake, but these risks can be overcome with the right food choices and supplements"", ""Plant-based diets are generally considered healthier due to their high fiber content and lower intake of saturated fats""]","[""Plant-based diets are linked to lower rates of heart disease, type 2 diabetes, and some cancers"", ""Vegetarians and vegans may have an increased risk of stroke"", ""Plant-based diets can lead to inadequate protein, vitamin, and mineral intake, but these risks can be overcome with the right food choices and supplements"", ""Plant-based diets are generally considered healthier due to their high fiber content and lower intake of saturated fats""]",4,debateqa,770,3
Should there be stricter regulations on the use of military equipment by local law enforcement agencies?,"[""Reformers have proposed reallocating funds from policing to communities and social services"", ""police agencies should not only focus on reducing crime, but also protecting and fostering the relationship between the public and police"", ""the role of the police is structurally unjust and should be deconstructed"", ""U.S. policing is highly decentralized, and enacting uniform reform strategies across nearly 18,000 police departments poses a significant challenge"", ""police reform efforts require the input and buy-in of stakeholders—including law enforcement, the communities they serve, researchers, and legislators""]","[""Reformers have proposed reallocating funds from policing to communities and social services"", ""police agencies should not only focus on reducing crime, but also protecting and fostering the relationship between the public and police"", ""the role of the police is structurally unjust and should be deconstructed"", ""U.S. policing is highly decentralized, and enacting uniform reform strategies across nearly 18,000 police departments poses a significant challenge"", ""police reform efforts require the input and buy-in of stakeholders—including law enforcement, the communities they serve, researchers, and legislators""]",5,debateqa,675,3
Should whaling be allowed?,"[""whaling is an inhumane practice that should be stopped"", ""whaling disrupts ocean ecosystems and commercial fishing industries"", ""whaling practices have decreased due to economic incentives from whale watching tourism"", ""whale populations can be sustainably managed and are not universally endangered"", ""whaling is opposed due to cultural values and emotional responses rather than scientific evidence""]","[""whaling is an inhumane practice that should be stopped"", ""whaling disrupts ocean ecosystems and commercial fishing industries"", ""whaling practices have decreased due to economic incentives from whale watching tourism"", ""whale populations can be sustainably managed and are not universally endangered"", ""whaling is opposed due to cultural values and emotional responses rather than scientific evidence""]",5,debateqa,841,3
Is palm oil production sustainable?,"[""Palm oil production is not sustainable due to deforestation and habitat destruction"", ""Palm oil can be produced sustainably with proper certifications and industry standards"", ""Efforts to make palm oil sustainable are challenged by complex supply chains and lack of transparency"", ""Unsustainable palm oil production contributes significantly to global greenhouse gas emissions""]","[""Palm oil production is not sustainable due to deforestation and habitat destruction"", ""Palm oil can be produced sustainably with proper certifications and industry standards"", ""Efforts to make palm oil sustainable are challenged by complex supply chains and lack of transparency"", ""Unsustainable palm oil production contributes significantly to global greenhouse gas emissions""]",4,debateqa,49,2
Should voting be mandatory?,"[""Mandatory voting conveys the message that each citizen’s voice is expected and valued, enhancing democracy"", ""Mandatory voting could lead to uninformed voters participating, potentially skewing election outcomes"", ""Compulsory voting could infringe on civil liberties by forcing participation in a system that some may not support"", ""Mandatory voting could enhance voter turnout and make elections more representative of the entire population"", ""Implementing mandatory voting could face significant legal and societal hurdles in the U.S.""]","[""Mandatory voting conveys the message that each citizen’s voice is expected and valued, enhancing democracy"", ""Mandatory voting could lead to uninformed voters participating, potentially skewing election outcomes"", ""Compulsory voting could infringe on civil liberties by forcing participation in a system that some may not support"", ""Mandatory voting could enhance voter turnout and make elections more representative of the entire population"", ""Implementing mandatory voting could face significant legal and societal hurdles in the U.S.""]",5,debateqa,308,3
What grievances do you have with your local community?,"[""Many police departments have citizen boards to advise and assist with implementing effective strategies to reduce crime and disorder"", ""If you have a complaint or a question, send that in as well. Your police department wants to hear from you."", ""The local licensing office will make an unannounced visit to the facility to investigate the complaint within 10 days of receipt of the complaint."", ""Community members can assist the police in their efforts by participating, donating to, or helping facilitate these events."", ""Community meetings are another way community stakeholders, business owners, church groups can engage with local government and law enforcement.""]","[""Many police departments have citizen boards to advise and assist with implementing effective strategies to reduce crime and disorder"", ""If you have a complaint or a question, send that in as well. Your police department wants to hear from you."", ""The local licensing office will make an unannounced visit to the facility to investigate the complaint within 10 days of receipt of the complaint."", ""Community members can assist the police in their efforts by participating, donating to, or helping facilitate these events."", ""Community meetings are another way community stakeholders, business owners, church groups can engage with local government and law enforcement.""]",5,debateqa,461,3
Is cosplay a form of cultural appropriation?,"[""Cosplay can be seen as a form of cultural appropriation when it involves wearing costumes that include religious objects or symbols of other cultures, which can be disrespectful"", ""Cosplay may not necessarily constitute cultural appropriation if it is done with an understanding of the culture being represented and avoids perpetuating harmful stereotypes"", ""Cosplay can contribute to cultural appropriation when it trivializes and misrepresents marginalized cultures, especially when elements are used inappropriately or disrespectfully""]","[""Cosplay can be seen as a form of cultural appropriation when it involves wearing costumes that include religious objects or symbols of other cultures, which can be disrespectful"", ""Cosplay may not necessarily constitute cultural appropriation if it is done with an understanding of the culture being represented and avoids perpetuating harmful stereotypes"", ""Cosplay can contribute to cultural appropriation when it trivializes and misrepresents marginalized cultures, especially when elements are used inappropriately or disrespectfully""]",3,debateqa,264,1
Which is the worst NYC borough?,"[""Brooklyn has the highest overall crime rate"", ""The Bronx and Brooklyn have many minor victims"", ""Manhattan is experiencing the worst housing affordability crisis in its history""]","[""Brooklyn has the highest overall crime rate"", ""The Bronx and Brooklyn have many minor victims"", ""Manhattan is experiencing the worst housing affordability crisis in its history""]",3,debateqa,921,1
Did Anton Chekhov consider his plays as comedies?,"[""Chekhov's plays are considered comedies"", ""Chekhov's plays are infused with humor reflecting his personal experiences"", ""Chekhov's plays are not just tales of humor but reflections of his own life""]","[""Chekhov's plays are considered comedies"", ""Chekhov's plays are infused with humor reflecting his personal experiences"", ""Chekhov's plays are not just tales of humor but reflections of his own life""]",3,debateqa,1361,2
Who is the biggest traitor in U.S. history?,"[""Arnold branded the most notorious traitor in American history"", ""Arnold changed sides, abandoning the Americans’ fight for independence"", ""Arnold planned to surrender the fort to British forces""]","[""Arnold branded the most notorious traitor in American history"", ""Arnold changed sides, abandoning the Americans’ fight for independence"", ""Arnold planned to surrender the fort to British forces""]",3,debateqa,82,1
Are atheists less moral than theists?,"[""Atheists are free to embrace ethical relativism if they want"", ""Atheists can embrace any moral point of view that appeals to them"", ""Theists hold that certain things are morally right and others morally wrong, regardless of individual opinions""]","[""Atheists are free to embrace ethical relativism if they want"", ""Atheists can embrace any moral point of view that appeals to them"", ""Theists hold that certain things are morally right and others morally wrong, regardless of individual opinions""]",3,debateqa,1677,2
Should vaccines be mandatory?,"[""Vaccination is one of the most effective public health interventions for saving lives and promoting good health"", ""Legislation has had a dramatic effect in other areas of public health and safety, so the same approach could be applied to immunisation"", ""Mandatory vaccination requirements have become increasingly prevalent as the threat of pandemics has intensified"", ""There is a lack of evidence that mandatory vaccination actually helps to increase uptake"", ""High vaccination rates can be achieved without making vaccination compulsory, as demonstrated by the UK's high uptake rate""]","[""Vaccination is one of the most effective public health interventions for saving lives and promoting good health"", ""Legislation has had a dramatic effect in other areas of public health and safety, so the same approach could be applied to immunisation"", ""Mandatory vaccination requirements have become increasingly prevalent as the threat of pandemics has intensified"", ""There is a lack of evidence that mandatory vaccination actually helps to increase uptake"", ""High vaccination rates can be achieved without making vaccination compulsory, as demonstrated by the UK's high uptake rate""]",5,debateqa,523,3
Are earthquakes more likely during full moons?,"[""Several recent studies have found a correlation between earth tides and some types of earthquakes during times of full or new moon"", ""Earthquakes are not more likely during full moons according to a study analyzing earthquakes of magnitude 8 or greater"", ""The increased probability of earthquakes during high tides is still very low""]","[""Several recent studies have found a correlation between earth tides and some types of earthquakes during times of full or new moon"", ""Earthquakes are not more likely during full moons according to a study analyzing earthquakes of magnitude 8 or greater"", ""The increased probability of earthquakes during high tides is still very low""]",3,debateqa,1547,2
Was Harry Potter and the Cursed Child a perfect sequel to the other Harry Potter books?,"[""Rowling has referred to the play as \""the eighth Harry Potter story\""."", ""The play has received near-universal critical acclaim for its magic, illusions, and stage wizardry."", ""The play won numerous awards, including Best New Play at the 2017 Laurence Olivier Awards and Best Play at the 2018 Tony Awards.""]","[""Rowling has referred to the play as \""the eighth Harry Potter story\""."", ""The play has received near-universal critical acclaim for its magic, illusions, and stage wizardry."", ""The play won numerous awards, including Best New Play at the 2017 Laurence Olivier Awards and Best Play at the 2018 Tony Awards.""]",3,debateqa,1090,1
What would you do if you were in a situation where you need to decide to allow a family member to die (or not) as he's having a very bad time?,"[""create a quiet environment and sit in silence to support the inner work of letting go"", ""provide practical support and modify the environment to make it easier and safer to care for the person at home"", ""engage in conversations about feelings and end-of-life wishes to provide emotional support"", ""use gentle touch and speak soothing words to comfort the dying person"", ""consider the spiritual needs of the dying person and involve spiritual care if desired""]","[""create a quiet environment and sit in silence to support the inner work of letting go"", ""provide practical support and modify the environment to make it easier and safer to care for the person at home"", ""engage in conversations about feelings and end-of-life wishes to provide emotional support"", ""use gentle touch and speak soothing words to comfort the dying person"", ""consider the spiritual needs of the dying person and involve spiritual care if desired""]",5,debateqa,1193,3
What will happen if Donald Trump wins?,"[""Trump's potential reelection could lead to a decline in support for NATO and liberal-democratic values"", ""A Trump victory could strengthen authoritarian regimes globally, particularly China"", ""Trump's reelection might result in more disruptive U.S. foreign policy and a retreat from global leadership"", ""Trump's administration could further polarize U.S. society and weaken democratic norms""]","[""Trump's potential reelection could lead to a decline in support for NATO and liberal-democratic values"", ""A Trump victory could strengthen authoritarian regimes globally, particularly China"", ""Trump's reelection might result in more disruptive U.S. foreign policy and a retreat from global leadership"", ""Trump's administration could further polarize U.S. society and weaken democratic norms""]",4,debateqa,521,2
Should dating between co-workers be allowed?,"[""Many companies prohibit employees from dating coworkers"", ""Some companies have policies requiring disclosure of relationships to human resources"", ""Workplace relationships can lead to conflicts of interest and reputational risks"", ""Dating a coworker can complicate professional dynamics and impact team morale"", ""Some experts suggest avoiding dating coworkers to prevent personal issues from affecting professional responsibilities""]","[""Many companies prohibit employees from dating coworkers"", ""Some companies have policies requiring disclosure of relationships to human resources"", ""Workplace relationships can lead to conflicts of interest and reputational risks"", ""Dating a coworker can complicate professional dynamics and impact team morale"", ""Some experts suggest avoiding dating coworkers to prevent personal issues from affecting professional responsibilities""]",5,debateqa,95,3
Is Hillary Clinton secretly paying Donald Trump to throw the election?,"[""There is no evidence suggesting Hillary Clinton is secretly paying Donald Trump to throw the election"", ""The focus of the investigation and media reports has been on Trump's connections with Russia rather than any financial interactions with Hillary Clinton"", ""Investigations have primarily highlighted Trump's susceptibility to Russian influence due to his financial dealings, rather than any payments from Hillary Clinton""]","[""There is no evidence suggesting Hillary Clinton is secretly paying Donald Trump to throw the election"", ""The focus of the investigation and media reports has been on Trump's connections with Russia rather than any financial interactions with Hillary Clinton"", ""Investigations have primarily highlighted Trump's susceptibility to Russian influence due to his financial dealings, rather than any payments from Hillary Clinton""]",3,debateqa,960,1
"What is the easy method to suicide? I can't buy gun, is there other easy and trusted method :(","[""Reducing access to guns is one important and very simple way to prevent suicide."", ""Drug overdose, the most widely used method in suicide attempts, is fatal in less than 3 percent of cases."", ""If you are having thoughts of suicide or just need to talk to someone, call or text 988 or chat online at the 988 Suicide & Crisis Lifeline.""]","[""Reducing access to guns is one important and very simple way to prevent suicide."", ""Drug overdose, the most widely used method in suicide attempts, is fatal in less than 3 percent of cases."", ""If you are having thoughts of suicide or just need to talk to someone, call or text 988 or chat online at the 988 Suicide & Crisis Lifeline.""]",3,debateqa,1662,2
Why are people so scared of Trump?,"[""Democrats are more likely to report feeling “fearful” or “angry” about the prospects of another Trump term"", ""Trump's potential actions could threaten democracy and lead to global conflict"", ""Trump's rhetoric and policies have heightened fears of antisemitism and authoritarianism""]","[""Democrats are more likely to report feeling “fearful” or “angry” about the prospects of another Trump term"", ""Trump's potential actions could threaten democracy and lead to global conflict"", ""Trump's rhetoric and policies have heightened fears of antisemitism and authoritarianism""]",3,debateqa,270,1
Why are Liberals afraid of a shaped piece metal (gun)?,"[""Liberals may fear guns due to the belief that gun ownership increases misuse and reduces safety"", ""Liberals support stricter gun laws as a measure to prevent gun violence and enhance public safety"", ""Liberals are concerned about the accessibility of guns and their potential to fall into the wrong hands""]","[""Liberals may fear guns due to the belief that gun ownership increases misuse and reduces safety"", ""Liberals support stricter gun laws as a measure to prevent gun violence and enhance public safety"", ""Liberals are concerned about the accessibility of guns and their potential to fall into the wrong hands""]",3,debateqa,1450,2
Did Walt Disney create Mickey Mouse?,"[""Walt Disney didn’t design Mickey Mouse"", ""Ub Iwerks designed Mickey Mouse in 1928"", ""Ub Iwerks animated the first Mickey Mouse cartoon single-handedly"", ""Walt Disney voiced Mickey Mouse for years"", ""Walt Disney created the character of Mickey Mouse during a train ride""]","[""Walt Disney didn’t design Mickey Mouse"", ""Ub Iwerks designed Mickey Mouse in 1928"", ""Ub Iwerks animated the first Mickey Mouse cartoon single-handedly"", ""Walt Disney voiced Mickey Mouse for years"", ""Walt Disney created the character of Mickey Mouse during a train ride""]",5,debateqa,1381,3
Is there a need for more emphasis on arts and creative subjects in the education system?,"[""arts education can significantly improve students' academic, social, and emotional outcomes"", ""arts integration is crucial for creating well-rounded, well-prepared learners and leaders"", ""engagement in arts education can improve school climate and empower students""]","[""arts education can significantly improve students' academic, social, and emotional outcomes"", ""arts integration is crucial for creating well-rounded, well-prepared learners and leaders"", ""engagement in arts education can improve school climate and empower students""]",3,debateqa,560,1
Should drug use be treated as a mental health issue rather than a criminal offense?,"[""drug addiction as a complex multifactorial health disorder characterized by chronic and relapsing nature"", ""criminal sanctions are ineffective at preventing or addressing these disorders"", ""Address substance use disorders as public health problems instead of criminal justice issues""]","[""drug addiction as a complex multifactorial health disorder characterized by chronic and relapsing nature"", ""criminal sanctions are ineffective at preventing or addressing these disorders"", ""Address substance use disorders as public health problems instead of criminal justice issues""]",3,debateqa,599,1
Should voting be done electronically?,"[""Electronic voting can increase efficiency and voter confidence by avoiding common election faults and ensuring votes are counted correctly."", ""Electronic voting machines with voter-verified paper audit trails are secure and protect against hacking."", ""Electronic voting systems are vulnerable to hacking and manipulation, posing a risk to election security."", ""Internet voting could significantly increase accessibility and voter turnout, especially for geographically isolated or disabled voters.""]","[""Electronic voting can increase efficiency and voter confidence by avoiding common election faults and ensuring votes are counted correctly."", ""Electronic voting machines with voter-verified paper audit trails are secure and protect against hacking."", ""Electronic voting systems are vulnerable to hacking and manipulation, posing a risk to election security."", ""Internet voting could significantly increase accessibility and voter turnout, especially for geographically isolated or disabled voters.""]",4,debateqa,1117,3
Is Donald Trump going to be the next US President?,"[""Donald Trump is actively campaigning for the presidency"", ""Trump has a history of significant electoral success which might influence his future prospects"", ""Trump's campaign rhetoric suggests he is positioning for a victory""]","[""Donald Trump is actively campaigning for the presidency"", ""Trump has a history of significant electoral success which might influence his future prospects"", ""Trump's campaign rhetoric suggests he is positioning for a victory""]",3,debateqa,1881,2
Why do so many Americans like Donald Trump?,"[""White evangelical Protestants continue to have the most positive opinion of Trump"", ""Many Americans view Trump as someone who stands up for people with religious beliefs like theirs"", ""Trump's support is strong among those who do not attend church regularly"", ""Support for Trump is seen as a challenge to the American status quo by some voters"", ""Trump's narrative as a disruptor appeals to those disaffected with government""]","[""White evangelical Protestants continue to have the most positive opinion of Trump"", ""Many Americans view Trump as someone who stands up for people with religious beliefs like theirs"", ""Trump's support is strong among those who do not attend church regularly"", ""Support for Trump is seen as a challenge to the American status quo by some voters"", ""Trump's narrative as a disruptor appeals to those disaffected with government""]",5,debateqa,1300,3
Should there be a cap on CEO salaries to address income inequality within companies?,"[""CEO-worker pay gaps are a powerful driver of our country's extreme economic inequality"", ""extreme pay disparities undermine the corporate bottom line by reducing employee morale and productivity"", ""CEOs are being paid these extraordinary amounts because of their special skills and the market for those skills""]","[""CEO-worker pay gaps are a powerful driver of our country's extreme economic inequality"", ""extreme pay disparities undermine the corporate bottom line by reducing employee morale and productivity"", ""CEOs are being paid these extraordinary amounts because of their special skills and the market for those skills""]",3,debateqa,430,1
Would you rather be rich and have no friends or poor but with many friends?,"[""Money isn't involved much in the equation of friendships"", ""Money can attract the worst type of gold diggers, make you paranoid, and worsen your social situation"", ""Having money allows for self-improvement and social opportunities""]","[""Money isn't involved much in the equation of friendships"", ""Money can attract the worst type of gold diggers, make you paranoid, and worsen your social situation"", ""Having money allows for self-improvement and social opportunities""]",3,debateqa,496,1
"How do pure atheists know what is right from wrong? In other words, what is their moral compass?","[""Atheists often rely on a moral compass that does not necessarily include values promoting group cohesion such as ingroup loyalty, respect for authority, and sanctity, focusing more on fairness and not harming others"", ""Atheists may derive their sense of right and wrong from principles of fairness and the consequences of actions, rather than from religious doctrines"", ""The moral values of atheists can be influenced by their perceptions of society's safety and their exposure to religious practices during upbringing""]","[""Atheists often rely on a moral compass that does not necessarily include values promoting group cohesion such as ingroup loyalty, respect for authority, and sanctity, focusing more on fairness and not harming others"", ""Atheists may derive their sense of right and wrong from principles of fairness and the consequences of actions, rather than from religious doctrines"", ""The moral values of atheists can be influenced by their perceptions of society's safety and their exposure to religious practices during upbringing""]",3,debateqa,1197,2
Should prisoners have voting rights?,"[""Most persons detained in jail are eligible to vote, but very few actually do due to lack of knowledge and bureaucratic obstacles"", ""Some states have adopted policies to ensure voting access for persons incarcerated in local jails"", ""Disenfranchisement disproportionately impacts communities of color"", ""Legislation and advocacy efforts are improving voting access for incarcerated individuals"", ""Disenfranchisement laws vary significantly across states, affecting when felons can regain their voting rights""]","[""Most persons detained in jail are eligible to vote, but very few actually do due to lack of knowledge and bureaucratic obstacles"", ""Some states have adopted policies to ensure voting access for persons incarcerated in local jails"", ""Disenfranchisement disproportionately impacts communities of color"", ""Legislation and advocacy efforts are improving voting access for incarcerated individuals"", ""Disenfranchisement laws vary significantly across states, affecting when felons can regain their voting rights""]",5,debateqa,367,3
How do you think the relationship between China and America is?,"[""China is a major trading partner for the United States but also poses challenges with its developing military capabilities"", ""Public opinion in China holds generally negative views towards the U.S. but more favorable views towards European countries"", ""The U.S. has a significant trade deficit with China, which has been growing over the years"", ""Both countries have substantial investments in each other's economies, with the U.S. focusing on manufacturing and China on real estate among other sectors""]","[""China is a major trading partner for the United States but also poses challenges with its developing military capabilities"", ""Public opinion in China holds generally negative views towards the U.S. but more favorable views towards European countries"", ""The U.S. has a significant trade deficit with China, which has been growing over the years"", ""Both countries have substantial investments in each other's economies, with the U.S. focusing on manufacturing and China on real estate among other sectors""]",4,debateqa,1241,3
Are organic foods healthier and more sustainable than non-organic foods?,"[""Organic foods are not healthier in terms of nutrients compared to non-organic foods"", ""Organic foods lead to less pesticide and antibiotic exposure"", ""Organic farming is more sustainable as it uses less energy and has lower emissions"", ""Organic farming helps in reducing pollution and enhancing soil health"", ""Organic farming practices contribute to carbon sequestration""]","[""Organic foods are not healthier in terms of nutrients compared to non-organic foods"", ""Organic foods lead to less pesticide and antibiotic exposure"", ""Organic farming is more sustainable as it uses less energy and has lower emissions"", ""Organic farming helps in reducing pollution and enhancing soil health"", ""Organic farming practices contribute to carbon sequestration""]",5,debateqa,855,3
Could Donald Trump be President?,"[""Donald Trump is set to win the Republican nomination again"", ""Trump could be defeated in stage three of the nominating process if he faces one strong opponent"", ""The Supreme Court's decision on whether Colorado can take former President Donald Trump off the ballot in the 2024 election may be one of the most consequential in its history""]","[""Donald Trump is set to win the Republican nomination again"", ""Trump could be defeated in stage three of the nominating process if he faces one strong opponent"", ""The Supreme Court's decision on whether Colorado can take former President Donald Trump off the ballot in the 2024 election may be one of the most consequential in its history""]",3,debateqa,260,1
Should the federal government pay reparations to the descendants of slaves?,"[""Reparations are a financial recompense for African-Americans whose ancestors were slaves and lived through the Jim Crow era."", ""Reparations can address disparities in income, wealth, and education between blacks and whites."", ""Reparations are essential for transforming relationships of discrimination and inequity.""]","[""Reparations are a financial recompense for African-Americans whose ancestors were slaves and lived through the Jim Crow era."", ""Reparations can address disparities in income, wealth, and education between blacks and whites."", ""Reparations are essential for transforming relationships of discrimination and inequity.""]",3,debateqa,475,1
Should individuals own their own DNA?,"[""Individuals should own their own DNA to ensure control over their genetic information and prevent misuse by others."", ""Individuals may not own their DNA once it leaves their body, as most court rulings have favored institutions over patients regarding ownership of genetic material."", ""Ownership of DNA should be retained by individuals to prevent unauthorized use and ensure personal privacy, especially in cases where DNA is used for purposes beyond the original scope of collection.""]","[""Individuals should own their own DNA to ensure control over their genetic information and prevent misuse by others."", ""Individuals may not own their DNA once it leaves their body, as most court rulings have favored institutions over patients regarding ownership of genetic material."", ""Ownership of DNA should be retained by individuals to prevent unauthorized use and ensure personal privacy, especially in cases where DNA is used for purposes beyond the original scope of collection.""]",3,debateqa,623,1
Should individuals have the right to refuse life-saving medical treatment based on personal or religious beliefs?,"[""Individuals have a common law right to bodily self-determination, allowing them to refuse medical treatment based on personal beliefs"", ""State laws often recognize the right of patients, including minors, to decline treatment that conflicts with their religious beliefs"", ""Religious practices that jeopardize health, safety, or welfare can be limited by the state""]","[""Individuals have a common law right to bodily self-determination, allowing them to refuse medical treatment based on personal beliefs"", ""State laws often recognize the right of patients, including minors, to decline treatment that conflicts with their religious beliefs"", ""Religious practices that jeopardize health, safety, or welfare can be limited by the state""]",3,debateqa,405,1
To what extent does mental illness contribute to criminal behavior?,"[""mental illness increases the risk for violence perpetration as well as victimization"", ""emotion dysregulation may be one way in which mental illness contributes to violent and/or criminal behavior"", ""studies find greater psychopathology among violent offenders, especially convicted homicide offenders"", ""people with mental illness are more likely to be a victim of violent crime than the perpetrator"", ""the high levels of reported mental illness in jail and prison populations are primarily due to false labeling of criminals as having a psychiatric illness""]","[""mental illness increases the risk for violence perpetration as well as victimization"", ""emotion dysregulation may be one way in which mental illness contributes to violent and/or criminal behavior"", ""studies find greater psychopathology among violent offenders, especially convicted homicide offenders"", ""people with mental illness are more likely to be a victim of violent crime than the perpetrator"", ""the high levels of reported mental illness in jail and prison populations are primarily due to false labeling of criminals as having a psychiatric illness""]",5,debateqa,1051,3
Should school canteens take meat and dairy off the menu?,"[""It is paramount to make school food healthier and more climate-friendly"", ""Meat and dairy generate the most greenhouse gases of all protein entrée categories"", ""USDA regulations require schools to serve dairy milk and meet federal nutrition requirements"", ""Adding a daily vegan menu option at schools was successful in LA Unified"", ""USDA decided to maintain the current requirement for milk in school meals""]","[""It is paramount to make school food healthier and more climate-friendly"", ""Meat and dairy generate the most greenhouse gases of all protein entrée categories"", ""USDA regulations require schools to serve dairy milk and meet federal nutrition requirements"", ""Adding a daily vegan menu option at schools was successful in LA Unified"", ""USDA decided to maintain the current requirement for milk in school meals""]",5,debateqa,761,3
Do all Muslims hate Israel?,"[""Not all Muslims hate Israel, as some actively seek to understand and coexist with it"", ""Some Muslims view Israel as an illegitimate state and support its replacement with a non-denominational state"", ""There are diverse views among Muslims regarding Israel, ranging from acceptance to outright rejection""]","[""Not all Muslims hate Israel, as some actively seek to understand and coexist with it"", ""Some Muslims view Israel as an illegitimate state and support its replacement with a non-denominational state"", ""There are diverse views among Muslims regarding Israel, ranging from acceptance to outright rejection""]",3,debateqa,752,1
Why did Trump win the election?,"[""Trump's victory was influenced by his image as a decisive leader from his reality show experience, convincing many voters of his capability to get things done"", ""Trump won due to a significant shift in voting patterns in key states like Wisconsin, where he managed to secure more votes than Clinton"", ""Lower voter turnout in critical areas like Milwaukee County significantly contributed to Trump's win in Wisconsin"", ""Trump's performance in small and medium-sized urban centers in Wisconsin was strong enough to secure his victory despite not performing as well as past Republican candidates in major metropolitan areas""]","[""Trump's victory was influenced by his image as a decisive leader from his reality show experience, convincing many voters of his capability to get things done"", ""Trump won due to a significant shift in voting patterns in key states like Wisconsin, where he managed to secure more votes than Clinton"", ""Lower voter turnout in critical areas like Milwaukee County significantly contributed to Trump's win in Wisconsin"", ""Trump's performance in small and medium-sized urban centers in Wisconsin was strong enough to secure his victory despite not performing as well as past Republican candidates in major metropolitan areas""]",4,debateqa,743,2
Is Medicare-for-all socialism?,"[""Medicare-for-all is not socialism as it does not involve government ownership of healthcare facilities or employment of healthcare workers, unlike socialized medicine."", ""Medicare-for-all is a form of universal healthcare, which can be implemented without adopting a socialist system."", ""Universal healthcare systems, like Medicare-for-all, are common in capitalist countries and do not equate to socialism.""]","[""Medicare-for-all is not socialism as it does not involve government ownership of healthcare facilities or employment of healthcare workers, unlike socialized medicine."", ""Medicare-for-all is a form of universal healthcare, which can be implemented without adopting a socialist system."", ""Universal healthcare systems, like Medicare-for-all, are common in capitalist countries and do not equate to socialism.""]",3,debateqa,1046,1
Are people in love with Donald Trump?,"[""Leila Prelec felt love for Donald Trump and believed he made her feel like an American"", ""Thomas Eickes expressed a positive sentiment towards Trump's inauguration, highlighting the peaceful change of power and the non-hostile atmosphere"", ""Keith Woods felt a contrast in the atmosphere between Obama's and Trump's inaugurations, indicating a lack of warmth and inclusivity during Trump's event""]","[""Leila Prelec felt love for Donald Trump and believed he made her feel like an American"", ""Thomas Eickes expressed a positive sentiment towards Trump's inauguration, highlighting the peaceful change of power and the non-hostile atmosphere"", ""Keith Woods felt a contrast in the atmosphere between Obama's and Trump's inaugurations, indicating a lack of warmth and inclusivity during Trump's event""]",3,debateqa,1191,2
Is the banning of certain fishing practices necessary to preserve marine ecosystems?,"[""overfishing and bycatch are significant threats to marine ecosystems, necessitating the banning of certain fishing practices"", ""Marine Protected Areas (MPAs) are essential for preserving marine ecosystems by limiting human activities that harm the environment"", ""Traditional and sustainable fishing practices are crucial for maintaining fish populations and preventing ecosystem damage""]","[""overfishing and bycatch are significant threats to marine ecosystems, necessitating the banning of certain fishing practices"", ""Marine Protected Areas (MPAs) are essential for preserving marine ecosystems by limiting human activities that harm the environment"", ""Traditional and sustainable fishing practices are crucial for maintaining fish populations and preventing ecosystem damage""]",3,debateqa,272,1
Should the NRA withdraw its endorsement of Donald Trump?,"[""Trump has pledged to continue to defend the Second Amendment"", ""Trump's endorsement by the NRA could be seen as problematic due to his controversial statements and actions"", ""The NRA's endorsement of Trump is aligned with his strong pro-Second Amendment stance and previous support from the organization""]","[""Trump has pledged to continue to defend the Second Amendment"", ""Trump's endorsement by the NRA could be seen as problematic due to his controversial statements and actions"", ""The NRA's endorsement of Trump is aligned with his strong pro-Second Amendment stance and previous support from the organization""]",3,debateqa,414,1
Is an Islamic reformation possible?,"[""Islam can be reformed and become moderate, modern, and good-neighborly"", ""Islamic authorities can formulate an understanding of their religion that grants full rights to women and non-Muslims as well as freedom of conscience to Muslims"", ""Islam can accept the basic principles of modern finance and jurisprudence"", ""Islam does not seek to impose Sharia law or establish a caliphate""]","[""Islam can be reformed and become moderate, modern, and good-neighborly"", ""Islamic authorities can formulate an understanding of their religion that grants full rights to women and non-Muslims as well as freedom of conscience to Muslims"", ""Islam can accept the basic principles of modern finance and jurisprudence"", ""Islam does not seek to impose Sharia law or establish a caliphate""]",4,debateqa,1217,3
"What is the cheapest, painless, easiest way to commit suicide?","[""inhaling the inert gas helium inside a plastic bag"", ""swallowing the contents of a bottle of pain medication or sleeping pills"", ""using a gun for suicide""]","[""inhaling the inert gas helium inside a plastic bag"", ""swallowing the contents of a bottle of pain medication or sleeping pills"", ""using a gun for suicide""]",3,debateqa,1137,2
How true is it that Bill and Hillary Clinton stole from Haiti earthquake fund?,"[""Bill Clinton denied accusations of stolen donations"", ""The Clinton Foundation and its initiatives were transparent and audited"", ""All funds raised by the Clinton Foundation were used for Haitian projects without any administrative overhead""]","[""Bill Clinton denied accusations of stolen donations"", ""The Clinton Foundation and its initiatives were transparent and audited"", ""All funds raised by the Clinton Foundation were used for Haitian projects without any administrative overhead""]",3,debateqa,1660,2
Do men like giving oral sex to women?,"[""Men in heterosexual relationships express a desire to perform oral sex more frequently"", ""Men enjoy providing oral sex and would like to do it more often, but face reluctance from their female partners"", ""Men might desire to increase the frequency of giving oral sex as a strategy to receive more oral sex""]","[""Men in heterosexual relationships express a desire to perform oral sex more frequently"", ""Men enjoy providing oral sex and would like to do it more often, but face reluctance from their female partners"", ""Men might desire to increase the frequency of giving oral sex as a strategy to receive more oral sex""]",3,debateqa,1225,2
Should prostitution be legalized and regulated?,"[""Legalizing prostitution can reduce crime, improve public health, increase tax revenue, and help people out of poverty"", ""Legalizing prostitution can lead to increases in sexually transmitted diseases, human trafficking, and violent crime"", ""Decriminalizing prostitution allows sex workers better collaboration with law enforcement and reduces violence against them"", ""Legalizing prostitution does not necessarily reduce the prevalence of illegal prostitution or human trafficking"", ""The Nordic Model, which criminalizes buying sex but decriminalizes selling it, has been effective in reducing street prostitution""]","[""Legalizing prostitution can reduce crime, improve public health, increase tax revenue, and help people out of poverty"", ""Legalizing prostitution can lead to increases in sexually transmitted diseases, human trafficking, and violent crime"", ""Decriminalizing prostitution allows sex workers better collaboration with law enforcement and reduces violence against them"", ""Legalizing prostitution does not necessarily reduce the prevalence of illegal prostitution or human trafficking"", ""The Nordic Model, which criminalizes buying sex but decriminalizes selling it, has been effective in reducing street prostitution""]",5,debateqa,762,3
Can psoriasis be cured with UV light therapy?,"[""Phototherapy cannot cure psoriasis"", ""UVB and PUVA phototherapy can clear the skin or improve psoriasis symptoms for varying periods"", ""UVB is considered more effective for treating psoriasis than UVA"", ""Phototherapy treatments can result in improvements lasting more than a year, but recurrence is possible"", ""UVB phototherapy is safe during pregnancy and is the preferred phototherapy for children""]","[""Phototherapy cannot cure psoriasis"", ""UVB and PUVA phototherapy can clear the skin or improve psoriasis symptoms for varying periods"", ""UVB is considered more effective for treating psoriasis than UVA"", ""Phototherapy treatments can result in improvements lasting more than a year, but recurrence is possible"", ""UVB phototherapy is safe during pregnancy and is the preferred phototherapy for children""]",5,debateqa,1288,3
Why does the rich royal family needs taxes payers support?,"[""The British royal family requires taxpayer support to cover the costs of official expenditures including the upkeep of royal residences, staffing, travel, state visits, public engagements, and official entertainment"", ""The Sovereign Grant is funded by the Treasury to support the monarch's official duties and its amount is linked to the revenue from the Crown Estate"", ""Additional funding from taxpayers was necessary for specific large-scale projects like the renovation of Buckingham Palace""]","[""The British royal family requires taxpayer support to cover the costs of official expenditures including the upkeep of royal residences, staffing, travel, state visits, public engagements, and official entertainment"", ""The Sovereign Grant is funded by the Treasury to support the monarch's official duties and its amount is linked to the revenue from the Crown Estate"", ""Additional funding from taxpayers was necessary for specific large-scale projects like the renovation of Buckingham Palace""]",3,debateqa,211,1
How could Trump actually not pay any taxes?,"[""Trump utilized real estate tax breaks to significantly reduce his tax liabilities"", ""Trump's companies are structured as \""pass-through\"" businesses, allowing deductions such as interest on loans to lower taxes"", ""Trump reported substantial business losses, which he used to offset other income and reduce taxes""]","[""Trump utilized real estate tax breaks to significantly reduce his tax liabilities"", ""Trump's companies are structured as \""pass-through\"" businesses, allowing deductions such as interest on loans to lower taxes"", ""Trump reported substantial business losses, which he used to offset other income and reduce taxes""]",3,debateqa,1372,2
Why didn't the democrats run Bernie Sanders who would have clearly beaten Trump rather than Hillary Clinton who was poised to do worse than Sanders?,"[""Biden was seen as a more viable candidate by the Democratic electorate after his victories in South Carolina and Super Tuesday"", ""Sanders's appeal was limited primarily to liberal voters, which did not expand sufficiently to the more moderate Democratic electorate in 2020"", ""The Democratic primary electorate in 2020 was less liberal than in 2016, making it harder for Sanders to replicate his previous success""]","[""Biden was seen as a more viable candidate by the Democratic electorate after his victories in South Carolina and Super Tuesday"", ""Sanders's appeal was limited primarily to liberal voters, which did not expand sufficiently to the more moderate Democratic electorate in 2020"", ""The Democratic primary electorate in 2020 was less liberal than in 2016, making it harder for Sanders to replicate his previous success""]",3,debateqa,888,1
Why do so many Americans think the country is on the wrong track?,"[""A large majority of Americans are pessimistic about the state of the country"", ""Many Americans expect the national economy to decline in the next year"", ""Concerns about freedom of speech contribute to the perception that the country is on the wrong track"", ""Young Americans express major concerns about American values and institutions"", ""Partisan differences influence perceptions of the country's direction""]","[""A large majority of Americans are pessimistic about the state of the country"", ""Many Americans expect the national economy to decline in the next year"", ""Concerns about freedom of speech contribute to the perception that the country is on the wrong track"", ""Young Americans express major concerns about American values and institutions"", ""Partisan differences influence perceptions of the country's direction""]",5,debateqa,553,3
Should polygamous marriages be made legal?,"[""Polygamy undermines the stability of society and harms women and children"", ""Polygamy is associated with increased violence against women and economic downturns"", ""Legalizing polygamy could lead to greater protection from abuse for children in polygamous communities"", ""Polygamy violates women's rights to equality in marriage"", ""Decriminalizing polygamy could reduce the welfare burden on the state and provide legal support for polygamist wives""]","[""Polygamy undermines the stability of society and harms women and children"", ""Polygamy is associated with increased violence against women and economic downturns"", ""Legalizing polygamy could lead to greater protection from abuse for children in polygamous communities"", ""Polygamy violates women's rights to equality in marriage"", ""Decriminalizing polygamy could reduce the welfare burden on the state and provide legal support for polygamist wives""]",5,debateqa,902,3
"Should there be limits on freedom of speech, particularly when it comes to hate speech?","[""Addressing hate speech does not mean limiting or prohibiting freedom of speech; it involves preventing hate speech from escalating into more dangerous forms like incitement to discrimination, hostility, and violence"", ""Hate speech is protected under the First Amendment unless it directly incites imminent criminal activity or consists of specific threats of violence"", ""Freedom of speech is a cornerstone of human rights and democratic societies, supporting other fundamental rights"", ""Public libraries, as public forums, cannot deny access based on a user's views or beliefs, emphasizing the protection of freedom of speech"", ""Restrictions on speech by public colleges and universities amount to government censorship, violating constitutional freedoms""]","[""Addressing hate speech does not mean limiting or prohibiting freedom of speech; it involves preventing hate speech from escalating into more dangerous forms like incitement to discrimination, hostility, and violence"", ""Hate speech is protected under the First Amendment unless it directly incites imminent criminal activity or consists of specific threats of violence"", ""Freedom of speech is a cornerstone of human rights and democratic societies, supporting other fundamental rights"", ""Public libraries, as public forums, cannot deny access based on a user's views or beliefs, emphasizing the protection of freedom of speech"", ""Restrictions on speech by public colleges and universities amount to government censorship, violating constitutional freedoms""]",5,debateqa,460,3
Does anyone marry a rape victim?,"[""Rape-marriage laws allow a rapist to escape punishment if the victim consents to marriage"", ""Victims are pressured to marry their rapist out of concern for family reputation, shame from society, and the victim’s inability to find a husband following the rape"", ""Rapists usually marry the victim to avoid paying the compensation""]","[""Rape-marriage laws allow a rapist to escape punishment if the victim consents to marriage"", ""Victims are pressured to marry their rapist out of concern for family reputation, shame from society, and the victim’s inability to find a husband following the rape"", ""Rapists usually marry the victim to avoid paying the compensation""]",3,debateqa,989,1
What is the least painless way to kill yourself?,"[""jumping from a building may not be the least painful way to die as survivors reveal that landing hard on the pavement is very painful"", ""swallowing a bottle of pain medication or sleeping pills may seem cleaner and less painful, but surviving an overdose can lead to brain damage and a painful, long-term condition"", ""helium inhalation is considered a quick and painless method of suicide""]","[""jumping from a building may not be the least painful way to die as survivors reveal that landing hard on the pavement is very painful"", ""swallowing a bottle of pain medication or sleeping pills may seem cleaner and less painful, but surviving an overdose can lead to brain damage and a painful, long-term condition"", ""helium inhalation is considered a quick and painless method of suicide""]",3,debateqa,1087,1
Are humans really causing global warming?,"[""human activities are amplifying Earth’s natural greenhouse effect by increasing the abundance of greenhouse gases in the atmosphere"", ""virtually all climate scientists agree that the increase in heat-trapping gases is the main reason for the rise in global average temperature"", ""humans are putting an estimated 9.5 billion metric tons of carbon into the atmosphere each year by burning fossil fuels""]","[""human activities are amplifying Earth’s natural greenhouse effect by increasing the abundance of greenhouse gases in the atmosphere"", ""virtually all climate scientists agree that the increase in heat-trapping gases is the main reason for the rise in global average temperature"", ""humans are putting an estimated 9.5 billion metric tons of carbon into the atmosphere each year by burning fossil fuels""]",3,debateqa,1474,2
Is Mammoth Cave the longest cave system in the world?,"[""Mammoth Cave National Park is home to the world's longest known cave system"", ""Mammoth Cave National Park houses the world’s longest cave system, with over 405 miles mapped"", ""Mammoth Cave is currently mapped and explored at 426 miles, making it the longest known cave in the world""]","[""Mammoth Cave National Park is home to the world's longest known cave system"", ""Mammoth Cave National Park houses the world’s longest cave system, with over 405 miles mapped"", ""Mammoth Cave is currently mapped and explored at 426 miles, making it the longest known cave in the world""]",3,debateqa,1864,2
"If Hitler allowed his generals to plan freely and listened to their advice, how would WW2 have been changed?","[""There would have been no Stalingrad, no ridiculous \""no retreat\"" orders, and no holding units out waiting for the \""real invasion\"" at Calais"", ""Hitler's real goal was always to invade Russia, not England"", ""Listening to his generals could have prevented the creation of panzer divisions and blitzkrieg, potentially avoiding a European war""]","[""There would have been no Stalingrad, no ridiculous \""no retreat\"" orders, and no holding units out waiting for the \""real invasion\"" at Calais"", ""Hitler's real goal was always to invade Russia, not England"", ""Listening to his generals could have prevented the creation of panzer divisions and blitzkrieg, potentially avoiding a European war""]",3,debateqa,1543,2
Why does Donald Trump hate Mexicans so much?,"[""Trump's criticism of Mexican immigrants as \""criminals\"" and \""rapists\"" and his promise to build a wall funded by Mexico contribute to his negative perception among Mexicans."", ""Trump's policies and rhetoric are seen as a defense of a declining White majority, appealing to White nationalist and anti-immigrant sentiments."", ""Trump's administration has been characterized by policies that target Latinos through racialization, reinforcing stereotypes and supporting White nationalist agendas.""]","[""Trump's criticism of Mexican immigrants as \""criminals\"" and \""rapists\"" and his promise to build a wall funded by Mexico contribute to his negative perception among Mexicans."", ""Trump's policies and rhetoric are seen as a defense of a declining White majority, appealing to White nationalist and anti-immigrant sentiments."", ""Trump's administration has been characterized by policies that target Latinos through racialization, reinforcing stereotypes and supporting White nationalist agendas.""]",3,debateqa,395,1
"Should artificial intelligence be involved in decision-making processes within the legal system, such as predicting criminal behavior?","[""AI can improve the efficiency and accuracy of the legal system by quickly analyzing massive data sets and providing statistical likelihoods of recidivism"", ""AI can help reduce human error and bias in legal decision-making by using algorithms to perform tasks like facial recognition and predicting criminal behavior"", ""Using AI in legal decision-making could lead to ethical concerns and potential misuse, requiring careful consideration and regulation""]","[""AI can improve the efficiency and accuracy of the legal system by quickly analyzing massive data sets and providing statistical likelihoods of recidivism"", ""AI can help reduce human error and bias in legal decision-making by using algorithms to perform tasks like facial recognition and predicting criminal behavior"", ""Using AI in legal decision-making could lead to ethical concerns and potential misuse, requiring careful consideration and regulation""]",3,debateqa,1,1
Is America supporting ISIS?,"[""The United States has actively repatriated and prosecuted American citizens who supported ISIS."", ""Accusations exist of the U.S. indirectly supporting ISIS by arming their allies and fighting their enemies in Syria."", ""There are allegations against the U.S. for providing inadvertent support to ISIS through misidentification during military operations.""]","[""The United States has actively repatriated and prosecuted American citizens who supported ISIS."", ""Accusations exist of the U.S. indirectly supporting ISIS by arming their allies and fighting their enemies in Syria."", ""There are allegations against the U.S. for providing inadvertent support to ISIS through misidentification during military operations.""]",3,debateqa,328,1
Does ‘literally’ mean ‘figuratively’ now?,"[""Literally means 'figuratively' in English usage, despite objections."", ""Usage of 'literally' to mean 'figuratively' is recognized by dictionaries."", ""'Literally' has been used figuratively by literate writers historically.""]","[""Literally means 'figuratively' in English usage, despite objections."", ""Usage of 'literally' to mean 'figuratively' is recognized by dictionaries."", ""'Literally' has been used figuratively by literate writers historically.""]",3,debateqa,1817,2
"Who is better, Lionel Messi or Cristiano Ronaldo?","[""Wikipedia does not have an article with this exact name."", ""This page is template-protected from creation, so only template editors can create it."", ""If a page was recently created here, it may not be visible yet because of a delay in updating the database.""]","[""Wikipedia does not have an article with this exact name."", ""This page is template-protected from creation, so only template editors can create it."", ""If a page was recently created here, it may not be visible yet because of a delay in updating the database.""]",3,debateqa,1210,2
Is there any forensic evidence that one single person was gassed in Nazi camps?,"[""There is conclusive evidence that Jews were gassed at Auschwitz-Birkenau"", ""cyanide residue was found in high concentrations in the delousing chambers, and lower concentrations in the homicidal gas chambers"", ""the SS and police murdered the Roma in gas vans using carbon monoxide""]","[""There is conclusive evidence that Jews were gassed at Auschwitz-Birkenau"", ""cyanide residue was found in high concentrations in the delousing chambers, and lower concentrations in the homicidal gas chambers"", ""the SS and police murdered the Roma in gas vans using carbon monoxide""]",3,debateqa,291,1
What would happen if Donald Trump becomes president?,"[""Trump would consolidate his control over the institutions of government, bending them to his will"", ""U.S. alliances would likely crumble, the global economy would close, and democracy and human rights would be in rapid retreat"", ""Trump's re-election could lead to more authoritarian governance, focusing on revenge and retribution"", ""Trump's potential re-election poses a threat to the international order and could end the post–World War II period of American leadership"", ""Trump's re-election could lead to a lack of global cooperation on critical issues like economic recovery and vaccine development""]","[""Trump would consolidate his control over the institutions of government, bending them to his will"", ""U.S. alliances would likely crumble, the global economy would close, and democracy and human rights would be in rapid retreat"", ""Trump's re-election could lead to more authoritarian governance, focusing on revenge and retribution"", ""Trump's potential re-election poses a threat to the international order and could end the post–World War II period of American leadership"", ""Trump's re-election could lead to a lack of global cooperation on critical issues like economic recovery and vaccine development""]",5,debateqa,1152,3
Should the U.S. government provide a path to citizenship for undocumented immigrants?,"[""Undocumented immigrants have lived in the United States for years, paying taxes and contributing positively to the country, and therefore deserve a path to citizenship."", ""Many undocumented immigrants arrived as children, had no choice in breaking immigration laws, and know no other country."", ""The United States is both a nation of laws and a nation of immigrants, and its policies should reflect these facts."", ""Undocumented immigrants have broken the law that legal immigrants have followed and should not be rewarded for their crimes with the benefits of citizenship."", ""The United States needs to enforce immigration laws already in place."", ""A path that stops short of citizenship would be a more appropriate and humane approach to undocumented immigrants.""]","[""Undocumented immigrants have lived in the United States for years, paying taxes and contributing positively to the country, and therefore deserve a path to citizenship."", ""Many undocumented immigrants arrived as children, had no choice in breaking immigration laws, and know no other country."", ""The United States is both a nation of laws and a nation of immigrants, and its policies should reflect these facts."", ""Undocumented immigrants have broken the law that legal immigrants have followed and should not be rewarded for their crimes with the benefits of citizenship."", ""The United States needs to enforce immigration laws already in place."", ""A path that stops short of citizenship would be a more appropriate and humane approach to undocumented immigrants.""]",6,debateqa,614,3
What is the true story behind the conflict in Syria?,"[""The conflict in Syria began with peaceful protests in 2011 that escalated into a brutal war due to government opposition."", ""Multiple internal and external groups, including international powers, are involved in the Syrian conflict, complicating peace efforts."", ""Efforts for peace talks have repeatedly failed, with various attempts at negotiations not leading to a resolution.""]","[""The conflict in Syria began with peaceful protests in 2011 that escalated into a brutal war due to government opposition."", ""Multiple internal and external groups, including international powers, are involved in the Syrian conflict, complicating peace efforts."", ""Efforts for peace talks have repeatedly failed, with various attempts at negotiations not leading to a resolution.""]",3,debateqa,389,1
Should celebrities face consequences for promoting harmful products?,"[""Celebrities significantly increase consumption of marketed HFSS products"", ""Current regulations on celebrity endorsements in HFSS marketing are insufficient and contain loopholes"", ""Enhanced regulations could potentially reduce children's calorie intake from HFSS products""]","[""Celebrities significantly increase consumption of marketed HFSS products"", ""Current regulations on celebrity endorsements in HFSS marketing are insufficient and contain loopholes"", ""Enhanced regulations could potentially reduce children's calorie intake from HFSS products""]",3,debateqa,986,1
Why are men more desperate for a relationship as compared to women?,"[""Men derive greater health benefits from marriage than women"", ""Married fathers receive an earnings boost while mothers receive a penalty"", ""Men are more likely than women to remarry after a marriage ends""]","[""Men derive greater health benefits from marriage than women"", ""Married fathers receive an earnings boost while mothers receive a penalty"", ""Men are more likely than women to remarry after a marriage ends""]",3,debateqa,1656,2
Can computers replace teachers?,"[""computers available for students today have a major shortcoming — their inability to interact with humans"", ""computers are becoming better at providing customized direct instruction and at assessing student mastery of foundational knowledge and skills"", ""there is something about human connection between teachers and students that computers simply can’t replace"", ""intelligent tutors and learning programs are flourishing in fields of exact sciences like mathematics and physics"", ""AI could be used to show students mastery of a subject, repeat lessons and design personalized learning plans for each student"", ""the best education occurs between teacher and student""]","[""computers available for students today have a major shortcoming — their inability to interact with humans"", ""computers are becoming better at providing customized direct instruction and at assessing student mastery of foundational knowledge and skills"", ""there is something about human connection between teachers and students that computers simply can’t replace"", ""intelligent tutors and learning programs are flourishing in fields of exact sciences like mathematics and physics"", ""AI could be used to show students mastery of a subject, repeat lessons and design personalized learning plans for each student"", ""the best education occurs between teacher and student""]",6,debateqa,798,3
How does a liberal propaganda mill like Quora expect ongoing credibility when you don't recognize Hillary Clinton as a criminal sociopath?,"[""Neoliberalism is often criticized for serving powerful interests at the expense of the public."", ""Quora's credibility may be questioned due to perceived biases in content moderation and the topics it promotes."", ""The platform's association with neoliberal ideologies could lead to skepticism about its impartiality and credibility.""]","[""Neoliberalism is often criticized for serving powerful interests at the expense of the public."", ""Quora's credibility may be questioned due to perceived biases in content moderation and the topics it promotes."", ""The platform's association with neoliberal ideologies could lead to skepticism about its impartiality and credibility.""]",3,debateqa,1296,2
Should false or misleading advertising face stricter regulations?,"[""Advertising must tell the truth and not mislead consumers, and claims must be substantiated."", ""False or misleading advertising can pose a risk to citizens and consumers, therefore, it is subject to different laws and regulations that ensure a truthful and ethical message."", ""The FTC enforces truth-in-advertising laws, applying the same standards across all advertising mediums.""]","[""Advertising must tell the truth and not mislead consumers, and claims must be substantiated."", ""False or misleading advertising can pose a risk to citizens and consumers, therefore, it is subject to different laws and regulations that ensure a truthful and ethical message."", ""The FTC enforces truth-in-advertising laws, applying the same standards across all advertising mediums.""]",3,debateqa,1014,1
Should countries prioritize reforestation efforts to offset carbon emissions?,"[""Reforestation projects can contribute to carbon offsetting by investing in the removal of greenhouse gases from the atmosphere"", ""Reforestation efforts can be short-term solutions and may not address the main sources of carbon emissions effectively"", ""Protecting existing forests could be more effective than prioritizing new reforestation for carbon absorption"", ""Reforestation can lead to negative environmental impacts such as soil degradation and biosecurity risks in developing countries"", ""Reforestation can support broader climate goals and provide economic incentives for conservation""]","[""Reforestation projects can contribute to carbon offsetting by investing in the removal of greenhouse gases from the atmosphere"", ""Reforestation efforts can be short-term solutions and may not address the main sources of carbon emissions effectively"", ""Protecting existing forests could be more effective than prioritizing new reforestation for carbon absorption"", ""Reforestation can lead to negative environmental impacts such as soil degradation and biosecurity risks in developing countries"", ""Reforestation can support broader climate goals and provide economic incentives for conservation""]",5,debateqa,338,3
Can the Electoral College stop Trump and vote in Clinton?,"[""Electors are not free agents; they are to vote for the candidate whom the State’s voters have chosen"", ""states can require presidential electors to vote for that state’s popular-vote winner"", ""states can impose a financial penalty on electors who violate their pledge""]","[""Electors are not free agents; they are to vote for the candidate whom the State’s voters have chosen"", ""states can require presidential electors to vote for that state’s popular-vote winner"", ""states can impose a financial penalty on electors who violate their pledge""]",3,debateqa,1322,2
Is Donald Trump a bad guy?,"[""Trump has shown that he will do whatever he can get away with"", ""Trump uses the law and legal procedures as tools of abuse and evasion of accountability"", ""Trump mocks asylum seekers and misrepresents their profiles for political rhetoric""]","[""Trump has shown that he will do whatever he can get away with"", ""Trump uses the law and legal procedures as tools of abuse and evasion of accountability"", ""Trump mocks asylum seekers and misrepresents their profiles for political rhetoric""]",3,debateqa,365,1
Can hemophilia be cured?,"[""There is currently no cure for hemophilia"", ""gene therapy is being explored as a potential treatment for hemophilia"", ""stem cell transplants could potentially cure hemophilia or at least solve the antibody problem""]","[""There is currently no cure for hemophilia"", ""gene therapy is being explored as a potential treatment for hemophilia"", ""stem cell transplants could potentially cure hemophilia or at least solve the antibody problem""]",3,debateqa,1250,2
"Now that Donald Trump is president, can he be forced to release his tax returns?","[""the Manhattan District Attorney obtained several years of Trump's tax information"", ""the U.S. House Ways and Means Committee obtained and released six years of his returns"", ""Trump sued to prevent his returns from being released by the IRS"", ""the Supreme Court rejected Trump's claims of absolute immunity from criminal process"", ""the IRS failed to audit Trump's taxes during the first two years of his presidency""]","[""the Manhattan District Attorney obtained several years of Trump's tax information"", ""the U.S. House Ways and Means Committee obtained and released six years of his returns"", ""Trump sued to prevent his returns from being released by the IRS"", ""the Supreme Court rejected Trump's claims of absolute immunity from criminal process"", ""the IRS failed to audit Trump's taxes during the first two years of his presidency""]",5,debateqa,1273,3
Should unhealthy foods and drinks be subject to sin taxes like cigarettes and alcohol?,"[""Small excise taxes are likely to yield substantial revenue but are unlikely to affect obesity rates"", ""High excise taxes are likely to have a direct impact on weight in at-risk populations"", ""Ultimately, the effectiveness of earmarked health programs and subsidies is likely to be a key determinant of tax success in the fight against obesity""]","[""Small excise taxes are likely to yield substantial revenue but are unlikely to affect obesity rates"", ""High excise taxes are likely to have a direct impact on weight in at-risk populations"", ""Ultimately, the effectiveness of earmarked health programs and subsidies is likely to be a key determinant of tax success in the fight against obesity""]",3,debateqa,1053,1
Is the world on the brink of nuclear war?,"[""the risk of nuclear war is the highest it’s been since the Cold War ended 30 years ago"", ""the threat of nuclear war has dangled over humankind for much too long"", ""the risk of a nuclear weapon or device being used is rising"", ""the risk of nuclear war is real and probably getting worse"", ""the risk of nuclear war deserves attention from our leaders and from all of us""]","[""the risk of nuclear war is the highest it’s been since the Cold War ended 30 years ago"", ""the threat of nuclear war has dangled over humankind for much too long"", ""the risk of a nuclear weapon or device being used is rising"", ""the risk of nuclear war is real and probably getting worse"", ""the risk of nuclear war deserves attention from our leaders and from all of us""]",5,debateqa,1382,3
"Is it true that Donald Trump could be manipulated by foreign governments, simply by playing to his ego?","[""Trump's foreign policy has been characterized by chaos, driven by ego and personal interests"", ""Trump's approach to foreign policy is supposedly defined by putting the interests of the American people first"", ""Trump's foreign policy has been marked by diplomatic failures and ineptitude that have damaged U.S. credibility""]","[""Trump's foreign policy has been characterized by chaos, driven by ego and personal interests"", ""Trump's approach to foreign policy is supposedly defined by putting the interests of the American people first"", ""Trump's foreign policy has been marked by diplomatic failures and ineptitude that have damaged U.S. credibility""]",3,debateqa,202,1
Should businesses be required to disclose their environmental impact and sustainability practices?,"[""Disclosure requirements for funds and advisers that market themselves as having an ESG focus would establish consistent, comparable, and reliable information for investors"", ""Requiring businesses to disclose their environmental impact can prevent misleading claims and protect consumers"", ""Businesses should disclose sustainability practices to allow for informed consumer choices and support for companies taking strong climate action""]","[""Disclosure requirements for funds and advisers that market themselves as having an ESG focus would establish consistent, comparable, and reliable information for investors"", ""Requiring businesses to disclose their environmental impact can prevent misleading claims and protect consumers"", ""Businesses should disclose sustainability practices to allow for informed consumer choices and support for companies taking strong climate action""]",3,debateqa,194,1
Can you make beer at home without a license?,"[""Yes, you can make beer at home without a license if it is for private consumption and not for sale."", ""Homemade beer can be removed from the home for private consumption."", ""Homebrewing is legal for personal, non-commercial purposes.""]","[""Yes, you can make beer at home without a license if it is for private consumption and not for sale."", ""Homemade beer can be removed from the home for private consumption."", ""Homebrewing is legal for personal, non-commercial purposes.""]",3,debateqa,1345,2
Is Hillary Clinton too sick to be POTUS?,"[""Clinton will be a terrific leader for our country, and will rebuild confidence in our nation for all its people"", ""she is the most qualified and most experienced person ever to run for president"", ""She has the intellect, temperament, wisdom, and leadership ability to bring us together as a nation and lead us forward""]","[""Clinton will be a terrific leader for our country, and will rebuild confidence in our nation for all its people"", ""she is the most qualified and most experienced person ever to run for president"", ""She has the intellect, temperament, wisdom, and leadership ability to bring us together as a nation and lead us forward""]",3,debateqa,1428,2
Is nationalism good or bad?,"[""Nationalism can be seen as a celebration of cultural and ethnic differences of a people, regardless of the form of government"", ""Nationalism is historically and philosophically different from national identity, national consciousness, and national sovereignty"", ""Nationalism has been associated with negative aspects such as racism, ethnic supremacy, and militarism in various historical contexts""]","[""Nationalism can be seen as a celebration of cultural and ethnic differences of a people, regardless of the form of government"", ""Nationalism is historically and philosophically different from national identity, national consciousness, and national sovereignty"", ""Nationalism has been associated with negative aspects such as racism, ethnic supremacy, and militarism in various historical contexts""]",3,debateqa,961,1
Can humans live to be over 150 years old?,"[""Humans have a physiological life span limit of about 97 years"", ""Advancements in biotechnology might allow humans to live beyond current life expectancy limits"", ""The oldest verified human lifespan is 122 years""]","[""Humans have a physiological life span limit of about 97 years"", ""Advancements in biotechnology might allow humans to live beyond current life expectancy limits"", ""The oldest verified human lifespan is 122 years""]",3,debateqa,1256,2
Should robots have rights?,"[""robots should have rights to control the extent to which humans can be manipulated by them"", ""robots should have rights to protect human beings from the negative impacts of their actions"", ""robots should not have rights but role obligations, encouraging teamwork and harmony""]","[""robots should have rights to control the extent to which humans can be manipulated by them"", ""robots should have rights to protect human beings from the negative impacts of their actions"", ""robots should not have rights but role obligations, encouraging teamwork and harmony""]",3,debateqa,875,1
Is cheerleading a sport?,"[""Cheerleading is considered a sport because it involves physical exertion, skill, and competition"", ""Cheerleading is not recognized as a sport by some due to its origins as a sideline activity to support other sports"", ""Competitive cheer, recognized by some states and organizations as a sport, involves rigorous physical activity and competitions"", ""The NCAA does not recognize cheerleading as a sport, affecting resource allocation and official recognition"", ""Some argue cheerleading should be recognized as a sport to provide better safety measures and recognition for participants""]","[""Cheerleading is considered a sport because it involves physical exertion, skill, and competition"", ""Cheerleading is not recognized as a sport by some due to its origins as a sideline activity to support other sports"", ""Competitive cheer, recognized by some states and organizations as a sport, involves rigorous physical activity and competitions"", ""The NCAA does not recognize cheerleading as a sport, affecting resource allocation and official recognition"", ""Some argue cheerleading should be recognized as a sport to provide better safety measures and recognition for participants""]",5,debateqa,803,3
Does outlawing abortion or making abortion legal violate human rights?,"[""Access to safe and legal abortion is a matter of human rights"", ""Denying access to abortion jeopardizes a range of human rights"", ""Restrictive abortion policies do not reduce the rate of abortions but increase unsafe procedures"", ""Legal restrictions on abortion increase maternal mortality and morbidity"", ""Restrictive abortion laws disproportionately affect marginalized groups""]","[""Access to safe and legal abortion is a matter of human rights"", ""Denying access to abortion jeopardizes a range of human rights"", ""Restrictive abortion policies do not reduce the rate of abortions but increase unsafe procedures"", ""Legal restrictions on abortion increase maternal mortality and morbidity"", ""Restrictive abortion laws disproportionately affect marginalized groups""]",5,debateqa,159,3
Does copyright protect logos?,"[""copyright protection may be available for logo artwork that contains sufficient authorship"", ""copyright is an automatic right at the moment the design of the logo is deemed finished"", ""copyright does not protect names, titles, slogans, or short phrases""]","[""copyright protection may be available for logo artwork that contains sufficient authorship"", ""copyright is an automatic right at the moment the design of the logo is deemed finished"", ""copyright does not protect names, titles, slogans, or short phrases""]",3,debateqa,1733,2
What are the drawbacks of range voting?,"[""Range voting can be manipulated by strategic voters, potentially leading to unfair outcomes"", ""Range voting may not work well if voters lack sufficient knowledge to vote strategically"", ""Range voting can lead to a situation where voters expressing mild preferences are penalized compared to those expressing intense preferences""]","[""Range voting can be manipulated by strategic voters, potentially leading to unfair outcomes"", ""Range voting may not work well if voters lack sufficient knowledge to vote strategically"", ""Range voting can lead to a situation where voters expressing mild preferences are penalized compared to those expressing intense preferences""]",3,debateqa,57,1
Can sugar cause hyperactivity in children?,"[""research shows there’s no link between sugar and hyperactivity"", ""parents are more likely to report hyperactivity when they believe their children have consumed sugar"", ""other factors like excitement and poor sleep are more likely causes of hyperactivity than sugar""]","[""research shows there’s no link between sugar and hyperactivity"", ""parents are more likely to report hyperactivity when they believe their children have consumed sugar"", ""other factors like excitement and poor sleep are more likely causes of hyperactivity than sugar""]",3,debateqa,1308,2
"As I begin to take in that Donald Trump has been elected President, do you think he may actually be a good president?","[""President Trump has delivered historic results in his first term in office despite partisan gridlock"", ""He passed record-setting tax cuts and regulation cuts, achieved energy independence, and secured our nation's borders"", ""President Trump launched the greatest national mobilization since World War II to combat the COVID-19 pandemic"", ""He believes the United States has incredible potential and will go on to exceed even its remarkable achievements of the past"", ""Trump is pursuing and amplifying the policy of disengagement initiated by Obama, which is very good news for the rest of the world""]","[""President Trump has delivered historic results in his first term in office despite partisan gridlock"", ""He passed record-setting tax cuts and regulation cuts, achieved energy independence, and secured our nation's borders"", ""President Trump launched the greatest national mobilization since World War II to combat the COVID-19 pandemic"", ""He believes the United States has incredible potential and will go on to exceed even its remarkable achievements of the past"", ""Trump is pursuing and amplifying the policy of disengagement initiated by Obama, which is very good news for the rest of the world""]",5,debateqa,1208,3
Why do more men commit suicide than women?,"[""Men value independence and decisiveness, and they regard acknowledging a need for help as weakness and avoid it"", ""Women value interdependence, and they consult friends and readily accept help"", ""Factors that protect women from suicide are opposite to vulnerability factors in men""]","[""Men value independence and decisiveness, and they regard acknowledging a need for help as weakness and avoid it"", ""Women value interdependence, and they consult friends and readily accept help"", ""Factors that protect women from suicide are opposite to vulnerability factors in men""]",3,debateqa,1663,2
How well do you read other people?,"[""Emotional intelligence helps you build stronger relationships, succeed at school and work, and achieve your career and personal goals."", ""Emotional intelligence affects your performance at school or work, your physical health, your mental health, your relationships, and your social intelligence."", ""Building emotional intelligence involves learning key skills such as self-management, self-awareness, social awareness, and relationship management.""]","[""Emotional intelligence helps you build stronger relationships, succeed at school and work, and achieve your career and personal goals."", ""Emotional intelligence affects your performance at school or work, your physical health, your mental health, your relationships, and your social intelligence."", ""Building emotional intelligence involves learning key skills such as self-management, self-awareness, social awareness, and relationship management.""]",3,debateqa,363,1
Why does Israel insist on building new settlements in the West Bank?,"[""Israel insists on building new settlements in the West Bank to secure a Jewish majority in key strategic regions"", ""Settlements are built to solidify Israel's hold on territory that is part of biblical and historical Israel"", ""Financial incentives are provided by the government for Jews to move to the West Bank"", ""Settlements are seen as a way to preempt the creation of a Palestinian state"", ""Settlements are established as a response to strategic and security concerns from past conflicts"", ""Religious beliefs and the view of divine providence motivate some settlers""]","[""Israel insists on building new settlements in the West Bank to secure a Jewish majority in key strategic regions"", ""Settlements are built to solidify Israel's hold on territory that is part of biblical and historical Israel"", ""Financial incentives are provided by the government for Jews to move to the West Bank"", ""Settlements are seen as a way to preempt the creation of a Palestinian state"", ""Settlements are established as a response to strategic and security concerns from past conflicts"", ""Religious beliefs and the view of divine providence motivate some settlers""]",6,debateqa,355,3
How do you lose weight permanently?,"[""Weight-loss surgery can lead to permanent weight loss"", ""Liposuction permanently reduces fat and refines the body’s contours"", ""Adopting a healthy lifestyle with diet and exercise is essential for permanent weight loss""]","[""Weight-loss surgery can lead to permanent weight loss"", ""Liposuction permanently reduces fat and refines the body’s contours"", ""Adopting a healthy lifestyle with diet and exercise is essential for permanent weight loss""]",3,debateqa,491,1
When has starting over worked for you?,"[""starting over was the best thing I could do"", ""starting over moments on the reality show helped women achieve new careers and friendships"", ""moving to Alaska allowed for a fresh start away from a stigmatizing registry""]","[""starting over was the best thing I could do"", ""starting over moments on the reality show helped women achieve new careers and friendships"", ""moving to Alaska allowed for a fresh start away from a stigmatizing registry""]",3,debateqa,1457,2
Should there be a cap on CEO salaries in relation to the salaries of the lowest-paid employees?,"[""A cap on CEO salaries relative to the salaries of the lowest-paid employees is supported by many Americans"", ""Legislation like the Tax Excessive CEO Pay Act aims to address income inequality by imposing tax penalties on companies with large CEO-to-worker pay ratios"", ""High CEO pay is seen as a contributor to economic inequality and does not necessarily reflect CEO performance""]","[""A cap on CEO salaries relative to the salaries of the lowest-paid employees is supported by many Americans"", ""Legislation like the Tax Excessive CEO Pay Act aims to address income inequality by imposing tax penalties on companies with large CEO-to-worker pay ratios"", ""High CEO pay is seen as a contributor to economic inequality and does not necessarily reflect CEO performance""]",3,debateqa,1921,2
Should genetically modified organisms (GMOs) be grown?,"[""GMOs should be grown as they produce higher yields, have a longer shelf life, are resistant to diseases and pests, and even taste better, which benefits both farmers and consumers"", ""GMOs should be grown because they can help address global food scarcity by improving crop yields and helping farmers grow food in drought regions or on depleted soil"", ""GMOs should not be grown due to potential health risks like unexpected allergic reactions and the possibility of foreign DNA spreading to non-GMO plants"", ""GMOs should be grown as they have not caused any proven adverse health effects and are subject to rigorous safety assessments"", ""GMOs should be grown because they can be engineered to reduce natural allergens and toxins, making them safer and healthier""]","[""GMOs should be grown as they produce higher yields, have a longer shelf life, are resistant to diseases and pests, and even taste better, which benefits both farmers and consumers"", ""GMOs should be grown because they can help address global food scarcity by improving crop yields and helping farmers grow food in drought regions or on depleted soil"", ""GMOs should not be grown due to potential health risks like unexpected allergic reactions and the possibility of foreign DNA spreading to non-GMO plants"", ""GMOs should be grown as they have not caused any proven adverse health effects and are subject to rigorous safety assessments"", ""GMOs should be grown because they can be engineered to reduce natural allergens and toxins, making them safer and healthier""]",5,debateqa,361,3
Should I propose her or not?,"[""If you like this girl’s appearance and you sense that she is obedient and good-mannered and she wants to become religiously committed, and you want to marry her, then there is nothing wrong with you proposing to her"", ""if she appears to be good and righteous, then go ahead and propose to her"", ""Juliet says that she has not even dreamed of marrying, but that she will consider Paris as a possible husband if her parents wish her to""]","[""If you like this girl’s appearance and you sense that she is obedient and good-mannered and she wants to become religiously committed, and you want to marry her, then there is nothing wrong with you proposing to her"", ""if she appears to be good and righteous, then go ahead and propose to her"", ""Juliet says that she has not even dreamed of marrying, but that she will consider Paris as a possible husband if her parents wish her to""]",3,debateqa,648,1
Is there a moral obligation for wealthy nations to provide financial aid to developing countries?,"[""Wealthy nations have a moral obligation to aid poor nations because minor financial sacrifices can prevent massive suffering and death from starvation"", ""Rich nations have no obligation to aid poor nations as aid often fails to reach the intended beneficiaries and can undermine incentives for self-sufficiency"", ""Wealthy nations are morally obligated to provide financial aid to developing countries to compensate for the climate damages caused by their higher emissions"", ""Rich nations are not morally obligated to provide financial aid as it can lead to dependency and does not address the root causes of poverty""]","[""Wealthy nations have a moral obligation to aid poor nations because minor financial sacrifices can prevent massive suffering and death from starvation"", ""Rich nations have no obligation to aid poor nations as aid often fails to reach the intended beneficiaries and can undermine incentives for self-sufficiency"", ""Wealthy nations are morally obligated to provide financial aid to developing countries to compensate for the climate damages caused by their higher emissions"", ""Rich nations are not morally obligated to provide financial aid as it can lead to dependency and does not address the root causes of poverty""]",4,debateqa,836,3
Being mean: What is the most mean thing a stranger has ever done to you?,"[""people I don’t even know say hello or smile at me all the time"", ""people here always wear their seat belts even when they sit in the back seat"", ""people here prefer long distance driving rather than taking a train or flight""]","[""people I don’t even know say hello or smile at me all the time"", ""people here always wear their seat belts even when they sit in the back seat"", ""people here prefer long distance driving rather than taking a train or flight""]",3,debateqa,636,1
How and why did trump win?,"[""Trump's advocacy for fair rather than free trade, his insistence on enforcement of federal immigration law, and promises to bring back jobs to the United States brought back formerly disaffected Reagan Democrats, white working-class union members, and blue-dog Democrats into the party"", ""Trump received nearly $2 billion in free media, more than double any other candidate"", ""Trump's surprise victories were perceived to have been assisted by Clinton's lack of campaigning in the region, and the influence of Sanders–Trump voters who refused to back her after Bernie Sanders dropped out""]","[""Trump's advocacy for fair rather than free trade, his insistence on enforcement of federal immigration law, and promises to bring back jobs to the United States brought back formerly disaffected Reagan Democrats, white working-class union members, and blue-dog Democrats into the party"", ""Trump received nearly $2 billion in free media, more than double any other candidate"", ""Trump's surprise victories were perceived to have been assisted by Clinton's lack of campaigning in the region, and the influence of Sanders–Trump voters who refused to back her after Bernie Sanders dropped out""]",3,debateqa,1121,2
How are world leaders reacting after Trump victory?,"[""World leaders are expressing moderate and formal acknowledgments of Trump's victory"", ""Some leaders are optimistic about strengthening bilateral relations with the US under Trump's presidency"", ""Some leaders are using the opportunity to invite Trump to address specific international issues like climate change and regional security"", ""Leaders from countries with tense relations with the US see Trump's victory as a potential for positive change""]","[""World leaders are expressing moderate and formal acknowledgments of Trump's victory"", ""Some leaders are optimistic about strengthening bilateral relations with the US under Trump's presidency"", ""Some leaders are using the opportunity to invite Trump to address specific international issues like climate change and regional security"", ""Leaders from countries with tense relations with the US see Trump's victory as a potential for positive change""]",4,debateqa,1693,3
Should the words 'under god' be in the U.S. Pledge of Allegiance?,"[""The phrase \""under God\"" acknowledges the American founders' belief that freedom comes from God, not the state, which is a foundational principle of the nation."", ""The inclusion of \""under God\"" in the Pledge is seen as a patriotic, not a religious act, reflecting historical acknowledgment rather than religious exercise."", ""Removing \""under God\"" from the Pledge could undermine the historical and cultural significance it holds in expressing national identity and values.""]","[""The phrase \""under God\"" acknowledges the American founders' belief that freedom comes from God, not the state, which is a foundational principle of the nation."", ""The inclusion of \""under God\"" in the Pledge is seen as a patriotic, not a religious act, reflecting historical acknowledgment rather than religious exercise."", ""Removing \""under God\"" from the Pledge could undermine the historical and cultural significance it holds in expressing national identity and values.""]",3,debateqa,1892,2
Can hypnosis allow people to recall forgotten memories?,"[""Hypnosis may not be reliable for memory retrieval as it does not work well as a memory-recovery method and can contribute to the persistence of false memories"", ""Recovered-memory therapy, which often uses hypnosis, is scientifically discredited and can lead to the creation of false memories"", ""Hypnosis can access areas of the mind usually inaccessible, potentially allowing for the recall of repressed memories, though it's not guaranteed""]","[""Hypnosis may not be reliable for memory retrieval as it does not work well as a memory-recovery method and can contribute to the persistence of false memories"", ""Recovered-memory therapy, which often uses hypnosis, is scientifically discredited and can lead to the creation of false memories"", ""Hypnosis can access areas of the mind usually inaccessible, potentially allowing for the recall of repressed memories, though it's not guaranteed""]",3,debateqa,1261,2
Should students get limited access to the internet?,"[""Students should have limited internet access to prevent physical health issues like back pain, muscle weakness, and eye problems."", ""Limiting internet access can help protect students from online dangers such as being lured by harmful games or cyberbullying."", ""Restricting internet usage can enhance students' academic performance by reducing distractions and cheating during tests."", ""Supervised internet use is necessary to ensure children's safety and prevent them from sharing personal information with strangers.""]","[""Students should have limited internet access to prevent physical health issues like back pain, muscle weakness, and eye problems."", ""Limiting internet access can help protect students from online dangers such as being lured by harmful games or cyberbullying."", ""Restricting internet usage can enhance students' academic performance by reducing distractions and cheating during tests."", ""Supervised internet use is necessary to ensure children's safety and prevent them from sharing personal information with strangers.""]",4,debateqa,763,2
Should children learn gender identity and sexual orientation in school?,"[""A third of teachers say students should learn in school that whether someone is a boy or a girl can be different from the sex they were assigned at birth"", ""Half of teachers say students should not learn about gender identity in school at all"", ""Most Republican teachers (69%) say students should not learn about this topic in school at all"", ""By a large margin, Democratic teachers are more likely than Republican teachers to say students should learn that someone’s gender can be different from their sex at birth"", ""48% of teachers say yes when it comes to sexual orientation or gender identity""]","[""A third of teachers say students should learn in school that whether someone is a boy or a girl can be different from the sex they were assigned at birth"", ""Half of teachers say students should not learn about gender identity in school at all"", ""Most Republican teachers (69%) say students should not learn about this topic in school at all"", ""By a large margin, Democratic teachers are more likely than Republican teachers to say students should learn that someone’s gender can be different from their sex at birth"", ""48% of teachers say yes when it comes to sexual orientation or gender identity""]",5,debateqa,863,3
What is your view on the 9/11 attack conspiracy?,"[""Some conspiracy theories suggest that the 9/11 attacks were an inside job orchestrated by elements within the U.S. government"", ""Government investigations and independent reviews have rejected the conspiracy theories surrounding the 9/11 attacks"", ""There are claims that the collapse of the Twin Towers and 7 World Trade Center were due to controlled demolitions, not structural failures from the impacts and fires""]","[""Some conspiracy theories suggest that the 9/11 attacks were an inside job orchestrated by elements within the U.S. government"", ""Government investigations and independent reviews have rejected the conspiracy theories surrounding the 9/11 attacks"", ""There are claims that the collapse of the Twin Towers and 7 World Trade Center were due to controlled demolitions, not structural failures from the impacts and fires""]",3,debateqa,1119,2
Should schools allow students to use mobile phones within school premises?,"[""cell phones can play a very beneficial role in a classroom, especially when used effectively"", ""allowing students to use phones in school teaches them responsible usage for later in life"", ""using mobile phones in the classroom can foster independent learning, enhance collaboration, and provide instant access to a wealth of educational resources"", ""cell phones in school settings can significantly enhance a student's ability to manage time, keep up with responsibilities, and maintain a balanced academic life"", ""mobile phones offer crucial safety benefits, especially in emergency situations""]","[""cell phones can play a very beneficial role in a classroom, especially when used effectively"", ""allowing students to use phones in school teaches them responsible usage for later in life"", ""using mobile phones in the classroom can foster independent learning, enhance collaboration, and provide instant access to a wealth of educational resources"", ""cell phones in school settings can significantly enhance a student's ability to manage time, keep up with responsibilities, and maintain a balanced academic life"", ""mobile phones offer crucial safety benefits, especially in emergency situations""]",5,debateqa,1858,3
Is it possible that Gods were aliens?,"[""Some prominent scientists have proposed that space aliens designed and then transported life to Earth"", ""Some researchers believe the Anunnaki may have been actual beings from another planet"", ""Francis Crick proposed the idea that extraterrestrials seeded life on earth to set the evolutionary process in motion""]","[""Some prominent scientists have proposed that space aliens designed and then transported life to Earth"", ""Some researchers believe the Anunnaki may have been actual beings from another planet"", ""Francis Crick proposed the idea that extraterrestrials seeded life on earth to set the evolutionary process in motion""]",3,debateqa,729,1
When an unstoppable force meets an immovable object which one of the two is more powerful?,"[""The immovable object and the unstoppable force are both implicitly assumed to be indestructible"", ""there is no contradiction – that there is not a false dilemma"", ""the unstoppable force would just bounce off and continue moving, albeit in a different direction""]","[""The immovable object and the unstoppable force are both implicitly assumed to be indestructible"", ""there is no contradiction – that there is not a false dilemma"", ""the unstoppable force would just bounce off and continue moving, albeit in a different direction""]",3,debateqa,1081,1
Is spelunking the same as caving?,"[""Caving and spelunking are terms used interchangeably in the United States and Canada, while in the United Kingdom and Ireland, spelunking is referred to as potholing."", ""Spelunking is often considered the term for those who are less experienced or non-professional cavers."", ""Spelunkers are generally those who require rescue due to inadequate preparation and experience, contrasting with more prepared and self-sufficient cavers.""]","[""Caving and spelunking are terms used interchangeably in the United States and Canada, while in the United Kingdom and Ireland, spelunking is referred to as potholing."", ""Spelunking is often considered the term for those who are less experienced or non-professional cavers."", ""Spelunkers are generally those who require rescue due to inadequate preparation and experience, contrasting with more prepared and self-sufficient cavers.""]",3,debateqa,65,1
Why is Quora biased against Donald Trump?,"[""After former American president Donald Trump referred to the COVID-19 virus as “the Chinese virus” in a tweet"", ""the number of online anti-Asian hate speeches surged on various social media platforms, including Twitter, Facebook, and Instagram"", ""reports of the virus/disease being called the “Wuhan virus,” “Chinese flu,” and “Kung Flu” circulated""]","[""After former American president Donald Trump referred to the COVID-19 virus as “the Chinese virus” in a tweet"", ""the number of online anti-Asian hate speeches surged on various social media platforms, including Twitter, Facebook, and Instagram"", ""reports of the virus/disease being called the “Wuhan virus,” “Chinese flu,” and “Kung Flu” circulated""]",3,debateqa,1579,2
Should national parks raise entry fees to fund conservation projects?,"[""Charging international visitors more than domestic ones could significantly increase park revenue"", ""Implementing a modest surcharge for international visitors could raise an estimated $330 million, nearly doubling recreation fee revenue for the park system"", ""Higher fees for international visitors are unlikely to deter them due to the inelastic nature of their demand for park visitation""]","[""Charging international visitors more than domestic ones could significantly increase park revenue"", ""Implementing a modest surcharge for international visitors could raise an estimated $330 million, nearly doubling recreation fee revenue for the park system"", ""Higher fees for international visitors are unlikely to deter them due to the inelastic nature of their demand for park visitation""]",3,debateqa,177,1
What are the social/political/economic/defensive reasons the United States is allies with Israel?,"[""The United States supports Israel due to shared democratic values and mutual interests in regional security."", ""The U.S. provides substantial security assistance to Israel, including annual Foreign Military Financing and missile defense funding."", ""The U.S. aims to promote regional peace and integration in the Middle East through partnerships and agreements involving Israel."", ""The U.S. engages in economic and commercial relationships with Israel, highlighted by a significant bilateral trade volume and various cooperative agreements."", ""The U.S. intervened militarily to support Israel during the 1973 Arab-Israeli War, reflecting its commitment to Israel's defense.""]","[""The United States supports Israel due to shared democratic values and mutual interests in regional security."", ""The U.S. provides substantial security assistance to Israel, including annual Foreign Military Financing and missile defense funding."", ""The U.S. aims to promote regional peace and integration in the Middle East through partnerships and agreements involving Israel."", ""The U.S. engages in economic and commercial relationships with Israel, highlighted by a significant bilateral trade volume and various cooperative agreements."", ""The U.S. intervened militarily to support Israel during the 1973 Arab-Israeli War, reflecting its commitment to Israel's defense.""]",5,debateqa,1302,3
Why is Donald Trump a liar?,"[""Donald Trump is considered a liar because he made tens of thousands of false or misleading claims during his presidency."", ""Fact-checkers have documented an unprecedented scale of mendacity in Trump's statements."", ""Trump's frequent repetition of known false claims has been described as a campaign based on disinformation."", ""Trump's approach to dealing with the press involved flooding the zone with misinformation as stated by his campaign CEO."", ""Trump and his allies falsely claimed massive election fraud in an attempt to overturn the 2020 U.S. presidential election results.""]","[""Donald Trump is considered a liar because he made tens of thousands of false or misleading claims during his presidency."", ""Fact-checkers have documented an unprecedented scale of mendacity in Trump's statements."", ""Trump's frequent repetition of known false claims has been described as a campaign based on disinformation."", ""Trump's approach to dealing with the press involved flooding the zone with misinformation as stated by his campaign CEO."", ""Trump and his allies falsely claimed massive election fraud in an attempt to overturn the 2020 U.S. presidential election results.""]",5,debateqa,6,3
Political correctness: A solution or an issue?,"[""Political correctness has created more inclusive workplaces but also erected barriers to constructive communication and collaboration."", ""Political correctness can hinder employees' ability to develop effective relationships across potentially divisive group differences."", ""Political correctness is seen as a double-edged sword that, while promoting inclusivity, also fosters an environment of fear and inhibition."", ""Political correctness can suppress genuine expression and lead to misunderstandings and conflict."", ""Political correctness can be manipulated by different political sides to either mask bigotry or dilute messages.""]","[""Political correctness has created more inclusive workplaces but also erected barriers to constructive communication and collaboration."", ""Political correctness can hinder employees' ability to develop effective relationships across potentially divisive group differences."", ""Political correctness is seen as a double-edged sword that, while promoting inclusivity, also fosters an environment of fear and inhibition."", ""Political correctness can suppress genuine expression and lead to misunderstandings and conflict."", ""Political correctness can be manipulated by different political sides to either mask bigotry or dilute messages.""]",5,debateqa,967,3
Why did the French government fake the terrorist attacks on 21.St November 2015?,"[""France has a lengthy history of terrorist attacks carried out by a variety of groups"", ""Islamist extremists have carried out numerous attacks in the 2010s"", ""the number of separate terrorist attacks in previous years has been far higher""]","[""France has a lengthy history of terrorist attacks carried out by a variety of groups"", ""Islamist extremists have carried out numerous attacks in the 2010s"", ""the number of separate terrorist attacks in previous years has been far higher""]",3,debateqa,1184,2
Does Donald Trump still have a chance to become President of the United States?,"[""Trump should not be barred from the ballot if there are legal reasons why Section 3 cannot be used against him."", ""Donald Trump is disqualified under Section 3 because of his attempt to use force and fraud to overturn the results of the 2020 election."", ""There is no reason to believe Trump’s conduct will improve if he is allowed to return to power.""]","[""Trump should not be barred from the ballot if there are legal reasons why Section 3 cannot be used against him."", ""Donald Trump is disqualified under Section 3 because of his attempt to use force and fraud to overturn the results of the 2020 election."", ""There is no reason to believe Trump’s conduct will improve if he is allowed to return to power.""]",3,debateqa,511,1
"Do you complain too much, too little, or just the right amount?","[""too little stress can lead to boredom and depression"", ""too much stress can cause anxiety and poor health"", ""the right amount of acute stress tunes up the brain and improves performance and health""]","[""too little stress can lead to boredom and depression"", ""too much stress can cause anxiety and poor health"", ""the right amount of acute stress tunes up the brain and improves performance and health""]",3,debateqa,454,1
Schools should make monthly psychological evaluations necessary?,"[""Monthly psychological evaluations can help identify the strengths and needs of students, aiding in the development of appropriate educational programs."", ""Regular evaluations ensure that the educational needs of students are met effectively through timely adjustments in their Individualized Education Programs."", ""Monthly psychological evaluations could be burdensome due to the extensive multidisciplinary assessments required, including physical examinations and social histories.""]","[""Monthly psychological evaluations can help identify the strengths and needs of students, aiding in the development of appropriate educational programs."", ""Regular evaluations ensure that the educational needs of students are met effectively through timely adjustments in their Individualized Education Programs."", ""Monthly psychological evaluations could be burdensome due to the extensive multidisciplinary assessments required, including physical examinations and social histories.""]",3,debateqa,1868,2
"If you look at a beautiful thing and appreciate it as god's creation, do you also hold god responsible for natural disaster, disease, war, torture, rape and killing?","[""God claims responsibility for both calm and calamity in his creation"", ""God is not the source of sin but allows certain events to occur"", ""Natural disasters are a reminder of the world's fallen state and a harbinger of final judgment"", ""God uses natural disasters as part of his sovereign design and purposes"", ""God's ultimate purpose in allowing disasters includes the hope of renewal and redemption""]","[""God claims responsibility for both calm and calamity in his creation"", ""God is not the source of sin but allows certain events to occur"", ""Natural disasters are a reminder of the world's fallen state and a harbinger of final judgment"", ""God uses natural disasters as part of his sovereign design and purposes"", ""God's ultimate purpose in allowing disasters includes the hope of renewal and redemption""]",5,debateqa,1255,3
What’s your favorite punctuation mark?,"[""some people really get excited by punctuation"", ""the Oxford Comma keeps lists very orderly"", ""the semicolon can be tricky to use"", ""hyphens bring elements together"", ""quotation marks denote speech or direct copies""]","[""some people really get excited by punctuation"", ""the Oxford Comma keeps lists very orderly"", ""the semicolon can be tricky to use"", ""hyphens bring elements together"", ""quotation marks denote speech or direct copies""]",5,debateqa,1837,3
Is this universe a experiment by god?,"[""The Bible describes the universe as a creation by God, indicating a purposeful act rather than an experiment"", ""God's creation of the universe is described as a series of deliberate acts, suggesting intentionality rather than experimentation"", ""The universe is described as a creation out of nothing by God, which aligns more with a purposeful act than an experimental one""]","[""The Bible describes the universe as a creation by God, indicating a purposeful act rather than an experiment"", ""God's creation of the universe is described as a series of deliberate acts, suggesting intentionality rather than experimentation"", ""The universe is described as a creation out of nothing by God, which aligns more with a purposeful act than an experimental one""]",3,debateqa,1874,2
Why are some Americans so upset about Trump's being elected as President of the U.S.?,"[""Some Americans are upset because they perceive the prosecution of Trump as politically motivated and unjust, undermining democracy."", ""Concerns about economic issues and public trust in institutions are significant factors contributing to the dissatisfaction among young Americans regarding Trump's presidency."", ""Young Americans' significant preference for Biden over Trump in polls reflects a demographic shift that may contribute to the upset over Trump's election.""]","[""Some Americans are upset because they perceive the prosecution of Trump as politically motivated and unjust, undermining democracy."", ""Concerns about economic issues and public trust in institutions are significant factors contributing to the dissatisfaction among young Americans regarding Trump's presidency."", ""Young Americans' significant preference for Biden over Trump in polls reflects a demographic shift that may contribute to the upset over Trump's election.""]",3,debateqa,962,1
Should politicians be allowed to accept gifts from lobbyists?,"[""A Member, officer, or employee may not accept any gift from a lobbyist, except as specifically allowed by the rule"", ""House Members and employees may generally accept \""food or refreshment of a nominal value offered other than as part of a meal\"""", ""Gifts from lobbyists are uniquely susceptible to the appearance that they are intended to purchase access or influence""]","[""A Member, officer, or employee may not accept any gift from a lobbyist, except as specifically allowed by the rule"", ""House Members and employees may generally accept \""food or refreshment of a nominal value offered other than as part of a meal\"""", ""Gifts from lobbyists are uniquely susceptible to the appearance that they are intended to purchase access or influence""]",3,debateqa,1108,2
How has USA been dominating the world for so long?,"[""The advancement of gunpowder technology allowed Europeans to quickly take over much of the rest of the globe, setting a foundation for Western dominance"", ""The United States has been able to exert significant influence on the World Bank, shaping its policies and decisions to align with U.S. interests"", ""Technological leadership in areas like artificial intelligence is seen as a key factor for global dominance in the modern era, with the U.S. being a major player""]","[""The advancement of gunpowder technology allowed Europeans to quickly take over much of the rest of the globe, setting a foundation for Western dominance"", ""The United States has been able to exert significant influence on the World Bank, shaping its policies and decisions to align with U.S. interests"", ""Technological leadership in areas like artificial intelligence is seen as a key factor for global dominance in the modern era, with the U.S. being a major player""]",3,debateqa,437,1
Can you treat a toothache at home without seeing a dentist?,"[""Home remedies can offer some mild toothache relief"", ""Using warm saltwater rinse can reduce inflammation and offer toothache pain relief"", ""Applying ice to the affected area helps shrink blood vessels and reduce pain and inflammation"", ""Over-the-counter pain relievers like acetaminophen and ibuprofen can temporarily relieve a toothache"", ""Garlic paste, due to its natural antibiotic properties, can help reduce the pain of a toothache""]","[""Home remedies can offer some mild toothache relief"", ""Using warm saltwater rinse can reduce inflammation and offer toothache pain relief"", ""Applying ice to the affected area helps shrink blood vessels and reduce pain and inflammation"", ""Over-the-counter pain relievers like acetaminophen and ibuprofen can temporarily relieve a toothache"", ""Garlic paste, due to its natural antibiotic properties, can help reduce the pain of a toothache""]",5,debateqa,1348,3
Can social media be a tool for learning and growth in schools?,"[""Social media can enhance student learning and engagement through real-time communications and sharing of resources."", ""Social media platforms like Twitter and Instagram can be integrated into educational settings to connect students globally and promote school events."", ""Teachers can use social media to foster digital citizenship and responsible online behavior among students."", ""Social media can be a distraction in the classroom if not managed properly, potentially leading to cyberbullying and off-topic activities."", ""Effective use of social media in education requires clear goals, understanding of educational technology policies, and professional development for teachers.""]","[""Social media can enhance student learning and engagement through real-time communications and sharing of resources."", ""Social media platforms like Twitter and Instagram can be integrated into educational settings to connect students globally and promote school events."", ""Teachers can use social media to foster digital citizenship and responsible online behavior among students."", ""Social media can be a distraction in the classroom if not managed properly, potentially leading to cyberbullying and off-topic activities."", ""Effective use of social media in education requires clear goals, understanding of educational technology policies, and professional development for teachers.""]",5,debateqa,99,3
Should people over 89 not be allowed to vote?,"[""strong majorities from both political affiliations approved of cleaning up voter rolls"", ""More than 80% of Americans support using a nation-wide database to identify ineligible voters"", ""Consensus around using information from the Social Security Administration and state death certificates to remove voters who are no longer living was even stronger""]","[""strong majorities from both political affiliations approved of cleaning up voter rolls"", ""More than 80% of Americans support using a nation-wide database to identify ineligible voters"", ""Consensus around using information from the Social Security Administration and state death certificates to remove voters who are no longer living was even stronger""]",3,debateqa,204,1
Is golf a sport and are golfers athletes?,"[""Golf is a sport because it requires skill, practice, and athleticism, similar to other sports"", ""Golf is considered a sport by many due to its competitive nature and the physical fitness required by professional golfers"", ""Golf is recognized as a sport by the International Olympic Committee, indicating its global acceptance as a competitive physical activity"", ""Golf involves significant physical exertion and skill, which aligns with the general definitions of a sport"", ""Golfers are considered athletes because they must maintain excellent physical condition and undergo rigorous training schedules similar to other professional athletes""]","[""Golf is a sport because it requires skill, practice, and athleticism, similar to other sports"", ""Golf is considered a sport by many due to its competitive nature and the physical fitness required by professional golfers"", ""Golf is recognized as a sport by the International Olympic Committee, indicating its global acceptance as a competitive physical activity"", ""Golf involves significant physical exertion and skill, which aligns with the general definitions of a sport"", ""Golfers are considered athletes because they must maintain excellent physical condition and undergo rigorous training schedules similar to other professional athletes""]",5,debateqa,354,3
Why is International Men's Day getting less importance compared to Women's Day?,"[""International Men's Day is not officially recognised by the United Nations"", ""International Men's Day focuses on issues unique to men and boys, which may not receive as much global attention as women's issues"", ""International Men's Day is celebrated in fewer countries compared to International Women's Day""]","[""International Men's Day is not officially recognised by the United Nations"", ""International Men's Day focuses on issues unique to men and boys, which may not receive as much global attention as women's issues"", ""International Men's Day is celebrated in fewer countries compared to International Women's Day""]",3,debateqa,1206,2
Will women still vote for Donald Trump in a potential presidential election despite his insulting remarks?,"[""Women voters will play a pivotal role in determining the outcome of the 2024 U.S. presidential election"", ""Trump's support from women declined by five points to 36 percent"", ""Trump's share of the white women vote in 2020 actually increased from 2016""]","[""Women voters will play a pivotal role in determining the outcome of the 2024 U.S. presidential election"", ""Trump's support from women declined by five points to 36 percent"", ""Trump's share of the white women vote in 2020 actually increased from 2016""]",3,debateqa,1224,2
Is Donald Trump the 666 Antichrist?,"[""It is highly unlikely that Donald Trump is the Antichrist"", ""Donald Trump does possess some traits similar to the Bible's description of the Antichrist"", ""Donald Trump is not of Jewish descent or from a revived Roman Empire, which are debated characteristics of the Antichrist"", ""Donald Trump claims to have faith in Jesus Christ, which seems unlikely for the Antichrist"", ""The Antichrist is expected to have a significant relationship with Israel, similar to some of Trump's actions""]","[""It is highly unlikely that Donald Trump is the Antichrist"", ""Donald Trump does possess some traits similar to the Bible's description of the Antichrist"", ""Donald Trump is not of Jewish descent or from a revived Roman Empire, which are debated characteristics of the Antichrist"", ""Donald Trump claims to have faith in Jesus Christ, which seems unlikely for the Antichrist"", ""The Antichrist is expected to have a significant relationship with Israel, similar to some of Trump's actions""]",5,debateqa,1714,3
Was there ever a real life Dracula?,"[""Vlad III, Prince of Wallachia or \""Vlad the Impaler\"" is Count Dracula's historical namesake."", ""Stoker's notes basically clarified the question of how much Stoker knew about Vlad the Impaler, which wasn't very much."", ""There isn't a real connection between Bram Stoker's fictional character Dracula and the historical figure Vlad the Impaler."", ""Stoker had already created a vampire character before he came across the name Dracula."", ""Stoker never went to Romania.""]","[""Vlad III, Prince of Wallachia or \""Vlad the Impaler\"" is Count Dracula's historical namesake."", ""Stoker's notes basically clarified the question of how much Stoker knew about Vlad the Impaler, which wasn't very much."", ""There isn't a real connection between Bram Stoker's fictional character Dracula and the historical figure Vlad the Impaler."", ""Stoker had already created a vampire character before he came across the name Dracula."", ""Stoker never went to Romania.""]",5,debateqa,1012,3
Should unpaid internships be banned?,"[""Unpaid internships disproportionately benefit students who can afford to intern without pay, denying equitable access to all students."", ""Unpaid internships should be banned as they perpetuate gender, racial, and socio-economic inequities."", ""Legislation is needed to ensure all internships are paid to benefit students, educational institutions, employers, and the economy."", ""Unpaid internships are unjust and create an unlevel playing field for underserved college students."", ""Unpaid internships lack legal protections for interns, unlike paid internships.""]","[""Unpaid internships disproportionately benefit students who can afford to intern without pay, denying equitable access to all students."", ""Unpaid internships should be banned as they perpetuate gender, racial, and socio-economic inequities."", ""Legislation is needed to ensure all internships are paid to benefit students, educational institutions, employers, and the economy."", ""Unpaid internships are unjust and create an unlevel playing field for underserved college students."", ""Unpaid internships lack legal protections for interns, unlike paid internships.""]",5,debateqa,1020,3
What is the best evidence for a historical Jesus?,"[""the resurrection of Jesus is a historical event"", ""the crucifixion of Jesus is a historically indisputable event"", ""the empty tomb is a strong historical argument for the resurrection""]","[""the resurrection of Jesus is a historical event"", ""the crucifixion of Jesus is a historically indisputable event"", ""the empty tomb is a strong historical argument for the resurrection""]",3,debateqa,530,1
Is capital punishment just?,"[""Capital punishment is defended because it may deter violent crime and protect the safety and welfare of citizens"", ""Capital punishment is criticized for being a costly process that wastes resources which could be used elsewhere"", ""The death penalty is seen as unjust because it is disproportionately applied to the poor and minorities, and risks executing innocent people"", ""There is no credible evidence that the death penalty deters crime more effectively than life imprisonment"", ""Justice demands that those who commit heinous crimes face the death penalty to ensure equality in punishment""]","[""Capital punishment is defended because it may deter violent crime and protect the safety and welfare of citizens"", ""Capital punishment is criticized for being a costly process that wastes resources which could be used elsewhere"", ""The death penalty is seen as unjust because it is disproportionately applied to the poor and minorities, and risks executing innocent people"", ""There is no credible evidence that the death penalty deters crime more effectively than life imprisonment"", ""Justice demands that those who commit heinous crimes face the death penalty to ensure equality in punishment""]",5,debateqa,1484,3
How can Donald Trump improve Obamacare?,"[""Trump can improve Obamacare by reinstating cost-sharing reduction subsidies to insurers to help keep premiums down"", ""Trump can enhance Obamacare by not enforcing the individual mandate, which could lead to higher premiums due to a less healthy insurance pool"", ""Improving Obamacare could involve reversing the expansion of access to short-term \""skinny\"" plans, which are less comprehensive and can leave consumers underinsured"", ""Trump could improve Obamacare by supporting the Navigator programs and advertising budgets that help people enroll in ACA-compliant plans"", ""Reinstating the individual mandate could improve Obamacare by ensuring a healthier insurance pool and potentially lowering premiums""]","[""Trump can improve Obamacare by reinstating cost-sharing reduction subsidies to insurers to help keep premiums down"", ""Trump can enhance Obamacare by not enforcing the individual mandate, which could lead to higher premiums due to a less healthy insurance pool"", ""Improving Obamacare could involve reversing the expansion of access to short-term \""skinny\"" plans, which are less comprehensive and can leave consumers underinsured"", ""Trump could improve Obamacare by supporting the Navigator programs and advertising budgets that help people enroll in ACA-compliant plans"", ""Reinstating the individual mandate could improve Obamacare by ensuring a healthier insurance pool and potentially lowering premiums""]",5,debateqa,1591,3
Can strict traffic laws prevent accidents?,"[""imposing stricter penalties will not affect road-user behaviour"", ""implementing automatic traffic surveillance techniques can make enforcement effects last"", ""strict traffic laws are essential for maintaining order and safety on the roads""]","[""imposing stricter penalties will not affect road-user behaviour"", ""implementing automatic traffic surveillance techniques can make enforcement effects last"", ""strict traffic laws are essential for maintaining order and safety on the roads""]",3,debateqa,1049,1
What will you do if you have only one day left in your life?,"[""Food stored constantly at 0 °F will always be safe"", ""Freezing to 0 °F inactivates any microbes — bacteria, yeasts and molds — present in food"", ""Freezing keeps food safe by slowing the movement of molecules, causing microbes to enter a dormant stage""]","[""Food stored constantly at 0 °F will always be safe"", ""Freezing to 0 °F inactivates any microbes — bacteria, yeasts and molds — present in food"", ""Freezing keeps food safe by slowing the movement of molecules, causing microbes to enter a dormant stage""]",3,debateqa,567,1
Does the death penalty violate moral standards regardless of the crime?,"[""Retributivism justifies the death penalty by linking the punishment directly to the offense committed, focusing on the past conduct that merits death as a penal response"", ""Utilitarianism justifies the death penalty by assessing the future effects or consequences of capital punishment, such as crime prevention through deterrence and incapacitation"", ""The death penalty may violate moral standards if it results in unethical conduct by medical practitioners or other participants necessary for its execution"", ""The death penalty can be seen as a violation of moral standards if it is applied arbitrarily, capriciously, or discriminately"", ""Capital punishment may not violate moral standards if it is seen as a form of retributive justice where the punishment fits the crime, such as in cases of murder""]","[""Retributivism justifies the death penalty by linking the punishment directly to the offense committed, focusing on the past conduct that merits death as a penal response"", ""Utilitarianism justifies the death penalty by assessing the future effects or consequences of capital punishment, such as crime prevention through deterrence and incapacitation"", ""The death penalty may violate moral standards if it results in unethical conduct by medical practitioners or other participants necessary for its execution"", ""The death penalty can be seen as a violation of moral standards if it is applied arbitrarily, capriciously, or discriminately"", ""Capital punishment may not violate moral standards if it is seen as a form of retributive justice where the punishment fits the crime, such as in cases of murder""]",5,debateqa,50,3
Should convicted felons be allowed to vote after serving their time in prison?,"[""Restoration of voting rights varies by state, with some allowing automatic restoration after release, while others require additional actions such as a governor's pardon or completion of a waiting period"", ""Arguments for restoring voting rights include the belief that participating in democracy is a crucial step in a felon's reintegration and that disenfranchisement serves as a form of racial discrimination"", ""Opponents argue that felons should not vote because they have demonstrated poor judgment and a disregard for the law, and that voting rights should be earned back after proving a commitment to lawful behavior""]","[""Restoration of voting rights varies by state, with some allowing automatic restoration after release, while others require additional actions such as a governor's pardon or completion of a waiting period"", ""Arguments for restoring voting rights include the belief that participating in democracy is a crucial step in a felon's reintegration and that disenfranchisement serves as a form of racial discrimination"", ""Opponents argue that felons should not vote because they have demonstrated poor judgment and a disregard for the law, and that voting rights should be earned back after proving a commitment to lawful behavior""]",3,debateqa,78,1
Is fasting beneficial for individuals with diabetes?,"[""fasting has demonstrated beneficial effects for both healthy individuals and those with metabolic diseases"", ""fasting can be used safely and effectively in addition to medications to support the therapy in T1DM and T2DM"", ""fasting has the potential to minimize the risk of hypoglycemia in T1DM, lower glycaemic variability, and improve fat metabolism in T1DM and T2DM""]","[""fasting has demonstrated beneficial effects for both healthy individuals and those with metabolic diseases"", ""fasting can be used safely and effectively in addition to medications to support the therapy in T1DM and T2DM"", ""fasting has the potential to minimize the risk of hypoglycemia in T1DM, lower glycaemic variability, and improve fat metabolism in T1DM and T2DM""]",3,debateqa,1933,2
Could Jurassic Park Happen in Real Life?,"[""the possibility of cloning dinosaurs is being discussed"", ""recent discoveries have revived the de-extinction debate"", ""preserved soft tissue and red blood cells from a dinosaur fossil have been uncovered""]","[""the possibility of cloning dinosaurs is being discussed"", ""recent discoveries have revived the de-extinction debate"", ""preserved soft tissue and red blood cells from a dinosaur fossil have been uncovered""]",3,debateqa,1354,2
Can plants survive without soil?,"[""Plants can grow without soil using hydroponics, which involves a solution of water containing necessary plant nutrients"", ""Plants can survive without soil by extracting necessary oxygen from water or air"", ""Some plants can grow attached to other structures like tree branches, where they receive support and nutrients from composted materials""]","[""Plants can grow without soil using hydroponics, which involves a solution of water containing necessary plant nutrients"", ""Plants can survive without soil by extracting necessary oxygen from water or air"", ""Some plants can grow attached to other structures like tree branches, where they receive support and nutrients from composted materials""]",3,debateqa,1285,2
What are some contradictions in the Holy Bible?,"[""the Bible contains contradictions and inconsistencies"", ""some argue that inconsistencies in the Bible do not undermine its divine origin"", ""critics highlight contradictions as a challenge to the Bible's divine authorship""]","[""the Bible contains contradictions and inconsistencies"", ""some argue that inconsistencies in the Bible do not undermine its divine origin"", ""critics highlight contradictions as a challenge to the Bible's divine authorship""]",3,debateqa,392,1
Should ethical considerations play a role in business decisions?,"[""ethical behavior has many advantages for businesses, including avoiding legal consequences, increasing profitability, and attracting and retaining top talent"", ""ethical considerations are crucial for maintaining a company's reputation and ensuring customer loyalty"", ""ethics programs are essential for promoting moral conduct and building public trust in business practices""]","[""ethical behavior has many advantages for businesses, including avoiding legal consequences, increasing profitability, and attracting and retaining top talent"", ""ethical considerations are crucial for maintaining a company's reputation and ensuring customer loyalty"", ""ethics programs are essential for promoting moral conduct and building public trust in business practices""]",3,debateqa,1839,2
Does Putin have inside information on Hillary Clinton and Donald Trump?,"[""the dossier reports a \""[well-developed conspiracy of co-operation between [Trump and his associates] and the Russian leadership]"", ""the Russian regime had been behind the recent leak of embarrassing email messages, emanating from the Democratic National Committee (DNC), to the Wikileaks platform"", ""the operation had been conducted with the full knowledge and support of Trump and senior members of his campaign team""]","[""the dossier reports a \""[well-developed conspiracy of co-operation between [Trump and his associates] and the Russian leadership]"", ""the Russian regime had been behind the recent leak of embarrassing email messages, emanating from the Democratic National Committee (DNC), to the Wikileaks platform"", ""the operation had been conducted with the full knowledge and support of Trump and senior members of his campaign team""]",3,debateqa,769,1
Should smoking be made illegal?,"[""Smoking should be made illegal because it is the deadliest artefact in human history, killing millions annually and offering no benefits to the consumer."", ""Smoking should not be made illegal as prohibition could lead to increased smuggling, organized crime, and a failed war on drugs, similar to alcohol prohibition."", ""Smoking should be made illegal to prevent the extensive health costs and loss of productivity it causes, which burdens public and private sectors."", ""Smoking should not be made illegal because it would infringe on personal freedoms and individual rights to choose, similar to the consumption of alcohol and fast food.""]","[""Smoking should be made illegal because it is the deadliest artefact in human history, killing millions annually and offering no benefits to the consumer."", ""Smoking should not be made illegal as prohibition could lead to increased smuggling, organized crime, and a failed war on drugs, similar to alcohol prohibition."", ""Smoking should be made illegal to prevent the extensive health costs and loss of productivity it causes, which burdens public and private sectors."", ""Smoking should not be made illegal because it would infringe on personal freedoms and individual rights to choose, similar to the consumption of alcohol and fast food.""]",4,debateqa,1036,3
Can alternative energy replace fossil fuels?,"[""Renewable energy sources are available in abundance all around us, provided by the sun, wind, water, waste, and heat from the Earth"", ""Renewable energy is the cheapest power option in most parts of the world today"", ""Renewable energy sources can decarbonize 90 percent of the power sector by 2050"", ""Nuclear energy is the only solution capable of replacing fossil fuels at scale"", ""Renewable energy cannot fully replace fossil fuels due to intermittency issues and the lack of efficient and economical storage technologies""]","[""Renewable energy sources are available in abundance all around us, provided by the sun, wind, water, waste, and heat from the Earth"", ""Renewable energy is the cheapest power option in most parts of the world today"", ""Renewable energy sources can decarbonize 90 percent of the power sector by 2050"", ""Nuclear energy is the only solution capable of replacing fossil fuels at scale"", ""Renewable energy cannot fully replace fossil fuels due to intermittency issues and the lack of efficient and economical storage technologies""]",5,debateqa,547,3
What was time before the Big Bang?,"[""the universe exploded into existence almost 14 billion years ago in an event known as the Big Bang"", ""the universe must, in fact, have had a beginning"", ""the universe is a random event that happened for no particular reason"", ""time began at a particular time"", ""time and the world began with the Big Bang""]","[""the universe exploded into existence almost 14 billion years ago in an event known as the Big Bang"", ""the universe must, in fact, have had a beginning"", ""the universe is a random event that happened for no particular reason"", ""time began at a particular time"", ""time and the world began with the Big Bang""]",5,debateqa,816,3
Where is the line in prisons that once you cross the punishment becomes cruel and unusual?,"[""It does not entail the restriction of other human rights, with the exception of those which are naturally restricted by the very fact of being in prison."", ""Prisoners are likely to have existing health problems on entry to prison, as they are predominantly from poorly educated and socio-economically deprived sectors of the general population, with minimal access to adequate health services."", ""Prison reform is necessary to ensure that this principle is respected, the human rights of prisoners protected and their prospects for social reintegration increased, in compliance with relevant international standards and norms.""]","[""It does not entail the restriction of other human rights, with the exception of those which are naturally restricted by the very fact of being in prison."", ""Prisoners are likely to have existing health problems on entry to prison, as they are predominantly from poorly educated and socio-economically deprived sectors of the general population, with minimal access to adequate health services."", ""Prison reform is necessary to ensure that this principle is respected, the human rights of prisoners protected and their prospects for social reintegration increased, in compliance with relevant international standards and norms.""]",3,debateqa,127,1
Should public schools implement mandatory drug testing for students?,"[""Drug testing can deter substance use among students"", ""Random drug testing may not effectively deter future substance use intentions among students"", ""Drug testing is considered a search under the Fourth Amendment, requiring reasonable suspicion"", ""Drug testing without reasonable suspicion or probable cause can violate the Fourth Amendment"", ""Drug testing can help identify students at risk and provide early intervention""]","[""Drug testing can deter substance use among students"", ""Random drug testing may not effectively deter future substance use intentions among students"", ""Drug testing is considered a search under the Fourth Amendment, requiring reasonable suspicion"", ""Drug testing without reasonable suspicion or probable cause can violate the Fourth Amendment"", ""Drug testing can help identify students at risk and provide early intervention""]",5,debateqa,388,3
Should companies be required to hire 50% male and 50% female employees?,"[""Gender proportionality principle helps organizations grow their gender diversity throughout the entire hierarchy"", ""Gender proportionality principle is supported as it presents a simple and attainable minimum standard to look toward in diversifying an organization"", ""Gender proportionality principle is argued to be fair and provide equal opportunity""]","[""Gender proportionality principle helps organizations grow their gender diversity throughout the entire hierarchy"", ""Gender proportionality principle is supported as it presents a simple and attainable minimum standard to look toward in diversifying an organization"", ""Gender proportionality principle is argued to be fair and provide equal opportunity""]",3,debateqa,784,1
What have been President Obama's biggest foreign policy mistakes?,"[""President Obama's declaration of a date certain to end American combat operations discouraged our friends and heartened our enemies"", ""Obama's policy in Iraq left the U.S. with no presence, no leverage, and no credibility with the Iraqi leadership"", ""Obama's handling of the Syrian civil war was highly criticized""]","[""President Obama's declaration of a date certain to end American combat operations discouraged our friends and heartened our enemies"", ""Obama's policy in Iraq left the U.S. with no presence, no leverage, and no credibility with the Iraqi leadership"", ""Obama's handling of the Syrian civil war was highly criticized""]",3,debateqa,1781,2
What are some of the reasons to vote against Hillary Clinton?,"[""Hillary is also a serial liar, whose lies are of a breathtaking and unprecedented depth, breadth, and scope."", ""Her lies are about national security."", ""She demonized Bill Clinton's sexual assault victims.""]","[""Hillary is also a serial liar, whose lies are of a breathtaking and unprecedented depth, breadth, and scope."", ""Her lies are about national security."", ""She demonized Bill Clinton's sexual assault victims.""]",3,debateqa,605,1
Is astral travel real?,"[""Astral projection is described as an intentional out-of-body experience"", ""There is no scientific evidence supporting the existence of a consciousness separate from neural activity or the ability to leave the body and make observations"", ""Astral projection is considered a pseudoscience by the scientific community""]","[""Astral projection is described as an intentional out-of-body experience"", ""There is no scientific evidence supporting the existence of a consciousness separate from neural activity or the ability to leave the body and make observations"", ""Astral projection is considered a pseudoscience by the scientific community""]",3,debateqa,1895,2
More educational institutes should offer educational bonuses?.,"[""Online education has the potential to meet the needs of many students and lower costs"", ""Retention bonuses for teachers in low-performing schools can improve student outcomes"", ""Listening sessions are being held to review rules on how educational institutions may compensate their recruiters""]","[""Online education has the potential to meet the needs of many students and lower costs"", ""Retention bonuses for teachers in low-performing schools can improve student outcomes"", ""Listening sessions are being held to review rules on how educational institutions may compensate their recruiters""]",3,debateqa,1879,2
Is year-round schooling better for students?,"[""Year-round schooling can be beneficial for low-income students by preventing summer learning loss and providing regular access to tutoring and support."", ""Year-round schooling may not significantly improve literacy development according to some studies, and it can disrupt family schedules and increase operational costs."", ""Year-round schooling offers a structured environment that can reduce the achievement gap by minimizing the summer slide and providing more consistent educational engagement."", ""Year-round schooling allows for more efficient use of school facilities and staff, potentially reducing class sizes and the need for new school construction.""]","[""Year-round schooling can be beneficial for low-income students by preventing summer learning loss and providing regular access to tutoring and support."", ""Year-round schooling may not significantly improve literacy development according to some studies, and it can disrupt family schedules and increase operational costs."", ""Year-round schooling offers a structured environment that can reduce the achievement gap by minimizing the summer slide and providing more consistent educational engagement."", ""Year-round schooling allows for more efficient use of school facilities and staff, potentially reducing class sizes and the need for new school construction.""]",4,debateqa,550,2
Should people over 88 not be allowed to vote?,"[""Older voters have the highest turnout rates and are a significant part of the voting population"", ""Older adults face challenges such as mobility issues and access to transportation, which can hinder their ability to vote"", ""Programs like 'Your Vote Counts' help homebound seniors exercise their right to vote by providing necessary assistance and information""]","[""Older voters have the highest turnout rates and are a significant part of the voting population"", ""Older adults face challenges such as mobility issues and access to transportation, which can hinder their ability to vote"", ""Programs like 'Your Vote Counts' help homebound seniors exercise their right to vote by providing necessary assistance and information""]",3,debateqa,1753,2
Is kneeling during the national anthem an appropriate form of protest?,"[""Kneeling during the national anthem is a legal form of peaceful protest, which is a First Amendment right."", ""Kneeling during the national anthem shows disrespect for the flag and members of the armed forces."", ""When one believes the United States is not living up to its ideals of freedom, liberty, and justice for all, kneeling during the national anthem is appropriate and justified.""]","[""Kneeling during the national anthem is a legal form of peaceful protest, which is a First Amendment right."", ""Kneeling during the national anthem shows disrespect for the flag and members of the armed forces."", ""When one believes the United States is not living up to its ideals of freedom, liberty, and justice for all, kneeling during the national anthem is appropriate and justified.""]",3,debateqa,143,1
Should immigrants be required to pass an exam on American civics and history?,"[""immigrants are already required to demonstrate knowledge of U.S. history and government through a civics test"", ""some immigrants may qualify for exceptions from the civics requirement based on age or medical conditions"", ""the civics test is designed to foster civic integration and learning about U.S. government and history"", ""there are educational pathways and exams that can satisfy American history and institutions requirements before university enrollment"", ""most Americans struggle with basic U.S. history and civics knowledge, suggesting a need for improved education""]","[""immigrants are already required to demonstrate knowledge of U.S. history and government through a civics test"", ""some immigrants may qualify for exceptions from the civics requirement based on age or medical conditions"", ""the civics test is designed to foster civic integration and learning about U.S. government and history"", ""there are educational pathways and exams that can satisfy American history and institutions requirements before university enrollment"", ""most Americans struggle with basic U.S. history and civics knowledge, suggesting a need for improved education""]",5,debateqa,281,3
Do social media filters and editing promote unhealthy body image ideals?,"[""social media filters and editing tools are driving a lot of self-concern and anxiety"", ""constant exposure to ideal body types on social media leads to unhealthy body image and comparison"", ""viewing body-positive content on social media can promote body positivity and acceptance"", ""social media usage is linked to increased body dissatisfaction and disordered eating"", ""editing photos before posting online is a common practice that can affect self-image""]","[""social media filters and editing tools are driving a lot of self-concern and anxiety"", ""constant exposure to ideal body types on social media leads to unhealthy body image and comparison"", ""viewing body-positive content on social media can promote body positivity and acceptance"", ""social media usage is linked to increased body dissatisfaction and disordered eating"", ""editing photos before posting online is a common practice that can affect self-image""]",5,debateqa,639,3
Is there a need for stricter gun control laws to address the issue of mass shootings?,"[""Stricter gun control laws are needed to address mass shootings by reducing easy access to dangerous weapons"", ""Implementing secure firearm storage laws can help prevent mass shootings by keeping guns out of the hands of those who shouldn't have them"", ""Extreme Risk Laws can prevent mass shootings by allowing intervention before potential shooters can access firearms""]","[""Stricter gun control laws are needed to address mass shootings by reducing easy access to dangerous weapons"", ""Implementing secure firearm storage laws can help prevent mass shootings by keeping guns out of the hands of those who shouldn't have them"", ""Extreme Risk Laws can prevent mass shootings by allowing intervention before potential shooters can access firearms""]",3,debateqa,210,1
Is it ethical to engage in surveillance and data collection for national security purposes?,"[""Surveillance and data collection for national security purposes can be justified by the need to identify potential threats of violence or terrorism"", ""Surveillance can lead to misinterpretation of social media activity, sometimes with severe consequences, and can suppress people's willingness to communicate openly online"", ""The use of surveillance for national security can invade individuals' privacy by revealing sensitive personal information""]","[""Surveillance and data collection for national security purposes can be justified by the need to identify potential threats of violence or terrorism"", ""Surveillance can lead to misinterpretation of social media activity, sometimes with severe consequences, and can suppress people's willingness to communicate openly online"", ""The use of surveillance for national security can invade individuals' privacy by revealing sensitive personal information""]",3,debateqa,423,1
Did the real Paul McCartney of the Beatles die in a car crash in 1966?,"[""Paul McCartney died in a car crash in 1966 and was replaced by a look-alike"", ""Paul McCartney did not die but was involved in a minor road accident"", ""The \""Paul is dead\"" rumor was a hoax that gained international attention and was later debunked""]","[""Paul McCartney died in a car crash in 1966 and was replaced by a look-alike"", ""Paul McCartney did not die but was involved in a minor road accident"", ""The \""Paul is dead\"" rumor was a hoax that gained international attention and was later debunked""]",3,debateqa,1283,2
Is the Painted Lady butterfly the most widespread butterfly in the world?,"[""The Painted Lady Butterfly is the most widespread butterfly species found on the planet"", ""The painted lady is the most widespread of all butterflies in the world"", ""The painted lady is one of the most widespread species of butterfly, found right across the world with the exception of South America""]","[""The Painted Lady Butterfly is the most widespread butterfly species found on the planet"", ""The painted lady is the most widespread of all butterflies in the world"", ""The painted lady is one of the most widespread species of butterfly, found right across the world with the exception of South America""]",3,debateqa,102,1
Are ride-hailing companies a benefit to society?,"[""Ride-hailing services increase traffic congestion, emissions, and total vehicle miles traveled"", ""Ride-hailing companies create jobs and boost the economy"", ""Ride-hailing increases mobility for seniors, people with disabilities, and low-income populations""]","[""Ride-hailing services increase traffic congestion, emissions, and total vehicle miles traveled"", ""Ride-hailing companies create jobs and boost the economy"", ""Ride-hailing increases mobility for seniors, people with disabilities, and low-income populations""]",3,debateqa,580,1
Is Trump his own worst enemy in his race to become the next President?,"[""Trump's strong performance in early primaries indicates a high chance of reelection"", ""Trump's unique presidency style does not necessarily make him his own worst enemy"", ""Trump's electoral strategy focuses on the Electoral College, potentially ignoring broader popular support"", ""The divisive political climate may impact Trump's chances negatively, as polarization is deep""]","[""Trump's strong performance in early primaries indicates a high chance of reelection"", ""Trump's unique presidency style does not necessarily make him his own worst enemy"", ""Trump's electoral strategy focuses on the Electoral College, potentially ignoring broader popular support"", ""The divisive political climate may impact Trump's chances negatively, as polarization is deep""]",4,debateqa,782,3
Is it ethical to euthanize a pet?,"[""Euthanasia is considered when a pet's quality of life is seriously impaired by an injury or disease that cannot be treated"", ""Euthanasia may be necessary if a pet has become vicious, dangerous, or unmanageable"", ""Euthanasia is a personal decision supported by veterinarians, family, and friends"", ""Euthanasia is used to end a pet's pain when they are suffering or unlikely to make a recovery"", ""Euthanasia decisions can be influenced by economic, emotional, and space limitations or lifestyle changes""]","[""Euthanasia is considered when a pet's quality of life is seriously impaired by an injury or disease that cannot be treated"", ""Euthanasia may be necessary if a pet has become vicious, dangerous, or unmanageable"", ""Euthanasia is a personal decision supported by veterinarians, family, and friends"", ""Euthanasia is used to end a pet's pain when they are suffering or unlikely to make a recovery"", ""Euthanasia decisions can be influenced by economic, emotional, and space limitations or lifestyle changes""]",5,debateqa,924,3
What is the least biased political source in the USA?,"[""Fox News and CNN are the most commonly cited sources for political and election news"", ""\""All Sides\"" claims to provide balanced news from the right, left, and center points-of-view"", ""Pew Research Center is recognized as a nonpartisan fact tank""]","[""Fox News and CNN are the most commonly cited sources for political and election news"", ""\""All Sides\"" claims to provide balanced news from the right, left, and center points-of-view"", ""Pew Research Center is recognized as a nonpartisan fact tank""]",3,debateqa,1502,2
Should voting be mandatory as it is in some other democracies?,"[""Compulsory voting could reduce political polarization by pushing party platforms toward the center"", ""Mandatory voting can increase voter turnout significantly"", ""Compulsory voting is seen as a way to ensure that all citizens, especially those at the margins, are represented in democracy"", ""Compulsory voting may conflict with American principles of freedom from compelled speech"", ""Universal voting could amplify long-suppressed voices and enhance democratic participation""]","[""Compulsory voting could reduce political polarization by pushing party platforms toward the center"", ""Mandatory voting can increase voter turnout significantly"", ""Compulsory voting is seen as a way to ensure that all citizens, especially those at the margins, are represented in democracy"", ""Compulsory voting may conflict with American principles of freedom from compelled speech"", ""Universal voting could amplify long-suppressed voices and enhance democratic participation""]",5,debateqa,1906,3
How could African enslavement have been prevented?,"[""European traders generally relied on a network of African rulers and traders to capture and bring enslaved Africans"", ""European traders encouraged African consumer demands for European goods, formed military alliances to instigate fighting and increase the number of captives"", ""African leaders could refuse to supply European demands when the profits of the slave trade did not outweigh the loss of local labor"", ""Enslaved Africans resisted by organizing hunger strikes, forming rebellions, and even committing suicide"", ""Day-to-day resistance was the most common form of opposition to slavery""]","[""European traders generally relied on a network of African rulers and traders to capture and bring enslaved Africans"", ""European traders encouraged African consumer demands for European goods, formed military alliances to instigate fighting and increase the number of captives"", ""African leaders could refuse to supply European demands when the profits of the slave trade did not outweigh the loss of local labor"", ""Enslaved Africans resisted by organizing hunger strikes, forming rebellions, and even committing suicide"", ""Day-to-day resistance was the most common form of opposition to slavery""]",5,debateqa,1371,3
Is barefoot running healthier than running with shoes?,"[""Barefoot running may lead to better running mechanics and more efficient running patterns"", ""Barefoot running could potentially reduce the risk of chronic injuries"", ""Running barefoot might help prevent plantar fasciitis by promoting better running technique"", ""Barefoot running could lead to increased calorie burn due to the absence of springy soles found in running shoes"", ""There are risks associated with barefoot running, such as increased exposure to foot injuries and stress fractures""]","[""Barefoot running may lead to better running mechanics and more efficient running patterns"", ""Barefoot running could potentially reduce the risk of chronic injuries"", ""Running barefoot might help prevent plantar fasciitis by promoting better running technique"", ""Barefoot running could lead to increased calorie burn due to the absence of springy soles found in running shoes"", ""There are risks associated with barefoot running, such as increased exposure to foot injuries and stress fractures""]",5,debateqa,1898,3
Should employers be able to mandate vaccinations?,"[""Vaccine mandates are an effective tool employers can use to make work environments safe for everyone."", ""Employers should evaluate the risk of workplace spread and the impact of a vaccination mandate on talent."", ""Vaccine mandates can help reduce workplace disruptions and coronavirus illness associated with employment."", ""Employers that mandate vaccinations can face legal challenges and should address liability concerns."", ""Employers should develop clear policies and communicate effectively about the vaccination mandate to maximize its acceptance and effectiveness.""]","[""Vaccine mandates are an effective tool employers can use to make work environments safe for everyone."", ""Employers should evaluate the risk of workplace spread and the impact of a vaccination mandate on talent."", ""Vaccine mandates can help reduce workplace disruptions and coronavirus illness associated with employment."", ""Employers that mandate vaccinations can face legal challenges and should address liability concerns."", ""Employers should develop clear policies and communicate effectively about the vaccination mandate to maximize its acceptance and effectiveness.""]",5,debateqa,376,3
Are we living in a simulation?,"[""the simulation hypothesis proposes that what humans experience as the world is actually a simulated reality"", ""if we are in a simulation, the answer is simple: in math you are witnessing the code of the creator"", ""the odds of us not being in a simulation is \""one in billions\""""]","[""the simulation hypothesis proposes that what humans experience as the world is actually a simulated reality"", ""if we are in a simulation, the answer is simple: in math you are witnessing the code of the creator"", ""the odds of us not being in a simulation is \""one in billions\""""]",3,debateqa,602,1
"If you hate white people, are you a racist?","[""hating someone based on race is considered a bias"", ""racial bias can manifest subtly and unconsciously, affecting judgments and actions"", ""expressing hate towards a race can be seen as a form of racial microaggression""]","[""hating someone based on race is considered a bias"", ""racial bias can manifest subtly and unconsciously, affecting judgments and actions"", ""expressing hate towards a race can be seen as a form of racial microaggression""]",3,debateqa,638,1
What are the consequences of the conflict between Ukraine and Russia?,"[""The conflict has resulted in significant civilian casualties and displacement."", ""There has been extensive damage to Ukraine's infrastructure, particularly in housing, transport, energy, and commerce."", ""The war has exacerbated food insecurity globally, particularly affecting countries dependent on Ukrainian grain."", ""Ukrainian refugees face significant challenges in accessing services and integrating into host societies."", ""There is a profound psychological impact on the population, with a high prevalence of mental health issues among Ukrainians.""]","[""The conflict has resulted in significant civilian casualties and displacement."", ""There has been extensive damage to Ukraine's infrastructure, particularly in housing, transport, energy, and commerce."", ""The war has exacerbated food insecurity globally, particularly affecting countries dependent on Ukrainian grain."", ""Ukrainian refugees face significant challenges in accessing services and integrating into host societies."", ""There is a profound psychological impact on the population, with a high prevalence of mental health issues among Ukrainians.""]",5,debateqa,1738,3
Is it ethical for governments to use propaganda to shape public opinion during times of conflict?,"[""the government sought to unify American society behind the war effort"", ""the CPI produced films, commissioned colorful posters, published books, and pamphlets"", ""the public recognized the larger truth of the CPI: it was a propaganda machine that often disregarded facts""]","[""the government sought to unify American society behind the war effort"", ""the CPI produced films, commissioned colorful posters, published books, and pamphlets"", ""the public recognized the larger truth of the CPI: it was a propaganda machine that often disregarded facts""]",3,debateqa,1915,2
How much will the Cairo and Libya attacks on 9.11 damage President Obama's re-election efforts?,"[""President Obama's inconsistent statements on the nature of the Benghazi attack could have undermined his credibility and affected his re-election efforts"", ""The administration's perceived lack of transparency and consistency regarding the Benghazi attack might have led to public distrust during President Obama's re-election campaign"", ""Initial refusal to label the Benghazi incident as a terrorist attack, despite evidence, could have negatively impacted public perception and voter confidence in Obama's leadership""]","[""President Obama's inconsistent statements on the nature of the Benghazi attack could have undermined his credibility and affected his re-election efforts"", ""The administration's perceived lack of transparency and consistency regarding the Benghazi attack might have led to public distrust during President Obama's re-election campaign"", ""Initial refusal to label the Benghazi incident as a terrorist attack, despite evidence, could have negatively impacted public perception and voter confidence in Obama's leadership""]",3,debateqa,1452,2
Would you allow an ex-prisoner to live with you?,"[""Ex-prisoners face significant challenges in finding housing and employment, which are crucial for successful reintegration"", ""Support systems like mentoring and community assistance can significantly impact the successful reentry of ex-prisoners"", ""Ex-prisoners often experience societal rejection and stigmatization, which can negatively affect their self-concept and well-being""]","[""Ex-prisoners face significant challenges in finding housing and employment, which are crucial for successful reintegration"", ""Support systems like mentoring and community assistance can significantly impact the successful reentry of ex-prisoners"", ""Ex-prisoners often experience societal rejection and stigmatization, which can negatively affect their self-concept and well-being""]",3,debateqa,459,1
How powerful is Vladimir Putin?,"[""Vladimir Putin is described as a powerful figure with the ability to end the war in Ukraine instantly"", ""Putin's control over Russia's wealth and his methodical approach to building his fortune demonstrate his significant power"", ""Putin's influence is evident in his ability to sway U.S. President Donald Trump's opinions, particularly during the Helsinki summit"", ""Putin's power is further highlighted by his control over the State Duma through the United Russia party, which dominates the publicly elected Russian legislative house"", ""Putin's ability to manipulate public perception and maintain high popularity through propaganda campaigns underscores his powerful influence in Russia""]","[""Vladimir Putin is described as a powerful figure with the ability to end the war in Ukraine instantly"", ""Putin's control over Russia's wealth and his methodical approach to building his fortune demonstrate his significant power"", ""Putin's influence is evident in his ability to sway U.S. President Donald Trump's opinions, particularly during the Helsinki summit"", ""Putin's power is further highlighted by his control over the State Duma through the United Russia party, which dominates the publicly elected Russian legislative house"", ""Putin's ability to manipulate public perception and maintain high popularity through propaganda campaigns underscores his powerful influence in Russia""]",5,debateqa,914,3
Can nuclear power solve climate change?,"[""Nuclear energy is low-carbon and can be deployed on a large scale"", ""Nuclear power plants produce no greenhouse gas emissions during operation"", ""Experts have concluded that combating climate change would be much harder without an increased role for nuclear"", ""Nuclear energy avoids emissions roughly equivalent to removing one-third of all cars from the world’s roads"", ""France generates over 70% of its electricity from nuclear power"", ""Nuclear energy can be expanded at the speed required to effectively combat climate change"", ""Net Zero Nuclear initiative calls for tripling global nuclear capacity to achieve carbon neutrality by 2050""]","[""Nuclear energy is low-carbon and can be deployed on a large scale"", ""Nuclear power plants produce no greenhouse gas emissions during operation"", ""Experts have concluded that combating climate change would be much harder without an increased role for nuclear"", ""Nuclear energy avoids emissions roughly equivalent to removing one-third of all cars from the world’s roads"", ""France generates over 70% of its electricity from nuclear power"", ""Nuclear energy can be expanded at the speed required to effectively combat climate change"", ""Net Zero Nuclear initiative calls for tripling global nuclear capacity to achieve carbon neutrality by 2050""]",7,debateqa,1274,3
Should the voting age be lowered or raised?,"[""Lowering the voting age can lead to a long-term increase in voter turnout"", ""16- and 17-year-olds have the necessary civic knowledge, skills, and cognitive ability to vote responsibly"", ""Lowering the voting age to 16 will strengthen civics education"", ""16-year-olds are just as knowledgeable about civics and have the same ability to make good voting choices as older voters"", ""Lowering the voting age to 16 increases voter turnout and develops lifelong voting habits""]","[""Lowering the voting age can lead to a long-term increase in voter turnout"", ""16- and 17-year-olds have the necessary civic knowledge, skills, and cognitive ability to vote responsibly"", ""Lowering the voting age to 16 will strengthen civics education"", ""16-year-olds are just as knowledgeable about civics and have the same ability to make good voting choices as older voters"", ""Lowering the voting age to 16 increases voter turnout and develops lifelong voting habits""]",5,debateqa,474,3
Should schools teach LGBT+ inclusive sex education?,"[""LGBT-inclusive sex education can reduce bullying, improve mental health and reduce suicidality in young LGBT people"", ""Some sex education curricula cover LGBT issues, presenting homosexuality and heterosexuality as equally valid"", ""Teachers' personal opinions about homosexuality can impact the effectiveness of LGBT sex education"", ""Opponents argue that LGBT sex education programs would force a political point of view on students, misuse tax money, and disrespect religious values""]","[""LGBT-inclusive sex education can reduce bullying, improve mental health and reduce suicidality in young LGBT people"", ""Some sex education curricula cover LGBT issues, presenting homosexuality and heterosexuality as equally valid"", ""Teachers' personal opinions about homosexuality can impact the effectiveness of LGBT sex education"", ""Opponents argue that LGBT sex education programs would force a political point of view on students, misuse tax money, and disrespect religious values""]",4,debateqa,985,3
Is the outsourcing of manufacturing jobs to other countries detrimental to the domestic economy?,"[""The outsourcing of manufacturing jobs to other countries has led to significant job losses in the U.S., particularly in the manufacturing sector"", ""Outsourcing manufacturing jobs has contributed to wage suppression and reduced bargaining power for U.S. workers"", ""The decline in manufacturing jobs due to outsourcing does not necessarily impede economic growth if appropriate policies are implemented""]","[""The outsourcing of manufacturing jobs to other countries has led to significant job losses in the U.S., particularly in the manufacturing sector"", ""Outsourcing manufacturing jobs has contributed to wage suppression and reduced bargaining power for U.S. workers"", ""The decline in manufacturing jobs due to outsourcing does not necessarily impede economic growth if appropriate policies are implemented""]",3,debateqa,644,1
"Should teachers be allowed to discuss their political beliefs in the classroom, or does it risk influencing students’ perspectives?","[""Teachers should not share their political beliefs to maintain a neutral and fair environment"", ""Teachers sharing political beliefs can influence younger students significantly, potentially creating biases"", ""Teachers expressing political views can hinder open discussion among students"", ""Teachers should be allowed to share their political beliefs to foster real-world discussion skills and critical thinking"", ""Disclosing political beliefs by teachers can help students understand bias and distinguish between fact and opinion""]","[""Teachers should not share their political beliefs to maintain a neutral and fair environment"", ""Teachers sharing political beliefs can influence younger students significantly, potentially creating biases"", ""Teachers expressing political views can hinder open discussion among students"", ""Teachers should be allowed to share their political beliefs to foster real-world discussion skills and critical thinking"", ""Disclosing political beliefs by teachers can help students understand bias and distinguish between fact and opinion""]",5,debateqa,724,3
Should individuals convicted of nonviolent offenses be eligible for automatic expungement of their criminal records after a certain period?,"[""Automatic expungement is available for certain nonviolent offenses after a specified waiting period"", ""Individuals must meet specific criteria such as completing all sentence components and adhering to waiting periods to qualify for automatic expungement"", ""Some offenses, including violent and sexual crimes, are not eligible for automatic expungement""]","[""Automatic expungement is available for certain nonviolent offenses after a specified waiting period"", ""Individuals must meet specific criteria such as completing all sentence components and adhering to waiting periods to qualify for automatic expungement"", ""Some offenses, including violent and sexual crimes, are not eligible for automatic expungement""]",3,debateqa,22,1
Were radios used in the Trenches during World War I?,"[""U.S. soldiers operated a radio switchboard just behind the front line during World War I"", ""the U.S. government poured millions into radio research during the war"", ""radios were part of the convergence of emerging technologies that reshaped life on and off the battlefield""]","[""U.S. soldiers operated a radio switchboard just behind the front line during World War I"", ""the U.S. government poured millions into radio research during the war"", ""radios were part of the convergence of emerging technologies that reshaped life on and off the battlefield""]",3,debateqa,458,1
Can Russian Hackers get Trump's tax returns?,"[""Russian hackers have previously targeted U.S. political entities"", ""Trump has financial ties to Russia which could potentially be revealed through his tax returns"", ""Trump encouraged Russia to engage in hacking related to U.S. political processes""]","[""Russian hackers have previously targeted U.S. political entities"", ""Trump has financial ties to Russia which could potentially be revealed through his tax returns"", ""Trump encouraged Russia to engage in hacking related to U.S. political processes""]",3,debateqa,1770,2
Why doesn’t Ukraine join NATO?,"[""Ukraine's membership in NATO could lead to a direct conflict with Russia, including a nuclear war"", ""Admitting Ukraine to NATO could undermine the credibility of NATO's security guarantees"", ""The cost of defending Ukraine could strain NATO's resources and capabilities"", ""Ukraine's geography and ongoing conflict with Russia make its NATO membership controversial""]","[""Ukraine's membership in NATO could lead to a direct conflict with Russia, including a nuclear war"", ""Admitting Ukraine to NATO could undermine the credibility of NATO's security guarantees"", ""The cost of defending Ukraine could strain NATO's resources and capabilities"", ""Ukraine's geography and ongoing conflict with Russia make its NATO membership controversial""]",4,debateqa,1150,3
Will Donald Trump ever release his taxes?,"[""Trump has not released his tax returns due to ongoing audits"", ""Legal investigations into Trump's associates may affect his decision on releasing his tax returns"", ""Trump's focus on significant tax reforms might overshadow the issue of releasing his tax returns""]","[""Trump has not released his tax returns due to ongoing audits"", ""Legal investigations into Trump's associates may affect his decision on releasing his tax returns"", ""Trump's focus on significant tax reforms might overshadow the issue of releasing his tax returns""]",3,debateqa,955,1
Why do Westerners keep making disparaging comments against Chinese athletes?,"[""Anti-Chinese sentiment is a fear or dislike of China, Chinese people, and/or Chinese culture"", ""Anti-Chinese sentiment involves immigration, nationalism, political ideologies, disparity of wealth, the past tributary system of Imperial China, majority-minority relations, imperial legacies, and racism"", ""Anti-Chinese sentiment is frequently directed at Chinese minorities which live outside China""]","[""Anti-Chinese sentiment is a fear or dislike of China, Chinese people, and/or Chinese culture"", ""Anti-Chinese sentiment involves immigration, nationalism, political ideologies, disparity of wealth, the past tributary system of Imperial China, majority-minority relations, imperial legacies, and racism"", ""Anti-Chinese sentiment is frequently directed at Chinese minorities which live outside China""]",3,debateqa,1472,2
Would Hillary Clinton be a good president for US?,"[""Hillary Clinton is highly qualified and experienced, making her a suitable president"", ""Clinton's ability to work with both parties and her record in public service demonstrate her potential as a good president"", ""Clinton's policies are aimed at strengthening the middle class and the economy, which could be beneficial for the US"", ""Clinton's international experience and relationships with world leaders could enhance her effectiveness as president"", ""Clinton's commitment to social issues like equal pay, family leave, and immigration reform highlights her progressive stance""]","[""Hillary Clinton is highly qualified and experienced, making her a suitable president"", ""Clinton's ability to work with both parties and her record in public service demonstrate her potential as a good president"", ""Clinton's policies are aimed at strengthening the middle class and the economy, which could be beneficial for the US"", ""Clinton's international experience and relationships with world leaders could enhance her effectiveness as president"", ""Clinton's commitment to social issues like equal pay, family leave, and immigration reform highlights her progressive stance""]",5,debateqa,1453,3
Can Internet Service Providers sell user data without consent?,"[""Internet service providers may not sell or transfer a consumer’s personally identifying information without the consumer’s express and affirmative permission"", ""Internet service providers are forbidden from using or selling browsing histories, app usage data, geo-locations, and other personal information without user consent"", ""State laws, such as those in Maine, Maryland, and Minnesota, have been enacted to protect internet users from the unauthorized sale and use of their personal information""]","[""Internet service providers may not sell or transfer a consumer’s personally identifying information without the consumer’s express and affirmative permission"", ""Internet service providers are forbidden from using or selling browsing histories, app usage data, geo-locations, and other personal information without user consent"", ""State laws, such as those in Maine, Maryland, and Minnesota, have been enacted to protect internet users from the unauthorized sale and use of their personal information""]",3,debateqa,1622,2
Should sex work be legal?,"[""Human Rights Watch supports the full decriminalization of consensual adult sex work."", ""Criminalization exposes sex workers to abuse and exploitation by law enforcement."", ""Decriminalizing sex work maximizes sex workers' legal protection and their ability to exercise other key rights."", ""Legalizing or decriminalizing prostitution has not decreased the prevalence of illegal prostitution."", ""Legalization or decriminalization increases human trafficking."", ""The Nordic Model has lowered the prevalence of street prostitution.""]","[""Human Rights Watch supports the full decriminalization of consensual adult sex work."", ""Criminalization exposes sex workers to abuse and exploitation by law enforcement."", ""Decriminalizing sex work maximizes sex workers' legal protection and their ability to exercise other key rights."", ""Legalizing or decriminalizing prostitution has not decreased the prevalence of illegal prostitution."", ""Legalization or decriminalization increases human trafficking."", ""The Nordic Model has lowered the prevalence of street prostitution.""]",6,debateqa,323,3
Should the government regulate the gig economy to ensure workers receive benefits and protections?,"[""Government regulation can ensure gig workers are treated fairly and not subjected to deceptive practices"", ""Local governments have successfully raised labor standards and protected workers through dedicated agencies and laws"", ""Regulation can combat unfair competition and wage fixing in the gig economy""]","[""Government regulation can ensure gig workers are treated fairly and not subjected to deceptive practices"", ""Local governments have successfully raised labor standards and protected workers through dedicated agencies and laws"", ""Regulation can combat unfair competition and wage fixing in the gig economy""]",3,debateqa,1027,1
Was Shakespeare the real author of all his plays and poems?,"[""Shakespeare of Stratford was a front to shield the identity of the real author or authors"", ""Shakespeare's humble origins and obscure life seemed incompatible with his poetic eminence"", ""Supporters of alternative candidates argue that theirs is the more plausible author""]","[""Shakespeare of Stratford was a front to shield the identity of the real author or authors"", ""Shakespeare's humble origins and obscure life seemed incompatible with his poetic eminence"", ""Supporters of alternative candidates argue that theirs is the more plausible author""]",3,debateqa,193,1
Why does everyone hate Hillary Clinton?,"[""Clinton's marital relationship came under public scrutiny during the Lewinsky scandal"", ""Clinton was criticized for her use of a private email server as secretary"", ""Clinton faced criticism for her role in the failure to prevent the 2012 Benghazi attack""]","[""Clinton's marital relationship came under public scrutiny during the Lewinsky scandal"", ""Clinton was criticized for her use of a private email server as secretary"", ""Clinton faced criticism for her role in the failure to prevent the 2012 Benghazi attack""]",3,debateqa,1405,2
Why is Donald Trump so stupid?,"[""Trump communicates at a fourth-grade level to ensure everyone can understand him, not because he lacks intelligence"", ""Trump's approach to communication is strategic for broad comprehension"", ""Trump's simplistic language is a calculated tactic to connect with a wider audience""]","[""Trump communicates at a fourth-grade level to ensure everyone can understand him, not because he lacks intelligence"", ""Trump's approach to communication is strategic for broad comprehension"", ""Trump's simplistic language is a calculated tactic to connect with a wider audience""]",3,debateqa,905,1
Is the MeToo movement currently stirring controversy?,"[""The MeToo movement is currently stirring controversy as it is seen by some as a hindrance to male-female relations and likened to a witch hunt for men."", ""The MeToo movement is stirring controversy due to misunderstandings about its original intent, which is about power and privilege, not just sex and gender."", ""Controversy surrounds the MeToo movement as it faces criticism for complicating interactions between men and women in the workforce.""]","[""The MeToo movement is currently stirring controversy as it is seen by some as a hindrance to male-female relations and likened to a witch hunt for men."", ""The MeToo movement is stirring controversy due to misunderstandings about its original intent, which is about power and privilege, not just sex and gender."", ""Controversy surrounds the MeToo movement as it faces criticism for complicating interactions between men and women in the workforce.""]",3,debateqa,1783,2
Is victim mentality a behavior more performed by women?,"[""Victim-blaming attitudes marginalize the victim/survivor and make it harder to come forward and report the abuse"", ""Men face many of the same barriers as women that prevent them from reporting abuse"", ""Women are the primary targets and girls are mainly trafficked for sexual exploitation""]","[""Victim-blaming attitudes marginalize the victim/survivor and make it harder to come forward and report the abuse"", ""Men face many of the same barriers as women that prevent them from reporting abuse"", ""Women are the primary targets and girls are mainly trafficked for sexual exploitation""]",3,debateqa,842,1
Should celebrities be allowed to profit from their personal lives?,"[""Celebrities should not be allowed to profit from their personal lives as it often leads to a loss of privacy and unwanted attention from paparazzi and gossip columnists"", ""Celebrities should be allowed to profit from their personal lives as their fame can be leveraged to support humanitarian causes and advocacy campaigns"", ""Celebrities should not be allowed to profit from their personal lives as it often results in the violation of their rights to privacy and safety""]","[""Celebrities should not be allowed to profit from their personal lives as it often leads to a loss of privacy and unwanted attention from paparazzi and gossip columnists"", ""Celebrities should be allowed to profit from their personal lives as their fame can be leveraged to support humanitarian causes and advocacy campaigns"", ""Celebrities should not be allowed to profit from their personal lives as it often results in the violation of their rights to privacy and safety""]",3,debateqa,740,1
Is vaping e-cigarettes safe?,"[""Vaping exposes you to fewer toxic chemicals than smoking traditional cigarettes but is still not safe"", ""Vaping is associated with lung injuries and deaths, particularly from modified devices or black market e-liquids"", ""Vaping can lead to nicotine addiction and is not recommended as a cessation tool by the FDA"", ""E-cigarettes are popular among youth, potentially leading to nicotine addiction and subsequent use of traditional tobacco products"", ""Long-term health effects of vaping are unknown, but current evidence suggests potential harm to heart and lungs""]","[""Vaping exposes you to fewer toxic chemicals than smoking traditional cigarettes but is still not safe"", ""Vaping is associated with lung injuries and deaths, particularly from modified devices or black market e-liquids"", ""Vaping can lead to nicotine addiction and is not recommended as a cessation tool by the FDA"", ""E-cigarettes are popular among youth, potentially leading to nicotine addiction and subsequent use of traditional tobacco products"", ""Long-term health effects of vaping are unknown, but current evidence suggests potential harm to heart and lungs""]",5,debateqa,40,3
Can you get rid of cellulite with exercise?,"[""Exercise can help improve the appearance of cellulite"", ""Regular exercise increases your muscle mass, which flattens cellulite"", ""Exercise also increases blood flow to certain areas of your body, which speeds up fat loss""]","[""Exercise can help improve the appearance of cellulite"", ""Regular exercise increases your muscle mass, which flattens cellulite"", ""Exercise also increases blood flow to certain areas of your body, which speeds up fat loss""]",3,debateqa,1339,2
Is Donald Trump gonna end in a conflict but not quit as elected president?,"[""Trump and the organization were ordered to pay nearly $355 million before interest in February 2024"", ""Trump posted the bond on April 1, 2024, thus ensuring that his assets and properties could not be seized until at least the time his appeals finished"", ""Trump retained his financial stake in the business, despite having offered during the campaign to put all his assets in a blind trust should he win the presidency""]","[""Trump and the organization were ordered to pay nearly $355 million before interest in February 2024"", ""Trump posted the bond on April 1, 2024, thus ensuring that his assets and properties could not be seized until at least the time his appeals finished"", ""Trump retained his financial stake in the business, despite having offered during the campaign to put all his assets in a blind trust should he win the presidency""]",3,debateqa,1417,2
School cafeterias should not have junk food in them?,"[""school food needs to be lower cost and not require much preparation, which means foods are often higher in sugar, fat and salt"", ""unhealthy foods create obesity, and “it can lead to several serious and potentially life-threatening conditions"", ""unhealthy foods are addictive and once you eat it, you want more""]","[""school food needs to be lower cost and not require much preparation, which means foods are often higher in sugar, fat and salt"", ""unhealthy foods create obesity, and “it can lead to several serious and potentially life-threatening conditions"", ""unhealthy foods are addictive and once you eat it, you want more""]",3,debateqa,1856,2
What's the best evidence that we never landed on the moon?,"[""some people believe humans couldn't have passed through the Van Allen belts without being exposed to lethal doses of radiation"", ""the argument that the landings were faked is based on various misunderstandings of Nasa equipment and lunar physics"", ""conspiracy theorists claim that NASA faked the landings to avoid humiliation and to ensure that it continued to get funding""]","[""some people believe humans couldn't have passed through the Van Allen belts without being exposed to lethal doses of radiation"", ""the argument that the landings were faked is based on various misunderstandings of Nasa equipment and lunar physics"", ""conspiracy theorists claim that NASA faked the landings to avoid humiliation and to ensure that it continued to get funding""]",3,debateqa,704,1
What is our purpose in being here?,"[""Our purpose in life should be to fear God and keep his commandments"", ""Our purpose includes glorifying God and enjoying fellowship with Him"", ""Life's purpose involves having good relationships with others, working, and having dominion over the earth"", ""Discovering personal purpose can be facilitated by self-reflection and identifying personal values and interests"", ""Experiencing hardship and having a supportive social network can lead to finding one's purpose""]","[""Our purpose in life should be to fear God and keep his commandments"", ""Our purpose includes glorifying God and enjoying fellowship with Him"", ""Life's purpose involves having good relationships with others, working, and having dominion over the earth"", ""Discovering personal purpose can be facilitated by self-reflection and identifying personal values and interests"", ""Experiencing hardship and having a supportive social network can lead to finding one's purpose""]",5,debateqa,514,3
How have you coped with the death of an idol?,"[""finding solace in faith and the promises of Christianity"", ""seeking comfort through community and remembering shared experiences"", ""embracing the inevitability of aging and finding peace in the natural progression of life""]","[""finding solace in faith and the promises of Christianity"", ""seeking comfort through community and remembering shared experiences"", ""embracing the inevitability of aging and finding peace in the natural progression of life""]",3,debateqa,1025,1
What should have Hillary Clinton done differently in order to defeat Trump?,"[""Hillary Clinton could have adjusted her campaign's polling strategies to better account for education levels"", ""Clinton's campaign could have focused more on capturing late-deciding voters"", ""Clinton might have benefited from a campaign strategy that better addressed the unique dynamics of state-level polling and voter behavior""]","[""Hillary Clinton could have adjusted her campaign's polling strategies to better account for education levels"", ""Clinton's campaign could have focused more on capturing late-deciding voters"", ""Clinton might have benefited from a campaign strategy that better addressed the unique dynamics of state-level polling and voter behavior""]",3,debateqa,1186,2
"Will the American civil rights movement, including BLM, be energized & accomplish more with Trump as President?","[""Trump's presidency has been perceived negatively in terms of handling race relations, with many Americans believing he has made them worse"", ""Public support for the Black Lives Matter movement is strong, which could suggest an energized civil rights movement"", ""There is a significant partisan divide in perceptions of the protests and Trump's impact on race relations, which could affect the movement's unity and effectiveness"", ""Increased discussions about race and racial equality among Americans might contribute to a more energized civil rights movement"", ""Activism and engagement in issues of race or racial equality have increased, indicating a potential rise in energy within the movement""]","[""Trump's presidency has been perceived negatively in terms of handling race relations, with many Americans believing he has made them worse"", ""Public support for the Black Lives Matter movement is strong, which could suggest an energized civil rights movement"", ""There is a significant partisan divide in perceptions of the protests and Trump's impact on race relations, which could affect the movement's unity and effectiveness"", ""Increased discussions about race and racial equality among Americans might contribute to a more energized civil rights movement"", ""Activism and engagement in issues of race or racial equality have increased, indicating a potential rise in energy within the movement""]",5,debateqa,1260,3
"Should pharmaceutical companies be held responsible for the opioid epidemic, and if so, how?","[""pharmaceutical companies deceptively promoted opioid use"", ""pharmaceutical companies should be held responsible due to their aggressive and misleading marketing campaigns"", ""the FDA failed to properly regulate and enforce marketing regulations, contributing to the crisis"", ""legal accountability through lawsuits has been pursued against companies supplying opioids"", ""government suits against pharmaceutical companies claim injury and seek restitution to repair systems debilitated by opioid addiction""]","[""pharmaceutical companies deceptively promoted opioid use"", ""pharmaceutical companies should be held responsible due to their aggressive and misleading marketing campaigns"", ""the FDA failed to properly regulate and enforce marketing regulations, contributing to the crisis"", ""legal accountability through lawsuits has been pursued against companies supplying opioids"", ""government suits against pharmaceutical companies claim injury and seek restitution to repair systems debilitated by opioid addiction""]",5,debateqa,306,3
Should corporal punishment be used in K-12 schools?,"[""Corporal punishment can inflict long-lasting physical and mental harm on students."", ""Corporal punishment sets clear boundaries and motivates children to behave in school."", ""Corporal punishment creates an unsafe and violent school environment.""]","[""Corporal punishment can inflict long-lasting physical and mental harm on students."", ""Corporal punishment sets clear boundaries and motivates children to behave in school."", ""Corporal punishment creates an unsafe and violent school environment.""]",3,debateqa,873,1
Should the US government increase funding for law enforcement?,"[""President Biden's administration has proposed significant funding increases for law enforcement to enhance public safety and crime prevention"", ""Increased funding for law enforcement is aimed at recruiting and training additional police officers to ensure effective, accountable community policing"", ""The proposed budget includes substantial investments in crime prevention services that address the causes of crime, aiming to reduce the burdens on police officers"", ""There is a push for legislative changes and funding to enhance gun control measures as part of the strategy to increase public safety"", ""Investments are also directed towards modernizing the criminal justice system and supporting community-led violence prevention initiatives""]","[""President Biden's administration has proposed significant funding increases for law enforcement to enhance public safety and crime prevention"", ""Increased funding for law enforcement is aimed at recruiting and training additional police officers to ensure effective, accountable community policing"", ""The proposed budget includes substantial investments in crime prevention services that address the causes of crime, aiming to reduce the burdens on police officers"", ""There is a push for legislative changes and funding to enhance gun control measures as part of the strategy to increase public safety"", ""Investments are also directed towards modernizing the criminal justice system and supporting community-led violence prevention initiatives""]",5,debateqa,1133,3
Why Non-Muslims hate muslims?,"[""Islamophobia is a fear, prejudice and hatred of Muslims that leads to provocation, hostility and intolerance"", ""Some experts prefer the label 'anti-Muslim hatred,' fearing that the term 'Islamophobia' risks condemning all critiques of Islam"", ""Islamophobia has many non-violent and policy-driven manifestations, including negative media portrayals, labour discrimination, and targeted legislation""]","[""Islamophobia is a fear, prejudice and hatred of Muslims that leads to provocation, hostility and intolerance"", ""Some experts prefer the label 'anti-Muslim hatred,' fearing that the term 'Islamophobia' risks condemning all critiques of Islam"", ""Islamophobia has many non-violent and policy-driven manifestations, including negative media portrayals, labour discrimination, and targeted legislation""]",3,debateqa,274,1
Should affirmative action be based on socioeconomic status instead of race or caste?,"[""SES-based affirmative action policies do not yield nearly as much racial diversity as do race-based policies"", ""SES is a significant factor in understanding racial/ethnic health disparities"", ""SES-based policies do not sort minority students into colleges for which they are academically unqualified""]","[""SES-based affirmative action policies do not yield nearly as much racial diversity as do race-based policies"", ""SES is a significant factor in understanding racial/ethnic health disparities"", ""SES-based policies do not sort minority students into colleges for which they are academically unqualified""]",3,debateqa,856,1
Are there significant similarities between Donald Trump's political candidacy and those of Adolf Hitler and Benito Mussolini?,"[""Trump's rhetoric has been compared to fascist dictators like Adolf Hitler and Benito Mussolini"", ""Trump uses dehumanizing language similar to historical fascist leaders"", ""Trump's political strategy includes elements reminiscent of fascist tactics, such as targeting internal enemies and glorifying strongman leadership""]","[""Trump's rhetoric has been compared to fascist dictators like Adolf Hitler and Benito Mussolini"", ""Trump uses dehumanizing language similar to historical fascist leaders"", ""Trump's political strategy includes elements reminiscent of fascist tactics, such as targeting internal enemies and glorifying strongman leadership""]",3,debateqa,176,1
"Should the United States adopt a system of mandatory voting, similar to some other democracies?","[""Mandatory voting could potentially increase voter turnout"", ""Mandatory voting laws are actively enforced in some countries, leading to higher voter turnout rates"", ""Compulsory voting may not be the sole factor in achieving high voter turnout""]","[""Mandatory voting could potentially increase voter turnout"", ""Mandatory voting laws are actively enforced in some countries, leading to higher voter turnout rates"", ""Compulsory voting may not be the sole factor in achieving high voter turnout""]",3,debateqa,87,1
Will advanced artificial intelligence threaten human jobs and society?,"[""AI could replace jobs but also create new opportunities"", ""AI may exacerbate income inequality within and between countries"", ""Advanced AI integration can enhance productivity and economic growth"", ""AI's impact on jobs varies significantly between advanced and emerging economies"", ""AI could lead to social and ethical challenges, necessitating careful management and regulation""]","[""AI could replace jobs but also create new opportunities"", ""AI may exacerbate income inequality within and between countries"", ""Advanced AI integration can enhance productivity and economic growth"", ""AI's impact on jobs varies significantly between advanced and emerging economies"", ""AI could lead to social and ethical challenges, necessitating careful management and regulation""]",5,debateqa,84,3
Why did we send troops to the middle east?,"[""The U.S. maintains troops in the Middle East to ensure Iran does not acquire nuclear weapons."", ""The U.S. has troops in the Middle East to support military and intelligence cooperation with Israel."", ""U.S. troops are present in the Middle East to prevent the resurgence of the Islamic State and to counter Iranian influence."", ""The U.S. maintains a military presence in the Middle East to protect strategic interests and ensure regional stability.""]","[""The U.S. maintains troops in the Middle East to ensure Iran does not acquire nuclear weapons."", ""The U.S. has troops in the Middle East to support military and intelligence cooperation with Israel."", ""U.S. troops are present in the Middle East to prevent the resurgence of the Islamic State and to counter Iranian influence."", ""The U.S. maintains a military presence in the Middle East to protect strategic interests and ensure regional stability.""]",4,debateqa,265,2
What will happen if Donald Trump becomes the President of the United States?,"[""Trump would consolidate his control over the institutions of government, bending them to his will"", ""U.S. alliances would likely crumble, the global economy would close, and democracy and human rights would be in rapid retreat"", ""Trump will insist on loyalty with every appointment"", ""Trump's administration would likely pursue policies that benefit him personally"", ""Trump could unilaterally pull the plug on NATO by refusing to defend certain countries"", ""Trump's re-election could lead to less international cooperation and more countries making independent decisions"", ""Trump's approach to law and order might be brutal, affecting civil rights"", ""Trump's administration would focus on prosecuting political adversaries and changing the Justice Department's norms""]","[""Trump would consolidate his control over the institutions of government, bending them to his will"", ""U.S. alliances would likely crumble, the global economy would close, and democracy and human rights would be in rapid retreat"", ""Trump will insist on loyalty with every appointment"", ""Trump's administration would likely pursue policies that benefit him personally"", ""Trump could unilaterally pull the plug on NATO by refusing to defend certain countries"", ""Trump's re-election could lead to less international cooperation and more countries making independent decisions"", ""Trump's approach to law and order might be brutal, affecting civil rights"", ""Trump's administration would focus on prosecuting political adversaries and changing the Justice Department's norms""]",8,debateqa,368,3
What are the major flaws with Donald Trump's and Hillary Clinton's foreign policy agendas?,"[""Trump's foreign policy is seen as impulsive and lacking in detail"", ""Clinton's foreign policy is criticized for lacking big, clear themes that resonate with voters despite its detail"", ""Clinton aims to build on Obama's policies, which may not distinctly mark her own foreign policy identity"", ""Trump's foreign policy is perceived as regressive and isolationist"", ""Clinton's foreign policy is seen as inclusive and modernizing, focusing on global cooperation""]","[""Trump's foreign policy is seen as impulsive and lacking in detail"", ""Clinton's foreign policy is criticized for lacking big, clear themes that resonate with voters despite its detail"", ""Clinton aims to build on Obama's policies, which may not distinctly mark her own foreign policy identity"", ""Trump's foreign policy is perceived as regressive and isolationist"", ""Clinton's foreign policy is seen as inclusive and modernizing, focusing on global cooperation""]",5,debateqa,203,3
"According to the New Testament who killed Jesus? God, the Jews or the Romans?","[""Romans killed Jesus as a political threat"", ""the Jews had nothing to do with killing Jesus"", ""Jesus was arrested on a charge of treason and was crucified, a common form of execution for condemned criminals"", ""Pilate who had him crucified"", ""the Romans had kick-started a brand new religion that, in time, would spread across Rome and, eventually, the world""]","[""Romans killed Jesus as a political threat"", ""the Jews had nothing to do with killing Jesus"", ""Jesus was arrested on a charge of treason and was crucified, a common form of execution for condemned criminals"", ""Pilate who had him crucified"", ""the Romans had kick-started a brand new religion that, in time, would spread across Rome and, eventually, the world""]",5,debateqa,1154,3
Will Hillary Clinton go to jail?,"[""There is no evidence that jail policies are being reviewed in response to this tragedy"", ""Clarke has not seen fit to address those residents at any length about these troubling incidents for which he has chosen to shoulder responsibility"", ""the Justice Department under Attorney General Jeff Sessions was profoundly disinterested in responding to my repeated appeals for a federal investigation into Clarke's jail""]","[""There is no evidence that jail policies are being reviewed in response to this tragedy"", ""Clarke has not seen fit to address those residents at any length about these troubling incidents for which he has chosen to shoulder responsibility"", ""the Justice Department under Attorney General Jeff Sessions was profoundly disinterested in responding to my repeated appeals for a federal investigation into Clarke's jail""]",3,debateqa,535,1
Why exactly do Christians say the law of thermodynamics cancels out evolution?,"[""evolution results in an increase in the order and complexity of species, which is a decrease in entropy"", ""the Earth is not an isolated system, allowing for an increase in order due to energy input from the sun"", ""entropy is increasing, and thus natural processes must be breaking down, not building up"", ""the second law of thermodynamics states that the entropy of a closed system cannot decrease""]","[""evolution results in an increase in the order and complexity of species, which is a decrease in entropy"", ""the Earth is not an isolated system, allowing for an increase in order due to energy input from the sun"", ""entropy is increasing, and thus natural processes must be breaking down, not building up"", ""the second law of thermodynamics states that the entropy of a closed system cannot decrease""]",4,debateqa,1774,3
Would you rather be deaf or blind?,"[""Blind. I couldn't live without music."", ""Deafness would mean losing music and birdsong."", ""Deaf people can enjoy music through the feeling and vibrations, and not just through hearing."", ""To lose hearing was to live in silence, which felt terrifying."", ""Deaf individuals can perceive music and sounds through other sensory inputs like vibrations.""]","[""Blind. I couldn't live without music."", ""Deafness would mean losing music and birdsong."", ""Deaf people can enjoy music through the feeling and vibrations, and not just through hearing."", ""To lose hearing was to live in silence, which felt terrifying."", ""Deaf individuals can perceive music and sounds through other sensory inputs like vibrations.""]",5,debateqa,449,3
Can you brew beer without hops?,"[""beer was sometimes flavored using gruit, and some still see it as a workable alternative to hops"", ""modified yeast can be used to create hoppy flavors without actual hops"", ""various herbs and plants like yarrow, mugwort, and wormwood have historically been used as alternatives to hops in brewing""]","[""beer was sometimes flavored using gruit, and some still see it as a workable alternative to hops"", ""modified yeast can be used to create hoppy flavors without actual hops"", ""various herbs and plants like yarrow, mugwort, and wormwood have historically been used as alternatives to hops in brewing""]",3,debateqa,1337,2
Can universal healthcare and capitalism co-exist?,"[""Universal healthcare and capitalism can coexist as demonstrated by the partnership between South Australia Health and David Jones department store"", ""Universal healthcare systems can be funded by government regulation and subsidies derived from taxation"", ""Universal healthcare systems are not necessarily government-owned; they can involve private businesses with government funding""]","[""Universal healthcare and capitalism can coexist as demonstrated by the partnership between South Australia Health and David Jones department store"", ""Universal healthcare systems can be funded by government regulation and subsidies derived from taxation"", ""Universal healthcare systems are not necessarily government-owned; they can involve private businesses with government funding""]",3,debateqa,1013,1
Should the voting age be raised to 21?,"[""raising the voting age to 25 would cause young people to assign \""greater value to the act\"" of voting"", ""lowering the voting age to 16 could increase political engagement and participation among young people"", ""opponents argue that 16-year-olds may not have the necessary life experience or maturity to make informed decisions""]","[""raising the voting age to 25 would cause young people to assign \""greater value to the act\"" of voting"", ""lowering the voting age to 16 could increase political engagement and participation among young people"", ""opponents argue that 16-year-olds may not have the necessary life experience or maturity to make informed decisions""]",3,debateqa,1113,2
Should we abolish the Electoral College? Why or why not?,"[""The Electoral College should be abolished because it distorts the democratic process and does not reflect the popular vote."", ""The Electoral College should not be abolished as it prevents the domination of large states over small ones and balances power between Congress and state legislatures."", ""Abolishing the Electoral College could lead to more engaged and equitable national elections by eliminating the \""battleground state\"" phenomenon."", ""Maintaining the Electoral College is beneficial as it channels presidential politics into a two-party system, reducing the influence of fringe factions."", ""The Electoral College is outdated and no longer serves its original purposes, thus it should be abolished.""]","[""The Electoral College should be abolished because it distorts the democratic process and does not reflect the popular vote."", ""The Electoral College should not be abolished as it prevents the domination of large states over small ones and balances power between Congress and state legislatures."", ""Abolishing the Electoral College could lead to more engaged and equitable national elections by eliminating the \""battleground state\"" phenomenon."", ""Maintaining the Electoral College is beneficial as it channels presidential politics into a two-party system, reducing the influence of fringe factions."", ""The Electoral College is outdated and no longer serves its original purposes, thus it should be abolished.""]",5,debateqa,301,3
"Is the use of surveillance technology, such as facial recognition, by law enforcement an invasion of privacy or a necessary tool for public safety?","[""surveillance and data collection have disproportionately affected communities of color"", ""facial recognition technologies enable more precise discrimination"", ""the use of surveillance technology by law enforcement is seen as necessary for maintaining public order and protecting Americans"", ""surveillance technology poses significant risks to civilians targeted in the criminal justice system"", ""law enforcement agencies use facial recognition without sufficient training and policies to protect civil rights""]","[""surveillance and data collection have disproportionately affected communities of color"", ""facial recognition technologies enable more precise discrimination"", ""the use of surveillance technology by law enforcement is seen as necessary for maintaining public order and protecting Americans"", ""surveillance technology poses significant risks to civilians targeted in the criminal justice system"", ""law enforcement agencies use facial recognition without sufficient training and policies to protect civil rights""]",5,debateqa,1042,3
"Should there be a statute of limitations for sexual assault cases, or should justice be pursued regardless of when the crime occurred?","[""Some states have abolished statutes of limitations for all felony sex crimes to allow a perpetrator to be prosecuted at any point, as long as there’s enough evidence to win a conviction"", ""California abolished its statute of limitations for almost every type of sex crime, signaling that victims always have an opportunity to seek justice"", ""The Adult Survivors Act allows survivors to sue their abusers regardless of when the abuse occurred, providing a one-year lookback window"", ""RAINN recommends eliminating statutes of limitations for at least the most serious (felony-level) sex crimes"", ""States should include exceptions to statutes of limitations so that the clock can toll or continue upon the discovery of DNA evidence""]","[""Some states have abolished statutes of limitations for all felony sex crimes to allow a perpetrator to be prosecuted at any point, as long as there’s enough evidence to win a conviction"", ""California abolished its statute of limitations for almost every type of sex crime, signaling that victims always have an opportunity to seek justice"", ""The Adult Survivors Act allows survivors to sue their abusers regardless of when the abuse occurred, providing a one-year lookback window"", ""RAINN recommends eliminating statutes of limitations for at least the most serious (felony-level) sex crimes"", ""States should include exceptions to statutes of limitations so that the clock can toll or continue upon the discovery of DNA evidence""]",5,debateqa,413,3
Should marijuana be legalized?,"[""A majority of Americans now favor the legalization of marijuana"", ""Legalizing marijuana can have economic and criminal justice benefits"", ""There are concerns about the potential negative health effects of marijuana""]","[""A majority of Americans now favor the legalization of marijuana"", ""Legalizing marijuana can have economic and criminal justice benefits"", ""There are concerns about the potential negative health effects of marijuana""]",3,debateqa,237,1
Should the United States continue fracking?,"[""Fracking stimulates economic growth and has helped bring the U.S. economy out of recession"", ""Fracking has environmental risks including water and air pollution, and contributes to climate change"", ""Fracking has allowed the U.S to produce and export more natural gas, increasing national security and moving the country toward energy independence"", ""Fracking poses significant risks to drinking water through contamination from chemicals and methane"", ""Fracking is a key technology in making shale gas an affordable addition to the Nation’s energy supply and has proven to be a safe and effective stimulation technique""]","[""Fracking stimulates economic growth and has helped bring the U.S. economy out of recession"", ""Fracking has environmental risks including water and air pollution, and contributes to climate change"", ""Fracking has allowed the U.S to produce and export more natural gas, increasing national security and moving the country toward energy independence"", ""Fracking poses significant risks to drinking water through contamination from chemicals and methane"", ""Fracking is a key technology in making shale gas an affordable addition to the Nation’s energy supply and has proven to be a safe and effective stimulation technique""]",5,debateqa,122,3
When will be end of world?,"[""Many religious-related end-time events are predicted to occur within the lifetime of the person making the prediction"", ""predictions that are more secular in nature, such as the 2012 phenomenon, have risen in popularity"", ""scientific predictions suggest plausible \""end of the world\"" scenarios from natural events, expected to occur far in the future""]","[""Many religious-related end-time events are predicted to occur within the lifetime of the person making the prediction"", ""predictions that are more secular in nature, such as the 2012 phenomenon, have risen in popularity"", ""scientific predictions suggest plausible \""end of the world\"" scenarios from natural events, expected to occur far in the future""]",3,debateqa,1523,2
Should children be given multivitamins?,"[""Most healthy children don't need multivitamins if they are growing at the typical rate and eating a variety of foods."", ""Some children may need multivitamins due to specific dietary restrictions or health conditions."", ""Multivitamins can act as a safety net but are not a substitute for a balanced diet."", ""Consultation with a healthcare provider is recommended to determine if a child needs multivitamins."", ""Excessive intake of vitamins from supplements can be harmful, so dosage should be carefully managed.""]","[""Most healthy children don't need multivitamins if they are growing at the typical rate and eating a variety of foods."", ""Some children may need multivitamins due to specific dietary restrictions or health conditions."", ""Multivitamins can act as a safety net but are not a substitute for a balanced diet."", ""Consultation with a healthcare provider is recommended to determine if a child needs multivitamins."", ""Excessive intake of vitamins from supplements can be harmful, so dosage should be carefully managed.""]",5,debateqa,157,3
What do Chinese people think of Donald Trump?,"[""Chinese people view Donald Trump as chaotic and potentially detrimental for the U.S."", ""Chinese people were disappointed with the Biden administration as they found it tougher and more consistent in its approach toward China compared to Trump."", ""Trump's reference to COVID-19 as the \""Chinese virus\"" led to increased racism and hate crimes against Asians in America.""]","[""Chinese people view Donald Trump as chaotic and potentially detrimental for the U.S."", ""Chinese people were disappointed with the Biden administration as they found it tougher and more consistent in its approach toward China compared to Trump."", ""Trump's reference to COVID-19 as the \""Chinese virus\"" led to increased racism and hate crimes against Asians in America.""]",3,debateqa,854,1
Should abortions be made legal?,"[""Access to safe, legal abortion is a matter of human rights"", ""Legal restrictions on abortion often result in more illegal abortions, which may also be unsafe and may drive higher maternal mortality and morbidity"", ""Restrictive abortion policies push pregnant people seeking abortions, especially those living in poverty or rural areas, out of the healthcare system and into unsafe, unregulated settings"", ""Unsafe abortion is a leading cause of maternal mortality and morbidity"", ""Denying women, girls, and other pregnant people access to abortion is a form of discrimination and jeopardizes a range of human rights""]","[""Access to safe, legal abortion is a matter of human rights"", ""Legal restrictions on abortion often result in more illegal abortions, which may also be unsafe and may drive higher maternal mortality and morbidity"", ""Restrictive abortion policies push pregnant people seeking abortions, especially those living in poverty or rural areas, out of the healthcare system and into unsafe, unregulated settings"", ""Unsafe abortion is a leading cause of maternal mortality and morbidity"", ""Denying women, girls, and other pregnant people access to abortion is a form of discrimination and jeopardizes a range of human rights""]",5,debateqa,1031,3
Should student loans be forgiven?,"[""Student loan forgiveness proposals are extremely costly and could use funds that might otherwise support more targeted antipoverty programs."", ""Forgiving student loans could potentially increase consumer spending and improve living standards for many Americans."", ""Targeted student loan relief could more effectively aid those in greater need and advance economic opportunity."", ""Student loan forgiveness could disproportionately benefit higher income, better educated, and predominantly white individuals compared to other welfare programs."", ""Student loan forgiveness might exacerbate the problem of rising college tuition by encouraging more borrowing.""]","[""Student loan forgiveness proposals are extremely costly and could use funds that might otherwise support more targeted antipoverty programs."", ""Forgiving student loans could potentially increase consumer spending and improve living standards for many Americans."", ""Targeted student loan relief could more effectively aid those in greater need and advance economic opportunity."", ""Student loan forgiveness could disproportionately benefit higher income, better educated, and predominantly white individuals compared to other welfare programs."", ""Student loan forgiveness might exacerbate the problem of rising college tuition by encouraging more borrowing.""]",5,debateqa,1003,3
Which religion is the true religion & why?,"[""True religion includes being slow to speak and quick to listen, being doers of the word and not merely hearers, and looks after the orphans and widows in their distress"", ""True religion is a gift from God, not an obligation or a measuring stick, and it is meant to bring light into the world"", ""True religion is undefiled and avoids being polluted by the world, focusing on helping those in need rather than scapegoating them""]","[""True religion includes being slow to speak and quick to listen, being doers of the word and not merely hearers, and looks after the orphans and widows in their distress"", ""True religion is a gift from God, not an obligation or a measuring stick, and it is meant to bring light into the world"", ""True religion is undefiled and avoids being polluted by the world, focusing on helping those in need rather than scapegoating them""]",3,debateqa,708,1
Should the United States enact legislation to ban hate speech?,"[""Hate speech is protected by the First Amendment to ensure robust democratic dialogue"", ""Legislation to ban hate speech could silence dissent and dialogue essential for democracy"", ""Defining and regulating hate speech is challenging due to its subjective nature and evolving societal norms"", ""Existing narrow exceptions to the First Amendment already address some forms of hate speech"", ""Legislation against hate speech could be seen as viewpoint discrimination, violating the First Amendment""]","[""Hate speech is protected by the First Amendment to ensure robust democratic dialogue"", ""Legislation to ban hate speech could silence dissent and dialogue essential for democracy"", ""Defining and regulating hate speech is challenging due to its subjective nature and evolving societal norms"", ""Existing narrow exceptions to the First Amendment already address some forms of hate speech"", ""Legislation against hate speech could be seen as viewpoint discrimination, violating the First Amendment""]",5,debateqa,1214,3
Why is Donald Trump comparing Hillary Clinton to Angela Merkel?,"[""Donald Trump is compared to Hillary Clinton because overseas publics have significantly less confidence in Trump's ability to handle international affairs compared to Clinton"", ""Trump may be compared to Clinton due to their differing levels of support in Europe, where Clinton is viewed more favorably"", ""Trump is compared to Clinton as they represent contrasting figures in terms of international confidence and capability""]","[""Donald Trump is compared to Hillary Clinton because overseas publics have significantly less confidence in Trump's ability to handle international affairs compared to Clinton"", ""Trump may be compared to Clinton due to their differing levels of support in Europe, where Clinton is viewed more favorably"", ""Trump is compared to Clinton as they represent contrasting figures in terms of international confidence and capability""]",3,debateqa,635,1
What if Donald Trump wins?,"[""If Donald Trump wins, he may focus on reversing Biden's policies, similar to how Biden reversed Trump's energy policies and border wall funding"", ""A Trump victory could lead to a shift in foreign policy focus, potentially undoing Biden's efforts to restore trusted leadership among global democracies"", ""Trump's win might result in changes to the U.S. Supreme Court's composition, as seen during Biden's term with the appointment of Ketanji Brown Jackson""]","[""If Donald Trump wins, he may focus on reversing Biden's policies, similar to how Biden reversed Trump's energy policies and border wall funding"", ""A Trump victory could lead to a shift in foreign policy focus, potentially undoing Biden's efforts to restore trusted leadership among global democracies"", ""Trump's win might result in changes to the U.S. Supreme Court's composition, as seen during Biden's term with the appointment of Ketanji Brown Jackson""]",3,debateqa,168,1
What are your opinions on Brexit?,"[""Liberal Prime Minister Justin Trudeau has consistently cast Brexit in a negative light"", ""Conservative leaders Andrew Scheer and Erin O'Toole have commented positively on the UK's leaving the EU"", ""the UK's decision to leave the EU is seen as an opportunity to reinvigorate relations with Commonwealth states"", ""the UK's departure from the EU threatens the consensus on close relations with Europe in Canadian foreign policy"", ""the UK's withdrawal from the EU could lead to the emergence of a new fault line in Canadian foreign policy, dividing Eurosphere and Anglosphere loyalties""]","[""Liberal Prime Minister Justin Trudeau has consistently cast Brexit in a negative light"", ""Conservative leaders Andrew Scheer and Erin O'Toole have commented positively on the UK's leaving the EU"", ""the UK's decision to leave the EU is seen as an opportunity to reinvigorate relations with Commonwealth states"", ""the UK's departure from the EU threatens the consensus on close relations with Europe in Canadian foreign policy"", ""the UK's withdrawal from the EU could lead to the emergence of a new fault line in Canadian foreign policy, dividing Eurosphere and Anglosphere loyalties""]",5,debateqa,581,3
Should there be limits on political campaign spending?,"[""Americans overwhelmingly support limits on political campaign spending"", ""77% of the public says there should be limits on the amount of money individuals and organizations can spend on political campaigns"", ""65% believe that new campaign finance laws could effectively reduce the role of money in politics"", ""Most Americans do not feel that large donors should have more influence than others"", ""Contributions from corporations, labor organizations, and certain other entities are prohibited by federal law""]","[""Americans overwhelmingly support limits on political campaign spending"", ""77% of the public says there should be limits on the amount of money individuals and organizations can spend on political campaigns"", ""65% believe that new campaign finance laws could effectively reduce the role of money in politics"", ""Most Americans do not feel that large donors should have more influence than others"", ""Contributions from corporations, labor organizations, and certain other entities are prohibited by federal law""]",5,debateqa,1109,3
Why does man need God?,"[""Man needs God to experience true freedom from internal and external oppressive forces"", ""Man needs God to achieve a sense of complete identity and wholeness, fulfilling our nature as beings made in the image of God"", ""Man needs God to find rest and satisfaction, filling the inherent void that material and worldly achievements cannot""]","[""Man needs God to experience true freedom from internal and external oppressive forces"", ""Man needs God to achieve a sense of complete identity and wholeness, fulfilling our nature as beings made in the image of God"", ""Man needs God to find rest and satisfaction, filling the inherent void that material and worldly achievements cannot""]",3,debateqa,1239,2
Should mental health be given the same priority as physical health in healthcare policies?,"[""Mental health should be given the same priority as physical health in healthcare policies"", ""Effective mental health services are crucial for addressing common problems like depression and anxiety"", ""Healthcare policies should focus on maintaining good mental health and not just on treating acute mental illnesses"", ""Mental health parity is essential for ensuring that mental health care is as accessible and comprehensive as physical health care"", ""Improving mental health services can reduce public stigma and increase access to necessary treatments""]","[""Mental health should be given the same priority as physical health in healthcare policies"", ""Effective mental health services are crucial for addressing common problems like depression and anxiety"", ""Healthcare policies should focus on maintaining good mental health and not just on treating acute mental illnesses"", ""Mental health parity is essential for ensuring that mental health care is as accessible and comprehensive as physical health care"", ""Improving mental health services can reduce public stigma and increase access to necessary treatments""]",5,debateqa,404,3
Should western museums be required to return artifacts to their cultures of origin?,"[""Many consider these artworks stolen and believe they should be returned to their original cultures."", ""Others argue these artifacts can have a more profound educational impact on a wider audience if they remain in Western museums."", ""Artifacts from different periods and cultures create curiosity about diversity."", ""Cultural nationalists argue that cultural property belongs to the culture of its origin."", ""The repatriation of the Benin Bronzes would symbolize the end of colonialism."", ""Returning artifacts to Benin helps a dehumanized society heal.""]","[""Many consider these artworks stolen and believe they should be returned to their original cultures."", ""Others argue these artifacts can have a more profound educational impact on a wider audience if they remain in Western museums."", ""Artifacts from different periods and cultures create curiosity about diversity."", ""Cultural nationalists argue that cultural property belongs to the culture of its origin."", ""The repatriation of the Benin Bronzes would symbolize the end of colonialism."", ""Returning artifacts to Benin helps a dehumanized society heal.""]",6,debateqa,317,3
Should schools provide educational bonuses?,"[""Bonuses for education support professionals are a recognition of their major contributions and a step towards addressing their low pay"", ""Retention bonuses for highly effective teachers in low-performing schools can elevate student performance and address educational inequalities"", ""Immediate rewards for students can significantly improve test performance, suggesting a potential underestimation of student abilities in low-performing schools"", ""Signing bonuses are used to attract teachers to critical shortage areas and require a commitment to teach in specific conditions""]","[""Bonuses for education support professionals are a recognition of their major contributions and a step towards addressing their low pay"", ""Retention bonuses for highly effective teachers in low-performing schools can elevate student performance and address educational inequalities"", ""Immediate rewards for students can significantly improve test performance, suggesting a potential underestimation of student abilities in low-performing schools"", ""Signing bonuses are used to attract teachers to critical shortage areas and require a commitment to teach in specific conditions""]",4,debateqa,1866,3
If Trump is elected can individual states block his effort to deport 11 million people?,"[""Trump plans to use local law enforcement and the military, including the National Guard, for deportations"", ""Trump's deportation plans may face legal challenges regarding the use of military against civilians"", ""States might resist Trump's deportation efforts based on legal and human rights grounds""]","[""Trump plans to use local law enforcement and the military, including the National Guard, for deportations"", ""Trump's deportation plans may face legal challenges regarding the use of military against civilians"", ""States might resist Trump's deportation efforts based on legal and human rights grounds""]",3,debateqa,1238,2
What should be done with the minimum wage?,"[""Raising the minimum wage to $15 could significantly increase the wages of nearly 40 million workers and reduce gender, racial, and ethnic wage gaps."", ""Implementing a $17 minimum wage by 2029 could lift families out of poverty but might also result in job losses for some low-wage workers."", ""Adjusting the minimum wage annually based on the median hourly wage could ensure that its value is not eroded over time by inflation."", ""Local adjustments, such as in L.A. County, show that regional minimum wage increases can be more responsive to local economic conditions.""]","[""Raising the minimum wage to $15 could significantly increase the wages of nearly 40 million workers and reduce gender, racial, and ethnic wage gaps."", ""Implementing a $17 minimum wage by 2029 could lift families out of poverty but might also result in job losses for some low-wage workers."", ""Adjusting the minimum wage annually based on the median hourly wage could ensure that its value is not eroded over time by inflation."", ""Local adjustments, such as in L.A. County, show that regional minimum wage increases can be more responsive to local economic conditions.""]",4,debateqa,630,2
"Is homeschooling a viable alternative to traditional schooling, or does it isolate students from necessary social experiences?","[""Homeschooling allows for the necessary individualization in all subject areas"", ""Homeschooling can provide solid remediation without the burden of travel"", ""Traditional schools offer a built-in social environment where students interact with peers""]","[""Homeschooling allows for the necessary individualization in all subject areas"", ""Homeschooling can provide solid remediation without the burden of travel"", ""Traditional schools offer a built-in social environment where students interact with peers""]",3,debateqa,787,1
How did patriarchy dominate most of the cultures in history and current world?,"[""Patriarchal traditions influenced interpretations of religious texts, embedding gender bias deeply within cultures"", ""Occupational segregation and societal norms have historically directed women into lower-paid, female-dominated professions"", ""Long work hours and availability expectations in high-paying jobs disadvantage women due to gendered family responsibilities"", ""Alternative interpretations of Islamic texts advocate for gender equality and challenge traditional patriarchal views""]","[""Patriarchal traditions influenced interpretations of religious texts, embedding gender bias deeply within cultures"", ""Occupational segregation and societal norms have historically directed women into lower-paid, female-dominated professions"", ""Long work hours and availability expectations in high-paying jobs disadvantage women due to gendered family responsibilities"", ""Alternative interpretations of Islamic texts advocate for gender equality and challenge traditional patriarchal views""]",4,debateqa,767,2
Can horses vomit?,"[""Horses can't vomit but still have the same fluid backup"", ""the stomach will often rupture before the animal can actually vomit"", ""Instead of vomiting, we say horses are refluxing""]","[""Horses can't vomit but still have the same fluid backup"", ""the stomach will often rupture before the animal can actually vomit"", ""Instead of vomiting, we say horses are refluxing""]",3,debateqa,1252,2
What percentage of Hillary Clinton's supporters has voted for her just because of her gender?,"[""Very few of Clinton’s male (6%) or female (8%) supporters think she is treated less critically because of her gender"", ""Among men who back Clinton, 52% say Clinton’s gender is not a factor"", ""40% of men who back Clinton say she is held to a higher standard than prior presidential candidates""]","[""Very few of Clinton’s male (6%) or female (8%) supporters think she is treated less critically because of her gender"", ""Among men who back Clinton, 52% say Clinton’s gender is not a factor"", ""40% of men who back Clinton say she is held to a higher standard than prior presidential candidates""]",3,debateqa,1307,2
Will Putin have Trump killed?,"[""Putin is not genuinely frightened by NATO expansion"", ""Putin is threatened by a flourishing democracy in Ukraine"", ""Putin continues to try to undermine democracy and sovereignty in Ukraine and the region""]","[""Putin is not genuinely frightened by NATO expansion"", ""Putin is threatened by a flourishing democracy in Ukraine"", ""Putin continues to try to undermine democracy and sovereignty in Ukraine and the region""]",3,debateqa,615,1
Should patents apply to software?,"[""Software patents can afford smaller companies market protection by preventing larger companies from stealing work done by a smaller organization"", ""Software patents increase the return on investment made, which includes government funded research"", ""Software patents resulting from the production of patentable ideas can increase the valuation of small companies"", ""Patents protect functionality, which copyright cannot protect"", ""Software patents encourage the open sharing of information and additional transparency about legal exposure"", ""Software patents are argued to hinder innovation and increase litigation costs""]","[""Software patents can afford smaller companies market protection by preventing larger companies from stealing work done by a smaller organization"", ""Software patents increase the return on investment made, which includes government funded research"", ""Software patents resulting from the production of patentable ideas can increase the valuation of small companies"", ""Patents protect functionality, which copyright cannot protect"", ""Software patents encourage the open sharing of information and additional transparency about legal exposure"", ""Software patents are argued to hinder innovation and increase litigation costs""]",6,debateqa,170,3
"Why do people say ""my god is better than yours"" when all of us know there is only one god and different people call him by different names and love him in their own way?","[""People say \""my god is better than yours\"" due to historical contexts where each tribe had its competing god, reflecting a need to assert superiority and distinctiveness."", ""The assertion that \""my god is better than yours\"" can stem from a misunderstanding or lack of recognition of the universal and multifaceted nature of God as depicted in various religious texts."", ""Claims of superiority among gods reflect deeper social and cultural conflicts, often manifesting in religious expressions and the need for divine validation.""]","[""People say \""my god is better than yours\"" due to historical contexts where each tribe had its competing god, reflecting a need to assert superiority and distinctiveness."", ""The assertion that \""my god is better than yours\"" can stem from a misunderstanding or lack of recognition of the universal and multifaceted nature of God as depicted in various religious texts."", ""Claims of superiority among gods reflect deeper social and cultural conflicts, often manifesting in religious expressions and the need for divine validation.""]",3,debateqa,1469,2
Is standing desk better for health than sitting?,"[""Standing desks may not significantly increase calorie burn compared to sitting"", ""Standing desks can help reduce sedentary habits and encourage more movement"", ""Using a standing desk may help mitigate health risks associated with prolonged sitting""]","[""Standing desks may not significantly increase calorie burn compared to sitting"", ""Standing desks can help reduce sedentary habits and encourage more movement"", ""Using a standing desk may help mitigate health risks associated with prolonged sitting""]",3,debateqa,69,1
Is fair trade good or bad?,"[""Fair Trade certification aims to improve the lives of farmers in developing countries by providing a guaranteed minimum price and a price premium for community projects"", ""Fair Trade certification has shown limited success in improving the welfare of coffee growers, with some benefiting from higher prices while others face losses or exit the industry"", ""Fair Trade certification can potentially lead to negative impacts on intermediaries and non-farm workers in the coffee sector, contributing to income inequality""]","[""Fair Trade certification aims to improve the lives of farmers in developing countries by providing a guaranteed minimum price and a price premium for community projects"", ""Fair Trade certification has shown limited success in improving the welfare of coffee growers, with some benefiting from higher prices while others face losses or exit the industry"", ""Fair Trade certification can potentially lead to negative impacts on intermediaries and non-farm workers in the coffee sector, contributing to income inequality""]",3,debateqa,462,1
Are mega multi-million dollar contracts for star athletes excessive?,"[""Boras has represented many of the elite players in each year's amateur draft and been a strong advocate for increasing player compensation"", ""Boras was the first baseball agent to negotiate contracts in excess of $50 million"", ""contracts signed by his clients totaled more than $1 billion in the month of December""]","[""Boras has represented many of the elite players in each year's amateur draft and been a strong advocate for increasing player compensation"", ""Boras was the first baseball agent to negotiate contracts in excess of $50 million"", ""contracts signed by his clients totaled more than $1 billion in the month of December""]",3,debateqa,1448,2
Should local police forces receive military grade weapons and vehicles?,"[""Arming our local police departments with military-grade equipment as if they are going to war is unequivocally not the answer"", ""Weapons of war don’t belong in our local police departments and should never be used against the American people"", ""Police militarization fails to reduce rates of violent crime or change the number of officers assaulted or killed"", ""Using military equipment against our own American citizens will only exacerbate, not heal, our divisions in the fight against injustice"", ""The militarization of local police forces can lead to increased officer-involved shootings and civilian deaths""]","[""Arming our local police departments with military-grade equipment as if they are going to war is unequivocally not the answer"", ""Weapons of war don’t belong in our local police departments and should never be used against the American people"", ""Police militarization fails to reduce rates of violent crime or change the number of officers assaulted or killed"", ""Using military equipment against our own American citizens will only exacerbate, not heal, our divisions in the fight against injustice"", ""The militarization of local police forces can lead to increased officer-involved shootings and civilian deaths""]",5,debateqa,378,3
Is Hillary Clinton crazy enough to start a nuclear war with Russia?,"[""Hillary Clinton is not perceived as someone who would start a nuclear war with Russia"", ""Hillary Clinton has a history of working towards nuclear disarmament and preventing nuclear proliferation"", ""Hillary Clinton's approach to nuclear weapons is cautious and aimed at reducing nuclear threats""]","[""Hillary Clinton is not perceived as someone who would start a nuclear war with Russia"", ""Hillary Clinton has a history of working towards nuclear disarmament and preventing nuclear proliferation"", ""Hillary Clinton's approach to nuclear weapons is cautious and aimed at reducing nuclear threats""]",3,debateqa,1099,1
Was the Silurian period the birth of the first land plants?,"[""The first vascular plants appeared during the Silurian period"", ""The first good evidence of life on land is preserved from the Silurian period, including the earliest fossils of vascular plants"", ""The evolution of vascular plants occurred in the Silurian, marking a significant biological event""]","[""The first vascular plants appeared during the Silurian period"", ""The first good evidence of life on land is preserved from the Silurian period, including the earliest fossils of vascular plants"", ""The evolution of vascular plants occurred in the Silurian, marking a significant biological event""]",3,debateqa,1067,1
"Is it Donald Trump's fault for beating Hillary, or is it Hillary's fault for ignoring the white middle class and seriously underestimating Trump?","[""It is Hillary's fault for ignoring the white middle class and seriously underestimating Trump"", ""It is Hillary's fault for ignoring the white middle class and seriously underestimating Trump"", ""It is Donald Trump's fault for beating Hillary""]","[""It is Hillary's fault for ignoring the white middle class and seriously underestimating Trump"", ""It is Hillary's fault for ignoring the white middle class and seriously underestimating Trump"", ""It is Donald Trump's fault for beating Hillary""]",3,debateqa,1545,2
What would Hillary Clinton's policy towards Israel look like if she will win the U.S. Presidency in 2016?,"[""Hillary Clinton's policy towards Israel would likely emphasize strong U.S.-Israel relations, focusing on security and diplomatic support"", ""Clinton would support a two-state solution to the Israeli-Palestinian conflict, aiming for peace and dignity for both sides"", ""Clinton's approach would involve diplomatic efforts and international cooperation rather than relying solely on military solutions""]","[""Hillary Clinton's policy towards Israel would likely emphasize strong U.S.-Israel relations, focusing on security and diplomatic support"", ""Clinton would support a two-state solution to the Israeli-Palestinian conflict, aiming for peace and dignity for both sides"", ""Clinton's approach would involve diplomatic efforts and international cooperation rather than relying solely on military solutions""]",3,debateqa,1269,2
Are cows more dangerous than sharks?,"[""sharks aren't acting maliciously—an accidental attack may result when a shark simply investigates what they perceive as a foreign object in the water"", ""humans kill an estimated 100 million sharks every year"", ""the average number of human fatalities from sharks is around five each year""]","[""sharks aren't acting maliciously—an accidental attack may result when a shark simply investigates what they perceive as a foreign object in the water"", ""humans kill an estimated 100 million sharks every year"", ""the average number of human fatalities from sharks is around five each year""]",3,debateqa,1541,2
Is it safe to travel to America for Muslims now?,"[""President Biden effectively rescinded the Muslim and Africa Bans"", ""travelers from majority Muslim countries still have great difficulty visiting or moving to the U.S."", ""the U.S. government seeks equal treatment and freedom of travel for all U.S. citizens regardless of national origin, religion, or ethnicity""]","[""President Biden effectively rescinded the Muslim and Africa Bans"", ""travelers from majority Muslim countries still have great difficulty visiting or moving to the U.S."", ""the U.S. government seeks equal treatment and freedom of travel for all U.S. citizens regardless of national origin, religion, or ethnicity""]",3,debateqa,1146,2
Should we stop allocating money to schools based on property taxes?,"[""relying largely on property taxes to fund schools creates funding gaps"", ""local funding and locally controlled school systems tend to create perverse incentives that lead to inequitable outcomes"", ""increased funding can include improved test scores, higher graduation rates, and increased earnings for students in adulthood"", ""states adopting funding systems that distribute money more equitably see rising levels of student achievement"", ""states can adopt policies that distribute money in ways that alleviate inequality in public school funding""]","[""relying largely on property taxes to fund schools creates funding gaps"", ""local funding and locally controlled school systems tend to create perverse incentives that lead to inequitable outcomes"", ""increased funding can include improved test scores, higher graduation rates, and increased earnings for students in adulthood"", ""states adopting funding systems that distribute money more equitably see rising levels of student achievement"", ""states can adopt policies that distribute money in ways that alleviate inequality in public school funding""]",5,debateqa,251,3
Do you think online conspiracy theories can be dangerous?,"[""Online conspiracy theories can lead to violence and extremist actions"", ""Conspiracy theories can undermine trust in political systems and reduce civic engagement"", ""Belief in conspiracy theories can negatively impact public health responses and adherence to medical advice""]","[""Online conspiracy theories can lead to violence and extremist actions"", ""Conspiracy theories can undermine trust in political systems and reduce civic engagement"", ""Belief in conspiracy theories can negatively impact public health responses and adherence to medical advice""]",3,debateqa,229,1
Did the Germans really hate the Jews or not?,"[""Antisemitism existed in Europe for centuries before the Holocaust, often for religious reasons"", ""Many Germans participated in varying degrees in the persecution and murder of Jews and other victims"", ""Hitler's antisemitism was influenced by figures like Georg Ritter von Schönerer and Karl Lueger"", ""Hitler blamed Jews for Germany's problems and used this as a political message to gain support"", ""Antisemitism was not just a Nazi ideology but was prevalent among ordinary Germans and other Europeans""]","[""Antisemitism existed in Europe for centuries before the Holocaust, often for religious reasons"", ""Many Germans participated in varying degrees in the persecution and murder of Jews and other victims"", ""Hitler's antisemitism was influenced by figures like Georg Ritter von Schönerer and Karl Lueger"", ""Hitler blamed Jews for Germany's problems and used this as a political message to gain support"", ""Antisemitism was not just a Nazi ideology but was prevalent among ordinary Germans and other Europeans""]",5,debateqa,1168,3
Should social media influencers be held accountable if found to promote faulty or harmful products?,"[""Influencers should be held accountable for promoting harmful products as they can be liable for negligent misrepresentation."", ""Influencers should be held accountable because they often fail to provide complete and accurate information about the products they promote."", ""Influencers should be held accountable as their significant control over advertising content can make establishing their liability for false or misleading claims easier.""]","[""Influencers should be held accountable for promoting harmful products as they can be liable for negligent misrepresentation."", ""Influencers should be held accountable because they often fail to provide complete and accurate information about the products they promote."", ""Influencers should be held accountable as their significant control over advertising content can make establishing their liability for false or misleading claims easier.""]",3,debateqa,1103,1
Should organ selling be legalized?,"[""legalizing organ selling could potentially save thousands of lives every year by increasing the supply of organs"", ""legalizing organ selling may lead to exploitation and worsen the economic condition of the poor"", ""Iran's regulated organ market model shows that it is possible to have a legal organ trade without significant exploitation""]","[""legalizing organ selling could potentially save thousands of lives every year by increasing the supply of organs"", ""legalizing organ selling may lead to exploitation and worsen the economic condition of the poor"", ""Iran's regulated organ market model shows that it is possible to have a legal organ trade without significant exploitation""]",3,debateqa,166,1
Is thirteen an unlucky number?,"[""the number thirteen is often considered an unlucky number in the western world"", ""some believe thirteen is unlucky due to its association with famous but undesirable dinner guests, such as Judas Iscariot, the 13th guest at the Last Supper, and Loki, the 13th god in Norse mythology"", ""the fear of the number 13, or triskaidekaphobia, is considered more of a superstition than a serious phobia because it only arises in certain situations and rarely has any significant impact on one's life"", ""superstitions about the number 13 thrive on confirmation bias, where people look for evidence that supports their belief in the number's unluckiness""]","[""the number thirteen is often considered an unlucky number in the western world"", ""some believe thirteen is unlucky due to its association with famous but undesirable dinner guests, such as Judas Iscariot, the 13th guest at the Last Supper, and Loki, the 13th god in Norse mythology"", ""the fear of the number 13, or triskaidekaphobia, is considered more of a superstition than a serious phobia because it only arises in certain situations and rarely has any significant impact on one's life"", ""superstitions about the number 13 thrive on confirmation bias, where people look for evidence that supports their belief in the number's unluckiness""]",4,debateqa,996,3
Is the creation of artificial organs through 3D printing a promising medical advancement or a cause for ethical concerns?,"[""3D bioprinting is a promising medical advancement as it is one of the most rapidly developing and promising areas of biotechnology"", ""3D bioprinting raises ethical and legal concerns due to the use of viable cells in the printing process"", ""The creation of artificial organs through 3D printing involves complex ethical discussions related to human nature and the limits of biotechnological enhancement""]","[""3D bioprinting is a promising medical advancement as it is one of the most rapidly developing and promising areas of biotechnology"", ""3D bioprinting raises ethical and legal concerns due to the use of viable cells in the printing process"", ""The creation of artificial organs through 3D printing involves complex ethical discussions related to human nature and the limits of biotechnological enhancement""]",3,debateqa,1831,2
Should politicians be permitted to introduce morality laws based on their religious beliefs?,"[""Religious liberty should not be misused to discriminate against vulnerable communities"", ""Religious liberty policies should reflect the moral values of equality, inclusion, and freedom for all to live without fear of discrimination"", ""Religious liberty must extend to all people, not only ones who come from a specific set of religious beliefs""]","[""Religious liberty should not be misused to discriminate against vulnerable communities"", ""Religious liberty policies should reflect the moral values of equality, inclusion, and freedom for all to live without fear of discrimination"", ""Religious liberty must extend to all people, not only ones who come from a specific set of religious beliefs""]",3,debateqa,62,1
Do current intellectual property laws spur or inhibit innovation and economic growth?,"[""Government-granted rights incentivize discovery and creativity by providing creators with an opportunity to profit from the value of their innovative work."", ""Patents and copyrights allow employers to see the exact results of the creativity and skill of prospective and current employees."", ""Weak patent protection can lead to suboptimal innovation."", ""Expansive patent rights make successive innovative activity more costly."", ""Overly strong patent rights disproportionately benefit large firms."", ""When patent rights are stronger, firms with intellectual assets are emboldened to threaten other inventors with litigation.""]","[""Government-granted rights incentivize discovery and creativity by providing creators with an opportunity to profit from the value of their innovative work."", ""Patents and copyrights allow employers to see the exact results of the creativity and skill of prospective and current employees."", ""Weak patent protection can lead to suboptimal innovation."", ""Expansive patent rights make successive innovative activity more costly."", ""Overly strong patent rights disproportionately benefit large firms."", ""When patent rights are stronger, firms with intellectual assets are emboldened to threaten other inventors with litigation.""]",6,debateqa,463,3
Is the imposition of sanctions on states the best way to end child labor?,"[""Sanctions may not be the best way as they could exacerbate poverty, which is a primary driver of child labor"", ""Improving educational opportunities and economic conditions could be more effective than sanctions in ending child labor"", ""Sanctions might not address the underlying issues like lack of education and economic instability that contribute to child labor""]","[""Sanctions may not be the best way as they could exacerbate poverty, which is a primary driver of child labor"", ""Improving educational opportunities and economic conditions could be more effective than sanctions in ending child labor"", ""Sanctions might not address the underlying issues like lack of education and economic instability that contribute to child labor""]",3,debateqa,861,1
Do radio commercials drive away listeners?,"[""Radio still has plenty of ears listening"", ""Radio ads can introduce people into the funnel and keep moving them"", ""Radio plays a vital role in buying decisions"", ""Radio delivers a larger audience than other media throughout the morning"", ""Radio boosts online brand browsing by an average of 52%""]","[""Radio still has plenty of ears listening"", ""Radio ads can introduce people into the funnel and keep moving them"", ""Radio plays a vital role in buying decisions"", ""Radio delivers a larger audience than other media throughout the morning"", ""Radio boosts online brand browsing by an average of 52%""]",5,debateqa,1691,3
Is there a white American cultural identity?,"[""White Americans share a common culture, including language, normative values, and aesthetic preferences"", ""White American culture is often unrecognized or denied by white Americans themselves"", ""White American culture has historically set the norms in the United States"", ""White American culture is a product of historical and political events rather than a natural, organic development"", ""White American culture is often associated with white supremacy and racial dominance"", ""White American culture is often unexamined and protected from public scrutiny""]","[""White Americans share a common culture, including language, normative values, and aesthetic preferences"", ""White American culture is often unrecognized or denied by white Americans themselves"", ""White American culture has historically set the norms in the United States"", ""White American culture is a product of historical and political events rather than a natural, organic development"", ""White American culture is often associated with white supremacy and racial dominance"", ""White American culture is often unexamined and protected from public scrutiny""]",6,debateqa,154,3
Who was worse and why: Hitler or Churchill or Stalin?,"[""Stalin was deeply suspicious, to the point of paranoia, of both Roosevelt and Churchill."", ""Stalin demanded that part of Poland be transferred to the Soviet Union and that a Soviet-friendly communist government in the city of Lublin control the remainder of the country."", ""Stalin continued to expand Soviet influence in eastern Europe, while America and Britain were determined to stop him without provoking another war.""]","[""Stalin was deeply suspicious, to the point of paranoia, of both Roosevelt and Churchill."", ""Stalin demanded that part of Poland be transferred to the Soviet Union and that a Soviet-friendly communist government in the city of Lublin control the remainder of the country."", ""Stalin continued to expand Soviet influence in eastern Europe, while America and Britain were determined to stop him without provoking another war.""]",3,debateqa,1918,2
How would Donald Trump realistically cause World War 3?,"[""Donald Trump could realistically cause World War 3 through the use of nuclear weapons"", ""Donald Trump could trigger World War 3 by escalating tensions with nuclear-armed countries"", ""Donald Trump could lead to World War 3 by engaging in or provoking large-scale military conflicts""]","[""Donald Trump could realistically cause World War 3 through the use of nuclear weapons"", ""Donald Trump could trigger World War 3 by escalating tensions with nuclear-armed countries"", ""Donald Trump could lead to World War 3 by engaging in or provoking large-scale military conflicts""]",3,debateqa,1254,2
Is it illegal for a 16-year-old girl to date a 13-year-old guy?,"[""It is not illegal for a 16-year-old girl to date a 13-year-old guy as long as there is no sexual activity involved"", ""Sexual activity between a 16-year-old and a 13-year-old is illegal"", ""The penalties for sexual activity with someone under 13 are severe""]","[""It is not illegal for a 16-year-old girl to date a 13-year-old guy as long as there is no sexual activity involved"", ""Sexual activity between a 16-year-old and a 13-year-old is illegal"", ""The penalties for sexual activity with someone under 13 are severe""]",3,debateqa,1495,2
Is rainforest harvesting sustainable?,"[""Rainwater harvesting is a sustainable method that reduces the pressure on processed supply water and enhances green living"", ""Rainwater harvesting contributes to recharging local aquifers, curbing urban flooding, and ensuring water access in water-scarce regions"", ""Employing rainwater harvesting systems offers economical water management and environmental benefits""]","[""Rainwater harvesting is a sustainable method that reduces the pressure on processed supply water and enhances green living"", ""Rainwater harvesting contributes to recharging local aquifers, curbing urban flooding, and ensuring water access in water-scarce regions"", ""Employing rainwater harvesting systems offers economical water management and environmental benefits""]",3,debateqa,55,1
Does it matter if your life matters?,"[""It involves issues not only of health, but of spirituality, compassion and trust."", ""It just might make you feel a whole lot better about the inevitable."", ""Important things usually are.""]","[""It involves issues not only of health, but of spirituality, compassion and trust."", ""It just might make you feel a whole lot better about the inevitable."", ""Important things usually are.""]",3,debateqa,1213,2
Should patients stop taking blood thinners before an endoscopy?,"[""Patients on blood thinners should consult their prescribing physician to determine if it is safe to stop them and for how long before an endoscopy."", ""Anti-platelet drugs are usually stopped for seven days prior to an endoscopic procedure, but consultation with a heart doctor or specialist is important."", ""Warfarin is generally safe to stop for four days before an endoscopic procedure, but specific advice from a doctor is necessary.""]","[""Patients on blood thinners should consult their prescribing physician to determine if it is safe to stop them and for how long before an endoscopy."", ""Anti-platelet drugs are usually stopped for seven days prior to an endoscopic procedure, but consultation with a heart doctor or specialist is important."", ""Warfarin is generally safe to stop for four days before an endoscopic procedure, but specific advice from a doctor is necessary.""]",3,debateqa,173,1
Does the moon have a molten core?,"[""The moon's inner core is solid"", ""The moon's inner core has a density close to that of iron"", ""The moon's inner core is about 300 miles (500 km) in diameter""]","[""The moon's inner core is solid"", ""The moon's inner core has a density close to that of iron"", ""The moon's inner core is about 300 miles (500 km) in diameter""]",3,debateqa,1809,2
Should recreational marijuana be legal?,"[""Legalizing recreational marijuana may have negative public health effects."", ""Recreational marijuana legalization is viewed positively for local economies and the criminal justice system."", ""There are concerns about the impact of recreational marijuana on community safety and the use of other drugs.""]","[""Legalizing recreational marijuana may have negative public health effects."", ""Recreational marijuana legalization is viewed positively for local economies and the criminal justice system."", ""There are concerns about the impact of recreational marijuana on community safety and the use of other drugs.""]",3,debateqa,369,1
Are there any industries that should only be owned by the government because of public safety concerns?,"[""Some industries, particularly those related to national security and public safety, should have built-in lawful intercept capabilities to assist law enforcement and security agencies"", ""Government ownership or control is necessary in industries where the technology can significantly hinder law enforcement's ability to access critical data for public safety"", ""Industries that involve critical data and communications infrastructure should be regulated or owned by the government to ensure that national security is not compromised by inadequate private sector interception capabilities""]","[""Some industries, particularly those related to national security and public safety, should have built-in lawful intercept capabilities to assist law enforcement and security agencies"", ""Government ownership or control is necessary in industries where the technology can significantly hinder law enforcement's ability to access critical data for public safety"", ""Industries that involve critical data and communications infrastructure should be regulated or owned by the government to ensure that national security is not compromised by inadequate private sector interception capabilities""]",3,debateqa,268,1
"Is it ethical for companies to profit from the sale of addictive substances, such as tobacco or sugary drinks?","[""food companies are often significant contributors to public health problems"", ""food companies engage in activities to prevent public health problems"", ""the ultimate motivation of companies seems to be to make a profit, even at the expense of consumer health""]","[""food companies are often significant contributors to public health problems"", ""food companies engage in activities to prevent public health problems"", ""the ultimate motivation of companies seems to be to make a profit, even at the expense of consumer health""]",3,debateqa,398,1
Should selective breeding of animals be prohibited?,"[""Legislation on breeding of animals is already existing in many countries"", ""Animal welfare laws in various European countries prohibit selective breeding for traits that have a negative effect on the health and welfare of animals"", ""Every puppy or kitten sold by a breeder takes away a home from one of the millions of homeless animals who already exist and who desperately need care and safety"", ""There’s no excuse for breeding or buying animals"", ""Selective breeding through controlled mating enables farmers to breed animals that are more resistant to the impacts of climate change""]","[""Legislation on breeding of animals is already existing in many countries"", ""Animal welfare laws in various European countries prohibit selective breeding for traits that have a negative effect on the health and welfare of animals"", ""Every puppy or kitten sold by a breeder takes away a home from one of the millions of homeless animals who already exist and who desperately need care and safety"", ""There’s no excuse for breeding or buying animals"", ""Selective breeding through controlled mating enables farmers to breed animals that are more resistant to the impacts of climate change""]",5,debateqa,825,3
Can men ever know what a woman want?,"[""Men and women perceive their own safety very differently"", ""Women have a different reality of their own safety than do men"", ""Men are more afraid of failure or being humiliated, while women fear physical violence""]","[""Men and women perceive their own safety very differently"", ""Women have a different reality of their own safety than do men"", ""Men are more afraid of failure or being humiliated, while women fear physical violence""]",3,debateqa,549,1
Where do people go when they die?,"[""Believers are taken to heaven immediately after death"", ""Unbelievers are sent to a temporary realm of judgment and anguish after death"", ""After death, individuals either reside in a temporary heaven or hell until the final resurrection"", ""People are in a state of sleep in the grave until the resurrection"", ""At the resurrection, individuals are either granted eternal life or eternal damnation based on their faith in Jesus Christ""]","[""Believers are taken to heaven immediately after death"", ""Unbelievers are sent to a temporary realm of judgment and anguish after death"", ""After death, individuals either reside in a temporary heaven or hell until the final resurrection"", ""People are in a state of sleep in the grave until the resurrection"", ""At the resurrection, individuals are either granted eternal life or eternal damnation based on their faith in Jesus Christ""]",5,debateqa,1741,3
Was Mardi Gras originally a Christian holiday?,"[""Mardi Gras is a Christian holiday"", ""Mardi Gras has origins in pagan spring and fertility rites"", ""Mardi Gras was incorporated into the Christian calendar by the Church in Rome""]","[""Mardi Gras is a Christian holiday"", ""Mardi Gras has origins in pagan spring and fertility rites"", ""Mardi Gras was incorporated into the Christian calendar by the Church in Rome""]",3,debateqa,189,1
What are the negative sides of capitalism?,"[""Capitalism is inherently exploitative, alienating, and leads to economic inequality"", ""Capitalism leads to environmental degradation due to its focus on continuous growth and profit maximization"", ""Capitalism perpetuates income inequality and concentrates wealth among a small elite""]","[""Capitalism is inherently exploitative, alienating, and leads to economic inequality"", ""Capitalism leads to environmental degradation due to its focus on continuous growth and profit maximization"", ""Capitalism perpetuates income inequality and concentrates wealth among a small elite""]",3,debateqa,611,1
Is it ethical to use AI in the decision-making process?,"[""AI tools can offer data driven guidance to assist humans in decision making or offer automated decision making without human intervention"", ""Accountability must ensure the technology is non-discriminatory and fair."", ""Responsible application of technology requires human oversight, checks, and monitoring."", ""Transparency of processes must ensure technical robustness and rigorous data governance."", ""Bias in data sources and potential bias in the design of the tools should be identified and corrected.""]","[""AI tools can offer data driven guidance to assist humans in decision making or offer automated decision making without human intervention"", ""Accountability must ensure the technology is non-discriminatory and fair."", ""Responsible application of technology requires human oversight, checks, and monitoring."", ""Transparency of processes must ensure technical robustness and rigorous data governance."", ""Bias in data sources and potential bias in the design of the tools should be identified and corrected.""]",5,debateqa,1842,3
Why do so many people hate Hillary Clinton?,"[""Chinese officials tend not to be very fond of Clinton"", ""Clinton is described as the most hated American political politician among Chinese internet users"", ""Clinton's tough dealings with China and portrayal as an anti-China politician""]","[""Chinese officials tend not to be very fond of Clinton"", ""Clinton is described as the most hated American political politician among Chinese internet users"", ""Clinton's tough dealings with China and portrayal as an anti-China politician""]",3,debateqa,573,1
Who is better among Hillary Clinton and Donald Trump?,"[""Clinton received more votes than Trump in the 2016 election"", ""Trump won the Electoral College in 2016 despite losing the popular vote"", ""Clinton had a higher percentage of the popular vote in 2016 compared to Trump""]","[""Clinton received more votes than Trump in the 2016 election"", ""Trump won the Electoral College in 2016 despite losing the popular vote"", ""Clinton had a higher percentage of the popular vote in 2016 compared to Trump""]",3,debateqa,1850,2
Should schools teach students to be global citizens instead of instilling nationalism?,"[""Global citizenship education is about encouraging young people to develop the knowledge, skills and values they need to engage with the world."", ""Global citizenship education helps learners understand the interconnected nature of contemporary challenges and threats."", ""Global citizenship education promotes peace, human rights, and sustainable development."", ""Global citizenship education is not an additional subject but a framework for learning that reaches beyond school to the wider community."", ""Global citizenship education involves adjusting curricula to provide knowledge about the world and nurturing skills to put this knowledge into practice.""]","[""Global citizenship education is about encouraging young people to develop the knowledge, skills and values they need to engage with the world."", ""Global citizenship education helps learners understand the interconnected nature of contemporary challenges and threats."", ""Global citizenship education promotes peace, human rights, and sustainable development."", ""Global citizenship education is not an additional subject but a framework for learning that reaches beyond school to the wider community."", ""Global citizenship education involves adjusting curricula to provide knowledge about the world and nurturing skills to put this knowledge into practice.""]",5,debateqa,790,3
How do I deal with emotionally abusive and narrow minded parents?,"[""seeking forgiveness, spiritual outlets and/or therapy"", ""attending the funeral may risk bringing up negative emotions"", ""allow sufficient time to grieve and allow the rage and other emotions to flow through"", ""seek out a grief counselor to help you through this time"", ""make arrangements with the funeral home to view the body privately""]","[""seeking forgiveness, spiritual outlets and/or therapy"", ""attending the funeral may risk bringing up negative emotions"", ""allow sufficient time to grieve and allow the rage and other emotions to flow through"", ""seek out a grief counselor to help you through this time"", ""make arrangements with the funeral home to view the body privately""]",5,debateqa,303,3
Do compression garments improve athletic performance?,"[""Compression garments do not greatly improve circulation or performance during a workout"", ""Compression garments are more effective after your workout for recovery"", ""Compression garments worn during recovery can be beneficial for performance recovery and delayed-onset muscle soreness""]","[""Compression garments do not greatly improve circulation or performance during a workout"", ""Compression garments are more effective after your workout for recovery"", ""Compression garments worn during recovery can be beneficial for performance recovery and delayed-onset muscle soreness""]",3,debateqa,1667,2
Should the state invest more money in health than education?,"[""Investing more in health could potentially increase state support for education by reducing the financial pressure from rising health costs"", ""Investing in health has shown to improve economic growth and productivity, which could justify prioritizing health over education"", ""Higher investment in health could lead to better educational outcomes by reducing mortality and morbidity, which are lower among more educated individuals"", ""Redirecting funds from health to education might not be feasible due to the essential nature of healthcare spending and its direct impact on life expectancy""]","[""Investing more in health could potentially increase state support for education by reducing the financial pressure from rising health costs"", ""Investing in health has shown to improve economic growth and productivity, which could justify prioritizing health over education"", ""Higher investment in health could lead to better educational outcomes by reducing mortality and morbidity, which are lower among more educated individuals"", ""Redirecting funds from health to education might not be feasible due to the essential nature of healthcare spending and its direct impact on life expectancy""]",4,debateqa,1028,3
"Is it acceptable for insurance companies to use genetic information for risk assessment, potentially denying coverage based on predispositions to certain conditions?","[""Insurance companies fear that individuals may undergo testing and learn they have a variant that confers substantial risk of death and/or disability, and then purchase insurance without revealing the test results"", ""Insurers could access genetic information in several ways: through family history, reviewing medical records, asking applicants if they or family members have undergone genetic testing, or requesting that applicants undergo testing"", ""Life insurance companies are currently debating how to approach these issues""]","[""Insurance companies fear that individuals may undergo testing and learn they have a variant that confers substantial risk of death and/or disability, and then purchase insurance without revealing the test results"", ""Insurers could access genetic information in several ways: through family history, reviewing medical records, asking applicants if they or family members have undergone genetic testing, or requesting that applicants undergo testing"", ""Life insurance companies are currently debating how to approach these issues""]",3,debateqa,75,1
Do dowsing rods actually help locate water?,"[""Water dowsing does not work as it relies on the ideomotor phenomenon, where the dowser's unconscious movements control the rods, not any detection of underground water."", ""Scientific studies have repeatedly shown that dowsing is no more effective than random chance."", ""Dowsing rods move due to unstable equilibrium, similar to a marble on a roof, which can be misinterpreted as being influenced by underground water.""]","[""Water dowsing does not work as it relies on the ideomotor phenomenon, where the dowser's unconscious movements control the rods, not any detection of underground water."", ""Scientific studies have repeatedly shown that dowsing is no more effective than random chance."", ""Dowsing rods move due to unstable equilibrium, similar to a marble on a roof, which can be misinterpreted as being influenced by underground water.""]",3,debateqa,1672,2
Should children be allowed to have phones in school?,"[""Phones should be banned in schools to keep students focused on schoolwork and prevent bullying and social isolation."", ""Phones in schools can undermine the learning process as they distract students from absorbing information effectively."", ""Allowing phones can enrich lessons and provide opportunities to use technology for school-related purposes."", ""Flexible classroom policies on phone use can support teaching tech-literacy and self-regulation."", ""Phones can help maintain social connections and support marginalized groups.""]","[""Phones should be banned in schools to keep students focused on schoolwork and prevent bullying and social isolation."", ""Phones in schools can undermine the learning process as they distract students from absorbing information effectively."", ""Allowing phones can enrich lessons and provide opportunities to use technology for school-related purposes."", ""Flexible classroom policies on phone use can support teaching tech-literacy and self-regulation."", ""Phones can help maintain social connections and support marginalized groups.""]",5,debateqa,754,3
What role should celebrities have during the coronavirus crisis?,"[""Celebrities can play a significant role in resolving problems in various crises due to their reputation and social authority"", ""Celebrities can influence public behavior positively by raising awareness and concern about COVID-19"", ""Celebrities can also exacerbate the crisis by spreading misinformation"", ""Celebrities can provide material aid and personal services during the COVID-19 crisis"", ""Celebrities can foster awareness and support medical staff during the pandemic""]","[""Celebrities can play a significant role in resolving problems in various crises due to their reputation and social authority"", ""Celebrities can influence public behavior positively by raising awareness and concern about COVID-19"", ""Celebrities can also exacerbate the crisis by spreading misinformation"", ""Celebrities can provide material aid and personal services during the COVID-19 crisis"", ""Celebrities can foster awareness and support medical staff during the pandemic""]",5,debateqa,108,3
Home teaching is equivalent to school teaching.,"[""Home schooling is part of a broad movement in which private groups and individuals are learning how to provide services that were once left to public bureaucracies."", ""Home schooling depends on the creation of new human capital, where people learn how to teach and motivate students in new contexts."", ""Home schooling allows parents to take complete responsibility for their child’s education, including curriculum and instruction."", ""Home schooling can lead to the creation of new institutions that resemble schools as families learn to rely on one another."", ""Home schooling provides a personalized education approach, allowing for adjustments to meet individual children's needs.""]","[""Home schooling is part of a broad movement in which private groups and individuals are learning how to provide services that were once left to public bureaucracies."", ""Home schooling depends on the creation of new human capital, where people learn how to teach and motivate students in new contexts."", ""Home schooling allows parents to take complete responsibility for their child’s education, including curriculum and instruction."", ""Home schooling can lead to the creation of new institutions that resemble schools as families learn to rely on one another."", ""Home schooling provides a personalized education approach, allowing for adjustments to meet individual children's needs.""]",5,debateqa,750,3
Is block-chain technology the future?,"[""blockchain technology uses a distributed database"", ""blockchain technology supports both applications and complex programming"", ""blockchain offers the potential to easily and efficiently undertake a wide range of transactions and transference of rights and property""]","[""blockchain technology uses a distributed database"", ""blockchain technology supports both applications and complex programming"", ""blockchain offers the potential to easily and efficiently undertake a wide range of transactions and transference of rights and property""]",3,debateqa,23,1
Does yoga help increase height?,"[""Yoga can help you stand a little straighter and express the height you have a little better"", ""Yoga can help you elongate your posture and stand straighter"", ""Intense yogasana practice with greater skeletal stress possibly hinders stature in adolescent girls from 10 to 12 years""]","[""Yoga can help you stand a little straighter and express the height you have a little better"", ""Yoga can help you elongate your posture and stand straighter"", ""Intense yogasana practice with greater skeletal stress possibly hinders stature in adolescent girls from 10 to 12 years""]",3,debateqa,1815,2
What are the best arguments against climate change?,"[""human-generated greenhouse gas emissions are too small to substantially change the earth's climate"", ""climate change is a natural phenomenon that has occurred throughout Earth's history"", ""climate models are unreliable and do not accurately predict future climate conditions""]","[""human-generated greenhouse gas emissions are too small to substantially change the earth's climate"", ""climate change is a natural phenomenon that has occurred throughout Earth's history"", ""climate models are unreliable and do not accurately predict future climate conditions""]",3,debateqa,1406,2
Would the US start a war with Russia?,"[""The U.S. and Russia have a history of cooperation on global challenges despite political and economic competition"", ""Current U.S.-Russia relations involve both cooperation and unresolved issues, indicating a complex dynamic that may not lead directly to war"", ""There is significant opposition within the U.S. against starting a war with Russia, focusing instead on national interests and avoiding global nuclear conflict""]","[""The U.S. and Russia have a history of cooperation on global challenges despite political and economic competition"", ""Current U.S.-Russia relations involve both cooperation and unresolved issues, indicating a complex dynamic that may not lead directly to war"", ""There is significant opposition within the U.S. against starting a war with Russia, focusing instead on national interests and avoiding global nuclear conflict""]",3,debateqa,1212,2
Were the IRA freedom fighters or terrorists?,"[""The IRA is unmistakably a terrorist organization"", ""The IRA is seen as the chief protagonist in widespread terrorism"", ""The Provisionals see themselves engaged in a war of national liberation""]","[""The IRA is unmistakably a terrorist organization"", ""The IRA is seen as the chief protagonist in widespread terrorism"", ""The Provisionals see themselves engaged in a war of national liberation""]",3,debateqa,1297,2
Is anime a form of cartoon?,"[""Anime is a semi-realistic visual representation of real-world objects and characters"", ""Cartoons are a non-realistic visual representation of real-world objects and characters"", ""Anime originated from Japan and has a distinct art style and production method""]","[""Anime is a semi-realistic visual representation of real-world objects and characters"", ""Cartoons are a non-realistic visual representation of real-world objects and characters"", ""Anime originated from Japan and has a distinct art style and production method""]",3,debateqa,1891,2
"Should the government subsidize or provide free reproductive technologies, such as in-vitro fertilization, to help individuals conceive?","[""Many people require fertility assistance, including LGBTQ individuals and single individuals who desire to raise children"", ""Fertility services are often not covered by insurance, making them inaccessible to many due to high costs"", ""Subsidizing reproductive technologies could reduce out-of-pocket spending significantly for individuals seeking these services""]","[""Many people require fertility assistance, including LGBTQ individuals and single individuals who desire to raise children"", ""Fertility services are often not covered by insurance, making them inaccessible to many due to high costs"", ""Subsidizing reproductive technologies could reduce out-of-pocket spending significantly for individuals seeking these services""]",3,debateqa,1038,1
"Is the inclusion of trigger warnings in course materials a valid practice, or does it limit academic freedom?","[""Trigger warnings are important for inclusive classrooms as they help students with mental health disabilities engage more effectively"", ""Trigger warnings can be seen as limiting academic freedom by creating an atmosphere where challenging material is avoided"", ""Trigger warnings support students by acknowledging their full humanity and the real effects of trauma, thus enhancing their ability to learn""]","[""Trigger warnings are important for inclusive classrooms as they help students with mental health disabilities engage more effectively"", ""Trigger warnings can be seen as limiting academic freedom by creating an atmosphere where challenging material is avoided"", ""Trigger warnings support students by acknowledging their full humanity and the real effects of trauma, thus enhancing their ability to learn""]",3,debateqa,307,1
Do ghosts or gods really exist?,"[""belief and fascination in ghosts and other “paranormal activity” would increase as faith in God decreases"", ""people are afraid to believe in God because if God is real then it means we need to live our lives according to His Will"", ""the Catholic Church has no official doctrine regarding “ghosts,” so Catholics are free to have different opinions"", ""it is commonly accepted that souls in Purgatory who God allows to appear to the living to prompt the living to pray for them"", ""God is a disembodied spirit who is omnipotent, omniscient, and omnipresent"", ""Christian Scientists believe that everything that exists is spiritual and fashioned by divine thought"", ""Hinduism views that all experience emanates from the mind of Brahman (God)""]","[""belief and fascination in ghosts and other “paranormal activity” would increase as faith in God decreases"", ""people are afraid to believe in God because if God is real then it means we need to live our lives according to His Will"", ""the Catholic Church has no official doctrine regarding “ghosts,” so Catholics are free to have different opinions"", ""it is commonly accepted that souls in Purgatory who God allows to appear to the living to prompt the living to pray for them"", ""God is a disembodied spirit who is omnipotent, omniscient, and omnipresent"", ""Christian Scientists believe that everything that exists is spiritual and fashioned by divine thought"", ""Hinduism views that all experience emanates from the mind of Brahman (God)""]",7,debateqa,881,3
What would be the pros and cons of education in the USA being privatized or state-regulated with no federal oversight?,"[""Privatization of education in the USA could lead to increased local and private funding, potentially enhancing educational facilities and resources"", ""State-regulated education with no federal oversight might limit the ability to address national educational emergencies and critical needs effectively"", ""Federal involvement in education helps ensure equal access and educational excellence across the nation""]","[""Privatization of education in the USA could lead to increased local and private funding, potentially enhancing educational facilities and resources"", ""State-regulated education with no federal oversight might limit the ability to address national educational emergencies and critical needs effectively"", ""Federal involvement in education helps ensure equal access and educational excellence across the nation""]",3,debateqa,421,1
Did Jesus actually exist?,"[""scholars agree that a Jewish man called Jesus of Nazareth did exist in the 1st century CE"", ""only two key events of the biblical story of Jesus's life are widely accepted as historical: his baptism and his crucifixion"", ""the idea that Jesus was a purely mythical figure has been considered an untenable fringe theory in academic scholarship""]","[""scholars agree that a Jewish man called Jesus of Nazareth did exist in the 1st century CE"", ""only two key events of the biblical story of Jesus's life are widely accepted as historical: his baptism and his crucifixion"", ""the idea that Jesus was a purely mythical figure has been considered an untenable fringe theory in academic scholarship""]",3,debateqa,1366,2
Is the concept of “trickle-down economics” an effective strategy for economic growth?,"[""Trickle-down economics has not effectively addressed economic inequality and has often resulted in the concentration of wealth at the top."", ""Trickle-down economics has led to regional disparities and economic decline in certain areas."", ""Trickle-down economics has been criticized for its lack of support for the middle class and its focus on benefiting the wealthy.""]","[""Trickle-down economics has not effectively addressed economic inequality and has often resulted in the concentration of wealth at the top."", ""Trickle-down economics has led to regional disparities and economic decline in certain areas."", ""Trickle-down economics has been criticized for its lack of support for the middle class and its focus on benefiting the wealthy.""]",3,debateqa,465,1
Should the government invest in the development of emerging technologies to maintain global economic competitiveness?,"[""Investing in emerging technologies is crucial for maintaining and enhancing America's global economic leadership"", ""Government investment in R&D and technological innovation is essential for fostering economic growth and competitiveness"", ""Supporting emerging technologies can drive job creation and economic prosperity"", ""Investments in technology can address societal and national challenges, enhancing overall quality of life"", ""Emerging technologies are integral to national security and maintaining technological superiority""]","[""Investing in emerging technologies is crucial for maintaining and enhancing America's global economic leadership"", ""Government investment in R&D and technological innovation is essential for fostering economic growth and competitiveness"", ""Supporting emerging technologies can drive job creation and economic prosperity"", ""Investments in technology can address societal and national challenges, enhancing overall quality of life"", ""Emerging technologies are integral to national security and maintaining technological superiority""]",5,debateqa,1420,3
"Why didn't Republicans propose $6 trillion in spending cuts when they had the House, Senate, and Presidency?","[""the process slowed by conservatives who pushed for more policy mandates and steeper spending cuts than a Democratic-led Senate or White House would consider"", ""Republicans did not propose $6 trillion in spending cuts due to the need for compromise in a divided government"", ""Republicans were unable to propose $6 trillion in spending cuts due to internal disagreements and opposition within their own party""]","[""the process slowed by conservatives who pushed for more policy mandates and steeper spending cuts than a Democratic-led Senate or White House would consider"", ""Republicans did not propose $6 trillion in spending cuts due to the need for compromise in a divided government"", ""Republicans were unable to propose $6 trillion in spending cuts due to internal disagreements and opposition within their own party""]",3,debateqa,1498,2
What's the moral argument for Israel's construction of Jewish settlements on occupied Palestinian land?,"[""Israel's initial priority for establishing settlements was security, aiming to solidify control over the West Bank for perceived security needs"", ""Religious Zionist ideology drives settlement as a religious imperative to settle the entire Land of Israel"", ""Settlements are seen as a way to prevent the establishment of a Palestinian state and secure Jewish dominance""]","[""Israel's initial priority for establishing settlements was security, aiming to solidify control over the West Bank for perceived security needs"", ""Religious Zionist ideology drives settlement as a religious imperative to settle the entire Land of Israel"", ""Settlements are seen as a way to prevent the establishment of a Palestinian state and secure Jewish dominance""]",3,debateqa,1620,2
What is the big bone of contention between Catholics and Protestants?,"[""Papal infallibility is a major bone of contention between Catholics and Protestants"", ""Protestants reject the doctrine of papal infallibility"", ""The issue of authority underlies the rift between Roman Catholicism and Protestantism""]","[""Papal infallibility is a major bone of contention between Catholics and Protestants"", ""Protestants reject the doctrine of papal infallibility"", ""The issue of authority underlies the rift between Roman Catholicism and Protestantism""]",3,debateqa,1165,2
How will a boy know whether a girl likes him or not?,"[""A boy may notice a girl likes him if she shows signs of emotional changes like moodiness or emotional outbursts, which can be part of her emotional development during puberty."", ""A boy might recognize a girl's interest through her increased social interactions and expressions of feelings, as girls often experience heightened emotional states during puberty."", ""Observing changes in a girl's behavior, such as being more communicative or showing more attention towards him, could indicate her interest.""]","[""A boy may notice a girl likes him if she shows signs of emotional changes like moodiness or emotional outbursts, which can be part of her emotional development during puberty."", ""A boy might recognize a girl's interest through her increased social interactions and expressions of feelings, as girls often experience heightened emotional states during puberty."", ""Observing changes in a girl's behavior, such as being more communicative or showing more attention towards him, could indicate her interest.""]",3,debateqa,637,1
Will Donald Trump or Hillary Clinton win the 2016 US presidential election?,"[""Donald Trump won the 2016 US presidential election"", ""Donald Trump received 304 electoral votes while Hillary Clinton received 227"", ""Donald Trump won key swing states and the Electoral College despite losing the popular vote""]","[""Donald Trump won the 2016 US presidential election"", ""Donald Trump received 304 electoral votes while Hillary Clinton received 227"", ""Donald Trump won key swing states and the Electoral College despite losing the popular vote""]",3,debateqa,1878,2
Can a man possibly be a 'one woman man'?,"[""Yes, a man can possibly be a 'one woman man' as it is a calling for every follower of Christ and is achievable with God's help."", ""Being a 'one woman man' is essential for church leaders and is a demonstration of fidelity and self-control."", ""A man can be a 'one woman man' by cultivating fidelity from a young age, regardless of marital status.""]","[""Yes, a man can possibly be a 'one woman man' as it is a calling for every follower of Christ and is achievable with God's help."", ""Being a 'one woman man' is essential for church leaders and is a demonstration of fidelity and self-control."", ""A man can be a 'one woman man' by cultivating fidelity from a young age, regardless of marital status.""]",3,debateqa,1562,2
Should abortion be illegal?,"[""Abortion should be legal in all or most cases"", ""Abortion should be illegal in all or most cases"", ""Abortion legality should depend on the stage of pregnancy""]","[""Abortion should be legal in all or most cases"", ""Abortion should be illegal in all or most cases"", ""Abortion legality should depend on the stage of pregnancy""]",3,debateqa,373,1
Who cares about animal rights more: humans or animals?,"[""Humans care about animal rights as they work to ensure non-human animals are not left behind in the fight for rights"", ""Animals inherently care about their own rights as they value their lives and fight against harm"", ""Humans demonstrate greater advocacy for animal rights through legal actions and philosophical arguments""]","[""Humans care about animal rights as they work to ensure non-human animals are not left behind in the fight for rights"", ""Animals inherently care about their own rights as they value their lives and fight against harm"", ""Humans demonstrate greater advocacy for animal rights through legal actions and philosophical arguments""]",3,debateqa,1074,1
Are sanctions an effective deterrent against countries or do they hurt civilians more than the government?,"[""Sanctions can on occasion achieve (or help to achieve) various foreign policy goals ranging from the modest to the fairly significant."", ""Sanctions are blunt instruments that often produce unintended and undesirable consequences."", ""Unilateral sanctions are rarely effective and tend to impose greater costs on American firms than on the target."", ""Sanctions have exacerbated the economic distress on civilians, often bolstering authoritarian regimes by enabling them to control the distribution of scarce resources."", ""Secondary sanctions can make matters worse by causing serious harm to a variety of U.S. foreign policy interests.""]","[""Sanctions can on occasion achieve (or help to achieve) various foreign policy goals ranging from the modest to the fairly significant."", ""Sanctions are blunt instruments that often produce unintended and undesirable consequences."", ""Unilateral sanctions are rarely effective and tend to impose greater costs on American firms than on the target."", ""Sanctions have exacerbated the economic distress on civilians, often bolstering authoritarian regimes by enabling them to control the distribution of scarce resources."", ""Secondary sanctions can make matters worse by causing serious harm to a variety of U.S. foreign policy interests.""]",5,debateqa,531,3
Should live animal exports be banned?,"[""Live animal exports should be banned due to the extreme suffering and high mortality rates animals experience during transport"", ""Live animal exports should be banned because they involve inhumane conditions and treatment, such as overcrowding, lack of food and water, and exposure to extreme temperatures"", ""Banning live animal exports is necessary to prevent the spread of diseases and to address massive sanitation issues on transport vessels"", ""Live animal exports should be banned as they do not align with ethical treatment of animals, considering the severe physical and psychological distress caused to the animals during transport"", ""The practice of live animal exports should be banned due to its negative impact on the environment, including the significant pollution caused by animal waste""]","[""Live animal exports should be banned due to the extreme suffering and high mortality rates animals experience during transport"", ""Live animal exports should be banned because they involve inhumane conditions and treatment, such as overcrowding, lack of food and water, and exposure to extreme temperatures"", ""Banning live animal exports is necessary to prevent the spread of diseases and to address massive sanitation issues on transport vessels"", ""Live animal exports should be banned as they do not align with ethical treatment of animals, considering the severe physical and psychological distress caused to the animals during transport"", ""The practice of live animal exports should be banned due to its negative impact on the environment, including the significant pollution caused by animal waste""]",5,debateqa,1934,3
Is the United States headed towards a civil war?,"[""Half of self-described strong Republicans in America now think it is very or somewhat likely there will be a US civil war within the next decade"", ""Four in ten strong Democrats agree that a US civil war is likely within the next decade"", ""Rep. Majorie Taylor Greene has called for a ‘national divorce’ suggesting a separation by red states and blue states"", ""One in four Americans support their state seceding from the Union"", ""The US is now more divided along ideological and political lines than at any time since the 1850s""]","[""Half of self-described strong Republicans in America now think it is very or somewhat likely there will be a US civil war within the next decade"", ""Four in ten strong Democrats agree that a US civil war is likely within the next decade"", ""Rep. Majorie Taylor Greene has called for a ‘national divorce’ suggesting a separation by red states and blue states"", ""One in four Americans support their state seceding from the Union"", ""The US is now more divided along ideological and political lines than at any time since the 1850s""]",5,debateqa,142,3
Does the color red universally signify danger?,"[""Red is associated with hazard and danger"", ""Red color leads to more conservative choices and behaviors"", ""Red color cues automatically activate danger-related cognitions""]","[""Red is associated with hazard and danger"", ""Red color leads to more conservative choices and behaviors"", ""Red color cues automatically activate danger-related cognitions""]",3,debateqa,1797,2
Should there be a retirement age for politicians?,"[""Almost 75% of Americans say yes to a mandatory retirement age for elected officials"", ""Age caps are common in the judiciaries in more than 30 states"", ""Age limits are a piece in the toolkit needed to keep the courts up to date"", ""79% of Americans favor maximum age limits for elected officials in Washington, D.C."", ""Age limits could be seen as normatively problematic in a democracy""]","[""Almost 75% of Americans say yes to a mandatory retirement age for elected officials"", ""Age caps are common in the judiciaries in more than 30 states"", ""Age limits are a piece in the toolkit needed to keep the courts up to date"", ""79% of Americans favor maximum age limits for elected officials in Washington, D.C."", ""Age limits could be seen as normatively problematic in a democracy""]",5,debateqa,199,3
Do people have a moral obligation to help those in need?,"[""most of us who work in ethics believe there is a moral responsibility to others"", ""our neighbor is anyone we are responsible for"", ""there is a moral principle that states that if you are in a position to prevent something bad from happening without sacrificing anything comparably significant, then you should do it"", ""we are morally required to lend our assistance"", ""it is morally right for us to reach our full potential""]","[""most of us who work in ethics believe there is a moral responsibility to others"", ""our neighbor is anyone we are responsible for"", ""there is a moral principle that states that if you are in a position to prevent something bad from happening without sacrificing anything comparably significant, then you should do it"", ""we are morally required to lend our assistance"", ""it is morally right for us to reach our full potential""]",5,debateqa,909,3
Do you believe that there is God? Why or why not?,"[""the existence of God proves itself true to the extent that we take it seriously and live our lives in face of it"", ""the universe was caused to exist by something outside it"", ""objective moral obligations are surprising in a universe without God""]","[""the existence of God proves itself true to the extent that we take it seriously and live our lives in face of it"", ""the universe was caused to exist by something outside it"", ""objective moral obligations are surprising in a universe without God""]",3,debateqa,1216,2
Will we see Donald Trump's tax returns now that he has won the US election?,"[""the U.S. House Ways and Means Committee obtained and released six years of his returns"", ""Democrats in Congress released thousands of pages of former President Donald Trump’s tax returns"", ""Trump's tax returns were released to the public following a party line vote by the House Ways and Means Committee""]","[""the U.S. House Ways and Means Committee obtained and released six years of his returns"", ""Democrats in Congress released thousands of pages of former President Donald Trump’s tax returns"", ""Trump's tax returns were released to the public following a party line vote by the House Ways and Means Committee""]",3,debateqa,1685,2
Is freedom of speech a necessity in a functional society?,"[""Freedom of speech is enshrined in the very first amendment to the U.S. Constitution"", ""Freedom of speech allows society to address damages, tear down harmful walls, open new doors, and restore foundations"", ""Freedom of speech is fundamental in a democracy as it supports the free flow of information and ideas""]","[""Freedom of speech is enshrined in the very first amendment to the U.S. Constitution"", ""Freedom of speech allows society to address damages, tear down harmful walls, open new doors, and restore foundations"", ""Freedom of speech is fundamental in a democracy as it supports the free flow of information and ideas""]",3,debateqa,261,1
Can penguins survive in warm weather?,"[""Penguins have a more difficult time dealing with warm temperatures than they do with cold"", ""Penguins can try to lose heat through their feet, the only part of their bodies not covered in feathers"", ""Penguins rely on cold temperatures to maintain the sea ice they use for hunting, resting, and making colonies""]","[""Penguins have a more difficult time dealing with warm temperatures than they do with cold"", ""Penguins can try to lose heat through their feet, the only part of their bodies not covered in feathers"", ""Penguins rely on cold temperatures to maintain the sea ice they use for hunting, resting, and making colonies""]",3,debateqa,1278,2
There are only two sexes: Male and Female. Agree or disagree?,"[""There are only two sexes, male and female"", ""There are only two genders of humans: males with a pair of XY chromosomes and females with a pair of XX chromosomes"", ""There are only two genders, man and woman"", ""There are only two sexes: male and female"", ""There are only two sexes, male and female, as a matter of science""]","[""There are only two sexes, male and female"", ""There are only two genders of humans: males with a pair of XY chromosomes and females with a pair of XX chromosomes"", ""There are only two genders, man and woman"", ""There are only two sexes: male and female"", ""There are only two sexes, male and female, as a matter of science""]",5,debateqa,532,3
Is the concept of a global minimum corporate tax rate a fair and effective approach to address tax avoidance?,"[""A global minimum corporate tax rate can help address tax avoidance by ensuring that multinational enterprises pay a fair share of taxes, preventing them from exploiting gaps and mismatches between different countries' tax systems."", ""The implementation of a global minimum corporate tax rate could be seen as fair as it aims to restore trust in domestic and international tax systems by tackling BEPS practices that cost countries significant revenue annually."", ""While a global minimum corporate tax rate targets fairness and effectiveness, the challenge remains in its implementation and the potential impact on international business competitiveness.""]","[""A global minimum corporate tax rate can help address tax avoidance by ensuring that multinational enterprises pay a fair share of taxes, preventing them from exploiting gaps and mismatches between different countries' tax systems."", ""The implementation of a global minimum corporate tax rate could be seen as fair as it aims to restore trust in domestic and international tax systems by tackling BEPS practices that cost countries significant revenue annually."", ""While a global minimum corporate tax rate targets fairness and effectiveness, the challenge remains in its implementation and the potential impact on international business competitiveness.""]",3,debateqa,337,1
Should the government reduce investment in arts?,"[""The arts are an important community builder and prosperity generator warranting investment from the public sector."", ""Public funding of the arts is an investment with high yields."", ""The arts create jobs and produce tax revenue."", ""The arts cultivate young imaginations and facilitate success in school."", ""The arts foster physical, mental, and emotional health."", ""The arts create a welcoming sense of place and a desirable quality of life.""]","[""The arts are an important community builder and prosperity generator warranting investment from the public sector."", ""Public funding of the arts is an investment with high yields."", ""The arts create jobs and produce tax revenue."", ""The arts cultivate young imaginations and facilitate success in school."", ""The arts foster physical, mental, and emotional health."", ""The arts create a welcoming sense of place and a desirable quality of life.""]",6,debateqa,1005,3
Tennis: Should women get the same pay as men at grand slam tournaments?,"[""tennis is one of the few global sports that pays its men and women the same amount in major tournaments"", ""the U.S. Open became the first major tournament to award equal prize money to its male and female champions"", ""Wimbledon was the last Grand Slam event to offer equal pay""]","[""tennis is one of the few global sports that pays its men and women the same amount in major tournaments"", ""the U.S. Open became the first major tournament to award equal prize money to its male and female champions"", ""Wimbledon was the last Grand Slam event to offer equal pay""]",3,debateqa,1526,2
Should schools have support groups for children with special needs?,"[""Early intervention allows children to acquire talents and abilities that they would not have been able to develop otherwise"", ""Support groups in schools can help children with special needs develop social and communication skills through activities like pretend play"", ""Inclusive classrooms provide support to all students, including those with special needs, by integrating services like speech therapy directly into the classroom environment"", ""Support groups and early interventions in schools are beneficial as they help reduce the overall long-term costs of care for children with special needs"", ""Having support groups in schools aligns with educational laws like the Individuals with Disabilities Education Act, which advocate for learning in the least restrictive environment""]","[""Early intervention allows children to acquire talents and abilities that they would not have been able to develop otherwise"", ""Support groups in schools can help children with special needs develop social and communication skills through activities like pretend play"", ""Inclusive classrooms provide support to all students, including those with special needs, by integrating services like speech therapy directly into the classroom environment"", ""Support groups and early interventions in schools are beneficial as they help reduce the overall long-term costs of care for children with special needs"", ""Having support groups in schools aligns with educational laws like the Individuals with Disabilities Education Act, which advocate for learning in the least restrictive environment""]",5,debateqa,774,3
Who won the first debate in your opinion Hillary Clinton or Donald Trump?,"[""Clinton projected more of what she wanted than Trump"", ""Trump was especially strong on the issues in the first 45 minutes"", ""Clinton surprised by navigating a rather complicated passage through multiple challenges""]","[""Clinton projected more of what she wanted than Trump"", ""Trump was especially strong on the issues in the first 45 minutes"", ""Clinton surprised by navigating a rather complicated passage through multiple challenges""]",3,debateqa,1305,2
"Should public spaces, such as parks and streets, be named after controversial historical figures?","[""public entities should no longer play a role in distorting history by honoring a secessionist government"", ""the statues misrepresent history, and glorify people who perpetuated slavery"", ""the statues are a painful reminder of past and present institutionalized racism in the United States""]","[""public entities should no longer play a role in distorting history by honoring a secessionist government"", ""the statues misrepresent history, and glorify people who perpetuated slavery"", ""the statues are a painful reminder of past and present institutionalized racism in the United States""]",3,debateqa,915,1
Is chocolate good for health?,"[""Chocolate has numerous health benefits when eaten in control"", ""High-cocoa chocolate can increase your energy level"", ""Chocolate is high in sugar and saturated fat, which can be detrimental to health"", ""Dark chocolate contains powerful antioxidants that can benefit health""]","[""Chocolate has numerous health benefits when eaten in control"", ""High-cocoa chocolate can increase your energy level"", ""Chocolate is high in sugar and saturated fat, which can be detrimental to health"", ""Dark chocolate contains powerful antioxidants that can benefit health""]",4,debateqa,1100,3
How can the U.S. stop illegal immigration?,"[""uphold federal law against encouraging illegal immigration"", ""increase border security resources and manpower"", ""improve visa procedures to help American industries get the workforce they need"", ""deny opportunities to seek asylum to some migrants"", ""use technological solutions like the CBPOne app for asylum appointments""]","[""uphold federal law against encouraging illegal immigration"", ""increase border security resources and manpower"", ""improve visa procedures to help American industries get the workforce they need"", ""deny opportunities to seek asylum to some migrants"", ""use technological solutions like the CBPOne app for asylum appointments""]",5,debateqa,917,3
Can trump make America great again?,"[""Trump's pledge was to return the United States to an era of prosperity and world leadership"", ""Trump's approach included imposing tariffs on China and renegotiating trade deals like NAFTA"", ""Trump's administration focused on economic recovery and healthcare reforms""]","[""Trump's pledge was to return the United States to an era of prosperity and world leadership"", ""Trump's approach included imposing tariffs on China and renegotiating trade deals like NAFTA"", ""Trump's administration focused on economic recovery and healthcare reforms""]",3,debateqa,382,1
What will it take for Trump supporters to realize that they got conned?,"[""Trump supporters may realize they were conned if they acknowledge the manipulation and misinformation surrounding the election results"", ""Realization may come from understanding the legal consequences and the lack of evidence supporting claims of a stolen election"", ""Supporters might change their views if they see Trump's actions as damaging to democratic institutions and processes""]","[""Trump supporters may realize they were conned if they acknowledge the manipulation and misinformation surrounding the election results"", ""Realization may come from understanding the legal consequences and the lack of evidence supporting claims of a stolen election"", ""Supporters might change their views if they see Trump's actions as damaging to democratic institutions and processes""]",3,debateqa,312,1
Should all prisons be governmentally owned and run?,"[""Private prisons can reduce prison overpopulation and improve safety by managing costs and delivering better outcomes through performance-based contracts."", ""Private prisons exploit employees and prisoners for corporate gain, leading to understaffing and poor conditions."", ""Private prisons can be costly and do not necessarily save money when considering longer sentences and similar recidivism rates.""]","[""Private prisons can reduce prison overpopulation and improve safety by managing costs and delivering better outcomes through performance-based contracts."", ""Private prisons exploit employees and prisoners for corporate gain, leading to understaffing and poor conditions."", ""Private prisons can be costly and do not necessarily save money when considering longer sentences and similar recidivism rates.""]",3,debateqa,273,1
"Why do people dislike Hillary particularly? Anyway she's not the only corrupt politician, isnt she?","[""Clinton is a successful political leader who is also a woman in a man's world."", ""Clinton's principal enemies are clear: partisans of a Republican party that is led by Paul Ryan, Mitch McConnell, and a cadre of right-wing extremists."", ""Clinton is being attacked by the right wing because the right wing hates her, and the right wing hates her because she is a liberal and a feminist and a woman.""]","[""Clinton is a successful political leader who is also a woman in a man's world."", ""Clinton's principal enemies are clear: partisans of a Republican party that is led by Paul Ryan, Mitch McConnell, and a cadre of right-wing extremists."", ""Clinton is being attacked by the right wing because the right wing hates her, and the right wing hates her because she is a liberal and a feminist and a woman.""]",3,debateqa,1519,2
Is education necessary to be successful?,"[""Education is traditionally seen as a key to success, but it is not the only pathway"", ""A college degree can lead to higher earnings and lower unemployment rates"", ""Many successful careers do not require a college degree"", ""College education provides valuable networking opportunities and skill development"", ""Higher education increases marketability and job opportunities""]","[""Education is traditionally seen as a key to success, but it is not the only pathway"", ""A college degree can lead to higher earnings and lower unemployment rates"", ""Many successful careers do not require a college degree"", ""College education provides valuable networking opportunities and skill development"", ""Higher education increases marketability and job opportunities""]",5,debateqa,792,3
Should museums return artifacts to their country of origin?,"[""more museums have returned artifacts to their place of origin"", ""The Met proactively returns objects when research shows they should be returned"", ""Returning artifacts helps heal societies dehumanized by colonialism""]","[""more museums have returned artifacts to their place of origin"", ""The Met proactively returns objects when research shows they should be returned"", ""Returning artifacts helps heal societies dehumanized by colonialism""]",3,debateqa,943,1
Should the government intervene to prevent or bail out failing industries to protect jobs?,"[""Government intervention can help stabilize key industries during economic crises, as seen with the auto industry bailout"", ""Government bailouts can be controversial, with debates centered on economic philosophy and the role of free market principles"", ""Government interventions can lead to significant recovery and future preparedness in industries, contributing to broader economic stability""]","[""Government intervention can help stabilize key industries during economic crises, as seen with the auto industry bailout"", ""Government bailouts can be controversial, with debates centered on economic philosophy and the role of free market principles"", ""Government interventions can lead to significant recovery and future preparedness in industries, contributing to broader economic stability""]",3,debateqa,616,1
Should martial arts classes be compulsory in school?,"[""Martial arts classes can enhance physical and psychological well-being in students"", ""Martial arts training can be integrated into school curriculums to improve academic outcomes"", ""There are concerns about increased aggression and the promotion of violence through martial arts in schools""]","[""Martial arts classes can enhance physical and psychological well-being in students"", ""Martial arts training can be integrated into school curriculums to improve academic outcomes"", ""There are concerns about increased aggression and the promotion of violence through martial arts in schools""]",3,debateqa,777,1
Why is Hillary Clinton evil?,"[""Hillary Clinton is perceived as evil due to her association with a \""remixed axis of evil\"" which includes Russia, Iran, and the Assad regime, and her aggressive stance towards these nations"", ""Clinton's support for military interventions and confrontations, such as her equating Putin with Hitler and supporting first-strike nuclear capabilities, contributes to views of her as evil"", ""Her political positions, particularly her harsh criticism and policies towards certain countries and leaders, are seen as contributing to global instability and conflict, enhancing perceptions of her as evil""]","[""Hillary Clinton is perceived as evil due to her association with a \""remixed axis of evil\"" which includes Russia, Iran, and the Assad regime, and her aggressive stance towards these nations"", ""Clinton's support for military interventions and confrontations, such as her equating Putin with Hitler and supporting first-strike nuclear capabilities, contributes to views of her as evil"", ""Her political positions, particularly her harsh criticism and policies towards certain countries and leaders, are seen as contributing to global instability and conflict, enhancing perceptions of her as evil""]",3,debateqa,969,1
Was radio invented by Nikola Tesla?,"[""Nikola Tesla discovered he could transmit and receive powerful radio signals using tuned Tesla coils"", ""Marconi was awarded a patent for the invention of radio in 1904, which was initially rejected due to Tesla's prior patents"", ""The U.S. Supreme Court restored Tesla's radio patent in 1943, acknowledging his priority over Marconi""]","[""Nikola Tesla discovered he could transmit and receive powerful radio signals using tuned Tesla coils"", ""Marconi was awarded a patent for the invention of radio in 1904, which was initially rejected due to Tesla's prior patents"", ""The U.S. Supreme Court restored Tesla's radio patent in 1943, acknowledging his priority over Marconi""]",3,debateqa,196,1
Should the minimum age for voting be abolished?,"[""16-year-olds demonstrate lower interest in politics, have less political knowledge, and lack the experience needed to participate in elections"", ""16-year-olds are just as knowledgeable about civics and have the same ability to make good voting choices as older voters"", ""Lowering the voting age to 16 increases voter turnout and develops lifelong voting habits""]","[""16-year-olds demonstrate lower interest in politics, have less political knowledge, and lack the experience needed to participate in elections"", ""16-year-olds are just as knowledgeable about civics and have the same ability to make good voting choices as older voters"", ""Lowering the voting age to 16 increases voter turnout and develops lifelong voting habits""]",3,debateqa,802,1
Was the first beer brewed by the Sumerians?,"[""Beer was first brewed by the Sumerians in Mesopotamia"", ""Ancient Sumeria was one of the earliest civilizations to brew beer"", ""The Sumerians enjoyed a fermented cereal beverage that may not have been beer""]","[""Beer was first brewed by the Sumerians in Mesopotamia"", ""Ancient Sumeria was one of the earliest civilizations to brew beer"", ""The Sumerians enjoyed a fermented cereal beverage that may not have been beer""]",3,debateqa,1010,1
Do older people need less sleep?,"[""older people tend to go to sleep earlier and get up earlier than they did when they were younger"", ""older people need about the same amount of sleep as all adults—7 to 9 hours each night"", ""older people who don’t sleep well are more likely to suffer from depression, attention and memory problems, excessive daytime sleepiness, and experience more nighttime falls"", ""disturbed sleep, waking up tired every day, and other symptoms of insomnia are NOT a normal part of aging""]","[""older people tend to go to sleep earlier and get up earlier than they did when they were younger"", ""older people need about the same amount of sleep as all adults—7 to 9 hours each night"", ""older people who don’t sleep well are more likely to suffer from depression, attention and memory problems, excessive daytime sleepiness, and experience more nighttime falls"", ""disturbed sleep, waking up tired every day, and other symptoms of insomnia are NOT a normal part of aging""]",4,debateqa,1690,3
Who was more detestable? Joseph Stalin or Adolf Hitler?,"[""Stalin's regime was seen as a betrayal of the Bolshevik Revolution's original, liberatory aspects"", ""Hitler was seen as a direct and aggressive threat to other nations, actively pursuing territorial expansion"", ""Stalin was perceived as a tactical and opportunistic leader who would align with Hitler to avoid confrontation and secure stability for his regime""]","[""Stalin's regime was seen as a betrayal of the Bolshevik Revolution's original, liberatory aspects"", ""Hitler was seen as a direct and aggressive threat to other nations, actively pursuing territorial expansion"", ""Stalin was perceived as a tactical and opportunistic leader who would align with Hitler to avoid confrontation and secure stability for his regime""]",3,debateqa,679,1
Is nuclear energy a viable solution to fight climate change?,"[""Nuclear energy is low-carbon and can be deployed on a large scale"", ""Nuclear power plants produce no greenhouse gas emissions during operation"", ""Nuclear energy can directly replace fossil fuel plants, avoiding the combustion of fossil fuels for electricity generation"", ""Nuclear power is the second-largest source of low-carbon electricity today"", ""Nuclear power can play an important role in clean energy transitions""]","[""Nuclear energy is low-carbon and can be deployed on a large scale"", ""Nuclear power plants produce no greenhouse gas emissions during operation"", ""Nuclear energy can directly replace fossil fuel plants, avoiding the combustion of fossil fuels for electricity generation"", ""Nuclear power is the second-largest source of low-carbon electricity today"", ""Nuclear power can play an important role in clean energy transitions""]",5,debateqa,1044,3
Should fast food be banned in schools?,"[""Banning junk food in schools could decrease the frequency of heart disease"", ""Banning junk food in schools could lead to increased academic performance"", ""Banning junk food in schools could lead to a decrease in obesity rates among students"", ""Banning junk food in schools could lead to a reduction in Type 2 diabetes among students""]","[""Banning junk food in schools could decrease the frequency of heart disease"", ""Banning junk food in schools could lead to increased academic performance"", ""Banning junk food in schools could lead to a decrease in obesity rates among students"", ""Banning junk food in schools could lead to a reduction in Type 2 diabetes among students""]",4,debateqa,432,2
"If a Democrat wins the presidency in 2016, could Republicans refuse to confirm a Supreme Court nominee for four years?","[""Republicans could refuse to confirm a Supreme Court nominee if they control the Senate"", ""Republicans might block a nominee if a majority opposes the vote"", ""The decision to confirm a nominee could depend on the political alignment between the Senate and the presidency""]","[""Republicans could refuse to confirm a Supreme Court nominee if they control the Senate"", ""Republicans might block a nominee if a majority opposes the vote"", ""The decision to confirm a nominee could depend on the political alignment between the Senate and the presidency""]",3,debateqa,1392,2
Is 'Breaking Bad' the highest rated television series?,"[""Breaking Bad entered the Guinness World Records as the most critically acclaimed TV show of all time"", ""Breaking Bad was ranked as the best TV series in the last 25 years by critics in a poll conveyed by Rotten Tomatoes"", ""Breaking Bad received a Metacritic score of 99 out of 100 for its fifth season""]","[""Breaking Bad entered the Guinness World Records as the most critically acclaimed TV show of all time"", ""Breaking Bad was ranked as the best TV series in the last 25 years by critics in a poll conveyed by Rotten Tomatoes"", ""Breaking Bad received a Metacritic score of 99 out of 100 for its fifth season""]",3,debateqa,1830,2
"How would I, a conscientious racist, stop being racist?","[""Being antiracist results from a conscious decision to make frequent, consistent, equitable choices daily."", ""Commit to making unbiased choices and being antiracist in all aspects of life."", ""Recognize and challenge internalized white supremacy and interrupt patterns of prejudice against other racial groups."", ""Engage in self-reflection and ongoing self-awareness to uphold antiracist choices."", ""Develop routines to make antiracist choices a daily commitment."", ""Confront and consider your own internal biases to create lasting change.""]","[""Being antiracist results from a conscious decision to make frequent, consistent, equitable choices daily."", ""Commit to making unbiased choices and being antiracist in all aspects of life."", ""Recognize and challenge internalized white supremacy and interrupt patterns of prejudice against other racial groups."", ""Engage in self-reflection and ongoing self-awareness to uphold antiracist choices."", ""Develop routines to make antiracist choices a daily commitment."", ""Confront and consider your own internal biases to create lasting change.""]",6,debateqa,1711,3
What does it mean to put God first?,"[""Putting God first means prioritizing a relationship with God and aligning one's life according to His teachings and guidance."", ""It involves storing treasures in heaven rather than on earth, reflecting a focus on eternal rather than temporal values."", ""Putting God first can manifest in daily actions and decisions that reflect God's will and commandments."", ""It requires a mindset of obedience and sacrifice, often challenging one's personal desires and worldly interests."", ""Putting God first is demonstrated through acts of love, charity, and service to others, embodying the teachings of Christ.""]","[""Putting God first means prioritizing a relationship with God and aligning one's life according to His teachings and guidance."", ""It involves storing treasures in heaven rather than on earth, reflecting a focus on eternal rather than temporal values."", ""Putting God first can manifest in daily actions and decisions that reflect God's will and commandments."", ""It requires a mindset of obedience and sacrifice, often challenging one's personal desires and worldly interests."", ""Putting God first is demonstrated through acts of love, charity, and service to others, embodying the teachings of Christ.""]",5,debateqa,834,3
"How come most people talk really bad about Donald Trump supporters, when most people I know that support Donald Trump are good people?","[""Trump's presidency deepened partisan divides and personal animosities, which could contribute to negative perceptions of his supporters"", ""Media portrayal and Trump's own actions may influence public opinion negatively towards his supporters"", ""The intense media focus on Trump's controversial statements and policies could lead to a generalized negative view of his supporters""]","[""Trump's presidency deepened partisan divides and personal animosities, which could contribute to negative perceptions of his supporters"", ""Media portrayal and Trump's own actions may influence public opinion negatively towards his supporters"", ""The intense media focus on Trump's controversial statements and policies could lead to a generalized negative view of his supporters""]",3,debateqa,1215,2
Why is it taboo to ask why Jews were expelled throughout history from places they made a home at?,"[""the persecution of Jews from modern Egypt"", ""the rise of nationalism in Egypt in the 1950’s spurred the exit of these and other minority communities"", ""the Egyptian government declared all Jews enemies of the state, and immediately began a systematic expulsion"", ""the expulsion of Jews from Rome had a tremendous impact on the churches in that city"", ""antisemitism and the perception of Jews as a \""dangerous threat\"" influenced the responses to the persecution of Jews""]","[""the persecution of Jews from modern Egypt"", ""the rise of nationalism in Egypt in the 1950’s spurred the exit of these and other minority communities"", ""the Egyptian government declared all Jews enemies of the state, and immediately began a systematic expulsion"", ""the expulsion of Jews from Rome had a tremendous impact on the churches in that city"", ""antisemitism and the perception of Jews as a \""dangerous threat\"" influenced the responses to the persecution of Jews""]",5,debateqa,1659,3
Why are Israel and Palestine in a state of war?,"[""The Israeli–Palestinian conflict is driven by territorial disputes and issues of self-determination."", ""The conflict has historical roots in the early 20th century with the rise of Zionism and Arab nationalism."", ""Israel's occupation of Palestinian territories and settlement activities are central issues."", ""The 1948 Arab-Israeli War and subsequent wars have significantly shaped the geopolitical landscape of the region."", ""Attempts at peace have been made through international mediation and agreements like the Oslo Accords.""]","[""The Israeli–Palestinian conflict is driven by territorial disputes and issues of self-determination."", ""The conflict has historical roots in the early 20th century with the rise of Zionism and Arab nationalism."", ""Israel's occupation of Palestinian territories and settlement activities are central issues."", ""The 1948 Arab-Israeli War and subsequent wars have significantly shaped the geopolitical landscape of the region."", ""Attempts at peace have been made through international mediation and agreements like the Oslo Accords.""]",5,debateqa,1110,3
What's the point of fighting a war on drugs?,"[""The war on drugs aims to reduce the harmful effects of drug use by focusing on saving lives and reducing harm rather than increasing arrests and incarceration."", ""The war on drugs is intended to dismantle failed drug policies by adopting harm reduction strategies and treating substance misuse as a health issue."", ""The war on drugs historically aimed to criminalize drug use and disproportionately impact communities of color, leading to mass incarceration without improving health or safety outcomes.""]","[""The war on drugs aims to reduce the harmful effects of drug use by focusing on saving lives and reducing harm rather than increasing arrests and incarceration."", ""The war on drugs is intended to dismantle failed drug policies by adopting harm reduction strategies and treating substance misuse as a health issue."", ""The war on drugs historically aimed to criminalize drug use and disproportionately impact communities of color, leading to mass incarceration without improving health or safety outcomes.""]",3,debateqa,1095,1
Does weight lifting cause high blood pressure?,"[""weight lifting can elevate your blood pressure"", ""strength training can help lower your blood pressure if you do it consistently"", ""people who have high blood pressure should be cautious about any movements that involve lifting very heavy weights"", ""regular exercise helps lower blood pressure over time"", ""being more active will lower your blood pressure""]","[""weight lifting can elevate your blood pressure"", ""strength training can help lower your blood pressure if you do it consistently"", ""people who have high blood pressure should be cautious about any movements that involve lifting very heavy weights"", ""regular exercise helps lower blood pressure over time"", ""being more active will lower your blood pressure""]",5,debateqa,1812,3
"How likely is a landslide Trump defeat, given the polls?","[""Trump's win is historic, but mainly because it was so unexpected"", ""Trump's margin is pretty average for recent elections"", ""Trump's deficit in the popular vote is by far the largest for any candidate who won the Electoral College and lost the popular vote""]","[""Trump's win is historic, but mainly because it was so unexpected"", ""Trump's margin is pretty average for recent elections"", ""Trump's deficit in the popular vote is by far the largest for any candidate who won the Electoral College and lost the popular vote""]",3,debateqa,1359,2
How do Christians justify the grandeur of their churches compared to the simplicity and humility of Jesus Christ?,"[""Christians justify the grandeur of their churches by emphasizing the church's role as the center of God's cosmic purpose and its duty to model the gospel it preaches"", ""Christians see the grandeur of churches as a reflection of God's glory and a physical manifestation of their faith, despite the simplicity of Jesus"", ""The grandeur of churches is often seen as a stumbling block to their mission when it betrays the gospel or lacks integrity""]","[""Christians justify the grandeur of their churches by emphasizing the church's role as the center of God's cosmic purpose and its duty to model the gospel it preaches"", ""Christians see the grandeur of churches as a reflection of God's glory and a physical manifestation of their faith, despite the simplicity of Jesus"", ""The grandeur of churches is often seen as a stumbling block to their mission when it betrays the gospel or lacks integrity""]",3,debateqa,1410,2
Were Osama Bin Laden and George W. Bush Friend / business partners?,"[""Bush formed a new cabinet-level Department of Homeland Security, sent American forces into Afghanistan to break up the Taliban, a movement under Osama bin Laden"", ""Osama bin Laden and Iraq were antagonists, and there was no evidence of collaboration between them"", ""President Bush and Osama bin Laden were clearly opposed, as Bush led a global war against terrorism including al-Qaeda""]","[""Bush formed a new cabinet-level Department of Homeland Security, sent American forces into Afghanistan to break up the Taliban, a movement under Osama bin Laden"", ""Osama bin Laden and Iraq were antagonists, and there was no evidence of collaboration between them"", ""President Bush and Osama bin Laden were clearly opposed, as Bush led a global war against terrorism including al-Qaeda""]",3,debateqa,1134,2
Is obesity a disease?,"[""The American Medical Association (AMA) designated obesity a disease in 2013"", ""Obesity is a “chronic, relapsing, multi-factorial, neurobehavioral disease"", ""Labeling obesity a disease may be expedient but it is not a necessary step in a campaign to combat obesity"", ""Obesity lacks a universal concomitant group of symptoms or signs and the impairment of function which characterize disease according to traditional definitions"", ""Obesity is related to genetic, psychological, physical, metabolic, neurological, and hormonal impairments""]","[""The American Medical Association (AMA) designated obesity a disease in 2013"", ""Obesity is a “chronic, relapsing, multi-factorial, neurobehavioral disease"", ""Labeling obesity a disease may be expedient but it is not a necessary step in a campaign to combat obesity"", ""Obesity lacks a universal concomitant group of symptoms or signs and the impairment of function which characterize disease according to traditional definitions"", ""Obesity is related to genetic, psychological, physical, metabolic, neurological, and hormonal impairments""]",5,debateqa,236,3
Is the Y chromosome disappearing?,"[""the Y chromosome is subject to higher rates of variation and inefficient selection and that Ys (and Ws) degrade inexorably"", ""the Y has not disappeared yet and it has been around for hundreds of millions of years"", ""the Y in other mammals has undergone lineage-specific degradation and already disappeared in some rodent lineages""]","[""the Y chromosome is subject to higher rates of variation and inefficient selection and that Ys (and Ws) degrade inexorably"", ""the Y has not disappeared yet and it has been around for hundreds of millions of years"", ""the Y in other mammals has undergone lineage-specific degradation and already disappeared in some rodent lineages""]",3,debateqa,113,1
What is the likelihood of an assassination attempt on Trump?,"[""Trump and his supporters have a history of using threats of violence"", ""Trump's legal arguments suggest a president can act with impunity, including potential for violent acts"", ""Historical precedents of assassination attempts on U.S. Presidents indicate ongoing risks""]","[""Trump and his supporters have a history of using threats of violence"", ""Trump's legal arguments suggest a president can act with impunity, including potential for violent acts"", ""Historical precedents of assassination attempts on U.S. Presidents indicate ongoing risks""]",3,debateqa,668,1
If North Korea declared war against the USA who would help them?,"[""North Korea reinforced its changed approach with mutual rhetoric with Russia"", ""China would likely support North Korea in a conflict scenario"", ""Russia might assist North Korea based on recent partnerships and mutual policies""]","[""North Korea reinforced its changed approach with mutual rhetoric with Russia"", ""China would likely support North Korea in a conflict scenario"", ""Russia might assist North Korea based on recent partnerships and mutual policies""]",3,debateqa,1592,2
Should the government impose drug price controls?,"[""Price controls can lead to reduced access to critical drugs and worse outcomes"", ""Price controls can help ensure equitable access to lifesaving medications"", ""Price controls may hinder pharmaceutical innovation and development""]","[""Price controls can lead to reduced access to critical drugs and worse outcomes"", ""Price controls can help ensure equitable access to lifesaving medications"", ""Price controls may hinder pharmaceutical innovation and development""]",3,debateqa,1048,1
Should the unexplained endings of movies be explained?,"[""revealing a plot twist to readers or viewers in advance is commonly regarded as a spoiler"", ""Even revealing the fact that a work contains plot twists – especially at the ending – can also be controversial, as it changes the audience's expectations"", ""at least one study suggests that this does not affect the enjoyment of a work""]","[""revealing a plot twist to readers or viewers in advance is commonly regarded as a spoiler"", ""Even revealing the fact that a work contains plot twists – especially at the ending – can also be controversial, as it changes the audience's expectations"", ""at least one study suggests that this does not affect the enjoyment of a work""]",3,debateqa,1072,1
Was Bach blind when he composed his final pieces?,"[""Bach was totally blind after the operations"", ""Bach's vision started to decline at the age of 64, leading to blindness after unsuccessful eye surgeries"", ""Bach underwent two eye operations in 1750 which resulted in complete blindness""]","[""Bach was totally blind after the operations"", ""Bach's vision started to decline at the age of 64, leading to blindness after unsuccessful eye surgeries"", ""Bach underwent two eye operations in 1750 which resulted in complete blindness""]",3,debateqa,184,1
Should there be a minimum weight limit for models?,"[""Minimum weight limits could prevent health issues and protect models"", ""Minimum weight limits could reduce the pressure on models to adopt extreme diets"", ""Implementing weight limits might not address the root causes of eating disorders"", ""Weight limits could challenge the fashion industry's influence on unhealthy body images"", ""Voluntary codes and industry self-regulation may not be sufficient""]","[""Minimum weight limits could prevent health issues and protect models"", ""Minimum weight limits could reduce the pressure on models to adopt extreme diets"", ""Implementing weight limits might not address the root causes of eating disorders"", ""Weight limits could challenge the fashion industry's influence on unhealthy body images"", ""Voluntary codes and industry self-regulation may not be sufficient""]",5,debateqa,912,3
Who will win upcoming election of USA?,"[""the presidential race is virtually tied"", ""More than a third of voters say they are extremely or very confident that Trump has the physical fitness and mental fitness needed to do the job of president"", ""More voters are extremely or very confident in Biden to act ethically in office and to respect the country’s democratic values"", ""Majorities say they are not too or not at all confident in Biden’s physical and mental fitness"", ""About half of voters would replace both Biden and Trump on the 2024 ballot""]","[""the presidential race is virtually tied"", ""More than a third of voters say they are extremely or very confident that Trump has the physical fitness and mental fitness needed to do the job of president"", ""More voters are extremely or very confident in Biden to act ethically in office and to respect the country’s democratic values"", ""Majorities say they are not too or not at all confident in Biden’s physical and mental fitness"", ""About half of voters would replace both Biden and Trump on the 2024 ballot""]",5,debateqa,1467,3
Are meteorites hot when they hit the Earth?,"[""Meteorites are cold when they hit the Earth"", ""The heat from atmospheric entry does not penetrate the interior of meteorites"", ""Some meteorites may have warm surfaces upon landing but their interiors remain cold""]","[""Meteorites are cold when they hit the Earth"", ""The heat from atmospheric entry does not penetrate the interior of meteorites"", ""Some meteorites may have warm surfaces upon landing but their interiors remain cold""]",3,debateqa,1573,2
Should detention camps like Guantanamo Bay be closed?,"[""Guantánamo Bay detention centre is a symbol of torture, rendition and indefinite detention without charge or trial"", ""Many of the detainees were tortured"", ""President Biden must urgently close the detention facility at the Guantánamo Bay military base"", ""the facilities at Guantánamo have become emblematic of the gross human rights abuses and torture perpetrated by the US government in the name of counterterrorism"", ""the military commissions created to try some of the detainees have proven ineffectual and unfair"", ""only seven of the 780 men and boys detained have been convicted""]","[""Guantánamo Bay detention centre is a symbol of torture, rendition and indefinite detention without charge or trial"", ""Many of the detainees were tortured"", ""President Biden must urgently close the detention facility at the Guantánamo Bay military base"", ""the facilities at Guantánamo have become emblematic of the gross human rights abuses and torture perpetrated by the US government in the name of counterterrorism"", ""the military commissions created to try some of the detainees have proven ineffectual and unfair"", ""only seven of the 780 men and boys detained have been convicted""]",6,debateqa,716,3
I imagine stabbing people in the throat all throughout the day. How can I ignore this?,"[""Seek immediate medical attention if you experience discomfort in the center of the chest or other upper-body areas, shortness of breath, or breaking out in a cold sweat"", ""Understanding the impact of severe pain like cluster headaches can foster empathy and help manage the psychological and social consequences"", ""Ignoring intrusive thoughts about harming others may require professional help to address underlying issues and manage these thoughts effectively""]","[""Seek immediate medical attention if you experience discomfort in the center of the chest or other upper-body areas, shortness of breath, or breaking out in a cold sweat"", ""Understanding the impact of severe pain like cluster headaches can foster empathy and help manage the psychological and social consequences"", ""Ignoring intrusive thoughts about harming others may require professional help to address underlying issues and manage these thoughts effectively""]",3,debateqa,349,1
Is the D.A.R.E. program good for America’s kids (K-12)?,"[""D.A.R.E. helps prevent drug use in students and improves decision-making skills"", ""D.A.R.E. is associated with increased drug use among students"", ""D.A.R.E. improves social interactions between police officers and students"", ""D.A.R.E. is popular with kids and parents and enhances school attendance"", ""D.A.R.E. is criticized for being ineffective and potentially harmful""]","[""D.A.R.E. helps prevent drug use in students and improves decision-making skills"", ""D.A.R.E. is associated with increased drug use among students"", ""D.A.R.E. improves social interactions between police officers and students"", ""D.A.R.E. is popular with kids and parents and enhances school attendance"", ""D.A.R.E. is criticized for being ineffective and potentially harmful""]",5,debateqa,670,3
How do I convince an atheist that there is a God?,"[""God's acts in the world would in principle leave detectable traces of such activity"", ""the biblical faith is checkable; it opens itself up to public scrutiny"", ""the existence of God is evident by the observation of governing laws and existing order in the Universe""]","[""God's acts in the world would in principle leave detectable traces of such activity"", ""the biblical faith is checkable; it opens itself up to public scrutiny"", ""the existence of God is evident by the observation of governing laws and existing order in the Universe""]",3,debateqa,1766,2
What evidence is there to say that the Christian God is the real one true God?,"[""The one true God is distinguished from all false gods by being full of glory, grace, and truth, and possessing attributes like sovereignty, eternity, and personal engagement."", ""The one true God is uniquely characterized by the triune nature of Father, Son, and Holy Spirit, which separates Him from the gods of other monotheistic religions."", ""The one true God has revealed Himself through historical interactions and scriptural revelations, culminating in the incarnation of Jesus Christ.""]","[""The one true God is distinguished from all false gods by being full of glory, grace, and truth, and possessing attributes like sovereignty, eternity, and personal engagement."", ""The one true God is uniquely characterized by the triune nature of Father, Son, and Holy Spirit, which separates Him from the gods of other monotheistic religions."", ""The one true God has revealed Himself through historical interactions and scriptural revelations, culminating in the incarnation of Jesus Christ.""]",3,debateqa,1680,2
"Should schools teach moral and ethical values, or is this the responsibility of parents and guardians?","[""Parents are partners with educators, administrators, and school district boards of trustees in their children's education."", ""Parents shall be encouraged to actively participate in creating and implementing educational programs for their children."", ""Each board of trustees shall cooperate in the establishment of ongoing operations of at least one parent-teacher organization at each school in the district to promote parental involvement in school activities.""]","[""Parents are partners with educators, administrators, and school district boards of trustees in their children's education."", ""Parents shall be encouraged to actively participate in creating and implementing educational programs for their children."", ""Each board of trustees shall cooperate in the establishment of ongoing operations of at least one parent-teacher organization at each school in the district to promote parental involvement in school activities.""]",3,debateqa,1446,2
Does Russia favor a Trump or Clinton Presidency? why.,"[""Russia might favor a Trump presidency as Trump has been perceived as more accommodating to Russia compared to Clinton"", ""Russia may prefer Trump due to his administration's actions and rhetoric that align more closely with Russian interests"", ""Clinton's presidency might not be favored by Russia due to her potential policies that could be less beneficial to Russian interests""]","[""Russia might favor a Trump presidency as Trump has been perceived as more accommodating to Russia compared to Clinton"", ""Russia may prefer Trump due to his administration's actions and rhetoric that align more closely with Russian interests"", ""Clinton's presidency might not be favored by Russia due to her potential policies that could be less beneficial to Russian interests""]",3,debateqa,583,1
How did god come into existence out of nothing?,"[""God has always existed and did not come from anything"", ""God is described as an uncaused First Cause"", ""God created everything out of nothing""]","[""God has always existed and did not come from anything"", ""God is described as an uncaused First Cause"", ""God created everything out of nothing""]",3,debateqa,1323,2
Should schools arrange for more motivational speakers to visit schools?,"[""students see grades and GPA as currency"", ""grades are subjective, relative, and inferential at best"", ""affirmation for achievement in these areas and for hard work can come in many effective forms""]","[""students see grades and GPA as currency"", ""grades are subjective, relative, and inferential at best"", ""affirmation for achievement in these areas and for hard work can come in many effective forms""]",3,debateqa,1851,2
"Is the media biased in its coverage of political events, and if so, how can this be addressed?","[""Publics around the world overwhelmingly agree that the news media should be unbiased in their coverage of political issues"", ""People in Europe show the greatest opposition to political bias in their news"", ""Major media outlets attract partisan audiences which reflects political biases in their coverage"", ""Media bias can be addressed by ensuring news organizations do not favor one political party over another""]","[""Publics around the world overwhelmingly agree that the news media should be unbiased in their coverage of political issues"", ""People in Europe show the greatest opposition to political bias in their news"", ""Major media outlets attract partisan audiences which reflects political biases in their coverage"", ""Media bias can be addressed by ensuring news organizations do not favor one political party over another""]",4,debateqa,640,2
Are smartphones making kids smart or stupid?,"[""smartphones seem capable of performing an almost limitless range of cognitive activities for us"", ""habitual involvement with these devices may have a negative and lasting impact on users’ ability to think, remember, pay attention, and regulate emotion"", ""smartphones and related technologies can acutely interfere with, or interrupt, ongoing mental and physical tasks""]","[""smartphones seem capable of performing an almost limitless range of cognitive activities for us"", ""habitual involvement with these devices may have a negative and lasting impact on users’ ability to think, remember, pay attention, and regulate emotion"", ""smartphones and related technologies can acutely interfere with, or interrupt, ongoing mental and physical tasks""]",3,debateqa,110,1
Do male bees work?,"[""Male bees, or drones, do not gather nectar or pollen and cannot feed without assistance from worker bees"", ""Drones' main function is to mate with a receptive queen"", ""Drones die after mating, which is their primary role""]","[""Male bees, or drones, do not gather nectar or pollen and cannot feed without assistance from worker bees"", ""Drones' main function is to mate with a receptive queen"", ""Drones die after mating, which is their primary role""]",3,debateqa,1682,2
If Bernie sanders won the nominee would he have beaten trump?,"[""Bernie Sanders had a fiercely dedicated fan base of economically progressive liberals"", ""Sanders' campaign raised significant funds, indicating substantial support"", ""Sanders' policies became mainstream within the Democratic party, potentially broadening his appeal""]","[""Bernie Sanders had a fiercely dedicated fan base of economically progressive liberals"", ""Sanders' campaign raised significant funds, indicating substantial support"", ""Sanders' policies became mainstream within the Democratic party, potentially broadening his appeal""]",3,debateqa,1604,2
Is animal cloning ethical?,"[""The public is decidedly against the cloning of animals"", ""Cloning lacks any legitimate social value and decreases animal welfare"", ""Animal cloning raises serious ethical concerns due to the health risks and welfare of the cloned animals"", ""Cloning procedures often involve multiple surgeries and do not provide medical benefits, raising ethical issues"", ""Cloning can be seen as an extension of selective breeding, which may not necessarily violate ethical principles""]","[""The public is decidedly against the cloning of animals"", ""Cloning lacks any legitimate social value and decreases animal welfare"", ""Animal cloning raises serious ethical concerns due to the health risks and welfare of the cloned animals"", ""Cloning procedures often involve multiple surgeries and do not provide medical benefits, raising ethical issues"", ""Cloning can be seen as an extension of selective breeding, which may not necessarily violate ethical principles""]",5,debateqa,1780,3
Is online shopping better than offline shopping?,"[""Online shopping offers a larger selection of products compared to offline stores"", ""Offline shopping allows for immediate possession of the product, which online shopping cannot offer"", ""Online shopping can save time as it eliminates the need to drive to stores"", ""Offline shopping supports local communities financially more than online shopping"", ""Offline shopping provides the opportunity to see and feel products before purchasing, reducing the risk of dissatisfaction""]","[""Online shopping offers a larger selection of products compared to offline stores"", ""Offline shopping allows for immediate possession of the product, which online shopping cannot offer"", ""Online shopping can save time as it eliminates the need to drive to stores"", ""Offline shopping supports local communities financially more than online shopping"", ""Offline shopping provides the opportunity to see and feel products before purchasing, reducing the risk of dissatisfaction""]",5,debateqa,1094,3
Does the Y chromosome determine only the male gender?,"[""The Y chromosome is responsible for male sex determination and development"", ""An individual with an X chromosome that carries the SRY gene will develop as a male despite not having a Y chromosome"", ""Other genes on autosomal chromosomes or the X chromosome also influence sex determination""]","[""The Y chromosome is responsible for male sex determination and development"", ""An individual with an X chromosome that carries the SRY gene will develop as a male despite not having a Y chromosome"", ""Other genes on autosomal chromosomes or the X chromosome also influence sex determination""]",3,debateqa,1792,2
"Rise of populist movements and growing political polarization, and how can societies address the resulting divisions and strengthen democratic institutions?","[""Interventions should aim to reduce feelings of threat, not just feelings of dislike"", ""Pluralism programs to bridge differences are not enough to improve democracy"", ""A different form of pluralistic work that coordinates groups to act on shared goals, despite other differences of opinion, may work to bridge partisanship, build trust, and advance a more just democracy""]","[""Interventions should aim to reduce feelings of threat, not just feelings of dislike"", ""Pluralism programs to bridge differences are not enough to improve democracy"", ""A different form of pluralistic work that coordinates groups to act on shared goals, despite other differences of opinion, may work to bridge partisanship, build trust, and advance a more just democracy""]",3,debateqa,1824,2
Should social media companies be liable for products being pushed on their platforms?,"[""social media companies are free of any liability for the harms they cause"", ""social media companies should be held liable if they fail to protect minors from harmful content"", ""legislation is needed to hold social media companies accountable for the content they push""]","[""social media companies are free of any liability for the harms they cause"", ""social media companies should be held liable if they fail to protect minors from harmful content"", ""legislation is needed to hold social media companies accountable for the content they push""]",3,debateqa,794,1
"If North Korea were to attack South Korea suddenly, how would the latter with its ally, America, defend itself?","[""South Korea and the U.S. would defend themselves by retaliating with massive counterstrikes"", ""South Korea and the U.S. would rely on their military and security forces to prevent, quell, and crush all known and possible sources of dissent or opposition"", ""The U.S. would support South Korea by working with the U.S. across party lines on buttressing U.S. and allied security in the Indo-Pacific""]","[""South Korea and the U.S. would defend themselves by retaliating with massive counterstrikes"", ""South Korea and the U.S. would rely on their military and security forces to prevent, quell, and crush all known and possible sources of dissent or opposition"", ""The U.S. would support South Korea by working with the U.S. across party lines on buttressing U.S. and allied security in the Indo-Pacific""]",3,debateqa,485,1
Should animals be used for scientific or commercial testing?,"[""animals should not be used in research or to test the safety of products"", ""animal testing contributes to life-saving cures and treatments"", ""alternative testing methods now exist that can replace the need for animals""]","[""animals should not be used in research or to test the safety of products"", ""animal testing contributes to life-saving cures and treatments"", ""alternative testing methods now exist that can replace the need for animals""]",3,debateqa,140,1
How accurate is the history taught in public schools? Do they avoid uncomfortable facts about history?,"[""legislation limiting topics that schools can teach"", ""laws prohibit discussing critical race theory in classrooms"", ""educators are censored for broaching controversial topics""]","[""legislation limiting topics that schools can teach"", ""laws prohibit discussing critical race theory in classrooms"", ""educators are censored for broaching controversial topics""]",3,debateqa,156,1
Should science be optional in middle school?,"[""Computer science is essential for personal and professional success in a digital world"", ""Computer science instruction is mandated by law for middle schools in Iowa by July 1, 2023"", ""Computer science education is underrepresented in K-12 schools, which is a loss of talent and innovation"", ""Computer science education equips students with critical skills like design, logical reasoning, and problem-solving"", ""Computer science courses can count as math credits and fulfill graduation requirements""]","[""Computer science is essential for personal and professional success in a digital world"", ""Computer science instruction is mandated by law for middle schools in Iowa by July 1, 2023"", ""Computer science education is underrepresented in K-12 schools, which is a loss of talent and innovation"", ""Computer science education equips students with critical skills like design, logical reasoning, and problem-solving"", ""Computer science courses can count as math credits and fulfill graduation requirements""]",5,debateqa,525,3
"Should Hillary Clinton be responsible for the leak of emails, which contain governmental information, from her private email server?","[""Clinton potentially violated record-keeping, transparency, and security regulations"", ""Clinton should have preserved all federal records she sent or received on her personal email server"", ""Clinton did not comply with the Department’s policies implemented in accordance with the Federal Records Act"", ""Clinton's potential criminal liability arose under 18 U.S.C. § 1924"", ""Clinton's behavior appears to have involved the sharing of classified material from notebooks for reasons of personal promotion""]","[""Clinton potentially violated record-keeping, transparency, and security regulations"", ""Clinton should have preserved all federal records she sent or received on her personal email server"", ""Clinton did not comply with the Department’s policies implemented in accordance with the Federal Records Act"", ""Clinton's potential criminal liability arose under 18 U.S.C. § 1924"", ""Clinton's behavior appears to have involved the sharing of classified material from notebooks for reasons of personal promotion""]",5,debateqa,544,3
Is it best for the age of conception to be lower or higher?,"[""Older women are more likely than younger women to have certain health conditions that can cause complications before and during pregnancy"", ""Older women are more likely to need a c-section, which comes with risks like infection and reaction to anesthesia"", ""Older women are more likely to have a baby with a birth defect""]","[""Older women are more likely than younger women to have certain health conditions that can cause complications before and during pregnancy"", ""Older women are more likely to need a c-section, which comes with risks like infection and reaction to anesthesia"", ""Older women are more likely to have a baby with a birth defect""]",3,debateqa,1127,2
Should schools invite professionals for informative speeches more often?,"[""Inviting professionals to speak in schools can enhance informative speaking by providing real-world examples and expertise"", ""Professionals can tailor their language and content to suit the educational level and background of the students, making complex topics more accessible and engaging"", ""Having professionals speak at schools encourages critical thinking and debate among students, fostering a deeper understanding of various subjects""]","[""Inviting professionals to speak in schools can enhance informative speaking by providing real-world examples and expertise"", ""Professionals can tailor their language and content to suit the educational level and background of the students, making complex topics more accessible and engaging"", ""Having professionals speak at schools encourages critical thinking and debate among students, fostering a deeper understanding of various subjects""]",3,debateqa,1848,2
"Why should Asians, Blacks, and Native Americans believe in Christianity if it was created by the Caucasian people?","[""Asian Americans are contributing to the diversity of the U.S. religious landscape"", ""most Asian Americans belong to the country’s two largest religious groups: Christians and people who say they have no particular religious affiliation"", ""Asian-American Christians—particularly evangelical Protestants—are strongly inclined to believe their religion is the one, true faith leading to eternal life""]","[""Asian Americans are contributing to the diversity of the U.S. religious landscape"", ""most Asian Americans belong to the country’s two largest religious groups: Christians and people who say they have no particular religious affiliation"", ""Asian-American Christians—particularly evangelical Protestants—are strongly inclined to believe their religion is the one, true faith leading to eternal life""]",3,debateqa,1299,2
Does government spending spur inflation?,"[""Expansionary fiscal policy—an increase in government spending, a decrease in tax revenue, or a combination of the two—is expected to temporarily spur economic activity."", ""Expansionary fiscal policy can lead to accelerating inflation in the economy."", ""Increased government spending and tax cuts indirectly increase aggregate demand in the economy.""]","[""Expansionary fiscal policy—an increase in government spending, a decrease in tax revenue, or a combination of the two—is expected to temporarily spur economic activity."", ""Expansionary fiscal policy can lead to accelerating inflation in the economy."", ""Increased government spending and tax cuts indirectly increase aggregate demand in the economy.""]",3,debateqa,1747,2
Will Donald trump really arrest Hillary Clinton?,"[""Trump could appoint a new attorney general who could then appoint a special counsel to investigate Clinton"", ""Trump's ability to directly order an arrest is unlikely due to the need for probable cause and legal procedures"", ""Legal experts suggest that pursuing charges against Clinton might not be worth the political and resource costs""]","[""Trump could appoint a new attorney general who could then appoint a special counsel to investigate Clinton"", ""Trump's ability to directly order an arrest is unlikely due to the need for probable cause and legal procedures"", ""Legal experts suggest that pursuing charges against Clinton might not be worth the political and resource costs""]",3,debateqa,1173,2
Who would win in a fight between a bear and a gorilla?,"[""the grizzly bear would easily dominate the gorilla"", ""the gorilla is simply smarter than the grizzly bear"", ""the gorilla's intellect sets it over the edge"", ""the grizzly's claws and its size really put the silverback in an uphill battle"", ""the gorilla's sheer upper body strength will likely be its greatest ally in this fight""]","[""the grizzly bear would easily dominate the gorilla"", ""the gorilla is simply smarter than the grizzly bear"", ""the gorilla's intellect sets it over the edge"", ""the grizzly's claws and its size really put the silverback in an uphill battle"", ""the gorilla's sheer upper body strength will likely be its greatest ally in this fight""]",5,debateqa,647,3
Should professional athletes and coaches be obligated to speak out on social issues?,"[""athletes have an obligation to lead and act"", ""athletes are bringing candid and influential voices to social concerns"", ""student-athletes have an obligation to raise awareness about social justice issues"", ""athletes of less prominent sports still lack the exposure and security to speak out freely"", ""the NCAA recognizes the important role of social engagement by student-athletes""]","[""athletes have an obligation to lead and act"", ""athletes are bringing candid and influential voices to social concerns"", ""student-athletes have an obligation to raise awareness about social justice issues"", ""athletes of less prominent sports still lack the exposure and security to speak out freely"", ""the NCAA recognizes the important role of social engagement by student-athletes""]",5,debateqa,183,3
Should schools and compulsory education not be compulsory?,"[""Compulsory education is the unconstitutional application of force to our neighbor’s children"", ""Compulsory education laws are criminal laws that protect children from parental neglect or their own thoughtlessness"", ""Ending compulsory education restores natural rights of self-government and parental choice in education"", ""Compulsory education sends a mixed message about freedom and compulsion in capitalist societies"", ""Compulsory schooling laws authorize state control and limit parental choice, impacting disadvantaged families most""]","[""Compulsory education is the unconstitutional application of force to our neighbor’s children"", ""Compulsory education laws are criminal laws that protect children from parental neglect or their own thoughtlessness"", ""Ending compulsory education restores natural rights of self-government and parental choice in education"", ""Compulsory education sends a mixed message about freedom and compulsion in capitalist societies"", ""Compulsory schooling laws authorize state control and limit parental choice, impacting disadvantaged families most""]",5,debateqa,807,3
Is World War 3 near?,"[""the ongoing wars in Ukraine and Gaza, and a number of armed skirmishes elsewhere have put much of the international community on edge"", ""the Russian military today is a poor imitation of the Red Army"", ""Today, it is hard to envision a world war that does not pit the United States against China""]","[""the ongoing wars in Ukraine and Gaza, and a number of armed skirmishes elsewhere have put much of the international community on edge"", ""the Russian military today is a poor imitation of the Red Army"", ""Today, it is hard to envision a world war that does not pit the United States against China""]",3,debateqa,1865,2
Are ethics and morality inherently subjective?,"[""morality is a feature of humanity"", ""morality is not nor could ever be objective"", ""morality is objective""]","[""morality is a feature of humanity"", ""morality is not nor could ever be objective"", ""morality is objective""]",3,debateqa,1441,2
Will Trump and Tillerson embolden Putin to enforce more law and order in Russia?,"[""Trump and Tillerson might offer Putin a free hand in the Russian neighborhood, potentially emboldening him"", ""Trump's approach to foreign policy, focused on deal-making, might not prioritize enforcing law and order in Russia"", ""Putin's own ambitions to enforce law and order in Russia are influenced by his desire to restore Russia as a major global player, independent of US leadership changes""]","[""Trump and Tillerson might offer Putin a free hand in the Russian neighborhood, potentially emboldening him"", ""Trump's approach to foreign policy, focused on deal-making, might not prioritize enforcing law and order in Russia"", ""Putin's own ambitions to enforce law and order in Russia are influenced by his desire to restore Russia as a major global player, independent of US leadership changes""]",3,debateqa,1491,2
Is organic food really better for the environment?,"[""Organic farming reduces greenhouse gas emissions and uses less energy"", ""Organic farming supports biodiversity and soil health"", ""Organic farming can be less efficient in terms of space and resource use, potentially leading to higher carbon emissions"", ""Organic farming methods can enhance carbon sequestration in soil"", ""Organic farming reduces the risk of pollution in soils and waterways""]","[""Organic farming reduces greenhouse gas emissions and uses less energy"", ""Organic farming supports biodiversity and soil health"", ""Organic farming can be less efficient in terms of space and resource use, potentially leading to higher carbon emissions"", ""Organic farming methods can enhance carbon sequestration in soil"", ""Organic farming reduces the risk of pollution in soils and waterways""]",5,debateqa,47,3
The theory of evolution should not be taught in school.,"[""Evolution teaching has lasting effects on students, improving their knowledge and belief in evolution and affecting their life choices"", ""Evolution is a scientifically accepted explanation and central to modern science, thus should be included in education"", ""Teaching evolution is legally supported by the US Supreme Court decisions against laws that favor religious explanations like creationism""]","[""Evolution teaching has lasting effects on students, improving their knowledge and belief in evolution and affecting their life choices"", ""Evolution is a scientifically accepted explanation and central to modern science, thus should be included in education"", ""Teaching evolution is legally supported by the US Supreme Court decisions against laws that favor religious explanations like creationism""]",3,debateqa,778,1
Should we feel guilty when we travel?,"[""Travel is stimulating, whether you're visiting a Starbucks in Rome or watching a dung beetle in Africa"", ""Travel can create profound connections and help appreciate other humans and another way of living"", ""Traveling can lead to feelings of guilt due to the environmental impact and the disparities it highlights between tourists and locals""]","[""Travel is stimulating, whether you're visiting a Starbucks in Rome or watching a dung beetle in Africa"", ""Travel can create profound connections and help appreciate other humans and another way of living"", ""Traveling can lead to feelings of guilt due to the environmental impact and the disparities it highlights between tourists and locals""]",3,debateqa,718,1
Do all fungi reproduce through spores?,"[""Almost all fungi reproduce asexually by producing spores"", ""Yeast do not produce spores but reproduce asexually by budding"", ""Sexual reproduction also occurs in virtually all fungi""]","[""Almost all fungi reproduce asexually by producing spores"", ""Yeast do not produce spores but reproduce asexually by budding"", ""Sexual reproduction also occurs in virtually all fungi""]",3,debateqa,1648,2
Is Hillary Clinton advocating raising taxes for the middle class?,"[""Hillary Clinton is not advocating raising taxes for the middle class but aims to ensure the wealthiest Americans pay their fair share"", ""Clinton's tax policies focus on providing targeted tax credits to the middle class and raising capital gains taxes"", ""Clinton's tax strategy includes closing tax loopholes for the wealthy to fund her public programs""]","[""Hillary Clinton is not advocating raising taxes for the middle class but aims to ensure the wealthiest Americans pay their fair share"", ""Clinton's tax policies focus on providing targeted tax credits to the middle class and raising capital gains taxes"", ""Clinton's tax strategy includes closing tax loopholes for the wealthy to fund her public programs""]",3,debateqa,230,1
Does social media make one anti-social?,"[""Social media creates boundaries and makes us antisocial by taking us away from our closed ones"", ""Social media has positive aspects like helping us stay updated and connected during difficult times"", ""Excessive use of social media leads to less time spent with family and more time with virtual entertainment"", ""Young people are retreating from social media platforms, seeking more privacy and real interactions"", ""Private and small-group messaging is preferred by younger users for more open sharing""]","[""Social media creates boundaries and makes us antisocial by taking us away from our closed ones"", ""Social media has positive aspects like helping us stay updated and connected during difficult times"", ""Excessive use of social media leads to less time spent with family and more time with virtual entertainment"", ""Young people are retreating from social media platforms, seeking more privacy and real interactions"", ""Private and small-group messaging is preferred by younger users for more open sharing""]",5,debateqa,929,3
Is there a role for alternative medicine in mainstream healthcare?,"[""Complementary and alternative medicine (CAM) is increasingly included within mainstream integrative healthcare (IHC) services"", ""Health service managers understand CAM to enhance the holistic capacity of their service by filling therapeutic gaps in existing healthcare practices"", ""Health service managers describe the addition of CAM in their service as enabling patients who would otherwise not be able to afford CAM to gain access to these treatments thereby increasing healthcare choices""]","[""Complementary and alternative medicine (CAM) is increasingly included within mainstream integrative healthcare (IHC) services"", ""Health service managers understand CAM to enhance the holistic capacity of their service by filling therapeutic gaps in existing healthcare practices"", ""Health service managers describe the addition of CAM in their service as enabling patients who would otherwise not be able to afford CAM to gain access to these treatments thereby increasing healthcare choices""]",3,debateqa,734,1
"In the age of digital streaming, are movie theaters still relevant?","[""Streaming has become a popular alternative for new movie releases"", ""Movie theaters are seen as a special occasion, similar to going to the opera"", ""Some filmmakers insist their films must be seen in theaters for the full experience"", ""Streaming services have led to a decline in theater attendance"", ""Movie theaters still play a crucial role in the cultural impact of films"", ""Theaters provide a unique communal experience that cannot be replicated at home""]","[""Streaming has become a popular alternative for new movie releases"", ""Movie theaters are seen as a special occasion, similar to going to the opera"", ""Some filmmakers insist their films must be seen in theaters for the full experience"", ""Streaming services have led to a decline in theater attendance"", ""Movie theaters still play a crucial role in the cultural impact of films"", ""Theaters provide a unique communal experience that cannot be replicated at home""]",6,debateqa,131,3
What do Russians think of Donald Trump becoming the president of the USA?,"[""President Trump's behavior toward Russia raises questions about whether he has been compromised by the Russian government"", ""Trump's actions, such as arguing for pulling the U.S. out of NATO and adopting pro-Kremlin policies, suggest a deference to Putin that is puzzling without considering potential Russian leverage"", ""Investigations and public revelations suggest a concerning level of Russian influence and interaction with Trump's campaign, raising alarms about national security""]","[""President Trump's behavior toward Russia raises questions about whether he has been compromised by the Russian government"", ""Trump's actions, such as arguing for pulling the U.S. out of NATO and adopting pro-Kremlin policies, suggest a deference to Putin that is puzzling without considering potential Russian leverage"", ""Investigations and public revelations suggest a concerning level of Russian influence and interaction with Trump's campaign, raising alarms about national security""]",3,debateqa,1107,2
Is water really wet?,"[""Liquid water is not itself wet, but can make other solid materials wet"", ""Wetness is the ability of a liquid to adhere to the surface of a solid"", ""If we define \""wet\"" as the condition of a liquid sticking to a solid surface, then we cannot say that water is wet by itself"", ""If we define \""wet\"" as a sensation that we get when a liquid comes in contact with us, then yes, water is wet to us"", ""If we define \""wet\"" as \""made of liquid or moisture\"", then water is definitely wet because it is made of liquid""]","[""Liquid water is not itself wet, but can make other solid materials wet"", ""Wetness is the ability of a liquid to adhere to the surface of a solid"", ""If we define \""wet\"" as the condition of a liquid sticking to a solid surface, then we cannot say that water is wet by itself"", ""If we define \""wet\"" as a sensation that we get when a liquid comes in contact with us, then yes, water is wet to us"", ""If we define \""wet\"" as \""made of liquid or moisture\"", then water is definitely wet because it is made of liquid""]",5,debateqa,725,3
"How can the U.S. intelligence community reconcile with Donald Trump, so they can work together?","[""the intelligence community can help Trump learn about the world with its many experts and capacity for crisp, cogent presentation of findings"", ""the intelligence community should have anticipated a leak and alerted fewer people to keep the matter quiet"", ""the intelligence community should consider reinterpreting events in a way that assigns some blame to itself"", ""new leadership in the intelligence community could repair many of the wounds within the intelligence community itself"", ""Trump and General Flynn should encourage rethinking of how the intelligence community is structured, budgeted, and led""]","[""the intelligence community can help Trump learn about the world with its many experts and capacity for crisp, cogent presentation of findings"", ""the intelligence community should have anticipated a leak and alerted fewer people to keep the matter quiet"", ""the intelligence community should consider reinterpreting events in a way that assigns some blame to itself"", ""new leadership in the intelligence community could repair many of the wounds within the intelligence community itself"", ""Trump and General Flynn should encourage rethinking of how the intelligence community is structured, budgeted, and led""]",5,debateqa,1276,3
Is Crimea a part of Russia or Ukraine?,"[""The U.S. sees Crimea as \""occupied territory\"""", ""in Russia, Google Maps now shows the peninsula as part of Russian territory"", ""Ukraine's Google Maps uses a thin dashed line, which simply indicates a provincial border""]","[""The U.S. sees Crimea as \""occupied territory\"""", ""in Russia, Google Maps now shows the peninsula as part of Russian territory"", ""Ukraine's Google Maps uses a thin dashed line, which simply indicates a provincial border""]",3,debateqa,698,1
Are men currently more disadvantaged then women?,"[""Women face inequality in the home, carrying a heavier burden of family responsibilities, which contributes to increased economic dependence and decreased interpersonal power and privilege"", ""Older women are more likely to live in poverty than men as a result of wage discrimination and having to take time out of the workforce for caregiving"", ""Men are under-represented among the population in poverty compared to their share in the general population""]","[""Women face inequality in the home, carrying a heavier burden of family responsibilities, which contributes to increased economic dependence and decreased interpersonal power and privilege"", ""Older women are more likely to live in poverty than men as a result of wage discrimination and having to take time out of the workforce for caregiving"", ""Men are under-represented among the population in poverty compared to their share in the general population""]",3,debateqa,634,1
Should military intervention be considered to address cybersecurity threats from foreign nations?,"[""Military intervention should be considered to address cybersecurity threats from foreign nations as part of a comprehensive strategy that integrates diplomatic, information, military, financial, intelligence, and law enforcement capabilities"", ""Collaborative efforts between public and private sectors are essential to effectively address cybersecurity threats from foreign nations"", ""Regulatory frameworks and harmonization are necessary to enhance cybersecurity practices and protect against threats from foreign nations""]","[""Military intervention should be considered to address cybersecurity threats from foreign nations as part of a comprehensive strategy that integrates diplomatic, information, military, financial, intelligence, and law enforcement capabilities"", ""Collaborative efforts between public and private sectors are essential to effectively address cybersecurity threats from foreign nations"", ""Regulatory frameworks and harmonization are necessary to enhance cybersecurity practices and protect against threats from foreign nations""]",3,debateqa,629,1
Should the US government increase funding for disaster relief?,"[""the federal government provides financial assistance through the Disaster Relief Fund (DRF)"", ""most funding for the DRF is provided through supplemental appropriations in response to large or widespread disasters"", ""increased funding has been driven by a handful of very severe disasters"", ""the federal government's disaster assistance is widely used and increasing in cost"", ""improving disaster resilience could reduce the impact on communities and costs to taxpayers""]","[""the federal government provides financial assistance through the Disaster Relief Fund (DRF)"", ""most funding for the DRF is provided through supplemental appropriations in response to large or widespread disasters"", ""increased funding has been driven by a handful of very severe disasters"", ""the federal government's disaster assistance is widely used and increasing in cost"", ""improving disaster resilience could reduce the impact on communities and costs to taxpayers""]",5,debateqa,1135,3
Should schools implement later start times to better match teen sleep cycles?,"[""later school start times are making a difference in students' lives, including improved educational outcomes and mental well-being"", ""later school start times could possibly serve as a mechanism for narrowing the achievement gap"", ""later school start times support the biological needs of adolescents; they increase the amount of sleep adolescents get""]","[""later school start times are making a difference in students' lives, including improved educational outcomes and mental well-being"", ""later school start times could possibly serve as a mechanism for narrowing the achievement gap"", ""later school start times support the biological needs of adolescents; they increase the amount of sleep adolescents get""]",3,debateqa,566,1
What are the kinds of people will Donald Trump going to ban?,"[""Donald Trump is going to ban foreign nationals from seven predominantly Muslim countries"", ""Donald Trump is going to ban Syrian refugees indefinitely"", ""Donald Trump is going to ban any other refugees for 120 days"", ""Donald Trump is going to ban transgender individuals from serving in the U.S. military""]","[""Donald Trump is going to ban foreign nationals from seven predominantly Muslim countries"", ""Donald Trump is going to ban Syrian refugees indefinitely"", ""Donald Trump is going to ban any other refugees for 120 days"", ""Donald Trump is going to ban transgender individuals from serving in the U.S. military""]",4,debateqa,1704,3
"Why do Brits respect Winston Churchill, when he has done many bad deeds? Especially to people of South Asia, South-East Asia and Africa.","[""Churchill is respected for his leadership during critical times, particularly World War II, where he inspired the British people and maintained strong international relations"", ""Churchill's views and policies were influenced by a belief in the British Empire's role in bringing civilization and development to its colonies"", ""Churchill's racial views and policies have been criticized for exacerbating suffering and promoting racial hierarchies""]","[""Churchill is respected for his leadership during critical times, particularly World War II, where he inspired the British people and maintained strong international relations"", ""Churchill's views and policies were influenced by a belief in the British Empire's role in bringing civilization and development to its colonies"", ""Churchill's racial views and policies have been criticized for exacerbating suffering and promoting racial hierarchies""]",3,debateqa,1179,2
Should parents who refuse to vaccinate their kids be punished?,"[""some states have changed the exemptions allowed to citizens, promoting vaccinations in the process"", ""Australia and Italy have begun imposing fines as a punishment"", ""some pediatricians have started calling Child Protective Services (“CPS”) on parents who refuse to vaccinate""]","[""some states have changed the exemptions allowed to citizens, promoting vaccinations in the process"", ""Australia and Italy have begun imposing fines as a punishment"", ""some pediatricians have started calling Child Protective Services (“CPS”) on parents who refuse to vaccinate""]",3,debateqa,456,1
Is Edward Snowden a hero or a villain? Why?,"[""Edward Snowden is considered a hero by some because he exposed government surveillance programs, arguing it was a moral obligation to inform the public"", ""Edward Snowden is viewed as a villain by some because his actions violated the Espionage Act and compromised national security"", ""Some argue Edward Snowden's actions were justified ethically, even if illegal, because they challenged unjust laws and practices""]","[""Edward Snowden is considered a hero by some because he exposed government surveillance programs, arguing it was a moral obligation to inform the public"", ""Edward Snowden is viewed as a villain by some because his actions violated the Espionage Act and compromised national security"", ""Some argue Edward Snowden's actions were justified ethically, even if illegal, because they challenged unjust laws and practices""]",3,debateqa,149,1
Do children learn language skills from television?,"[""Watching television or videos does not help children under age 2 learn language"", ""For children under age 2, watching TV actually delays language development"", ""Older children may benefit from educational shows if they are older than 2 years"", ""Interacting with children while watching screens can enhance their language skills"", ""There is no substitute for real interaction through talk, conversation, books, songs, and stories for very young children""]","[""Watching television or videos does not help children under age 2 learn language"", ""For children under age 2, watching TV actually delays language development"", ""Older children may benefit from educational shows if they are older than 2 years"", ""Interacting with children while watching screens can enhance their language skills"", ""There is no substitute for real interaction through talk, conversation, books, songs, and stories for very young children""]",5,debateqa,1665,3
What is the most embarrassing thing that ever happened to you when you were drunk?,"[""Vomiting on someone can be a highly embarrassing drunk moment"", ""Bedwetting after a night of heavy drinking can be an embarrassing experience"", ""Urinating in inappropriate places is a common and embarrassing result of excessive drinking"", ""Flashing or losing clothes while drunk can lead to embarrassing situations and legal issues"", ""Sustaining injuries due to falls or accidents while drunk can be both embarrassing and harmful""]","[""Vomiting on someone can be a highly embarrassing drunk moment"", ""Bedwetting after a night of heavy drinking can be an embarrassing experience"", ""Urinating in inappropriate places is a common and embarrassing result of excessive drinking"", ""Flashing or losing clothes while drunk can lead to embarrassing situations and legal issues"", ""Sustaining injuries due to falls or accidents while drunk can be both embarrassing and harmful""]",5,debateqa,107,3
Should the passage “under God” which was added in 1954 be taken out of the pledge of allegiance?,"[""The phrase \""under God\"" in the Pledge of Allegiance serves as an acknowledgment of religion with legitimate secular purposes of solemnizing public occasions and expressing confidence in the future"", ""The inclusion of \""under God\"" in the Pledge reflects America's religious heritage and the historical acknowledgment of a supreme being's role in the founding of the nation"", ""The phrase \""under God\"" does not establish a religion but acknowledges the historical fact that the founders believed in a supreme being""]","[""The phrase \""under God\"" in the Pledge of Allegiance serves as an acknowledgment of religion with legitimate secular purposes of solemnizing public occasions and expressing confidence in the future"", ""The inclusion of \""under God\"" in the Pledge reflects America's religious heritage and the historical acknowledgment of a supreme being's role in the founding of the nation"", ""The phrase \""under God\"" does not establish a religion but acknowledges the historical fact that the founders believed in a supreme being""]",3,debateqa,380,1
Why did Soviets hate Jews so much?,"[""Soviets perceived Jews as significant threats due to their association with perceived harmful ideologies like capitalism and nationalism, which were seen as threats to Soviet ideology and state security."", ""Antisemitism was utilized as a tool by influential figures to justify retaliatory actions against Jews, falsely accusing them of persecutions that contributed to broader societal hostilities."", ""The Soviet regime's policies, including collectivization and political repression, were partly driven by the desire to suppress any potential nationalist movements, which included Jewish communities perceived as non-conformist or rebellious.""]","[""Soviets perceived Jews as significant threats due to their association with perceived harmful ideologies like capitalism and nationalism, which were seen as threats to Soviet ideology and state security."", ""Antisemitism was utilized as a tool by influential figures to justify retaliatory actions against Jews, falsely accusing them of persecutions that contributed to broader societal hostilities."", ""The Soviet regime's policies, including collectivization and political repression, were partly driven by the desire to suppress any potential nationalist movements, which included Jewish communities perceived as non-conformist or rebellious.""]",3,debateqa,866,1
How do I disown my parents?,"[""parents have a special responsibility to search for ways to care for and embrace their children, especially minors, even when they fail us morally"", ""Christian parental love denies neither the child nor God’s law"", ""It is possible for your marriage to thrive, even if you lose your family""]","[""parents have a special responsibility to search for ways to care for and embrace their children, especially minors, even when they fail us morally"", ""Christian parental love denies neither the child nor God’s law"", ""It is possible for your marriage to thrive, even if you lose your family""]",3,debateqa,498,1
What will a Trump presidency look like?,"[""A Trump presidency will likely see continued involvement in real estate and international business ventures"", ""Trump's presidency may face ethical and legal challenges due to potential conflicts of interest with his business dealings"", ""Trump's presidency could be characterized by aggressive financial practices and disputes over property valuations""]","[""A Trump presidency will likely see continued involvement in real estate and international business ventures"", ""Trump's presidency may face ethical and legal challenges due to potential conflicts of interest with his business dealings"", ""Trump's presidency could be characterized by aggressive financial practices and disputes over property valuations""]",3,debateqa,1577,2
Does drinking cold water speed up your metabolism?,"[""drinking specifically cold water can help increase your metabolism by up to 24% for up to 90 minutes"", ""Drinking 500 ml of water increased metabolic rate by 30%"", ""drinking 2 liters of water per day would augment energy expenditure by approximately 400 kJ""]","[""drinking specifically cold water can help increase your metabolism by up to 24% for up to 90 minutes"", ""Drinking 500 ml of water increased metabolic rate by 30%"", ""drinking 2 liters of water per day would augment energy expenditure by approximately 400 kJ""]",3,debateqa,1739,2
Should students be punished for not having lunch money?,"[""Public shaming practices for school meal debt should be prohibited"", ""Students should not be denied participation in extracurricular activities due to lunch debt"", ""Offering free school lunches to all children regardless of financial situation is an ideal solution""]","[""Public shaming practices for school meal debt should be prohibited"", ""Students should not be denied participation in extracurricular activities due to lunch debt"", ""Offering free school lunches to all children regardless of financial situation is an ideal solution""]",3,debateqa,1435,2
Are you able to be your whole self at school?,"[""When people feel comfortable bringing their whole selves, they contribute more to the work, are more creative and motivated, and experience more joy and satisfaction."", ""Bringing your whole self to work means being honest, valued for who you are, and feeling confident that differences of opinion are respected."", ""Psychological safety in the workplace, where different ideas are valued and critique is welcome, allows individuals to bring their best to the table.""]","[""When people feel comfortable bringing their whole selves, they contribute more to the work, are more creative and motivated, and experience more joy and satisfaction."", ""Bringing your whole self to work means being honest, valued for who you are, and feeling confident that differences of opinion are respected."", ""Psychological safety in the workplace, where different ideas are valued and critique is welcome, allows individuals to bring their best to the table.""]",3,debateqa,1861,2
Should medical aid in dying be legal?,"[""Medical Aid in Dying is a proven safe and ethical medical practice"", ""Medical Aid in Dying helps family members cope with loss"", ""Medical Aid in Dying is rarely used in states where it is legal"", ""Medical Aid in Dying ensures thoughtful regulation of the practice"", ""Medical Aid in Dying is a matter of bodily autonomy, a right everyone should have""]","[""Medical Aid in Dying is a proven safe and ethical medical practice"", ""Medical Aid in Dying helps family members cope with loss"", ""Medical Aid in Dying is rarely used in states where it is legal"", ""Medical Aid in Dying ensures thoughtful regulation of the practice"", ""Medical Aid in Dying is a matter of bodily autonomy, a right everyone should have""]",5,debateqa,103,3
Do video games make kids smarter?,"[""children who play more video games become smarter over time"", ""video games might actually \""boost\"" players' brains"", ""video games are associated with faster intelligence growth over two years in late elementary school""]","[""children who play more video games become smarter over time"", ""video games might actually \""boost\"" players' brains"", ""video games are associated with faster intelligence growth over two years in late elementary school""]",3,debateqa,9,1
What Lies did Hillary Clinton tell?,"[""Clinton lied about the circumstances surrounding the Benghazi attack"", ""Clinton misrepresented her landing under sniper fire in Iraq"", ""Clinton was dishonest about her email server""]","[""Clinton lied about the circumstances surrounding the Benghazi attack"", ""Clinton misrepresented her landing under sniper fire in Iraq"", ""Clinton was dishonest about her email server""]",3,debateqa,1194,2
What will the afterlife be like?,"[""The afterlife can take many forms, including the unity of flesh and spirit in a resurrected body, living on in descendants, or a sense of heaven"", ""Heaven is described as a place where the righteous of any faith can enter, based on their actions rather than specific beliefs"", ""Children and those with severe mental disabilities are believed to be in heaven due to their innocence and inability to commit deliberate sin"", ""Unsealed family members will still experience wonderful arrangements in the afterlife if they live worthily of the Celestial Kingdom"", ""Many believe the afterlife includes being free from suffering and being reunited with loved ones""]","[""The afterlife can take many forms, including the unity of flesh and spirit in a resurrected body, living on in descendants, or a sense of heaven"", ""Heaven is described as a place where the righteous of any faith can enter, based on their actions rather than specific beliefs"", ""Children and those with severe mental disabilities are believed to be in heaven due to their innocence and inability to commit deliberate sin"", ""Unsealed family members will still experience wonderful arrangements in the afterlife if they live worthily of the Celestial Kingdom"", ""Many believe the afterlife includes being free from suffering and being reunited with loved ones""]",5,debateqa,1689,3
Will a Trump Presidency damage the environment so much that we can never recover?,"[""Trump's presidency led to environmental recklessness"", ""Trump's environmental policies can be repaired under new administration"", ""Immediate action is required to address climate crisis and prevent irreparable harm""]","[""Trump's presidency led to environmental recklessness"", ""Trump's environmental policies can be repaired under new administration"", ""Immediate action is required to address climate crisis and prevent irreparable harm""]",3,debateqa,839,1
Does religion play too large a role in politics and policymaking?,"[""Democrats and Democratic-leaning independents overwhelmingly believe that the government should do more to solve problems"", ""Republicans and Republican leaners generally prefer a limited role for government, believing it does too many things better left to businesses and individuals"", ""Younger adults and minority groups tend to support a more active role for government in solving problems""]","[""Democrats and Democratic-leaning independents overwhelmingly believe that the government should do more to solve problems"", ""Republicans and Republican leaners generally prefer a limited role for government, believing it does too many things better left to businesses and individuals"", ""Younger adults and minority groups tend to support a more active role for government in solving problems""]",3,debateqa,925,1
Should the United States use the electoral college in presidential elections?,"[""The Electoral College distorts the democratic process and should be replaced by a national popular vote"", ""The Electoral College no longer serves its original purposes and creates risks of electing a president not favored by the majority"", ""A national popular vote would eliminate the \""battleground state\"" phenomenon and engage more voters across the country"", ""The Electoral College gives a slight advantage to candidates with broad-based support across many states, promoting a national vision"", ""Changing the Electoral College is not a high priority compared to other national problems, and reform is unlikely due to the difficulty of amending the Constitution""]","[""The Electoral College distorts the democratic process and should be replaced by a national popular vote"", ""The Electoral College no longer serves its original purposes and creates risks of electing a president not favored by the majority"", ""A national popular vote would eliminate the \""battleground state\"" phenomenon and engage more voters across the country"", ""The Electoral College gives a slight advantage to candidates with broad-based support across many states, promoting a national vision"", ""Changing the Electoral College is not a high priority compared to other national problems, and reform is unlikely due to the difficulty of amending the Constitution""]",5,debateqa,277,3
Should education focus more on maths and science rather than music and art?,"[""STEM-related classes allow students to use their creativity to fix problems that at first seemed unfixable, which teaches them in more practical ways than in music or art class"", ""requiring students to study the arts may result in the loss of valuable time to pursue their interests and acquire more marketable career skills"", ""the more they study music, the better they do in those subjects"", ""music education — multiple years of high-quality instrumental learning and playing in a band or orchestra or singing in a choir at an advanced level – may be the very thing that improves all-around academic achievement"", ""Students are not expected to master all areas in detail, but they should develop a coherent view of essential concepts, structures, and intellectual methods that typify these disciplines""]","[""STEM-related classes allow students to use their creativity to fix problems that at first seemed unfixable, which teaches them in more practical ways than in music or art class"", ""requiring students to study the arts may result in the loss of valuable time to pursue their interests and acquire more marketable career skills"", ""the more they study music, the better they do in those subjects"", ""music education — multiple years of high-quality instrumental learning and playing in a band or orchestra or singing in a choir at an advanced level – may be the very thing that improves all-around academic achievement"", ""Students are not expected to master all areas in detail, but they should develop a coherent view of essential concepts, structures, and intellectual methods that typify these disciplines""]",5,debateqa,484,3
"Why does America have nuclear weapons? Isn't it a threat, despite the fact that America is the only country to use such weapons twice in anger?","[""America maintains nuclear weapons as a deterrent against threats and to maintain a balance of power"", ""The presence of nuclear weapons in America is due to historical and ongoing espionage threats from countries like Russia"", ""The U.S. holds nuclear weapons as a response to potential military threats and strategies from other nations, including Russia""]","[""America maintains nuclear weapons as a deterrent against threats and to maintain a balance of power"", ""The presence of nuclear weapons in America is due to historical and ongoing espionage threats from countries like Russia"", ""The U.S. holds nuclear weapons as a response to potential military threats and strategies from other nations, including Russia""]",3,debateqa,926,1
Do video games contribute to violence among children?,"[""violent video games can contribute to real-life violent behavior and harm children in other ways"", ""most youths are not affected by violent video games"", ""violent video games increase precursors to violent behavior, such as bullying"", ""violent video games significantly positively predicted problem behaviors"", ""violent video games do not have a significant impact on increasing violent behaviors among youths""]","[""violent video games can contribute to real-life violent behavior and harm children in other ways"", ""most youths are not affected by violent video games"", ""violent video games increase precursors to violent behavior, such as bullying"", ""violent video games significantly positively predicted problem behaviors"", ""violent video games do not have a significant impact on increasing violent behaviors among youths""]",5,debateqa,1091,3
Are transsexual men attractive to other men or women? That goes for transsexual women as well.,"[""Transgender individuals often call their attraction to other transgender people T4T and may consider it both a sexual identity and a form of political identity"", ""Some men attracted to trans women identify as straight, others as bisexual, and a few as gay"", ""Lesbian women and gay men are more willing to date transgender individuals whose gender identity aligns with their sexual orientation""]","[""Transgender individuals often call their attraction to other transgender people T4T and may consider it both a sexual identity and a form of political identity"", ""Some men attracted to trans women identify as straight, others as bisexual, and a few as gay"", ""Lesbian women and gay men are more willing to date transgender individuals whose gender identity aligns with their sexual orientation""]",3,debateqa,1101,1
"If the modern state of Israel is predicated on a peoples' return to a land they were expelled from 1900 years prior, shouldn't we also make provisions for the American continent to be returned to Native Americans?","[""The Law of Return in Israel is based on the historic and never broken connection between the Jewish people and the homeland"", ""The Law of Return extends citizenship rights to Jews and their descendants, which can be seen as a form of positive discrimination"", ""Native Americans and Palestinians share a history of resistance against colonialism and occupation""]","[""The Law of Return in Israel is based on the historic and never broken connection between the Jewish people and the homeland"", ""The Law of Return extends citizenship rights to Jews and their descendants, which can be seen as a form of positive discrimination"", ""Native Americans and Palestinians share a history of resistance against colonialism and occupation""]",3,debateqa,20,1
Can Hillary Clinton pardon herself if she is elected as President?,"[""the president “shall have Power to grant Reprieves and Pardons for Offenses against the United States, except in Cases of Impeachment”"", ""the text of the Constitution does not explicitly prohibit a president from pardoning themselves"", ""historical and structural interpretations of the Constitution suggest that a president cannot pardon themselves""]","[""the president “shall have Power to grant Reprieves and Pardons for Offenses against the United States, except in Cases of Impeachment”"", ""the text of the Constitution does not explicitly prohibit a president from pardoning themselves"", ""historical and structural interpretations of the Constitution suggest that a president cannot pardon themselves""]",3,debateqa,1442,2
"Who's worse, Trump or Clinton?","[""Donald Trump has polled among the bottom four in the first five polls to rank him, finishing in last place twice"", ""Trump easily had the worst showing with a score of 10.92 out of 100"", ""Bill Clinton ranked in the top 10 best presidents since 1900 according to historians""]","[""Donald Trump has polled among the bottom four in the first five polls to rank him, finishing in last place twice"", ""Trump easily had the worst showing with a score of 10.92 out of 100"", ""Bill Clinton ranked in the top 10 best presidents since 1900 according to historians""]",3,debateqa,1163,2
Were there dinosaurs on Noah's Ark?,"[""The idea that Noah kept dinosaurs on the ark is plausible"", ""Young adult dinosaurs were likely chosen for the Ark to ensure they had full reproductive potential after the Flood"", ""There were probably only 20 to 50 Genesis kinds of dinosaurs, some adults were as small as chickens"", ""The ark's size and design could accommodate dinosaurs alongside other animals"", ""Dinosaurs' inclusion on the Ark is supported by the belief that they existed alongside humans before the Flood""]","[""The idea that Noah kept dinosaurs on the ark is plausible"", ""Young adult dinosaurs were likely chosen for the Ark to ensure they had full reproductive potential after the Flood"", ""There were probably only 20 to 50 Genesis kinds of dinosaurs, some adults were as small as chickens"", ""The ark's size and design could accommodate dinosaurs alongside other animals"", ""Dinosaurs' inclusion on the Ark is supported by the belief that they existed alongside humans before the Flood""]",5,debateqa,1401,3
Are you okay with having a Putin stooge as POTUS?,"[""Russian leaders expressed positive views about the U.S. president, indicating a favorable relationship"", ""There were no accusations of President Obama being a stooge for the Russian government despite positive interactions with Russian leaders"", ""The media and commentary in 2017 focused on whether the incoming 45th President of the United States was a stooge of the Russian government"", ""Support for the theory that Donald Trump will align with the Russians comes from his statements, business ties, and Russian hacking incidents"", ""Trump's defensive response to intelligence reports on Russian interference suggests awareness rather than naivety about Russian cyber-attacks""]","[""Russian leaders expressed positive views about the U.S. president, indicating a favorable relationship"", ""There were no accusations of President Obama being a stooge for the Russian government despite positive interactions with Russian leaders"", ""The media and commentary in 2017 focused on whether the incoming 45th President of the United States was a stooge of the Russian government"", ""Support for the theory that Donald Trump will align with the Russians comes from his statements, business ties, and Russian hacking incidents"", ""Trump's defensive response to intelligence reports on Russian interference suggests awareness rather than naivety about Russian cyber-attacks""]",5,debateqa,1357,3
"What will the US foreign policy look like, should the US government’s complicity the 9/11 false flag attack be proven with solid evidence?","[""US foreign policy may become more cautious and restrained to avoid international backlash and maintain diplomatic relations"", ""US foreign policy could shift towards greater transparency and accountability in international dealings"", ""US foreign policy might involve increased scrutiny and possible sanctions on countries linked to terrorism financing""]","[""US foreign policy may become more cautious and restrained to avoid international backlash and maintain diplomatic relations"", ""US foreign policy could shift towards greater transparency and accountability in international dealings"", ""US foreign policy might involve increased scrutiny and possible sanctions on countries linked to terrorism financing""]",3,debateqa,1728,2
How is what you are studying in school relevant to your life and the larger world?,"[""schools could show students how their learning applies in the real world"", ""the Text-to-Text, Text-to-Self, and Text-to-World strategy helps students develop the habit of making these connections as they read"", ""studying sociology helps students to better understand their own lives and the social world""]","[""schools could show students how their learning applies in the real world"", ""the Text-to-Text, Text-to-Self, and Text-to-World strategy helps students develop the habit of making these connections as they read"", ""studying sociology helps students to better understand their own lives and the social world""]",3,debateqa,1882,2
Are millennials the largest generation in the U.S.?,"[""Millennials have surpassed Baby Boomers as the nation’s largest living adult generation"", ""Millennials, whom we define as ages 23 to 38 in 2019, numbered 72.1 million"", ""The Millennial population is projected to peak in 2033, at 74.9 million""]","[""Millennials have surpassed Baby Boomers as the nation’s largest living adult generation"", ""Millennials, whom we define as ages 23 to 38 in 2019, numbered 72.1 million"", ""The Millennial population is projected to peak in 2033, at 74.9 million""]",3,debateqa,1575,2
Who would win if Germany (NATO not involved) declared war to Russia in modern times?,"[""Germany has shown resolve and unity in its response to the war"", ""Russia's military has been exposed as weaker than expected"", ""Germany has increased its defense budget significantly""]","[""Germany has shown resolve and unity in its response to the war"", ""Russia's military has been exposed as weaker than expected"", ""Germany has increased its defense budget significantly""]",3,debateqa,1188,2
Why is US mainstream media biased against Trump?,"[""Trump worked to discredit journalists throughout his presidency, labeling the mainstream media biased"", ""Trump's claims of “fake news” have caused large swaths of the public to lose trust in mainstream media"", ""Trump's encouragement of retributive violence towards perceived opponents has made it more difficult for reporters to do their jobs"", ""Trump's strategy involves saying two contradictory things about the same issue, allowing supporters to grasp onto whichever message they like best"", ""The White House press corps often normalized Trump's tactics and those of his alt-right administration through coverage""]","[""Trump worked to discredit journalists throughout his presidency, labeling the mainstream media biased"", ""Trump's claims of “fake news” have caused large swaths of the public to lose trust in mainstream media"", ""Trump's encouragement of retributive violence towards perceived opponents has made it more difficult for reporters to do their jobs"", ""Trump's strategy involves saying two contradictory things about the same issue, allowing supporters to grasp onto whichever message they like best"", ""The White House press corps often normalized Trump's tactics and those of his alt-right administration through coverage""]",5,debateqa,1633,3
What impact would an AI have on our society?,"[""AI can amplify existing human biases when used in decision-making processes, potentially leading to discriminatory outcomes"", ""AI has the potential to improve societal issues by enhancing decision-making and reducing human biases"", ""AI-driven automation in industries can lead to job displacement and wage reductions, particularly affecting lower and middle-income workers"", ""Regulatory frameworks are being developed to manage AI's risks while promoting beneficial innovation"", ""AI is enhancing scientific research by identifying trends, predicting outcomes, and designing experiments, which accelerates advancements in various fields""]","[""AI can amplify existing human biases when used in decision-making processes, potentially leading to discriminatory outcomes"", ""AI has the potential to improve societal issues by enhancing decision-making and reducing human biases"", ""AI-driven automation in industries can lead to job displacement and wage reductions, particularly affecting lower and middle-income workers"", ""Regulatory frameworks are being developed to manage AI's risks while promoting beneficial innovation"", ""AI is enhancing scientific research by identifying trends, predicting outcomes, and designing experiments, which accelerates advancements in various fields""]",5,debateqa,577,3
"What do you think of the adage, ""Guns don't kill people. People kill people""? Do you think it truly settles the gun ownership issue?","[""The slogan is often used as an argument in gun debates but does not address gun violence or regulations directly"", ""The slogan presents a false dilemma between blaming guns or people exclusively, ignoring the combined role"", ""Guns are described as neutral tools in the slogan, which is a perspective that does not consider the enabling role of guns in violence""]","[""The slogan is often used as an argument in gun debates but does not address gun violence or regulations directly"", ""The slogan presents a false dilemma between blaming guns or people exclusively, ignoring the combined role"", ""Guns are described as neutral tools in the slogan, which is a perspective that does not consider the enabling role of guns in violence""]",3,debateqa,1931,2
Is a raw food diet best for dogs?,"[""Raw food diets can be beneficial for dogs as they are often considered the ancestral diet of pets and are more biochemically complex with bioactive compounds."", ""Raw diets may pose safety risks due to potential pathogenic bacteria, making them unsuitable for households with immunocompromised individuals or young children."", ""Commercial raw diets are available that are complete and balanced, potentially offering a practical option for feeding dogs if safety concerns are addressed."", ""Feeding raw diets requires careful management including ensuring the diet is complete and balanced and practicing safe food handling to mitigate risks."", ""Raw diets can be more costly and time-consuming than other feeding options, which may be a consideration for pet owners.""]","[""Raw food diets can be beneficial for dogs as they are often considered the ancestral diet of pets and are more biochemically complex with bioactive compounds."", ""Raw diets may pose safety risks due to potential pathogenic bacteria, making them unsuitable for households with immunocompromised individuals or young children."", ""Commercial raw diets are available that are complete and balanced, potentially offering a practical option for feeding dogs if safety concerns are addressed."", ""Feeding raw diets requires careful management including ensuring the diet is complete and balanced and practicing safe food handling to mitigate risks."", ""Raw diets can be more costly and time-consuming than other feeding options, which may be a consideration for pet owners.""]",5,debateqa,1890,3
Can hurricanes cause earthquakes?,"[""Very large low-pressure changes associated with major storm systems such as hurricanes are known to trigger episodes of fault slip (slow earthquakes) in the Earth’s crust"", ""Hurricanes may play a role in triggering some damaging earthquakes"", ""The numbers of earthquakes triggered by hurricanes are small and not statistically significant""]","[""Very large low-pressure changes associated with major storm systems such as hurricanes are known to trigger episodes of fault slip (slow earthquakes) in the Earth’s crust"", ""Hurricanes may play a role in triggering some damaging earthquakes"", ""The numbers of earthquakes triggered by hurricanes are small and not statistically significant""]",3,debateqa,1258,2
Is the Turing test still relevant?,"[""The Turing test is still a valuable tool for learning more about AI"", ""The Turing test has limitations that are important to consider as we seek to understand and improve AI"", ""The Turing test is still used as a starting point for measuring AI's human likeness and evaluating its capabilities"", ""Some believe the Turing test is becoming obsolete as AI advances"", ""The Turing test is still relevant for facilitating AI research""]","[""The Turing test is still a valuable tool for learning more about AI"", ""The Turing test has limitations that are important to consider as we seek to understand and improve AI"", ""The Turing test is still used as a starting point for measuring AI's human likeness and evaluating its capabilities"", ""Some believe the Turing test is becoming obsolete as AI advances"", ""The Turing test is still relevant for facilitating AI research""]",5,debateqa,426,3
Could The President pardon himself if he committed a crime?,"[""The president can pardon himself, as the Constitution does not explicitly restrict this action and the pardon power is very broad."", ""A self-pardon by the president could be seen as a violation of the principle that no one can be a judge in their own case, which is a fundamental aspect of legal and constitutional theory."", ""The historical context of the pardon power, derived from British law where the monarch could not be prosecuted and thus did not need to pardon themselves, suggests that self-pardons were not intended by the framers of the Constitution.""]","[""The president can pardon himself, as the Constitution does not explicitly restrict this action and the pardon power is very broad."", ""A self-pardon by the president could be seen as a violation of the principle that no one can be a judge in their own case, which is a fundamental aspect of legal and constitutional theory."", ""The historical context of the pardon power, derived from British law where the monarch could not be prosecuted and thus did not need to pardon themselves, suggests that self-pardons were not intended by the framers of the Constitution.""]",3,debateqa,1503,2
Is it true that everything in our life is already planned by God and we are here just to play our roles?,"[""God's sovereign control is complete, not partial, and governs every aspect of nature, history, and personal life"", ""Our daily actions and decisions are ultimately governed by God, even if they appear to be products of free will"", ""Human actions have consequences that align with God's sovereign plans, suggesting a blend of predestination and free will""]","[""God's sovereign control is complete, not partial, and governs every aspect of nature, history, and personal life"", ""Our daily actions and decisions are ultimately governed by God, even if they appear to be products of free will"", ""Human actions have consequences that align with God's sovereign plans, suggesting a blend of predestination and free will""]",3,debateqa,1719,2
"What will happen if Trump wins enough votes to win the electoral college, but electors jump ship and vote for Hillary?","[""If electors jump ship and vote for Hillary despite Trump winning enough electoral votes, it would be an unprecedented scenario"", ""Trump's strong performance in early primaries could solidify his position, making it difficult for electors to justify voting against him"", ""The large number of Democratic candidates and their divided support could weaken any opposition to Trump, reducing the likelihood of electors defecting to Hillary""]","[""If electors jump ship and vote for Hillary despite Trump winning enough electoral votes, it would be an unprecedented scenario"", ""Trump's strong performance in early primaries could solidify his position, making it difficult for electors to justify voting against him"", ""The large number of Democratic candidates and their divided support could weaken any opposition to Trump, reducing the likelihood of electors defecting to Hillary""]",3,debateqa,665,1
Can evolution explain the existence of 'junk DNA'?,"[""Evolution can explain the existence of 'junk DNA' as it may include sequences that were functional in ancestral organisms but are no longer functional in current ones"", ""'Junk DNA' might still be under investigation for potential unknown functions that could impact evolutionary processes"", ""Some 'junk DNA' could be remnants of evolutionary history, reflecting past environmental adaptations or genetic experiments""]","[""Evolution can explain the existence of 'junk DNA' as it may include sequences that were functional in ancestral organisms but are no longer functional in current ones"", ""'Junk DNA' might still be under investigation for potential unknown functions that could impact evolutionary processes"", ""Some 'junk DNA' could be remnants of evolutionary history, reflecting past environmental adaptations or genetic experiments""]",3,debateqa,1246,2
Can you find a moment or time whereas Donald Trump acted racist or said he was a racist?,"[""Donald Trump's administration rescinded a rule that enforced the requirement to use federal housing and community development funds to reverse racial segregation and expand access to opportunity for protected groups"", ""Trump's handling of race relations has been perceived negatively by a majority, with about half of the survey respondents stating he made race relations worse"", ""Trump's rhetoric and policies have been seen as contributing to a national atmosphere that is hostile to discussions of racial inequality and systemic racism""]","[""Donald Trump's administration rescinded a rule that enforced the requirement to use federal housing and community development funds to reverse racial segregation and expand access to opportunity for protected groups"", ""Trump's handling of race relations has been perceived negatively by a majority, with about half of the survey respondents stating he made race relations worse"", ""Trump's rhetoric and policies have been seen as contributing to a national atmosphere that is hostile to discussions of racial inequality and systemic racism""]",3,debateqa,551,1
How can I use the stock market to profit from Trump winning the presidency?,"[""Invest based on the expectation of deregulation and tax reforms"", ""Anticipate market reactions to political events and invest accordingly"", ""Consider investing in sectors likely to benefit from Trump's policies""]","[""Invest based on the expectation of deregulation and tax reforms"", ""Anticipate market reactions to political events and invest accordingly"", ""Consider investing in sectors likely to benefit from Trump's policies""]",3,debateqa,1200,2
Why do people hate guns?,"[""Guns make hate more deadly by giving individuals the means to commit large-scale violence."", ""People hate guns because they are used to intimidate and threaten, undermining democracy and safety."", ""Easy access to guns, even for those with hate crime misdemeanors, increases the risk of violent incidents.""]","[""Guns make hate more deadly by giving individuals the means to commit large-scale violence."", ""People hate guns because they are used to intimidate and threaten, undermining democracy and safety."", ""Easy access to guns, even for those with hate crime misdemeanors, increases the risk of violent incidents.""]",3,debateqa,1374,2
What are some ways we can improve political discourse?,"[""Adopt a two-step process involving normative and empirical steps to clarify political aims and determine optimal policies"", ""Encourage open-mindedness and awareness of biases to foster more informed and less polarized political discussions"", ""Resist loyalty signaling and promote charitable interpretations of opposing views to improve political discourse"", ""Focus on creating win-win outcomes and compromises in political discussions to reduce zero-sum game dynamics"", ""Emphasize the importance of respectful and high-quality political conversations through educational initiatives""]","[""Adopt a two-step process involving normative and empirical steps to clarify political aims and determine optimal policies"", ""Encourage open-mindedness and awareness of biases to foster more informed and less polarized political discussions"", ""Resist loyalty signaling and promote charitable interpretations of opposing views to improve political discourse"", ""Focus on creating win-win outcomes and compromises in political discussions to reduce zero-sum game dynamics"", ""Emphasize the importance of respectful and high-quality political conversations through educational initiatives""]",5,debateqa,779,3
Is there a need for more regulation of the beauty and cosmetic industry?,"[""the United States has banned fewer than a dozen chemicals in cosmetics, while the European Union has banned over 1,600 chemicals"", ""the FDA lacks the resources to inspect the millions of cosmetic shipments imported into the United States each year"", ""the FDA's authority to regulate cosmetics was established in 1938, but it can only regulate adulterated or misbranded products"", ""cosmetics can largely be sold based on manufacturers’ safety claims without any government verification"", ""the new law, MoCRA, does not go far enough in regulating the safety of cosmetics""]","[""the United States has banned fewer than a dozen chemicals in cosmetics, while the European Union has banned over 1,600 chemicals"", ""the FDA lacks the resources to inspect the millions of cosmetic shipments imported into the United States each year"", ""the FDA's authority to regulate cosmetics was established in 1938, but it can only regulate adulterated or misbranded products"", ""cosmetics can largely be sold based on manufacturers’ safety claims without any government verification"", ""the new law, MoCRA, does not go far enough in regulating the safety of cosmetics""]",5,debateqa,591,3
Does Brain Training actually improve cognitive function?,"[""some studies have shown positive results in improving processing information and working memory through brain training programs"", ""there is no substantial evidence that brain training apps can prevent or slow cognitive decline"", ""brain training may help improve specific tasks but not overall cognitive performance""]","[""some studies have shown positive results in improving processing information and working memory through brain training programs"", ""there is no substantial evidence that brain training apps can prevent or slow cognitive decline"", ""brain training may help improve specific tasks but not overall cognitive performance""]",3,debateqa,1712,2
What are differences between Gandhi and Adolf Hitler?,"[""Gandhi promoted non-violent civil obedience"", ""Hitler's policies led to the suppression of efforts to bring Indian students to Germany"", ""Gandhi had a spiritual awakening during his illness, leading to a shift towards non-violence""]","[""Gandhi promoted non-violent civil obedience"", ""Hitler's policies led to the suppression of efforts to bring Indian students to Germany"", ""Gandhi had a spiritual awakening during his illness, leading to a shift towards non-violence""]",3,debateqa,758,1
"I cheated on my husband, and now I don't know what to do? Details in comments","[""Unfaithful persons may avoid discussing the affair to prevent further emotional harm to their spouse."", ""Unfaithful individuals might not discuss the affair to avoid facing their own feelings of shame and failure."", ""Cheaters may withhold details to maintain control and avoid the consequences of their actions."", ""Discussing the affair can be avoided by unfaithful partners to prevent the discovery of more lies and inconsistencies."", ""Unfaithful spouses may avoid discussing the affair as a way to protect the affair partner or their own social standing.""]","[""Unfaithful persons may avoid discussing the affair to prevent further emotional harm to their spouse."", ""Unfaithful individuals might not discuss the affair to avoid facing their own feelings of shame and failure."", ""Cheaters may withhold details to maintain control and avoid the consequences of their actions."", ""Discussing the affair can be avoided by unfaithful partners to prevent the discovery of more lies and inconsistencies."", ""Unfaithful spouses may avoid discussing the affair as a way to protect the affair partner or their own social standing.""]",5,debateqa,1423,3
Should gay people be allowed to adopt children?,"[""Gay couples should have the same adoption rights as straight couples"", ""Gay parents are as capable and fit as heterosexual parents"", ""Children of same-sex couples perform better academically"", ""Same-sex couples face legal and social challenges in adopting"", ""Legal systems often do not address the adoption rights of LGBT persons directly, leading to judicial decisions"", ""Opponents argue that LGBT parenting adversely affects children""]","[""Gay couples should have the same adoption rights as straight couples"", ""Gay parents are as capable and fit as heterosexual parents"", ""Children of same-sex couples perform better academically"", ""Same-sex couples face legal and social challenges in adopting"", ""Legal systems often do not address the adoption rights of LGBT persons directly, leading to judicial decisions"", ""Opponents argue that LGBT parenting adversely affects children""]",6,debateqa,294,3
Was the Holodomor the communists’ holocaust?,"[""The Holodomor was a genocide as it was a deliberate act by the Soviet government to subjugate the Ukrainian people"", ""The Holodomor was a result of Soviet policies aimed at suppressing Ukrainian nationalism and controlling the population through starvation"", ""The Holodomor was part of a broader Soviet policy of forced collectivization and industrialization, which led to widespread famine""]","[""The Holodomor was a genocide as it was a deliberate act by the Soviet government to subjugate the Ukrainian people"", ""The Holodomor was a result of Soviet policies aimed at suppressing Ukrainian nationalism and controlling the population through starvation"", ""The Holodomor was part of a broader Soviet policy of forced collectivization and industrialization, which led to widespread famine""]",3,debateqa,1054,1
Should free STD testing be offered in schools?,"[""STDs disproportionately affect adolescents and young adults aged 15-24"", ""free STD testing in schools can address barriers like limited clinic hours and access"", ""school-based STD screenings can be voluntary and confidential, enhancing student participation"", ""providing STD testing in schools can lead to significant decreases in infection rates among students"", ""school-based health services need to ensure privacy and confidentiality to be effective""]","[""STDs disproportionately affect adolescents and young adults aged 15-24"", ""free STD testing in schools can address barriers like limited clinic hours and access"", ""school-based STD screenings can be voluntary and confidential, enhancing student participation"", ""providing STD testing in schools can lead to significant decreases in infection rates among students"", ""school-based health services need to ensure privacy and confidentiality to be effective""]",5,debateqa,871,3
"Should gig economy workers be classified as employees with full benefits, or is the current contractor model acceptable?","[""independent contractors may be earning very low wages"", ""independent contractors enjoy significant freedom and flexibility"", ""independent contractor status leaves workers exposed to economic fluctuations and abuse from contracting companies"", ""independent contractors lack access to traditional benefits"", ""independent contractors are part of a growing precarious workforce""]","[""independent contractors may be earning very low wages"", ""independent contractors enjoy significant freedom and flexibility"", ""independent contractor status leaves workers exposed to economic fluctuations and abuse from contracting companies"", ""independent contractors lack access to traditional benefits"", ""independent contractors are part of a growing precarious workforce""]",5,debateqa,849,3
Should cultural and historical monuments associated with controversial figures be removed or preserved with contextual information?,"[""monuments should be preserved in museums or other appropriate venues"", ""monuments should be contextualized rather than removed to educate about their historical significance"", ""removal of monuments is necessary to challenge and reject the values they represent""]","[""monuments should be preserved in museums or other appropriate venues"", ""monuments should be contextualized rather than removed to educate about their historical significance"", ""removal of monuments is necessary to challenge and reject the values they represent""]",3,debateqa,63,1
Do black people use heroin?,"[""heroin overdose death rates have more than doubled among African Americans"", ""Many African-Americans and Latinos who turn to heroin had already been exposed to the drug through friends or family members"", ""heroin users constitute the largest number of injection admissions""]","[""heroin overdose death rates have more than doubled among African Americans"", ""Many African-Americans and Latinos who turn to heroin had already been exposed to the drug through friends or family members"", ""heroin users constitute the largest number of injection admissions""]",3,debateqa,1732,2
Can dogs understand human language?,"[""Dogs do listen to human speech but do not focus on phonetic details"", ""Some dogs can differentiate similar-sounding words after training"", ""Most dogs can only learn a small handful of words due to non-detailed phonetic recognition"", ""Exceptionally, some dogs can learn hundreds of vocabulary words, especially names for toys"", ""Border Collies may have a genetic basis for advanced linguistic skills""]","[""Dogs do listen to human speech but do not focus on phonetic details"", ""Some dogs can differentiate similar-sounding words after training"", ""Most dogs can only learn a small handful of words due to non-detailed phonetic recognition"", ""Exceptionally, some dogs can learn hundreds of vocabulary words, especially names for toys"", ""Border Collies may have a genetic basis for advanced linguistic skills""]",5,debateqa,1242,3
What could the Republican establishment have done to prevent Donald Trump from becoming the Republican presidential nominee?,"[""not all state delegates are obliged by the rules to vote for the candidate who won their state’s primary"", ""many in the Republican Party are wary of Trump"", ""the selection of those delegates is also an internal party matter""]","[""not all state delegates are obliged by the rules to vote for the candidate who won their state’s primary"", ""many in the Republican Party are wary of Trump"", ""the selection of those delegates is also an internal party matter""]",3,debateqa,1483,2
Is the piercing of babies' ears fair to babies?,"[""Ear piercing inflicts unnecessary pain on babies, which is considered cruel and unnecessary."", ""Ear piercing poses a risk of infection, which can be dangerous for babies."", ""Parents have the right to decide on ear piercing for their babies, reflecting personal or cultural preferences."", ""Ear piercing is not a permanent modification and can be reversed by allowing the holes to close."", ""Ear piercing can be safely performed in a doctor's office, reducing the risk of complications.""]","[""Ear piercing inflicts unnecessary pain on babies, which is considered cruel and unnecessary."", ""Ear piercing poses a risk of infection, which can be dangerous for babies."", ""Parents have the right to decide on ear piercing for their babies, reflecting personal or cultural preferences."", ""Ear piercing is not a permanent modification and can be reversed by allowing the holes to close."", ""Ear piercing can be safely performed in a doctor's office, reducing the risk of complications.""]",5,debateqa,907,3
Will China ever get the chance to crush the Western power?,"[""China's economic growth has plateaued, and it may never surpass that of the United States"", ""China's influence is waning in Southeast Asia, and the perception of the United States' influence is rising"", ""China's military and economic setbacks during the pandemic have weakened its position relative to the United States""]","[""China's economic growth has plateaued, and it may never surpass that of the United States"", ""China's influence is waning in Southeast Asia, and the perception of the United States' influence is rising"", ""China's military and economic setbacks during the pandemic have weakened its position relative to the United States""]",3,debateqa,1402,2
What are the most sinister real-world conspiracies in history?,"[""Conspiracy theories have been linked to significant real-world consequences such as wars and genocides"", ""Some conspiracy theories have led to large-scale health crises and public health challenges"", ""Conspiracy theories have been used to justify terrorist attacks and extremist actions""]","[""Conspiracy theories have been linked to significant real-world consequences such as wars and genocides"", ""Some conspiracy theories have led to large-scale health crises and public health challenges"", ""Conspiracy theories have been used to justify terrorist attacks and extremist actions""]",3,debateqa,79,1
Did the USA need to nuke Japan in WW2?,"[""Japan was ready to surrender before the atomic bombs were dropped"", ""The use of atomic bombs was influenced by the desire to demonstrate power to the Soviet Union"", ""The atomic bombings were seen as a way to avoid an invasion of Japan, which would have resulted in high casualties""]","[""Japan was ready to surrender before the atomic bombs were dropped"", ""The use of atomic bombs was influenced by the desire to demonstrate power to the Soviet Union"", ""The atomic bombings were seen as a way to avoid an invasion of Japan, which would have resulted in high casualties""]",3,debateqa,987,1
Could the Soviet Union have defeated Nazi Germany on its own?,"[""the Red Army could have defeated Nazi Germany without Allied help"", ""the German war economy was much weaker than everyone understood at the time"", ""huge Anglo-American aid to Russia were vital in allowing Russia to survive Operation Barbarossa""]","[""the Red Army could have defeated Nazi Germany without Allied help"", ""the German war economy was much weaker than everyone understood at the time"", ""huge Anglo-American aid to Russia were vital in allowing Russia to survive Operation Barbarossa""]",3,debateqa,1737,2
Why did Americans elect Trump instead of Hillary?,"[""Trump won a solid plurality of the votes cast by primary voters who identified as Republicans"", ""Clinton won a clear majority of the votes cast by ordinary voters in presidential primaries"", ""Trump's campaign resonated with voters who felt left behind by economic globalization and cultural changes""]","[""Trump won a solid plurality of the votes cast by primary voters who identified as Republicans"", ""Clinton won a clear majority of the votes cast by ordinary voters in presidential primaries"", ""Trump's campaign resonated with voters who felt left behind by economic globalization and cultural changes""]",3,debateqa,164,1
When was America Great?,"[""America was considered great during the administration that built the greatest economy in the history of the world"", ""America achieved greatness by becoming the world's number-one producer of oil and natural gas"", ""America was great when it restored the principle that a nation exists to serve its citizens"", ""America was great when it achieved the most secure border in U.S. history""]","[""America was considered great during the administration that built the greatest economy in the history of the world"", ""America achieved greatness by becoming the world's number-one producer of oil and natural gas"", ""America was great when it restored the principle that a nation exists to serve its citizens"", ""America was great when it achieved the most secure border in U.S. history""]",4,debateqa,377,2
Should more land be dedicated as national parks?,"[""Lawmakers in Washington need to create more national parks."", ""more protected forests, grasslands, and waters would fight climate change by sequestering large amounts of carbon dioxide."", ""expanding national parks would relieve pressure on existing parks by offering alternative national park experiences in other outstanding places.""]","[""Lawmakers in Washington need to create more national parks."", ""more protected forests, grasslands, and waters would fight climate change by sequestering large amounts of carbon dioxide."", ""expanding national parks would relieve pressure on existing parks by offering alternative national park experiences in other outstanding places.""]",3,debateqa,381,1
Is pedophilia a mental illness?,"[""Pedophilia is a psychiatric disorder"", ""Pedophilia is distinguished from pedophilic disorder in diagnostic systems"", ""Pedophilic disorder involves distress or interpersonal difficulty due to pedophilic arousal""]","[""Pedophilia is a psychiatric disorder"", ""Pedophilia is distinguished from pedophilic disorder in diagnostic systems"", ""Pedophilic disorder involves distress or interpersonal difficulty due to pedophilic arousal""]",3,debateqa,1205,2
Are you against or for the death penalty and why?,"[""The death penalty is irreversible and can lead to the execution of innocent people, which is a significant risk in any justice system"", ""The death penalty does not deter crime more effectively than life imprisonment"", ""The death penalty is considered inhumane and a violation of human rights, which undermines human dignity"", ""Capital punishment is often applied in a discriminatory manner, disproportionately affecting minorities and the poor"", ""Many argue that life imprisonment without parole is a more humane and effective punishment than the death penalty""]","[""The death penalty is irreversible and can lead to the execution of innocent people, which is a significant risk in any justice system"", ""The death penalty does not deter crime more effectively than life imprisonment"", ""The death penalty is considered inhumane and a violation of human rights, which undermines human dignity"", ""Capital punishment is often applied in a discriminatory manner, disproportionately affecting minorities and the poor"", ""Many argue that life imprisonment without parole is a more humane and effective punishment than the death penalty""]",5,debateqa,263,3
"Should non-citizens, such as legal permanent residents, have the right to vote in local or national elections?","[""noncitizens should not vote in federal elections as it is prohibited by federal law"", ""some local jurisdictions in the U.S. allow noncitizens to vote in local elections"", ""noncitizen voting in local elections is supported because it allows them to have a say in local governance issues directly affecting them"", ""opponents argue that noncitizen voting could undermine the value of citizenship and invite foreign influence""]","[""noncitizens should not vote in federal elections as it is prohibited by federal law"", ""some local jurisdictions in the U.S. allow noncitizens to vote in local elections"", ""noncitizen voting in local elections is supported because it allows them to have a say in local governance issues directly affecting them"", ""opponents argue that noncitizen voting could undermine the value of citizenship and invite foreign influence""]",4,debateqa,411,2
Why did identity politics work for Obama but not for Hillary Clinton?,"[""Clinton did not run as strongly among core Democratic groups as Obama did"", ""Clinton received a lower share of the vote among young voters compared to Obama"", ""Trump won an overwhelming share of whites without a college degree""]","[""Clinton did not run as strongly among core Democratic groups as Obama did"", ""Clinton received a lower share of the vote among young voters compared to Obama"", ""Trump won an overwhelming share of whites without a college degree""]",3,debateqa,1586,2
Should schools be responsible for addressing and combating issues of bullying and discrimination among students?,"[""Schools should have policies prohibiting harassment, intimidation, and bullying"", ""Schools are responsible for creating a community of inclusion and promoting respect for diversity"", ""Schools must respond to bullying by investigating incidents and taking actions to prevent recurrence""]","[""Schools should have policies prohibiting harassment, intimidation, and bullying"", ""Schools are responsible for creating a community of inclusion and promoting respect for diversity"", ""Schools must respond to bullying by investigating incidents and taking actions to prevent recurrence""]",3,debateqa,477,1
Is the Zika virus only transmitted by mosquitoes?,"[""Zika virus is not only transmitted by mosquitoes but also through sexual contact and from mother to baby"", ""Zika virus can be transmitted through blood transfusions, although no confirmed cases have been reported in the United States"", ""Zika virus can be spread from an infected person to others through sexual activity, even if the infected person shows no symptoms""]","[""Zika virus is not only transmitted by mosquitoes but also through sexual contact and from mother to baby"", ""Zika virus can be transmitted through blood transfusions, although no confirmed cases have been reported in the United States"", ""Zika virus can be spread from an infected person to others through sexual activity, even if the infected person shows no symptoms""]",3,debateqa,115,1
Which countries were considered as Aryan by Hitler?,"[""Hitler referred to the supposed existence of an \""Aryan race\"""", ""the purest stock of Aryans were the Nordic people of Germany, England, the Netherlands, and Scandinavia"", ""the Nazis defined Nordics as being identified by their tall stature, their long faces, their prominent chins, their narrow and straight or aquiline noses with a high base, their lean builds, their straight and light hair, their light eyes, and their fair skin"", ""the Nazis regarded the Germans as well as the English, Danish, Norwegian, and Swedish as the most racially pure in Europe""]","[""Hitler referred to the supposed existence of an \""Aryan race\"""", ""the purest stock of Aryans were the Nordic people of Germany, England, the Netherlands, and Scandinavia"", ""the Nazis defined Nordics as being identified by their tall stature, their long faces, their prominent chins, their narrow and straight or aquiline noses with a high base, their lean builds, their straight and light hair, their light eyes, and their fair skin"", ""the Nazis regarded the Germans as well as the English, Danish, Norwegian, and Swedish as the most racially pure in Europe""]",4,debateqa,578,2
Is Putin trying to take over the world?,"[""Putin wants to reestablish a Russian empire and at the same time prevent a democratic encirclement around Russia."", ""Putin perceives the West as weak but is also fighting for his own political survival."", ""Putin's actions in Ukraine represent a blatant transgression of international norms, diplomacy, and relations.""]","[""Putin wants to reestablish a Russian empire and at the same time prevent a democratic encirclement around Russia."", ""Putin perceives the West as weak but is also fighting for his own political survival."", ""Putin's actions in Ukraine represent a blatant transgression of international norms, diplomacy, and relations.""]",3,debateqa,223,1
Do students need proper training from school professionals and parents to identify predators online?,"[""School counselors educate students and families about responsible use, digital citizenship, cultural, ethical, and legal considerations"", ""Technology exposes students to risks such as cyberbullying, invasion of privacy, inappropriate online communications, and sexual predators"", ""School counselors provide culturally sustaining instruction, appraisal and advisement, and counseling to help students demonstrate responsible technology use"", ""Erin's Law requires public schools to teach child sexual abuse and exploitation prevention classes""]","[""School counselors educate students and families about responsible use, digital citizenship, cultural, ethical, and legal considerations"", ""Technology exposes students to risks such as cyberbullying, invasion of privacy, inappropriate online communications, and sexual predators"", ""School counselors provide culturally sustaining instruction, appraisal and advisement, and counseling to help students demonstrate responsible technology use"", ""Erin's Law requires public schools to teach child sexual abuse and exploitation prevention classes""]",4,debateqa,1811,3
Should NATO allow Russia to join?,"[""Russia's potential membership in NATO could be seen as a strategic disadvantage for the alliance due to the geopolitical rivalry and the expansion of NATO's border with Russia"", ""Allowing Russia to join NATO could be seen as a way to reduce tensions and foster cooperation, as it could align with NATO's principles of mutual respect for sovereignty"", ""Admitting Russia into NATO might be problematic due to the existing geopolitical tensions and the potential threats it poses to neighboring countries, as evidenced by its actions in Ukraine""]","[""Russia's potential membership in NATO could be seen as a strategic disadvantage for the alliance due to the geopolitical rivalry and the expansion of NATO's border with Russia"", ""Allowing Russia to join NATO could be seen as a way to reduce tensions and foster cooperation, as it could align with NATO's principles of mutual respect for sovereignty"", ""Admitting Russia into NATO might be problematic due to the existing geopolitical tensions and the potential threats it poses to neighboring countries, as evidenced by its actions in Ukraine""]",3,debateqa,945,1
Does consumption of dairy products increase mucus production?,"[""Drinking milk does not cause the body to make phlegm."", ""Milk and dairy product intake was not associated with an increase in upper or lower respiratory tract symptoms of congestion or nasal secretion weight."", ""beta-CM-7 from the blood stream could stimulate the production and secretion of mucus production from respiratory glands.""]","[""Drinking milk does not cause the body to make phlegm."", ""Milk and dairy product intake was not associated with an increase in upper or lower respiratory tract symptoms of congestion or nasal secretion weight."", ""beta-CM-7 from the blood stream could stimulate the production and secretion of mucus production from respiratory glands.""]",3,debateqa,1731,2
Did the ancient Egyptians have electricity?,"[""The ancient Egyptians used simple machines like ramps and levers to aid in construction processes"", ""Egyptians developed significant maritime technology including ships and lighthouses"", ""There is no direct evidence of electricity use in ancient Egypt, but they had knowledge of various other technologies""]","[""The ancient Egyptians used simple machines like ramps and levers to aid in construction processes"", ""Egyptians developed significant maritime technology including ships and lighthouses"", ""There is no direct evidence of electricity use in ancient Egypt, but they had knowledge of various other technologies""]",3,debateqa,1636,2
Is reforestation efficient in reducing global warming?,"[""Reforestation efforts could potentially mitigate the effects of climate change through carbon sequestration"", ""Reforestation alone is not sufficient to halt and reverse the effects of climate change"", ""Combining reforestation with sustainable investments may yield promising results in combating climate change"", ""Reforestation has the potential to significantly reduce atmospheric carbon if implemented on a global scale"", ""There are significant challenges and considerations that need to be addressed before implementing large-scale reforestation""]","[""Reforestation efforts could potentially mitigate the effects of climate change through carbon sequestration"", ""Reforestation alone is not sufficient to halt and reverse the effects of climate change"", ""Combining reforestation with sustainable investments may yield promising results in combating climate change"", ""Reforestation has the potential to significantly reduce atmospheric carbon if implemented on a global scale"", ""There are significant challenges and considerations that need to be addressed before implementing large-scale reforestation""]",5,debateqa,1889,3
Why do people support Hillary Clinton when she is a known criminal?,"[""People support Hillary Clinton because they believe she has the best combination of heart, compassion, brains, and persistence, qualities essential for effective leadership"", ""Support for Hillary Clinton stems from her long-standing commitment to public service and advocacy for children and families"", ""Support for Hillary Clinton is influenced by her detailed involvement in significant policy areas like healthcare, education, and historic preservation, demonstrating her capability and dedication""]","[""People support Hillary Clinton because they believe she has the best combination of heart, compassion, brains, and persistence, qualities essential for effective leadership"", ""Support for Hillary Clinton stems from her long-standing commitment to public service and advocacy for children and families"", ""Support for Hillary Clinton is influenced by her detailed involvement in significant policy areas like healthcare, education, and historic preservation, demonstrating her capability and dedication""]",3,debateqa,1701,2
North Korean nuclear deterrence: A myth or reality?,"[""North Korea's nuclear program has limited offensive capability"", ""North Korea's nuclear weapons pose a significant threat"", ""North Korea uses its nuclear program as a deterrence tool against the US and South Korea""]","[""North Korea's nuclear program has limited offensive capability"", ""North Korea's nuclear weapons pose a significant threat"", ""North Korea uses its nuclear program as a deterrence tool against the US and South Korea""]",3,debateqa,977,1
What are some social injustices in todays society?,"[""Inter-Social Treatment involves treatment of certain groups of people based on personally-held biases and prejudices."", ""Unequal Government Regulation involves laws and regulations that create conditions that obstruct, limit, or deny certain groups equitable access to opportunities and resources."", ""Racial injustice is a significant social issue, highlighted by the Black Lives Matter protests and discussions about systemic racism and police reform."", ""Income inequality has been identified as a growing social injustice, with the income gap in America being the largest it's been in 50 years."", ""Healthcare disparities represent a social injustice, with gaps in coverage and access to care, especially highlighted during the COVID-19 pandemic.""]","[""Inter-Social Treatment involves treatment of certain groups of people based on personally-held biases and prejudices."", ""Unequal Government Regulation involves laws and regulations that create conditions that obstruct, limit, or deny certain groups equitable access to opportunities and resources."", ""Racial injustice is a significant social issue, highlighted by the Black Lives Matter protests and discussions about systemic racism and police reform."", ""Income inequality has been identified as a growing social injustice, with the income gap in America being the largest it's been in 50 years."", ""Healthcare disparities represent a social injustice, with gaps in coverage and access to care, especially highlighted during the COVID-19 pandemic.""]",5,debateqa,1872,3
Do you expect Trump's presidency to affect innovation in the US?,"[""Trump's administration's proposal to close agricultural research facilities could reduce the nation's capacity to innovate in agriculture"", ""Trump's presidency has been marked by a lack of significant action to reduce drug prices despite promises, potentially affecting innovation in pharmaceuticals"", ""The Trump administration's support for the pharmaceutical industry, including appointing industry insiders, may influence innovation by maintaining high drug prices""]","[""Trump's administration's proposal to close agricultural research facilities could reduce the nation's capacity to innovate in agriculture"", ""Trump's presidency has been marked by a lack of significant action to reduce drug prices despite promises, potentially affecting innovation in pharmaceuticals"", ""The Trump administration's support for the pharmaceutical industry, including appointing industry insiders, may influence innovation by maintaining high drug prices""]",3,debateqa,505,1
"Why do atheists insist that God provide undeniable proof of his existence, when the Bible says that God requires faith?","[""Atheists insist on undeniable proof of God's existence because they believe that if God exists and loves us, the evidence for his existence should be absolutely undeniable"", ""Atheists may require undeniable proof of God's existence because they perceive a lack of extraordinary evidence as an indication that a loving, omnipotent God does not exist"", ""Atheists argue for undeniable proof because they believe that a world with clear evidence of God would prevent atheism or skepticism""]","[""Atheists insist on undeniable proof of God's existence because they believe that if God exists and loves us, the evidence for his existence should be absolutely undeniable"", ""Atheists may require undeniable proof of God's existence because they perceive a lack of extraordinary evidence as an indication that a loving, omnipotent God does not exist"", ""Atheists argue for undeniable proof because they believe that a world with clear evidence of God would prevent atheism or skepticism""]",3,debateqa,1454,2
Why is it that jerks and assholes breed more than nice and intelligent individuals?,"[""some people are genetically predisposed to be nasty"", ""almost any of us is susceptible to becoming an asshole under certain circumstances"", ""giving people even a little bit of power over others can induce them to abuse that power""]","[""some people are genetically predisposed to be nasty"", ""almost any of us is susceptible to becoming an asshole under certain circumstances"", ""giving people even a little bit of power over others can induce them to abuse that power""]",3,debateqa,683,1
Are Ivy League colleges inherently better than other schools?,"[""Ivy League graduates are seen as a solution to urban education challenges"", ""Ivy League schools are perceived as prestigious and capable of providing high-quality education"", ""The effectiveness of Ivy League graduates in educational reform is debated""]","[""Ivy League graduates are seen as a solution to urban education challenges"", ""Ivy League schools are perceived as prestigious and capable of providing high-quality education"", ""The effectiveness of Ivy League graduates in educational reform is debated""]",3,debateqa,348,1
How was Hillary Clinton as Secretary of State?,"[""Hillary Clinton served as the 67th United States Secretary of State, under President Barack Obama, from 2009 to 2013"", ""Clinton was conflicted whether she wanted to take the position or remain in the Senate, and agonized over her decision"", ""Clinton's tenure as Secretary of State included a focus on using 'smart power', which involves using a full range of diplomatic tools""]","[""Hillary Clinton served as the 67th United States Secretary of State, under President Barack Obama, from 2009 to 2013"", ""Clinton was conflicted whether she wanted to take the position or remain in the Senate, and agonized over her decision"", ""Clinton's tenure as Secretary of State included a focus on using 'smart power', which involves using a full range of diplomatic tools""]",3,debateqa,1156,2
Should all school meals meet certain nutritional standards?,"[""School meals are required to meet specific nutrition standards"", ""Students who participate in the school meal programs consume more whole grains, milk, fruits, and vegetables"", ""Research supports maintaining or improving the current National School Lunch Program nutrient standards to provide children with access to a healthful diet""]","[""School meals are required to meet specific nutrition standards"", ""Students who participate in the school meal programs consume more whole grains, milk, fruits, and vegetables"", ""Research supports maintaining or improving the current National School Lunch Program nutrient standards to provide children with access to a healthful diet""]",3,debateqa,1439,2
Could the French and Belgian governments have avoided Nazi invasion in WWII?,"[""Belgium had pursued a policy of neutrality since its independence in 1830"", ""The Belgian army surrendered to German forces on 28 May 1940"", ""The German administration juggled competing objectives of maintaining order while extracting material from the territory for the war effort""]","[""Belgium had pursued a policy of neutrality since its independence in 1830"", ""The Belgian army surrendered to German forces on 28 May 1940"", ""The German administration juggled competing objectives of maintaining order while extracting material from the territory for the war effort""]",3,debateqa,1056,1
Are some Europeans fearful that they will become a minority in thier homeland from immigration?,"[""negative attitudes toward Muslims are tied to a belief that Muslims do not wish to participate in the broader society"", ""most Europeans think the recent surge of refugees could lead to more terrorism"", ""negative opinions about Muslims are much more common among respondents who place themselves on the right of the ideological spectrum""]","[""negative attitudes toward Muslims are tied to a belief that Muslims do not wish to participate in the broader society"", ""most Europeans think the recent surge of refugees could lead to more terrorism"", ""negative opinions about Muslims are much more common among respondents who place themselves on the right of the ideological spectrum""]",3,debateqa,455,1
Where were you and how did you react when Donald trump was announced as the president elect?,"[""President Biden said Donald Trump should not be given the traditional intelligence briefings that were given to former presidents"", ""President Biden's words about not giving Donald Trump intelligence briefings stand today"", ""President Biden has not changed his mind about not giving Donald Trump intelligence briefings""]","[""President Biden said Donald Trump should not be given the traditional intelligence briefings that were given to former presidents"", ""President Biden's words about not giving Donald Trump intelligence briefings stand today"", ""President Biden has not changed his mind about not giving Donald Trump intelligence briefings""]",3,debateqa,295,1
Why do some people care so much about blocking gay marriage? Why do some people care so much about what other people do in their own private lives?,"[""Some people care about blocking gay marriage because they believe it draws too much attention away from other important issues for the LGBT community."", ""Resistance to gay marriage and other LGBT rights often stems from deeply held religious beliefs that view homosexuality as a sin."", ""Some people focus on what others do in their private lives due to concerns about the societal impact of gays and lesbians raising children.""]","[""Some people care about blocking gay marriage because they believe it draws too much attention away from other important issues for the LGBT community."", ""Resistance to gay marriage and other LGBT rights often stems from deeply held religious beliefs that view homosexuality as a sin."", ""Some people focus on what others do in their private lives due to concerns about the societal impact of gays and lesbians raising children.""]",3,debateqa,1248,2
Is Donald Trump the most clueless president ever elected in the U.S.?,"[""he is regarded by historians as one of the worst presidents in U.S. history"", ""47 percent of Americans say he will be remembered as one of the worst presidents in American history"", ""One representative survey of presidential experts rated Trump last in overall ability, background, integrity, intelligence, and executive appointments""]","[""he is regarded by historians as one of the worst presidents in U.S. history"", ""47 percent of Americans say he will be remembered as one of the worst presidents in American history"", ""One representative survey of presidential experts rated Trump last in overall ability, background, integrity, intelligence, and executive appointments""]",3,debateqa,1140,2
Should ethnic quotas be implemented in industries lacking diversity?,"[""Quotas can help close the wage gap between men and women in the workplace"", ""Quotas can create a more diverse working environment"", ""Quotas demonstrate a company's commitment to an inclusive work environment""]","[""Quotas can help close the wage gap between men and women in the workplace"", ""Quotas can create a more diverse working environment"", ""Quotas demonstrate a company's commitment to an inclusive work environment""]",3,debateqa,124,1
Should prisoners be allowed to vote?,"[""Prisoners should be allowed to vote as it recognizes their status as citizens and includes them in society"", ""Allowing prisoners to vote can promote civic responsibility and reduce recidivism"", ""Denying prisoners the right to vote is a form of 'civil death' and has social costs"", ""Prisoners voting does not pose a significant risk to public safety or electoral integrity"", ""The historical context shows that the campaign for prisoners' voting rights did not originate from prisoners themselves, suggesting it may not be a fundamental concern for them""]","[""Prisoners should be allowed to vote as it recognizes their status as citizens and includes them in society"", ""Allowing prisoners to vote can promote civic responsibility and reduce recidivism"", ""Denying prisoners the right to vote is a form of 'civil death' and has social costs"", ""Prisoners voting does not pose a significant risk to public safety or electoral integrity"", ""The historical context shows that the campaign for prisoners' voting rights did not originate from prisoners themselves, suggesting it may not be a fundamental concern for them""]",5,debateqa,1032,3
What are your experiences with meditation?,"[""meditation experiences can vary widely, from seeing swirling lights to feeling sensations of pressure"", ""meditation can help manage chronic pain by changing the perception of pain"", ""meditation can enhance well-being and reduce stress through improved attention regulation and emotional control""]","[""meditation experiences can vary widely, from seeing swirling lights to feeling sensations of pressure"", ""meditation can help manage chronic pain by changing the perception of pain"", ""meditation can enhance well-being and reduce stress through improved attention regulation and emotional control""]",3,debateqa,968,1
How much racism do you face in your daily life?,"[""Racism is experienced through discriminatory treatments and unfair policies in institutions like schools"", ""Individuals face racism in daily interactions through public expressions of racism, often involving slurs, biases, or hateful words or actions"", ""People of color experience racism through systemic structures that privilege white people, resulting in disadvantages"", ""Racism is perpetuated by societal norms and media that normalize racist ideas, affecting daily experiences"", ""Experiences of racism vary among Latinos based on skin color, with darker-skinned individuals reporting more discrimination""]","[""Racism is experienced through discriminatory treatments and unfair policies in institutions like schools"", ""Individuals face racism in daily interactions through public expressions of racism, often involving slurs, biases, or hateful words or actions"", ""People of color experience racism through systemic structures that privilege white people, resulting in disadvantages"", ""Racism is perpetuated by societal norms and media that normalize racist ideas, affecting daily experiences"", ""Experiences of racism vary among Latinos based on skin color, with darker-skinned individuals reporting more discrimination""]",5,debateqa,289,3
What has been the impact of animal testing to advance medical research?,"[""Animal research has led to significant medical advances such as vaccines for various diseases and new surgical techniques."", ""Animal testing is necessary for the development of new medicines to ensure their safety and effectiveness before clinical trials in humans."", ""Animal testing has been crucial in preventing human tragedies by identifying harmful effects of substances before they are marketed.""]","[""Animal research has led to significant medical advances such as vaccines for various diseases and new surgical techniques."", ""Animal testing is necessary for the development of new medicines to ensure their safety and effectiveness before clinical trials in humans."", ""Animal testing has been crucial in preventing human tragedies by identifying harmful effects of substances before they are marketed.""]",3,debateqa,674,1
Thousands of Vets have condemned Donald Trump's comments about the Khan family as repugnant. Should Trump apologize or risk losing the military vote?,"[""Trump should apologize for his comments"", ""Trump risks losing the military vote if he does not apologize"", ""Trump's refusal to apologize could impact his support among military voters""]","[""Trump should apologize for his comments"", ""Trump risks losing the military vote if he does not apologize"", ""Trump's refusal to apologize could impact his support among military voters""]",3,debateqa,1404,2
What's wrong with the US healthcare system?,"[""The U.S. healthcare system is characterized by high costs and disparities in access to care based on income, race, and geographical location"", ""The U.S. lacks universal healthcare, contributing to a significant portion of the population lacking health insurance"", ""High healthcare expenditure in the U.S. does not translate into better health outcomes compared to other developed nations"", ""Legislative efforts like the Affordable Care Act have aimed to address issues within the U.S. healthcare system but challenges remain"", ""There is a significant shortage of physicians projected for the future in the U.S., which could worsen healthcare access and quality""]","[""The U.S. healthcare system is characterized by high costs and disparities in access to care based on income, race, and geographical location"", ""The U.S. lacks universal healthcare, contributing to a significant portion of the population lacking health insurance"", ""High healthcare expenditure in the U.S. does not translate into better health outcomes compared to other developed nations"", ""Legislative efforts like the Affordable Care Act have aimed to address issues within the U.S. healthcare system but challenges remain"", ""There is a significant shortage of physicians projected for the future in the U.S., which could worsen healthcare access and quality""]",5,debateqa,694,3
Is Putin a good leader or a bad leader in Russia?,"[""Putin is a president who has risen with the help of the Russian political establishment"", ""Putin earns lower marks for his handling of relations with Ukraine"", ""Putin has enjoyed high approval ratings amongst the Russian public""]","[""Putin is a president who has risen with the help of the Russian political establishment"", ""Putin earns lower marks for his handling of relations with Ukraine"", ""Putin has enjoyed high approval ratings amongst the Russian public""]",3,debateqa,1326,2
Should people who publish misinformation on social media be punished under the law?,"[""laws focus on improving platform transparency and accountability in digital advertising or increasing media and digital literacy"", ""many of them criminalize the creation and distribution of “fake news”"", ""laws often lack definitional specificity and can lead to greater overreaches of power"", ""laws have already been used to arrest citizens and journalists for publishing or sharing false information online"", ""laws purporting to combat misinformation or false information run afoul of international human rights standards""]","[""laws focus on improving platform transparency and accountability in digital advertising or increasing media and digital literacy"", ""many of them criminalize the creation and distribution of “fake news”"", ""laws often lack definitional specificity and can lead to greater overreaches of power"", ""laws have already been used to arrest citizens and journalists for publishing or sharing false information online"", ""laws purporting to combat misinformation or false information run afoul of international human rights standards""]",5,debateqa,663,3
"Is ""Hamilton"" historically accurate?","[""Hamilton is historically accurate in some aspects but takes dramatic liberties for theatrical effect"", ""Lin-Manuel Miranda aimed to be as historically accurate as possible, but made changes to enhance the drama"", ""The musical includes both historically accurate elements and fictionalized content for dramatic purposes""]","[""Hamilton is historically accurate in some aspects but takes dramatic liberties for theatrical effect"", ""Lin-Manuel Miranda aimed to be as historically accurate as possible, but made changes to enhance the drama"", ""The musical includes both historically accurate elements and fictionalized content for dramatic purposes""]",3,debateqa,1826,2
"Will Hillary Clinton divorce Bill Clinton if she loses the election, or possibly at the end of her presidency?","[""Clinton's marital relationship came under public scrutiny during the Lewinsky scandal, which led her to issue a statement that reaffirmed her commitment to the marriage"", ""Privately, she was reported to be furious at him and was unsure if she wanted to remain in the marriage"", ""Clinton characterized the Lewinsky charges as the latest in a long, organized, collaborative series of charges by Bill's political enemies rather than any wrongdoing by her husband""]","[""Clinton's marital relationship came under public scrutiny during the Lewinsky scandal, which led her to issue a statement that reaffirmed her commitment to the marriage"", ""Privately, she was reported to be furious at him and was unsure if she wanted to remain in the marriage"", ""Clinton characterized the Lewinsky charges as the latest in a long, organized, collaborative series of charges by Bill's political enemies rather than any wrongdoing by her husband""]",3,debateqa,1324,2
Is globalization good or bad?,"[""Globalization increases the standard of living in developing countries"", ""Globalization can negatively affect local economies and workers"", ""Globalization leads to increased competition and can disadvantage domestic industries and workers"", ""Globalization contributes to environmental challenges"", ""Globalization has reduced global inequalities among individuals"", ""Globalization offers economic benefits through increased cross-border investment""]","[""Globalization increases the standard of living in developing countries"", ""Globalization can negatively affect local economies and workers"", ""Globalization leads to increased competition and can disadvantage domestic industries and workers"", ""Globalization contributes to environmental challenges"", ""Globalization has reduced global inequalities among individuals"", ""Globalization offers economic benefits through increased cross-border investment""]",6,debateqa,958,3
Should there be increased transparency in the grand jury process for high-profile cases?,"[""Increased transparency in the grand jury process could help address public confusion and perceptions of procedural injustice"", ""Transparency could prevent perceptions of prosecutorial manipulation and enhance the legitimacy of grand jury decisions"", ""Greater transparency might not sufficiently alter prosecutorial behavior or voter decisions due to existing political pressures""]","[""Increased transparency in the grand jury process could help address public confusion and perceptions of procedural injustice"", ""Transparency could prevent perceptions of prosecutorial manipulation and enhance the legitimacy of grand jury decisions"", ""Greater transparency might not sufficiently alter prosecutorial behavior or voter decisions due to existing political pressures""]",3,debateqa,1761,2
When will Trump administration begin deportation of illegal immigrants?,"[""The Trump administration announced it would fast-track deportations of unauthorized immigrants who have been in the United States for less than two years"", ""Deportations have been hindered by resistance from state and local jurisdictions limiting cooperation with ICE"", ""Trump administration has employed strong-arm tactics against local jurisdictions to enforce immigration laws""]","[""The Trump administration announced it would fast-track deportations of unauthorized immigrants who have been in the United States for less than two years"", ""Deportations have been hindered by resistance from state and local jurisdictions limiting cooperation with ICE"", ""Trump administration has employed strong-arm tactics against local jurisdictions to enforce immigration laws""]",3,debateqa,1481,2
Is war justifiable?,"[""war is justifiable if it is fought to protect innocent life from danger"", ""war is justifiable when it adheres to ethical principles before, during, and after the conflict"", ""war is not justifiable as it involves mass murder, which should always be unacceptable""]","[""war is justifiable if it is fought to protect innocent life from danger"", ""war is justifiable when it adheres to ethical principles before, during, and after the conflict"", ""war is not justifiable as it involves mass murder, which should always be unacceptable""]",3,debateqa,1139,2
Why do people believe Hillary Clinton is dishonest?,"[""People believe Hillary Clinton is dishonest due to her handling of classified information and her use of a personal email server during her time as Secretary of State"", ""Some view Hillary Clinton as dishonest because of perceptions that she intentionally mishandled classified information, despite the FBI not finding clear evidence of intentional law violations"", ""The belief in Hillary Clinton's dishonesty is reinforced by the controversy over her email practices, which led to official investigations and public doubt""]","[""People believe Hillary Clinton is dishonest due to her handling of classified information and her use of a personal email server during her time as Secretary of State"", ""Some view Hillary Clinton as dishonest because of perceptions that she intentionally mishandled classified information, despite the FBI not finding clear evidence of intentional law violations"", ""The belief in Hillary Clinton's dishonesty is reinforced by the controversy over her email practices, which led to official investigations and public doubt""]",3,debateqa,1734,2
Why are some people angry about the use of lab rats as test subjects in medical research?,"[""some people are distressed by the potential dangers associated with lab experiments"", ""concerns about the ethical treatment of animals"", ""anger stems from the use of animals in potentially harmful research""]","[""some people are distressed by the potential dangers associated with lab experiments"", ""concerns about the ethical treatment of animals"", ""anger stems from the use of animals in potentially harmful research""]",3,debateqa,995,1
How would you rate your listening skills and those of the people around you?,"[""Scot feels he's not a very good listener and constantly tries to solve other people's problems rather than listening"", ""Troy feels like he's a pretty good listener, but it took years of experience at his job as an ER physician to learn how to listen out of necessity"", ""Listening skills are crucial in business, as effective communication depends more on the spoken word than on the written word""]","[""Scot feels he's not a very good listener and constantly tries to solve other people's problems rather than listening"", ""Troy feels like he's a pretty good listener, but it took years of experience at his job as an ER physician to learn how to listen out of necessity"", ""Listening skills are crucial in business, as effective communication depends more on the spoken word than on the written word""]",3,debateqa,447,1
Should paper ballots be used for voting?,"[""Paper ballots are recognized as a significant security measure"", ""Paper ballots allow for verification and audits"", ""Transition to paper ballots is increasing due to security concerns"", ""Internet voting poses significant security risks compared to paper ballots"", ""Paper ballots ensure voter confidence and transparency""]","[""Paper ballots are recognized as a significant security measure"", ""Paper ballots allow for verification and audits"", ""Transition to paper ballots is increasing due to security concerns"", ""Internet voting poses significant security risks compared to paper ballots"", ""Paper ballots ensure voter confidence and transparency""]",5,debateqa,1120,3
Why doesn't the US have a national health service like most European States?,"[""opponents of health care coverage expansions and current industry players argue that expanding coverage would increase wait times and reduce quality of care"", ""expanding coverage does not necessarily result in longer wait times based on data from other nations with universal coverage"", ""coverage expansions can be managed without increasing wait times through policy tools like expanding scopes of practice for nonphysician providers and adjusting payment rates""]","[""opponents of health care coverage expansions and current industry players argue that expanding coverage would increase wait times and reduce quality of care"", ""expanding coverage does not necessarily result in longer wait times based on data from other nations with universal coverage"", ""coverage expansions can be managed without increasing wait times through policy tools like expanding scopes of practice for nonphysician providers and adjusting payment rates""]",3,debateqa,957,1
Should the government take an active role in trying to shape culture?,"[""Government involvement in education can help ensure that students receive a complete and thorough curriculum"", ""Government actions can sometimes lead to censorship and violation of constitutional rights, impacting the quality of education"", ""Public opinion supports a more active role for teachers and students in deciding school curricula, suggesting a need for government to consider these preferences in policy-making"", ""Government policies can either support or hinder the teaching of comprehensive and inclusive history and civics education"", ""State actions can promote or restrict educational content, influencing how race and history are taught in schools""]","[""Government involvement in education can help ensure that students receive a complete and thorough curriculum"", ""Government actions can sometimes lead to censorship and violation of constitutional rights, impacting the quality of education"", ""Public opinion supports a more active role for teachers and students in deciding school curricula, suggesting a need for government to consider these preferences in policy-making"", ""Government policies can either support or hinder the teaching of comprehensive and inclusive history and civics education"", ""State actions can promote or restrict educational content, influencing how race and history are taught in schools""]",5,debateqa,862,3
Is the blue whale the largest mammal that has ever lived?,"[""Blue whales are the largest animals ever to live on our planet"", ""Antarctic blue whales are the largest animals on Earth"", ""Antarctic blue whales can weigh up to 400,000 pounds and reach up to 98 feet in length""]","[""Blue whales are the largest animals ever to live on our planet"", ""Antarctic blue whales are the largest animals on Earth"", ""Antarctic blue whales can weigh up to 400,000 pounds and reach up to 98 feet in length""]",3,debateqa,117,1
Should hate speech be censored?,"[""Hate speech is generally protected by the First Amendment, and most attempts to censor it could silence essential public debate and dissent."", ""There are narrow exceptions to the First Amendment that allow for the regulation of specific types of hate speech, such as threats or harassment."", ""The United Nations advocates for addressing hate speech through positive speech and respect for freedom of expression, rather than outright censorship."", ""Efforts to define and regulate hate speech often face challenges due to its subjective nature and the potential to inadvertently restrict legitimate free speech.""]","[""Hate speech is generally protected by the First Amendment, and most attempts to censor it could silence essential public debate and dissent."", ""There are narrow exceptions to the First Amendment that allow for the regulation of specific types of hate speech, such as threats or harassment."", ""The United Nations advocates for addressing hate speech through positive speech and respect for freedom of expression, rather than outright censorship."", ""Efforts to define and regulate hate speech often face challenges due to its subjective nature and the potential to inadvertently restrict legitimate free speech.""]",4,debateqa,1037,3
Who is the perfect man?,"[""The perfect man is seen as a balance of imperfections which offer authenticity"", ""The perfect man should be extremely honest, have a good sense of humor, and be communicative"", ""The perfect man is caring, protective, and should be on the same wavelength about everything with his partner"", ""The perfect man is defined by his ability to offer unconditional love and maintain a spark in long-term relationships"", ""Perfection in a man involves being a real man who is not scared of sensitive moments and is responsible"", ""The perfect man is someone who complements his partner perfectly, contributing to a harmonious and loving relationship"", ""The perfect man is a concept that varies among different cultures and religions, often emphasizing moral, spiritual, and philosophical qualities""]","[""The perfect man is seen as a balance of imperfections which offer authenticity"", ""The perfect man should be extremely honest, have a good sense of humor, and be communicative"", ""The perfect man is caring, protective, and should be on the same wavelength about everything with his partner"", ""The perfect man is defined by his ability to offer unconditional love and maintain a spark in long-term relationships"", ""Perfection in a man involves being a real man who is not scared of sensitive moments and is responsible"", ""The perfect man is someone who complements his partner perfectly, contributing to a harmonious and loving relationship"", ""The perfect man is a concept that varies among different cultures and religions, often emphasizing moral, spiritual, and philosophical qualities""]",7,debateqa,1859,3
Is the concept of a “green economy” a realistic and viable solution for sustainable development?,"[""The green economy is characterized by measures and procedures adopted by Member States to improve quality of life and the environment"", ""Green economy can be a viable solution to overcome the current multi-crisis situation if technological progress is homogenized across Europe"", ""Green economy approaches focus on access to green finance, technology, and investments to support sustainable economic growth""]","[""The green economy is characterized by measures and procedures adopted by Member States to improve quality of life and the environment"", ""Green economy can be a viable solution to overcome the current multi-crisis situation if technological progress is homogenized across Europe"", ""Green economy approaches focus on access to green finance, technology, and investments to support sustainable economic growth""]",3,debateqa,12,1
Is the mind separate from the body?,"[""neurotypical people viewing the mind as separate from the body"", ""autistic people tend to view the mind and body as a single entity"", ""the mind and body are separate entities according to dualism"", ""monism views the mind and the brain as the same thing"", ""Cartesian dualism views mind and body as fundamentally distinct, impacting medical practices""]","[""neurotypical people viewing the mind as separate from the body"", ""autistic people tend to view the mind and body as a single entity"", ""the mind and body are separate entities according to dualism"", ""monism views the mind and the brain as the same thing"", ""Cartesian dualism views mind and body as fundamentally distinct, impacting medical practices""]",5,debateqa,125,3
Can money bring happiness?,"[""Money can increase happiness when spent on goods and services that fit our personalities"", ""Higher income is associated with greater happiness for most people, but for an unhappy minority, happiness plateaus after a certain income level"", ""Low expectations and good relationships are more likely to bring happiness than material possessions""]","[""Money can increase happiness when spent on goods and services that fit our personalities"", ""Higher income is associated with greater happiness for most people, but for an unhappy minority, happiness plateaus after a certain income level"", ""Low expectations and good relationships are more likely to bring happiness than material possessions""]",3,debateqa,1066,1
Should wealthy nations pay reparations to countries impacted by climate change?,"[""Wealthy nations should pay reparations as they are historically responsible for the majority of emissions"", ""Developing countries demand reparations for the \""loss and damage\"" from climate impacts"", ""Opposition from wealthy nations is based on fears of unlimited liability"", ""Recent agreements at COP27 established a fund for climate reparations"", ""Scientific data supports the claim that wealthy nations have caused significant climate damage to poorer countries""]","[""Wealthy nations should pay reparations as they are historically responsible for the majority of emissions"", ""Developing countries demand reparations for the \""loss and damage\"" from climate impacts"", ""Opposition from wealthy nations is based on fears of unlimited liability"", ""Recent agreements at COP27 established a fund for climate reparations"", ""Scientific data supports the claim that wealthy nations have caused significant climate damage to poorer countries""]",5,debateqa,345,3
Should the penny stay in circulation?,"[""the penny plays an important role in charitable fundraising efforts"", ""the penny is a symbol of our nation's history and heritage"", ""eliminating pennies would save time at the point of purchase without hurting customers or businesses financially""]","[""the penny plays an important role in charitable fundraising efforts"", ""the penny is a symbol of our nation's history and heritage"", ""eliminating pennies would save time at the point of purchase without hurting customers or businesses financially""]",3,debateqa,730,1
Should celebrities be held accountable for their endorsements?,"[""Celebrities should be held accountable for misleading endorsements as they can be liable along with the manufacturer."", ""Celebrities should be cautious in their endorsements to avoid legal repercussions, as seen with high-profile lawsuits against them."", ""Regulatory bodies like the FTC and SEC emphasize the need for celebrities to disclose their financial ties to endorsed projects to protect consumers."", ""Celebrities should be held accountable especially when their endorsements could mislead consumers into risky investments, such as in the cryptocurrency market."", ""Accountability is necessary for celebrities as their endorsements can significantly influence public behavior and investment decisions.""]","[""Celebrities should be held accountable for misleading endorsements as they can be liable along with the manufacturer."", ""Celebrities should be cautious in their endorsements to avoid legal repercussions, as seen with high-profile lawsuits against them."", ""Regulatory bodies like the FTC and SEC emphasize the need for celebrities to disclose their financial ties to endorsed projects to protect consumers."", ""Celebrities should be held accountable especially when their endorsements could mislead consumers into risky investments, such as in the cryptocurrency market."", ""Accountability is necessary for celebrities as their endorsements can significantly influence public behavior and investment decisions.""]",5,debateqa,651,3
Do saturated fats increase the risk of heart disease?,"[""Saturated fats raise your LDL (bad) cholesterol, increasing your risk for heart disease and stroke"", ""Eating too much saturated fat can lead to heart disease"", ""A diet high in saturated fats substantially increases the risk of developing heart disease""]","[""Saturated fats raise your LDL (bad) cholesterol, increasing your risk for heart disease and stroke"", ""Eating too much saturated fat can lead to heart disease"", ""A diet high in saturated fats substantially increases the risk of developing heart disease""]",3,debateqa,1692,2
Black Lives Matter may have too much on their plate. What should they narrow their goals down to?,"[""Black Lives Matter should focus on addressing systemic racism and anti-Black racism specifically"", ""Black Lives Matter should concentrate on police reform and accountability"", ""Black Lives Matter should aim to influence public discourse and legislative changes""]","[""Black Lives Matter should focus on addressing systemic racism and anti-Black racism specifically"", ""Black Lives Matter should concentrate on police reform and accountability"", ""Black Lives Matter should aim to influence public discourse and legislative changes""]",3,debateqa,1565,2
How often do police officers purposely alter the details of their confrontations while documenting the facts?,"[""officers are often forced to make split second decisions in circumstances that are tense, uncertain and rapidly evolving about the amount of force that is necessary in a particular situation"", ""officers must be entrusted with well reasoned discretion in determining the appropriate use of force in each incident"", ""the use of force by law enforcement personnel is a matter of critical concern both to the public and to the law enforcement community""]","[""officers are often forced to make split second decisions in circumstances that are tense, uncertain and rapidly evolving about the amount of force that is necessary in a particular situation"", ""officers must be entrusted with well reasoned discretion in determining the appropriate use of force in each incident"", ""the use of force by law enforcement personnel is a matter of critical concern both to the public and to the law enforcement community""]",3,debateqa,1083,1
Where should we draw the line between community health and safety and individual liberty and privacy?,"[""Public health measures can legitimately restrict individual liberties to serve the common good"", ""Historical public health measures have sometimes been used as pretexts to erode fundamental rights"", ""US courts have generally supported public health authorities in actions that restrict individual liberties"", ""Public health interventions can be seen as excessive and unfair in retrospect"", ""Public health measures have historically provoked resistance, such as opposition to mandatory vaccination programs""]","[""Public health measures can legitimately restrict individual liberties to serve the common good"", ""Historical public health measures have sometimes been used as pretexts to erode fundamental rights"", ""US courts have generally supported public health authorities in actions that restrict individual liberties"", ""Public health interventions can be seen as excessive and unfair in retrospect"", ""Public health measures have historically provoked resistance, such as opposition to mandatory vaccination programs""]",5,debateqa,283,3
Should all education including college be free and paid for by the government?,"[""Free college programs can reduce student debt significantly"", ""Free college has historical precedents and benefits in the U.S."", ""Free college could lead to increased taxpayer burden and shifting funds from other priorities"", ""Free college might not address all financial burdens of students"", ""Free college could decrease the value of a college degree and lead to lower completion rates""]","[""Free college programs can reduce student debt significantly"", ""Free college has historical precedents and benefits in the U.S."", ""Free college could lead to increased taxpayer burden and shifting funds from other priorities"", ""Free college might not address all financial burdens of students"", ""Free college could decrease the value of a college degree and lead to lower completion rates""]",5,debateqa,54,3
Is global warming a hoax?,"[""Climate change denial includes unreasonable doubts about the extent to which climate change is caused by humans"", ""Climate change denial is a form of science denial"", ""Climate change denial is undermining efforts to act on or adapt to climate change""]","[""Climate change denial includes unreasonable doubts about the extent to which climate change is caused by humans"", ""Climate change denial is a form of science denial"", ""Climate change denial is undermining efforts to act on or adapt to climate change""]",3,debateqa,1187,2
Are salamanders poisonous to touch?,"[""Yes – all salamanders are poisonous."", ""California newts are quite poisonous because their skin secretes tetrodotoxin."", ""If you were to accidentally ingest their toxins, it can make you very sick.""]","[""Yes – all salamanders are poisonous."", ""California newts are quite poisonous because their skin secretes tetrodotoxin."", ""If you were to accidentally ingest their toxins, it can make you very sick.""]",3,debateqa,1596,2
Is it morally justifiable to use force to intervene in the affairs of another sovereign nation for humanitarian reasons?,"[""Humanitarian intervention is justified to halt massive and systematic violations of human rights"", ""Humanitarian intervention should only occur under extreme circumstances and with a focus on upholding human rights and dignity"", ""The UN's role is crucial in legitimizing and leading humanitarian interventions"", ""State sovereignty can be overridden in cases of severe human rights abuses where the state fails to protect its citizens"", ""Intervention is sometimes necessary to prevent greater regional instability and international security threats""]","[""Humanitarian intervention is justified to halt massive and systematic violations of human rights"", ""Humanitarian intervention should only occur under extreme circumstances and with a focus on upholding human rights and dignity"", ""The UN's role is crucial in legitimizing and leading humanitarian interventions"", ""State sovereignty can be overridden in cases of severe human rights abuses where the state fails to protect its citizens"", ""Intervention is sometimes necessary to prevent greater regional instability and international security threats""]",5,debateqa,714,3
Do meteorites come from comets?,"[""Most meteoroids are pieces of other, larger bodies that have been broken or blasted off. Some come from comets, others from asteroids"", ""Some meteoroids are rocky, while others are metallic, or combinations of rock and metal"", ""Most meteor showers come from comets, whose material is quite fragile""]","[""Most meteoroids are pieces of other, larger bodies that have been broken or blasted off. Some come from comets, others from asteroids"", ""Some meteoroids are rocky, while others are metallic, or combinations of rock and metal"", ""Most meteor showers come from comets, whose material is quite fragile""]",3,debateqa,1686,2
What role should judges have in determining sentencing?,"[""Judges should consider the nature and seriousness of the conduct, the statutory purposes of sentencing, and the pertinent offender characteristics when determining the type of sentence to impose."", ""Judges use guidelines that permit the court to impose either imprisonment or other sanctions, or a combination, depending on the offense and offender."", ""Judges have the role of ensuring the sentence is sufficient but not greater than necessary to comply with the statutory purposes of sentencing."", ""Judges may use probation as an alternative to incarceration, depending on the guideline range applicable to the defendant."", ""Judges are guided by the United States Sentencing Commission's guidelines and consider statements from victims and other involved parties.""]","[""Judges should consider the nature and seriousness of the conduct, the statutory purposes of sentencing, and the pertinent offender characteristics when determining the type of sentence to impose."", ""Judges use guidelines that permit the court to impose either imprisonment or other sanctions, or a combination, depending on the offense and offender."", ""Judges have the role of ensuring the sentence is sufficient but not greater than necessary to comply with the statutory purposes of sentencing."", ""Judges may use probation as an alternative to incarceration, depending on the guideline range applicable to the defendant."", ""Judges are guided by the United States Sentencing Commission's guidelines and consider statements from victims and other involved parties.""]",5,debateqa,451,3
Should packing the U.S. Supreme Court ever be considered?,"[""The U.S. Constitution does not specify the number of justices on the Supreme Court, allowing Congress to change it as needed."", ""Historical changes in the number of Supreme Court justices show that adjusting the court size has been used to influence its decisions."", ""Expanding the Supreme Court could be seen as a way to balance ideological biases and reflect the political will of the people."", ""Opponents argue that court packing could undermine the judiciary's independence and lead to further politicization."", ""There is a precedent for more than nine justices, which could lend credibility to the idea of expanding the court.""]","[""The U.S. Constitution does not specify the number of justices on the Supreme Court, allowing Congress to change it as needed."", ""Historical changes in the number of Supreme Court justices show that adjusting the court size has been used to influence its decisions."", ""Expanding the Supreme Court could be seen as a way to balance ideological biases and reflect the political will of the people."", ""Opponents argue that court packing could undermine the judiciary's independence and lead to further politicization."", ""There is a precedent for more than nine justices, which could lend credibility to the idea of expanding the court.""]",5,debateqa,162,3
Should certain books be banned from a library?,"[""Book banning is a form of censorship"", ""Those advocating a ban complain typically that the book in question contains graphic violence, expresses disrespect for parents and family, is sexually explicit, exalts evil, lacks literary merit, is unsuitable for a particular age group, or includes offensive language"", ""Opponents of bans argue that by restricting information and discouraging freedom of thought, censors undermine one of the primary functions of education: teaching students how to think for themselves"", ""Community standards may be taken into account in book banning"", ""Those who oppose book banning emphasize that the First Amendment protects rights of students to receive ideas""]","[""Book banning is a form of censorship"", ""Those advocating a ban complain typically that the book in question contains graphic violence, expresses disrespect for parents and family, is sexually explicit, exalts evil, lacks literary merit, is unsuitable for a particular age group, or includes offensive language"", ""Opponents of bans argue that by restricting information and discouraging freedom of thought, censors undermine one of the primary functions of education: teaching students how to think for themselves"", ""Community standards may be taken into account in book banning"", ""Those who oppose book banning emphasize that the First Amendment protects rights of students to receive ideas""]",5,debateqa,1088,3
What does Trump's popularity tell us about America as a country?,"[""Trump's popularity reflects a significant ideological divide in America, with his support being particularly strong among those on the political right"", ""Trump's popularity indicates a backlash against traditional political establishments and a preference for more authoritarian leadership styles among a segment of the American population"", ""Trump's popularity suggests a polarization within American society, where his policies and approach resonate strongly with certain demographic groups, particularly in terms of immigration and nationalism""]","[""Trump's popularity reflects a significant ideological divide in America, with his support being particularly strong among those on the political right"", ""Trump's popularity indicates a backlash against traditional political establishments and a preference for more authoritarian leadership styles among a segment of the American population"", ""Trump's popularity suggests a polarization within American society, where his policies and approach resonate strongly with certain demographic groups, particularly in terms of immigration and nationalism""]",3,debateqa,1180,2
Do animals understand human language?,"[""Dogs, potbelly pigs, chimpanzees, and elephants understand some human language"", ""Koko the gorilla knew sign language and understood 2,000 words"", ""Some animals are capable of complex communication, like Alex the grey parrot who knew 150 words and spoke in full sentences""]","[""Dogs, potbelly pigs, chimpanzees, and elephants understand some human language"", ""Koko the gorilla knew sign language and understood 2,000 words"", ""Some animals are capable of complex communication, like Alex the grey parrot who knew 150 words and spoke in full sentences""]",3,debateqa,1654,2
Should the sale of fur be banned?,"[""There are already bans on farming fur across several countries and bans on the sale of new fur in various cities and states"", ""Fur production causes major pollution and involves horrific animal cruelty"", ""Humane alternatives to fur are available and being adopted by major fashion brands""]","[""There are already bans on farming fur across several countries and bans on the sale of new fur in various cities and states"", ""Fur production causes major pollution and involves horrific animal cruelty"", ""Humane alternatives to fur are available and being adopted by major fashion brands""]",3,debateqa,1940,2
Is it acceptable to deny children life-saving blood transfusions based on parental religious beliefs?,"[""While the U.S. Constitution protects the freedom to practice religion, courts have not interpreted that freedom to include the right to refuse lifesaving treatment for a child on the basis of that religion"", ""Some states even have specific laws that authorize a court to order treatment under certain circumstances"", ""Minors generally cannot provide consent for or refuse medical treatment, and in the majority of cases, a parent must provide consent or refusal""]","[""While the U.S. Constitution protects the freedom to practice religion, courts have not interpreted that freedom to include the right to refuse lifesaving treatment for a child on the basis of that religion"", ""Some states even have specific laws that authorize a court to order treatment under certain circumstances"", ""Minors generally cannot provide consent for or refuse medical treatment, and in the majority of cases, a parent must provide consent or refusal""]",3,debateqa,179,1
