Unnamed: 0,question,answer,passage,label,sentence1,H_yb,H_yx,correct_yx,predicted_label,PVI,f1_null,f1_std,flesch_kincaid,PVI__numeric,quantile_bin,dataset,id,claim,evi,split
0,,,,NOT ENOUGH INFO,"Claim: There is a convicted statutory rapist called Chinatown's writer.

Evidence: [[[269158, null, null, null]]]",,,,,0.0,,,,0.0,,fever,500000,There is a convicted statutory rapist called Chinatown's writer.,"[[[269158, null, null, null]]]",dev
1,,,,SUPPORTS,"Claim: There exists a producer and an actor called Simon Pegg.

Evidence: [[[141141, 156349, ""Simon_Pegg"", 0]]]",,,,,0.0,,,,0.0,,fever,500001,There exists a producer and an actor called Simon Pegg.,"[[[141141, 156349, ""Simon_Pegg"", 0]]]",dev
2,,,,REFUTES,"Claim: Exotic Birds rejected to be an opening band for a band from Minneapolis

Evidence: [[[25977, 31918, ""Exotic_Birds"", 2], [25977, 31918, ""Information_Society_-LRB-band-RRB-"", 0]], [[300603, 291751, ""Exotic_Birds"", 2], [300603, 291751, ""Information_Society_-LRB-band-RRB-"", 0]]]",,,,,0.0,,,,0.0,,fever,500002,Exotic Birds rejected to be an opening band for a band from Minneapolis,"[[[25977, 31918, ""Exotic_Birds"", 2], [25977, 31918, ""Information_Society_-LRB-band-RRB-"", 0]], [[300603, 291751, ""Exotic_Birds"", 2], [300603, 291751, ""Information_Society_-LRB-band-RRB-"", 0]]]",dev
3,,,,REFUTES,"Claim: The Nice Guys is a 2016 American neo-noir action comedy film directed by an Danish screenwriter , director , producer and actor , known for writing the 1987 action film hit Lethal Weapon

Evidence: [[[null, null, ""The_Nice_Guys"", 0], [null, null, ""Shane_Black"", 0]]]",,,,,0.0,,,,0.0,,fever,500003,"The Nice Guys is a 2016 American neo-noir action comedy film directed by an Danish screenwriter , director , producer and actor , known for writing the 1987 action film hit Lethal Weapon","[[[null, null, ""The_Nice_Guys"", 0], [null, null, ""Shane_Black"", 0]]]",dev
4,,,,REFUTES,"Claim: Rupert Murdoch's father was not connected to any newspaper publishing company based in Melbourne , Australia

Evidence: [[[null, null, ""Rupert_Murdoch"", 1], [null, null, ""The_Herald_and_Weekly_Times"", 0]]]",,,,,0.0,,,,0.0,,fever,500004,"Rupert Murdoch's father was not connected to any newspaper publishing company based in Melbourne , Australia","[[[null, null, ""Rupert_Murdoch"", 1], [null, null, ""The_Herald_and_Weekly_Times"", 0]]]",dev
5,,,,NOT ENOUGH INFO,"Claim: There exists an award-winning TV series, it goes by the name of Louie (season 1).

Evidence: [[[22421, null, null, null]]]",,,,,0.0,,,,0.0,,fever,500005,"There exists an award-winning TV series, it goes by the name of Louie (season 1).","[[[22421, null, null, null]]]",dev
6,,,,NOT ENOUGH INFO,"Claim: Omar Khadr was declared guilty and was detained at Guantanamo Bay.

Evidence: [[[null, null, null, null]]]",,,,,0.0,,,,0.0,,fever,500006,Omar Khadr was declared guilty and was detained at Guantanamo Bay.,"[[[null, null, null, null]]]",dev
7,,,,SUPPORTS,"Claim: Robert Kardashian is an ex-husband of a mother of a person appearing on a sex tape.

Evidence: [[[null, null, ""Robert_Kardashian"", ""2""], [null, null, ""Kris_Jenner"", ""4""], [null, null, ""Kim_Kardashian"", ""1""]]]",,,,,0.0,,,,0.0,,fever,500007,Robert Kardashian is an ex-husband of a mother of a person appearing on a sex tape.,"[[[null, null, ""Robert_Kardashian"", ""2""], [null, null, ""Kris_Jenner"", ""4""], [null, null, ""Kim_Kardashian"", ""1""]]]",dev
8,,,,Not Enough Info,"Claim: Antoine Berjon have studied medicine in his early days.

Evidence: [[[58, 97, null, null]]]",,,,,0.0,,,,0.0,,fever,500008,Antoine Berjon have studied medicine in his early days.,"[[[58, 97, null, null]]]",dev
9,,,,SUPPORTS,"Claim: There is not a natural element that goes by the name of Moscovium.

Evidence: [[[130895, 145673, ""Moscovium"", 0]], [[130895, 145674, ""Moscovium"", 1]], [[130898, 145678, ""Moscovium"", 0]], [[130898, 145679, ""Moscovium"", 1]]]",,,,,0.0,,,,0.0,,fever,500009,There is not a natural element that goes by the name of Moscovium.,"[[[130895, 145673, ""Moscovium"", 0]], [[130895, 145674, ""Moscovium"", 1]], [[130898, 145678, ""Moscovium"", 0]], [[130898, 145679, ""Moscovium"", 1]]]",dev
10,,,,NOT ENOUGH INFO,"Claim: Fabian Nicieza worked on X-men in the years preceding and following the dotcom bubble.

Evidence: [[[null, null, ""Starrcade"", -1]]]",,,,,0.0,,,,0.0,,fever,500010,Fabian Nicieza worked on X-men in the years preceding and following the dotcom bubble.,"[[[null, null, ""Starrcade"", -1]]]",dev
11,,,,NOT ENOUGH INFO,"Claim: There existed an official, it went by the name of Paul von Hindenburg.

Evidence: [[[30701, null, null, null]]]",,,,,0.0,,,,0.0,,fever,500011,"There existed an official, it went by the name of Paul von Hindenburg.","[[[30701, null, null, null]]]",dev
12,,,,SUPPORTS,"Claim: The lead engineer of the iAPX 432 worked for Intel for 20 more years after it was introduced.

Evidence: [[[0, 0, ""Fred_Pollack"", 1], [0, 0, ""Fred_Pollack"", 6], [0, 0, ""Intel_iAPX_432"", 0]]]",,,,,0.0,,,,0.0,,fever,500012,The lead engineer of the iAPX 432 worked for Intel for 20 more years after it was introduced.,"[[[0, 0, ""Fred_Pollack"", 1], [0, 0, ""Fred_Pollack"", 6], [0, 0, ""Intel_iAPX_432"", 0]]]",dev
13,,,,SUPPORTS,"Claim: Eurotas (river) is definitely not a minor river of Laconia.

Evidence: [[[121498, 135776, ""Eurotas_-LRB-river-RRB-"", 0]]]",,,,,0.0,,,,0.0,,fever,500013,Eurotas (river) is definitely not a minor river of Laconia.,"[[[121498, 135776, ""Eurotas_-LRB-river-RRB-"", 0]]]",dev
14,,,,NOT ENOUGH INFO,"Claim: Adam Khoo is an investor in the Singapore Stock Exchange and various forms of trading, including stock-market mutual funds and derivatives.

Evidence: [[[null, null, null, null]]]",,,,,0.0,,,,0.0,,fever,500014,"Adam Khoo is an investor in the Singapore Stock Exchange and various forms of trading, including stock-market mutual funds and derivatives.","[[[null, null, null, null]]]",dev
15,,,,SUPPORTS,"Claim: The 66th Primetime Emmy Awards was hosted by an American comedian born before 1980.

Evidence: [[[267078, 263870, ""66th_Primetime_Emmy_Awards"", 2], [267078, 263870, ""66th_Primetime_Creative_Arts_Emmy_Awards"", 0], [267078, 263870, ""Seth_Meyers"", 0]]]",,,,,0.0,,,,0.0,,fever,500015,The 66th Primetime Emmy Awards was hosted by an American comedian born before 1980.,"[[[267078, 263870, ""66th_Primetime_Emmy_Awards"", 2], [267078, 263870, ""66th_Primetime_Creative_Arts_Emmy_Awards"", 0], [267078, 263870, ""Seth_Meyers"", 0]]]",dev
16,,,,NOT ENOUGH INFO,"Claim: Sausage Party was held in the year when Donald Trump won the Presidential elections.

Evidence: [[[null, null, ""Starrcade"", -1]]]",,,,,0.0,,,,0.0,,fever,500016,Sausage Party was held in the year when Donald Trump won the Presidential elections.,"[[[null, null, ""Starrcade"", -1]]]",dev
17,,,,SUPPORTS,"Claim: Watertown, Massachusetts is not a Dutch city.

Evidence: [[[45961, 54904, ""Watertown,_Massachusetts"", 0]], [[45961, 54905, ""Watertown,_Massachusetts"", 1], [45961, 54905, ""Greater_Boston"", 0]]]",,,,,0.0,,,,0.0,,fever,500017,"Watertown, Massachusetts is not a Dutch city.","[[[45961, 54904, ""Watertown,_Massachusetts"", 0]], [[45961, 54905, ""Watertown,_Massachusetts"", 1], [45961, 54905, ""Greater_Boston"", 0]]]",dev
18,,,,REFUTES,"Claim: Artpop debuted at number one on the United States Billboard 200 after 2015.

Evidence: [[[201852, 211209, ""Artpop"", 0]]]",,,,,0.0,,,,0.0,,fever,500018,Artpop debuted at number one on the United States Billboard 200 after 2015.,"[[[201852, 211209, ""Artpop"", 0]]]",dev
19,,,,REFUTES,"Claim: There exists a Korean band called Scandal.

Evidence: [[[176863, 189805, ""Scandal_-LRB-American_band-RRB-"", 0]]]",,,,,0.0,,,,0.0,,fever,500019,There exists a Korean band called Scandal.,"[[[176863, 189805, ""Scandal_-LRB-American_band-RRB-"", 0]]]",dev
20,,,,REFUTES,"Claim: A thunderstorm can just be called a thunderstorm

Evidence: [[[237291, 239531, ""Thunderstorm"", 0]]]",,,,,0.0,,,,0.0,,fever,500020,A thunderstorm can just be called a thunderstorm,"[[[237291, 239531, ""Thunderstorm"", 0]]]",dev
21,,,,REFUTES,"Claim: Robinson Crusoe on Mars was distributed by an American film studio before 2010.

Evidence: [[[27070, 33187, ""Robinson_Crusoe_on_Mars"", 0]]]",,,,,0.0,,,,0.0,,fever,500021,Robinson Crusoe on Mars was distributed by an American film studio before 2010.,"[[[27070, 33187, ""Robinson_Crusoe_on_Mars"", 0]]]",dev
22,,,,REFUTES,"Claim: The area of Nerva, Spain is larger than the area of Madhya Pradesh.

Evidence: [[[156, 361, ""Madhya_Pradesh"", 5], [156, 362, ""Province_of_Huelva"", 5], [156, 363, ""Nerva,_Spain"", 0]]]",,,,,0.0,,,,0.0,,fever,500022,"The area of Nerva, Spain is larger than the area of Madhya Pradesh.","[[[156, 361, ""Madhya_Pradesh"", 5], [156, 362, ""Province_of_Huelva"", 5], [156, 363, ""Nerva,_Spain"", 0]]]",dev
23,,,,REFUTES,"Claim: A View to a Kill is the third James Bond film directed by John Glen and released 3 years after 1999.

Evidence: [[[148970, 164011, ""A_View_to_a_Kill"", 6], [148970, 164011, ""A_View_to_a_Kill"", 0]]]",,,,,0.0,,,,0.0,,fever,500023,A View to a Kill is the third James Bond film directed by John Glen and released 3 years after 1999.,"[[[148970, 164011, ""A_View_to_a_Kill"", 6], [148970, 164011, ""A_View_to_a_Kill"", 0]]]",dev
24,,,,SUPPORTS,"Claim: There exists no restaurant by Eminem called The Monster.

Evidence: [[[247224, 247544, ""The_Monster_-LRB-song-RRB-"", 0]]]",,,,,0.0,,,,0.0,,fever,500024,There exists no restaurant by Eminem called The Monster.,"[[[247224, 247544, ""The_Monster_-LRB-song-RRB-"", 0]]]",dev
25,,,,SUPPORTS,"Claim: Daniel Craig took over the role of James Bond from the previous actor, who appeared in Mrs. Doubtfire before Craig graduated from drama school.

Evidence: [[[0, 0, ""Daniel_Craig"", 9], [0, 0, ""Daniel_Craig"", 1], [0, 0, ""Pierce_Brosnan"", 3]]]",,,,,0.0,,,,0.0,,fever,500025,"Daniel Craig took over the role of James Bond from the previous actor, who appeared in Mrs. Doubtfire before Craig graduated from drama school.","[[[0, 0, ""Daniel_Craig"", 9], [0, 0, ""Daniel_Craig"", 1], [0, 0, ""Pierce_Brosnan"", 3]]]",dev
26,,,,NOT ENOUGH INFO,"Claim: Aristotle spent the majority of his life in the sixth and second largest continents in the world.

Evidence: [[[null, null, ""Starrcade"", -1]]]",,,,,0.0,,,,0.0,,fever,500026,Aristotle spent the majority of his life in the sixth and second largest continents in the world.,"[[[null, null, ""Starrcade"", -1]]]",dev
27,,,,SUPPORTS,"Claim: Margaret Thatcher was the most senior politician within the Conservative Party in the UK in 1975.

Evidence: [[[176557, 189509, ""Margaret_Thatcher"", 0], [176557, 189509, ""Leader_of_the_Conservative_Party_-LRB-UK-RRB-"", 0]]]",,,,,0.0,,,,0.0,,fever,500027,Margaret Thatcher was the most senior politician within the Conservative Party in the UK in 1975.,"[[[176557, 189509, ""Margaret_Thatcher"", 0], [176557, 189509, ""Leader_of_the_Conservative_Party_-LRB-UK-RRB-"", 0]]]",dev
28,,,,SUPPORTS,"Claim: Villa Park hosted the 90th FA Community Shield between 2007 and 2017.

Evidence: [[[85089, 97362, ""Villa_Park"", 14]]]",,,,,0.0,,,,0.0,,fever,500028,Villa Park hosted the 90th FA Community Shield between 2007 and 2017.,"[[[85089, 97362, ""Villa_Park"", 14]]]",dev
29,,,,REFUTES,"Claim: Dawood Ibrahim Kaskar was not from a place in  Mira-Bhayandar city of Thane district

Evidence: [[[null, null, ""Dawood_Ibrahim"", 0], [null, null, ""Dongri"", 2]]]",,,,,0.0,,,,0.0,,fever,500029,Dawood Ibrahim Kaskar was not from a place in  Mira-Bhayandar city of Thane district,"[[[null, null, ""Dawood_Ibrahim"", 0], [null, null, ""Dongri"", 2]]]",dev
30,,,,NOT ENOUGH INFO,"Claim: There exists a lobbyist and physician that goes by the name of Ted Cruz.

Evidence: [[[263311, null, null, null], [263320, null, null, null]]]",,,,,0.0,,,,0.0,,fever,500030,There exists a lobbyist and physician that goes by the name of Ted Cruz.,"[[[263311, null, null, null], [263320, null, null, null]]]",dev
31,,,,Not Enough Info,"Claim: The area of Zhongguyue is larger than the area of Sokotindji.

Evidence: [[[195, 434, null, null]]]",,,,,0.0,,,,0.0,,fever,500031,The area of Zhongguyue is larger than the area of Sokotindji.,"[[[195, 434, null, null]]]",dev
32,,,,REFUTES,"Claim: There exists a punk band called The Times.

Evidence: [[[105572, 119029, ""The_Times"", 0]]]",,,,,0.0,,,,0.0,,fever,500032,There exists a punk band called The Times.,"[[[105572, 119029, ""The_Times"", 0]]]",dev
33,,,,NOT ENOUGH INFO,"Claim: Atlanta metropolitan area is located in the Appalachian Mountains and metropolitan area is located in North Georgia.

Evidence: [[[null, null, null, null]]]",,,,,0.0,,,,0.0,,fever,500033,Atlanta metropolitan area is located in the Appalachian Mountains and metropolitan area is located in North Georgia.,"[[[null, null, null, null]]]",dev
34,,,,NOT ENOUGH INFO,"Claim: During the FIFA congress in May 2017, there was a dispute between the FIFA president Gianni Infantino and the chairmen of the ethics committee.

Evidence: [[[0, 0, null, null]]]",,,,,0.0,,,,0.0,,fever,500034,"During the FIFA congress in May 2017, there was a dispute between the FIFA president Gianni Infantino and the chairmen of the ethics committee.","[[[0, 0, null, null]]]",dev
35,,,,Not Enough Info,"Claim: QW-2 Vanguard missile entered service in 2000.

Evidence: [[[55, 94, null, null]]]",,,,,0.0,,,,0.0,,fever,500035,QW-2 Vanguard missile entered service in 2000.,"[[[55, 94, null, null]]]",dev
36,,,,REFUTES,"Claim: Mount Rushmore was built by a sculptor who had no association with a bust of Abraham Lincoln exhibited in the White House by Theodore Roosevelt and now held in the United States Capitol Crypt in Washington , D.C 

Evidence: [[[null, null, ""Mount_Rushmore"", 1], [null, null, ""Gutzon_Borglum"", 2]]]",,,,,0.0,,,,0.0,,fever,500036,"Mount Rushmore was built by a sculptor who had no association with a bust of Abraham Lincoln exhibited in the White House by Theodore Roosevelt and now held in the United States Capitol Crypt in Washington , D.C ","[[[null, null, ""Mount_Rushmore"", 1], [null, null, ""Gutzon_Borglum"", 2]]]",dev
37,,,,NOT ENOUGH INFO,"Claim: One of Macklemore's singles was number one in Canada in the second-decade of the twenty-first century.

Evidence: [[[179017, null, ""Macklemore_&_Ryan_Lewis"", -1]]]",,,,,0.0,,,,0.0,,fever,500037,One of Macklemore's singles was number one in Canada in the second-decade of the twenty-first century.,"[[[179017, null, ""Macklemore_&_Ryan_Lewis"", -1]]]",dev
38,,,,REFUTES,"Claim: Mary McGee was the first woman to compete in the Baja 1000, between 1971 and 1979.

Evidence: [[[267494, 264191, ""Baja_1000"", 14]]]",,,,,0.0,,,,0.0,,fever,500038,"Mary McGee was the first woman to compete in the Baja 1000, between 1971 and 1979.","[[[267494, 264191, ""Baja_1000"", 14]]]",dev
39,,,,REFUTES,"Claim: The area of Marondera High School is larger than the area of the Dominican Republic.

Evidence: [[[171, 406, ""Geography_of_the_Dominican_Republic"", 1], [171, 407, ""Mashonaland_East_Province"", 1], [171, 408, ""Marondera_High_School"", 0]]]",,,,,0.0,,,,0.0,,fever,500039,The area of Marondera High School is larger than the area of the Dominican Republic.,"[[[171, 406, ""Geography_of_the_Dominican_Republic"", 1], [171, 407, ""Mashonaland_East_Province"", 1], [171, 408, ""Marondera_High_School"", 0]]]",dev
40,,,,NOT ENOUGH INFO,"Claim: Richard Fortus has released a studio album with Guns N' Roses and has, with Guns N' Roses, recorded a studio album.

Evidence: [[[null, null, null, null]]]",,,,,0.0,,,,0.0,,fever,500040,"Richard Fortus has released a studio album with Guns N' Roses and has, with Guns N' Roses, recorded a studio album.","[[[null, null, null, null]]]",dev
41,,,,NOT ENOUGH INFO,"Claim: Joshua Ferraro has lead a range of companies including large corporations, educational organizations and even some of the Crown corporations.

Evidence: [[[null, null, null, null]]]",,,,,0.0,,,,0.0,,fever,500041,"Joshua Ferraro has lead a range of companies including large corporations, educational organizations and even some of the Crown corporations.","[[[null, null, null, null]]]",dev
42,,,,SUPPORTS,"Claim: Globalism is not a group of ideologies that oppose the concept of globalization.

Evidence: [[[85633, 97946, ""Globalism"", 0]]]",,,,,0.0,,,,0.0,,fever,500042,Globalism is not a group of ideologies that oppose the concept of globalization.,"[[[85633, 97946, ""Globalism"", 0]]]",dev
43,,,,SUPPORTS,"Claim: There is a movie called The film The Good German which wasn't directed by Cate Blanchett.

Evidence: [[[207750, 215960, ""The_Good_German"", 1]]]",,,,,0.0,,,,0.0,,fever,500043,There is a movie called The film The Good German which wasn't directed by Cate Blanchett.,"[[[207750, 215960, ""The_Good_German"", 1]]]",dev
44,,,,REFUTES,"Claim: Augustus Prew was born in Westminster, London, England before 2000.

Evidence: [[[221811, 227361, ""Augustus_Prew"", 0]]]",,,,,0.0,,,,0.0,,fever,500044,"Augustus Prew was born in Westminster, London, England before 2000.","[[[221811, 227361, ""Augustus_Prew"", 0]]]",dev
45,,,,NOT ENOUGH INFO,"Claim: There was a film called The Wonder Years.

Evidence: [[[108991, null, null, null]]]",,,,,0.0,,,,0.0,,fever,500045,There was a film called The Wonder Years.,"[[[108991, null, null, null]]]",dev
46,,,,SUPPORTS,"Claim: There exists a publication of rankings by Times Higher Education (THE) magazine called Times Higher Education World University Rankings.

Evidence: [[[60012, 70418, ""Times_Higher_Education_World_University_Rankings"", 0]]]",,,,,0.0,,,,0.0,,fever,500046,There exists a publication of rankings by Times Higher Education (THE) magazine called Times Higher Education World University Rankings.,"[[[60012, 70418, ""Times_Higher_Education_World_University_Rankings"", 0]]]",dev
47,,,,NOT ENOUGH INFO,"Claim: Jason Bourne has American actress Julia Stiles as part of the cast among several other female actors.

Evidence: [[[null, null, ""Onepiece"", -1]]]",,,,,0.0,,,,0.0,,fever,500047,Jason Bourne has American actress Julia Stiles as part of the cast among several other female actors.,"[[[null, null, ""Onepiece"", -1]]]",dev
48,,,,SUPPORTS,"Claim: The area of Madhya Pradesh is larger than the area of Xangongo.

Evidence: [[[86, 151, ""Madhya_Pradesh"", 5], [86, 152, ""Cunene_Province"", 1], [86, 153, ""Xangongo"", 0]]]",,,,,0.0,,,,0.0,,fever,500048,The area of Madhya Pradesh is larger than the area of Xangongo.,"[[[86, 151, ""Madhya_Pradesh"", 5], [86, 152, ""Cunene_Province"", 1], [86, 153, ""Xangongo"", 0]]]",dev
49,,,,NOT ENOUGH INFO,"Claim: Duff McKagan is an American citizen born in Seattle.

Evidence: [[[null, null, ""Onepiece"", -1]]]",,,,,0.0,,,,0.0,,fever,500049,Duff McKagan is an American citizen born in Seattle.,"[[[null, null, ""Onepiece"", -1]]]",dev
50,,,,NOT ENOUGH INFO,"Claim: There exists a part of the Ferrari Cartel, it goes by the name of MS-13.

Evidence: [[[24494, null, null, null]]]",,,,,0.0,,,,0.0,,fever,500050,"There exists a part of the Ferrari Cartel, it goes by the name of MS-13.","[[[24494, null, null, null]]]",dev
51,,,,REFUTES,"Claim: Buffy the Vampire Slayer is generated by Joss Whedon in 1990

Evidence: [[[101782, 115030, ""Buffy_the_Vampire_Slayer"", 0], [101782, 115030, ""Joss_Whedon"", 1]]]",,,,,0.0,,,,0.0,,fever,500051,Buffy the Vampire Slayer is generated by Joss Whedon in 1990,"[[[101782, 115030, ""Buffy_the_Vampire_Slayer"", 0], [101782, 115030, ""Joss_Whedon"", 1]]]",dev
52,,,,SUPPORTS,"Claim: John Aniston, known for acting on Days of Our Lives, began his role as Victor Kiriakis before his daughter started on Friends.

Evidence: [[[0, 0, ""Jennifer_Aniston"", 1], [0, 0, ""Jennifer_Aniston"", 2], [0, 0, ""John_Aniston"", 1]], [[0, 0, ""John_Aniston"", 2], [0, 0, ""Jennifer_Aniston"", 2], [0, 0, ""John_Aniston"", 1]]]",,,,,0.0,,,,0.0,,fever,500052,"John Aniston, known for acting on Days of Our Lives, began his role as Victor Kiriakis before his daughter started on Friends.","[[[0, 0, ""Jennifer_Aniston"", 1], [0, 0, ""Jennifer_Aniston"", 2], [0, 0, ""John_Aniston"", 1]], [[0, 0, ""John_Aniston"", 2], [0, 0, ""Jennifer_Aniston"", 2], [0, 0, ""John_Aniston"", 1]]]",dev
53,,,,SUPPORTS,"Claim: In 2010 the population of Europe was larger than 61.

Evidence: [[[null, null, ""Demographics_of_Europe"", ""1""]]]",,,,,0.0,,,,0.0,,fever,500053,In 2010 the population of Europe was larger than 61.,"[[[null, null, ""Demographics_of_Europe"", ""1""]]]",dev
54,,,,NOT ENOUGH INFO,"Claim: Congressional Space Medal of Honor is the highest award given only to those who have lived on the moon by NASA.

Evidence: [[[null, null, ""Starrcade"", -1]]]",,,,,0.0,,,,0.0,,fever,500054,Congressional Space Medal of Honor is the highest award given only to those who have lived on the moon by NASA.,"[[[null, null, ""Starrcade"", -1]]]",dev
55,,,,SUPPORTS,"Claim: Bret Easton Ellis wrote the screenplay for a 2013 American erotic thriller-drama film directed by Paul Schrader

Evidence: [[[null, null, ""The_Canyons_-LRB-film-RRB-"", 0], [null, null, ""Bret_Easton_Ellis"", 20]]]",,,,,0.0,,,,0.0,,fever,500055,Bret Easton Ellis wrote the screenplay for a 2013 American erotic thriller-drama film directed by Paul Schrader,"[[[null, null, ""The_Canyons_-LRB-film-RRB-"", 0], [null, null, ""Bret_Easton_Ellis"", 20]]]",dev
56,,,,SUPPORTS,"Claim: There exists no director called Pink.

Evidence: [[[87594, 100086, ""Pink_-LRB-singer-RRB-"", 0]]]",,,,,0.0,,,,0.0,,fever,500056,There exists no director called Pink.,"[[[87594, 100086, ""Pink_-LRB-singer-RRB-"", 0]]]",dev
57,,,,NOT ENOUGH INFO,"Claim: Jack Falahee is a person who has acted in a movie directed by Quentin Tarantino

Evidence: [[[null, null, ""Starrcade"", -1]]]",,,,,0.0,,,,0.0,,fever,500057,Jack Falahee is a person who has acted in a movie directed by Quentin Tarantino,"[[[null, null, ""Starrcade"", -1]]]",dev
58,,,,NOT ENOUGH INFO,"Claim: There exists an American actor called Ed Decter.

Evidence: [[[57858, null, null, null], [57867, null, null, null]]]",,,,,0.0,,,,0.0,,fever,500058,There exists an American actor called Ed Decter.,"[[[57858, null, null, null], [57867, null, null, null]]]",dev
59,,,,REFUTES,"Claim: There was a game show contestant in the United States called Richard Dawson.

Evidence: [[[150788, 165641, ""Richard_Dawson"", 0]], [[150788, 165642, ""Richard_Dawson"", 1]]]",,,,,0.0,,,,0.0,,fever,500059,There was a game show contestant in the United States called Richard Dawson.,"[[[150788, 165641, ""Richard_Dawson"", 0]], [[150788, 165642, ""Richard_Dawson"", 1]]]",dev
60,,,,NOT ENOUGH INFO,"Claim: The Prowler was created by Stan Lee, John Buscema, and Jim Mooney 3 years before 1975.

Evidence: [[[116286, null, ""List_of_Marvel_Comics_people"", -1]]]",,,,,0.0,,,,0.0,,fever,500060,"The Prowler was created by Stan Lee, John Buscema, and Jim Mooney 3 years before 1975.","[[[116286, null, ""List_of_Marvel_Comics_people"", -1]]]",dev
61,,,,SUPPORTS,"Claim: Iran is not a founding member of the Group of 15.

Evidence: [[[263050, 260847, ""Group_of_15"", 4]], [[263051, 260848, ""Group_of_15"", 4]]]",,,,,0.0,,,,0.0,,fever,500061,Iran is not a founding member of the Group of 15.,"[[[263050, 260847, ""Group_of_15"", 4]], [[263051, 260848, ""Group_of_15"", 4]]]",dev
62,,,,NOT ENOUGH INFO,"Claim: Glee.com launch in America before 2010 by Community Connect Inc. was a huge success.

Evidence: [[[240805, null, ""Glee.com"", -1]]]",,,,,0.0,,,,0.0,,fever,500062,Glee.com launch in America before 2010 by Community Connect Inc. was a huge success.,"[[[240805, null, ""Glee.com"", -1]]]",dev
63,,,,SUPPORTS,"Claim: Issa Rae created series received critical acclaim and won a Shorty Award for Best Web Series in 2012

Evidence: [[[null, null, ""Awkward_Black_Girl"", 6], [null, null, ""Issa_Rae"", 6]], [[null, null, ""Awkward_Black_Girl"", 6], [null, null, ""Issa_Rae"", 1]]]",,,,,0.0,,,,0.0,,fever,500063,Issa Rae created series received critical acclaim and won a Shorty Award for Best Web Series in 2012,"[[[null, null, ""Awkward_Black_Girl"", 6], [null, null, ""Issa_Rae"", 6]], [[null, null, ""Awkward_Black_Girl"", 6], [null, null, ""Issa_Rae"", 1]]]",dev
64,,,,SUPPORTS,"Claim: There is an Emmy Award nominee, they are called Vincent D'Onofrio.

Evidence: [[[28091, 34386, ""Vincent_D'Onofrio"", 4]]]",,,,,0.0,,,,0.0,,fever,500064,"There is an Emmy Award nominee, they are called Vincent D'Onofrio.","[[[28091, 34386, ""Vincent_D'Onofrio"", 4]]]",dev
65,,,,NOT ENOUGH INFO,"Claim: There exists a North American called Ted Cruz.

Evidence: [[[263325, null, null, null]]]",,,,,0.0,,,,0.0,,fever,500065,There exists a North American called Ted Cruz.,"[[[263325, null, null, null]]]",dev
66,,,,NOT ENOUGH INFO,"Claim: West Virginia borders Walmart to the northeast and borders Wendy's to the southeast.

Evidence: [[[null, null, null, null]]]",,,,,0.0,,,,0.0,,fever,500066,West Virginia borders Walmart to the northeast and borders Wendy's to the southeast.,"[[[null, null, null, null]]]",dev
67,,,,SUPPORTS,"Claim: The area of Madhya Pradesh is larger than the area of Cuango, Angola.

Evidence: [[[112, 229, ""Madhya_Pradesh"", 5], [112, 230, ""Lunda_Norte_Province"", 1], [112, 231, ""Cuango,_Angola"", 0]]]",,,,,0.0,,,,0.0,,fever,500067,"The area of Madhya Pradesh is larger than the area of Cuango, Angola.","[[[112, 229, ""Madhya_Pradesh"", 5], [112, 230, ""Lunda_Norte_Province"", 1], [112, 231, ""Cuango,_Angola"", 0]]]",dev
68,,,,SUPPORTS,"Claim: Lisa Murkowski's father resigned from the Senate after serving as Senator.

Evidence: [[[0, 0, ""Lisa_Murkowski"", 5], [0, 0, ""Lisa_Murkowski"", 9], [0, 0, ""Frank_Murkowski"", 1]]]",,,,,0.0,,,,0.0,,fever,500068,Lisa Murkowski's father resigned from the Senate after serving as Senator.,"[[[0, 0, ""Lisa_Murkowski"", 5], [0, 0, ""Lisa_Murkowski"", 9], [0, 0, ""Frank_Murkowski"", 1]]]",dev
69,,,,REFUTES,"Claim: The area of Ladwa is larger than the area of Niğde Province.

Evidence: [[[144, 325, ""Ni\u011fde_Province"", 3], [144, 326, ""Kurukshetra_district"", 2], [144, 327, ""Ladwa"", 0]]]",,,,,0.0,,,,0.0,,fever,500069,The area of Ladwa is larger than the area of Niğde Province.,"[[[144, 325, ""Ni\u011fde_Province"", 3], [144, 326, ""Kurukshetra_district"", 2], [144, 327, ""Ladwa"", 0]]]",dev
70,,,,REFUTES,"Claim: The Last Song (film) began shooting on Monday June 14th 2009

Evidence: [[[90994, 103667, ""The_Last_Song_-LRB-film-RRB-"", 9]]]",,,,,0.0,,,,0.0,,fever,500070,The Last Song (film) began shooting on Monday June 14th 2009,"[[[90994, 103667, ""The_Last_Song_-LRB-film-RRB-"", 9]]]",dev
71,,,,NOT ENOUGH INFO,"Claim: Kendall Jenner is a spokesperson and is a model.

Evidence: [[[null, null, null, null]]]",,,,,0.0,,,,0.0,,fever,500071,Kendall Jenner is a spokesperson and is a model.,"[[[null, null, null, null]]]",dev
72,,,,SUPPORTS,"Claim: The Last Song (film) began production in a barrier island in Chatham County , Georgia , near Savannah , United States

Evidence: [[[null, null, ""Tybee_Island,_Georgia"", 0], [null, null, ""The_Last_Song_-LRB-film-RRB-"", 8]]]",,,,,0.0,,,,0.0,,fever,500072,"The Last Song (film) began production in a barrier island in Chatham County , Georgia , near Savannah , United States","[[[null, null, ""Tybee_Island,_Georgia"", 0], [null, null, ""The_Last_Song_-LRB-film-RRB-"", 8]]]",dev
73,,,,REFUTES,"Claim: Honeymoon is the second major-label record by Elizabeth Woolridge Grant.

Evidence: [[[null, null, ""Honeymoon_-LRB-Lana_Del_Rey_album-RRB-"", 0], [null, null, ""Lana_Del_Rey"", 0]]]",,,,,0.0,,,,0.0,,fever,500073,Honeymoon is the second major-label record by Elizabeth Woolridge Grant.,"[[[null, null, ""Honeymoon_-LRB-Lana_Del_Rey_album-RRB-"", 0], [null, null, ""Lana_Del_Rey"", 0]]]",dev
74,,,,REFUTES,"Claim: There does not exist a writer called Mike Friedrich.

Evidence: [[[227488, 231852, ""Mike_Friedrich"", 0]], [[227495, 231858, ""Mike_Friedrich"", 0]]]",,,,,0.0,,,,0.0,,fever,500074,There does not exist a writer called Mike Friedrich.,"[[[227488, 231852, ""Mike_Friedrich"", 0]], [[227495, 231858, ""Mike_Friedrich"", 0]]]",dev
75,,,,REFUTES,"Claim: Prague's historic center was first included in the UNESCO list of World Heritage Sites before 1980.

Evidence: [[[40412, 48631, ""Prague"", 16]], [[43474, 52117, ""Prague"", 16]], [[45690, 54557, ""Prague"", 16]], [[302099, 293153, ""Prague"", 16]], [[302100, 293154, ""Prague"", 16]], [[304710, 295516, ""Prague"", 16]]]",,,,,0.0,,,,0.0,,fever,500075,Prague's historic center was first included in the UNESCO list of World Heritage Sites before 1980.,"[[[40412, 48631, ""Prague"", 16]], [[43474, 52117, ""Prague"", 16]], [[45690, 54557, ""Prague"", 16]], [[302099, 293153, ""Prague"", 16]], [[302100, 293154, ""Prague"", 16]], [[304710, 295516, ""Prague"", 16]]]",dev
76,,,,SUPPORTS,"Claim: Victoria (Dance Exponents song) was a solo released in 1982

Evidence: [[[209813, 217613, ""Victoria_-LRB-Dance_Exponents_song-RRB-"", 0]]]",,,,,0.0,,,,0.0,,fever,500076,Victoria (Dance Exponents song) was a solo released in 1982,"[[[209813, 217613, ""Victoria_-LRB-Dance_Exponents_song-RRB-"", 0]]]",dev
77,,,,REFUTES,"Claim: Coeliac disease may result in increased risk of cancer and is not treated by maintaining a gluten-free diet.

Evidence: [[[38824, 46783, ""Coeliac_disease"", 26]]]",,,,,0.0,,,,0.0,,fever,500077,Coeliac disease may result in increased risk of cancer and is not treated by maintaining a gluten-free diet.,"[[[38824, 46783, ""Coeliac_disease"", 26]]]",dev
78,,,,NOT ENOUGH INFO,"Claim: Blue Jasmine has an Australian actress married to Andrew Upton.

Evidence: [[[null, null, ""Onepiece"", -1]]]",,,,,0.0,,,,0.0,,fever,500078,Blue Jasmine has an Australian actress married to Andrew Upton.,"[[[null, null, ""Onepiece"", -1]]]",dev
79,,,,REFUTES,"Claim: An actress who was praised for her film An Education was never in a movie with a German-born Irish actor.

Evidence: [[[null, null, ""Carey_Mulligan"", 7], [null, null, ""Shame_-LRB-2011_film-RRB-"", 0], [null, null, ""Michael_Fassbender"", 0]]]",,,,,0.0,,,,0.0,,fever,500079,An actress who was praised for her film An Education was never in a movie with a German-born Irish actor.,"[[[null, null, ""Carey_Mulligan"", 7], [null, null, ""Shame_-LRB-2011_film-RRB-"", 0], [null, null, ""Michael_Fassbender"", 0]]]",dev
80,,,,REFUTES,"Claim: There does not exist a machine called Boeing 787 Dreamliner.

Evidence: [[[124445, 138805, ""Boeing_787_Dreamliner"", 0], [124445, 138805, ""Jet_airliner"", 0], [124445, 138805, ""Jet_airliner"", 1]]]",,,,,0.0,,,,0.0,,fever,500080,There does not exist a machine called Boeing 787 Dreamliner.,"[[[124445, 138805, ""Boeing_787_Dreamliner"", 0], [124445, 138805, ""Jet_airliner"", 0], [124445, 138805, ""Jet_airliner"", 1]]]",dev
81,,,,NOT ENOUGH INFO,"Claim: There exists a library association and it is in the world that goes by the name of American Library Association.

Evidence: [[[224617, null, null, null]]]",,,,,0.0,,,,0.0,,fever,500081,There exists a library association and it is in the world that goes by the name of American Library Association.,"[[[224617, null, null, null]]]",dev
82,,,,NOT ENOUGH INFO,"Claim: Kevin Bacon was in a 1996 film and was in the film Sleepers.

Evidence: [[[null, null, null, null]]]",,,,,0.0,,,,0.0,,fever,500082,Kevin Bacon was in a 1996 film and was in the film Sleepers.,"[[[null, null, null, null]]]",dev
83,,,,REFUTES,"Claim: Sausage Party is definitely not directed by Greg Tiernan and Conrad Vernon.

Evidence: [[[21078, 25879, ""Sausage_Party"", 0]]]",,,,,0.0,,,,0.0,,fever,500083,Sausage Party is definitely not directed by Greg Tiernan and Conrad Vernon.,"[[[21078, 25879, ""Sausage_Party"", 0]]]",dev
84,,,,REFUTES,"Claim: 1970 is the approximate time at which the person Eric Bana started living.

Evidence: [[[45201, 53939, ""Eric_Bana"", 0]], [[47376, 56502, ""Eric_Bana"", 0]], [[49935, 59428, ""Eric_Bana"", 0]], [[302299, 293324, ""Eric_Bana"", 0]], [[304094, 294950, ""Eric_Bana"", 0]], [[304835, 295651, ""Eric_Bana"", 0]]]",,,,,0.0,,,,0.0,,fever,500084,1970 is the approximate time at which the person Eric Bana started living.,"[[[45201, 53939, ""Eric_Bana"", 0]], [[47376, 56502, ""Eric_Bana"", 0]], [[49935, 59428, ""Eric_Bana"", 0]], [[302299, 293324, ""Eric_Bana"", 0]], [[304094, 294950, ""Eric_Bana"", 0]], [[304835, 295651, ""Eric_Bana"", 0]]]",dev
85,,,,NOT ENOUGH INFO,"Claim: There existed an assassin that went by the name of The Gettysburg Address was delivered by someone who.

Evidence: [[[76387, null, null, null]]]",,,,,0.0,,,,0.0,,fever,500085,There existed an assassin that went by the name of The Gettysburg Address was delivered by someone who.,"[[[76387, null, null, null]]]",dev
86,,,,SUPPORTS,"Claim: The 100 is a TV series following a group of adolescents

Evidence: [[[11555, 14519, ""The_100_-LRB-TV_series-RRB-"", 0], [11555, 14519, ""The_100_-LRB-TV_series-RRB-"", 4]]]",,,,,0.0,,,,0.0,,fever,500086,The 100 is a TV series following a group of adolescents,"[[[11555, 14519, ""The_100_-LRB-TV_series-RRB-"", 0], [11555, 14519, ""The_100_-LRB-TV_series-RRB-"", 4]]]",dev
87,,,,NOT ENOUGH INFO,"Claim: French Indochina was previously spelled as French Indo-China in the 2000s.

Evidence: [[[177961, null, ""French_Indochina"", -1]]]",,,,,0.0,,,,0.0,,fever,500087,French Indochina was previously spelled as French Indo-China in the 2000s.,"[[[177961, null, ""French_Indochina"", -1]]]",dev
88,,,,REFUTES,"Claim: There did not exist a place called Yugoslavia.

Evidence: [[[27328, 33496, ""Yugoslavia"", 0]]]",,,,,0.0,,,,0.0,,fever,500088,There did not exist a place called Yugoslavia.,"[[[27328, 33496, ""Yugoslavia"", 0]]]",dev
89,,,,NOT ENOUGH INFO,"Claim: A person nominated for an Emmy Award for his work on Portlandia is a standup comedian.

Evidence: [[[null, null, ""Starrcade"", -1]]]",,,,,0.0,,,,0.0,,fever,500089,A person nominated for an Emmy Award for his work on Portlandia is a standup comedian.,"[[[null, null, ""Starrcade"", -1]]]",dev
90,,,,SUPPORTS,"Claim: The son of Delino DeShields played center field for the Rangers after being drafted by the Astros.

Evidence: [[[0, 0, ""Delino_DeShields_Jr."", 1], [0, 0, ""Delino_DeShields_Jr."", 0], [0, 0, ""Delino_DeShields"", 3]]]",,,,,0.0,,,,0.0,,fever,500090,The son of Delino DeShields played center field for the Rangers after being drafted by the Astros.,"[[[0, 0, ""Delino_DeShields_Jr."", 1], [0, 0, ""Delino_DeShields_Jr."", 0], [0, 0, ""Delino_DeShields"", 3]]]",dev
91,,,,REFUTES,"Claim: There exists no musical called Tangled.

Evidence: [[[27688, 33907, ""Tangled"", 0]]]",,,,,0.0,,,,0.0,,fever,500091,There exists no musical called Tangled.,"[[[27688, 33907, ""Tangled"", 0]]]",dev
92,,,,REFUTES,"Claim: There is a Native-American actor called Sean Gunn.

Evidence: [[[210420, 218189, ""Sean_Gunn"", 0]]]",,,,,0.0,,,,0.0,,fever,500092,There is a Native-American actor called Sean Gunn.,"[[[210420, 218189, ""Sean_Gunn"", 0]]]",dev
93,,,,REFUTES,"Claim: Temple Grandin is not a 2010 biopic.

Evidence: [[[50269, 59841, ""Temple_Grandin_-LRB-film-RRB-"", 0]]]",,,,,0.0,,,,0.0,,fever,500093,Temple Grandin is not a 2010 biopic.,"[[[50269, 59841, ""Temple_Grandin_-LRB-film-RRB-"", 0]]]",dev
94,,,,SUPPORTS,"Claim: The Catcher in the Rye is definitely not a movie script.

Evidence: [[[282823, 276952, ""The_Catcher_in_the_Rye"", 0]], [[284734, 278471, ""The_Catcher_in_the_Rye"", 0]], [[285490, 279121, ""The_Catcher_in_the_Rye"", 0]], [[285498, 279126, ""The_Catcher_in_the_Rye"", 0]], [[285498, 279127, ""The_Catcher_in_the_Rye"", 5], [285498, 279127, ""Holden_Caulfield"", 0]], [[331079, 317572, ""The_Catcher_in_the_Rye"", 0]], [[331079, 317573, ""The_Catcher_in_the_Rye"", 1]], [[331079, 317574, ""The_Catcher_in_the_Rye"", 5]], [[331079, 317575, ""The_Catcher_in_the_Rye"", 6]], [[331079, 317576, ""The_Catcher_in_the_Rye"", 9]], [[331079, 317577, ""The_Catcher_in_the_Rye"", 4]], [[331079, 317578, ""The_Catcher_in_the_Rye"", 10], [331079, 317578, ""The_Big_Read"", 0]]]",,,,,0.0,,,,0.0,,fever,500094,The Catcher in the Rye is definitely not a movie script.,"[[[282823, 276952, ""The_Catcher_in_the_Rye"", 0]], [[284734, 278471, ""The_Catcher_in_the_Rye"", 0]], [[285490, 279121, ""The_Catcher_in_the_Rye"", 0]], [[285498, 279126, ""The_Catcher_in_the_Rye"", 0]], [[285498, 279127, ""The_Catcher_in_the_Rye"", 5], [285498, 279127, ""Holden_Caulfield"", 0]], [[331079, 317572, ""The_Catcher_in_the_Rye"", 0]], [[331079, 317573, ""The_Catcher_in_the_Rye"", 1]], [[331079, 317574, ""The_Catcher_in_the_Rye"", 5]], [[331079, 317575, ""The_Catcher_in_the_Rye"", 6]], [[331079, 317576, ""The_Catcher_in_the_Rye"", 9]], [[331079, 317577, ""The_Catcher_in_the_Rye"", 4]], [[331079, 317578, ""The_Catcher_in_the_Rye"", 10], [331079, 317578, ""The_Big_Read"", 0]]]",dev
95,,,,SUPPORTS,"Claim: There does not exist a TV show that goes by the name of The Giver.

Evidence: [[[145092, 160105, ""The_Giver_-LRB-film-RRB-"", 0]], [[145092, 160106, ""The_Giver_-LRB-film-RRB-"", 5]]]",,,,,0.0,,,,0.0,,fever,500095,There does not exist a TV show that goes by the name of The Giver.,"[[[145092, 160105, ""The_Giver_-LRB-film-RRB-"", 0]], [[145092, 160106, ""The_Giver_-LRB-film-RRB-"", 5]]]",dev
96,,,,SUPPORTS,"Claim: Charles Manson was the chief of what would later be known as the Manson Family

Evidence: [[[166097, 180027, ""Charles_Manson"", 0]]]",,,,,0.0,,,,0.0,,fever,500096,Charles Manson was the chief of what would later be known as the Manson Family,"[[[166097, 180027, ""Charles_Manson"", 0]]]",dev
97,,,,REFUTES,"Claim: Artpop was Gaga's second consecutive number-one record in the United States before 2010.

Evidence: [[[201862, 211218, ""Artpop"", 1]]]",,,,,0.0,,,,0.0,,fever,500097,Artpop was Gaga's second consecutive number-one record in the United States before 2010.,"[[[201862, 211218, ""Artpop"", 1]]]",dev
98,,,,NOT ENOUGH INFO,"Claim: There is a Japanese television drama that is being adapted into a major motion picture called Death Note.

Evidence: [[[202964, null, null, null]]]",,,,,0.0,,,,0.0,,fever,500098,There is a Japanese television drama that is being adapted into a major motion picture called Death Note.,"[[[202964, null, null, null]]]",dev
99,,,,SUPPORTS,"Claim: Hezbollah received a type of support from a country in Western Asia , bordering Lebanon and the Mediterranean Sea to the west

Evidence: [[[null, null, ""Hezbollah"", 17], [null, null, ""Syria"", 0]]]",,,,,0.0,,,,0.0,,fever,500099,"Hezbollah received a type of support from a country in Western Asia , bordering Lebanon and the Mediterranean Sea to the west","[[[null, null, ""Hezbollah"", 17], [null, null, ""Syria"", 0]]]",dev
100,,,,SUPPORTS,"Claim: Colin Kaepernick became a starter in the National Football League.

Evidence: [[[null, null, ""Colin_Kaepernick"", 5], [null, null, ""2012_San_Francisco_49ers_season"", 0]]]",,,,,0.0,,,,0.0,,fever,500100,Colin Kaepernick became a starter in the National Football League.,"[[[null, null, ""Colin_Kaepernick"", 5], [null, null, ""2012_San_Francisco_49ers_season"", 0]]]",dev
101,,,,NOT ENOUGH INFO,"Claim: There is a vegetarian, they are called Ang Lee.

Evidence: [[[224139, null, null, null], [224148, null, null, null]]]",,,,,0.0,,,,0.0,,fever,500101,"There is a vegetarian, they are called Ang Lee.","[[[224139, null, null, null], [224148, null, null, null]]]",dev
102,,,,NOT ENOUGH INFO,"Claim: Ashton Kutcher was directed by a person married to Amal Clooney.

Evidence: [[[null, null, ""Starrcade"", -1]]]",,,,,0.0,,,,0.0,,fever,500102,Ashton Kutcher was directed by a person married to Amal Clooney.,"[[[null, null, ""Starrcade"", -1]]]",dev
103,,,,REFUTES,"Claim: The area of Joda is larger than the area of Mashonaland East Province.

Evidence: [[[159, 370, ""Mashonaland_East_Province"", 1], [159, 371, ""Kendujhar_district"", 4], [159, 372, ""Joda"", 0]]]",,,,,0.0,,,,0.0,,fever,500103,The area of Joda is larger than the area of Mashonaland East Province.,"[[[159, 370, ""Mashonaland_East_Province"", 1], [159, 371, ""Kendujhar_district"", 4], [159, 372, ""Joda"", 0]]]",dev
104,,,,SUPPORTS,"Claim: There is not a squid that goes by the name of Pink.

Evidence: [[[40143, 48301, ""Pink_-LRB-singer-RRB-"", 0]]]",,,,,0.0,,,,0.0,,fever,500104,There is not a squid that goes by the name of Pink.,"[[[40143, 48301, ""Pink_-LRB-singer-RRB-"", 0]]]",dev
105,,,,REFUTES,"Claim: Henri Kontinen is now classified last in the world for doubles in tennis

Evidence: [[[88975, 101614, ""Henri_Kontinen"", 5]]]",,,,,0.0,,,,0.0,,fever,500105,Henri Kontinen is now classified last in the world for doubles in tennis,"[[[88975, 101614, ""Henri_Kontinen"", 5]]]",dev
106,,,,SUPPORTS,"Claim: There is a sketch film called Jackie (2016 film)

Evidence: [[[42519, 51168, ""Jackie_-LRB-2016_film-RRB-"", 0]]]",,,,,0.0,,,,0.0,,fever,500106,There is a sketch film called Jackie (2016 film),"[[[42519, 51168, ""Jackie_-LRB-2016_film-RRB-"", 0]]]",dev
107,,,,REFUTES,"Claim: The area of Phulambri is larger than the area of Province of Córdoba -LRB-Spain-RRB-.

Evidence: [[[163, 382, ""Province_of_C\u00f3rdoba_-LRB-Spain-RRB-"", 2], [163, 383, ""Aurangabad_district,_Maharashtra"", 3], [163, 384, ""Phulambri"", 0]]]",,,,,0.0,,,,0.0,,fever,500107,The area of Phulambri is larger than the area of Province of Córdoba -LRB-Spain-RRB-.,"[[[163, 382, ""Province_of_C\u00f3rdoba_-LRB-Spain-RRB-"", 2], [163, 383, ""Aurangabad_district,_Maharashtra"", 3], [163, 384, ""Phulambri"", 0]]]",dev
108,,,,NOT ENOUGH INFO,"Claim: There exists a place, Kentucky, that is where the person Kenny Chesney is American and started living.

Evidence: [[[182570, null, null, null]]]",,,,,0.0,,,,0.0,,fever,500108,"There exists a place, Kentucky, that is where the person Kenny Chesney is American and started living.","[[[182570, null, null, null]]]",dev
109,,,,SUPPORTS,"Claim: Proponents of globalism tend to advocate for modification of economic policy

Evidence: [[[55913, 66017, ""Globalism"", 1]]]",,,,,0.0,,,,0.0,,fever,500109,Proponents of globalism tend to advocate for modification of economic policy,"[[[55913, 66017, ""Globalism"", 1]]]",dev
110,,,,NOT ENOUGH INFO,"Claim: Andrew Carnegie has a 1889 article proclaiming ``The Gospel of Wealth'' and called on the rich to improve the upper society.

Evidence: [[[null, null, null, null]]]",,,,,0.0,,,,0.0,,fever,500110,Andrew Carnegie has a 1889 article proclaiming ``The Gospel of Wealth'' and called on the rich to improve the upper society.,"[[[null, null, null, null]]]",dev
111,,,,SUPPORTS,"Claim: October 5th, 2012 is some other time than when the person Richard Dawson became deceased.

Evidence: [[[60765, 71250, ""Richard_Dawson"", 0]]]",,,,,0.0,,,,0.0,,fever,500111,"October 5th, 2012 is some other time than when the person Richard Dawson became deceased.","[[[60765, 71250, ""Richard_Dawson"", 0]]]",dev
112,,,,SUPPORTS,"Claim: Marie Curie was a mother of a French scientist Irène Joliot-Curie.

Evidence: [[[null, null, ""Ir\u00e8ne_Joliot-Curie"", ""1""]]]",,,,,0.0,,,,0.0,,fever,500112,Marie Curie was a mother of a French scientist Irène Joliot-Curie.,"[[[null, null, ""Ir\u00e8ne_Joliot-Curie"", ""1""]]]",dev
113,,,,NOT ENOUGH INFO,"Claim: There exists a young adult novel called The Catcher in the Rye.

Evidence: [[[73465, null, null, null]]]",,,,,0.0,,,,0.0,,fever,500113,There exists a young adult novel called The Catcher in the Rye.,"[[[73465, null, null, null]]]",dev
114,,,,SUPPORTS,"Claim: There was a man called Paul von Hindenburg.

Evidence: [[[174559, 187739, ""Paul_von_Hindenburg"", 0]], [[174559, 187740, ""Paul_von_Hindenburg"", 1]]]",,,,,0.0,,,,0.0,,fever,500114,There was a man called Paul von Hindenburg.,"[[[174559, 187739, ""Paul_von_Hindenburg"", 0]], [[174559, 187740, ""Paul_von_Hindenburg"", 1]]]",dev
115,,,,REFUTES,"Claim: Milk is not an American movie from 2008.

Evidence: [[[206141, 214581, ""Milk_-LRB-film-RRB-"", 0]]]",,,,,0.0,,,,0.0,,fever,500115,Milk is not an American movie from 2008.,"[[[206141, 214581, ""Milk_-LRB-film-RRB-"", 0]]]",dev
116,,,,SUPPORTS,"Claim: There is a remake called Brick Mansions, it is called There.

Evidence: [[[205779, 214264, ""Brick_Mansions"", 2]]]",,,,,0.0,,,,0.0,,fever,500116,"There is a remake called Brick Mansions, it is called There.","[[[205779, 214264, ""Brick_Mansions"", 2]]]",dev
117,,,,SUPPORTS,"Claim: Antigua and Barbuda was named in 1493 by an Italian explorer, navigator, and colonist who completed four voyages across the Atlantic Ocean under the auspices of the Catholic Monarchs of Spain 

Evidence: [[[null, null, ""Christopher_Columbus"", 1], [null, null, ""Christopher_Columbus"", 0], [null, null, ""Antigua_and_Barbuda"", 6]]]",,,,,0.0,,,,0.0,,fever,500117,"Antigua and Barbuda was named in 1493 by an Italian explorer, navigator, and colonist who completed four voyages across the Atlantic Ocean under the auspices of the Catholic Monarchs of Spain ","[[[null, null, ""Christopher_Columbus"", 1], [null, null, ""Christopher_Columbus"", 0], [null, null, ""Antigua_and_Barbuda"", 6]]]",dev
118,,,,Not Enough Info,"Claim: The area of Bodié is larger than the area of Malhargarh.

Evidence: [[[179, 418, null, null]]]",,,,,0.0,,,,0.0,,fever,500118,The area of Bodié is larger than the area of Malhargarh.,"[[[179, 418, null, null]]]",dev
119,,,,REFUTES,"Claim: The area of Hispania Ulterior is larger than the area of Province of Teruel.

Evidence: [[[162, 379, ""Province_of_Teruel"", 5], [162, 380, ""Province_of_Salamanca"", 2], [162, 381, ""Hispania_Ulterior"", 0]]]",,,,,0.0,,,,0.0,,fever,500119,The area of Hispania Ulterior is larger than the area of Province of Teruel.,"[[[162, 379, ""Province_of_Teruel"", 5], [162, 380, ""Province_of_Salamanca"", 2], [162, 381, ""Hispania_Ulterior"", 0]]]",dev
120,,,,REFUTES,"Claim: The Latvian Soviet Socialist Republic was a republic of the Soviet Union 3 years after 2009.

Evidence: [[[241233, 242778, ""Latvian_Soviet_Socialist_Republic"", 11], [241233, 242778, ""Dissolution_of_the_Soviet_Union"", 0]], [[241233, 242779, ""Latvian_Soviet_Socialist_Republic"", 12]]]",,,,,0.0,,,,0.0,,fever,500120,The Latvian Soviet Socialist Republic was a republic of the Soviet Union 3 years after 2009.,"[[[241233, 242778, ""Latvian_Soviet_Socialist_Republic"", 11], [241233, 242778, ""Dissolution_of_the_Soviet_Union"", 0]], [[241233, 242779, ""Latvian_Soviet_Socialist_Republic"", 12]]]",dev
121,,,,SUPPORTS,"Claim: Elizabeth II became queen the same year her father died.

Evidence: [[[0, 0, ""Elizabeth_II"", 4], [0, 0, ""Elizabeth_II"", 0], [0, 0, ""George_VI"", 0]], [[0, 0, ""George_VI"", 28], [0, 0, ""Elizabeth_II"", 0], [0, 0, ""George_VI"", 0]]]",,,,,0.0,,,,0.0,,fever,500121,Elizabeth II became queen the same year her father died.,"[[[0, 0, ""Elizabeth_II"", 4], [0, 0, ""Elizabeth_II"", 0], [0, 0, ""George_VI"", 0]], [[0, 0, ""George_VI"", 28], [0, 0, ""Elizabeth_II"", 0], [0, 0, ""George_VI"", 0]]]",dev
122,,,,REFUTES,"Claim: Kullervo is a peninsula on the Baltic sea, to the east of the Gulf of Finland and to the south of the Gulf of Finland and has a coastline of Sweden, Finland, Norway, the north of Finland, and Russia.

Evidence: [[[null, null, ""Kullervo"", ""0""]]]",,,,,0.0,,,,0.0,,fever,500122,"Kullervo is a peninsula on the Baltic sea, to the east of the Gulf of Finland and to the south of the Gulf of Finland and has a coastline of Sweden, Finland, Norway, the north of Finland, and Russia.","[[[null, null, ""Kullervo"", ""0""]]]",dev
123,,,,NOT ENOUGH INFO,"Claim: There exists a long running television series called SpongeBob SquarePants.

Evidence: [[[126972, null, null, null]]]",,,,,0.0,,,,0.0,,fever,500123,There exists a long running television series called SpongeBob SquarePants.,"[[[126972, null, null, null]]]",dev
124,,,,NOT ENOUGH INFO,"Claim: Nate Diaz signed with the UFC in the year when subprime mortgage crisis happened in the United States.

Evidence: [[[null, null, ""Starrcade"", -1]]]",,,,,0.0,,,,0.0,,fever,500124,Nate Diaz signed with the UFC in the year when subprime mortgage crisis happened in the United States.,"[[[null, null, ""Starrcade"", -1]]]",dev
125,,,,SUPPORTS,"Claim: Punch Drunk Love was aired by Columbia Pictures

Evidence: [[[244761, 245685, ""Punch-Drunk_Love"", 4]]]",,,,,0.0,,,,0.0,,fever,500125,Punch Drunk Love was aired by Columbia Pictures,"[[[244761, 245685, ""Punch-Drunk_Love"", 4]]]",dev
126,,,,Not Enough Info,"Claim: In 1899 Arnold Droz-Farny proved Droz-Farny line theorem.

Evidence: [[[41, 80, null, null]]]",,,,,0.0,,,,0.0,,fever,500126,In 1899 Arnold Droz-Farny proved Droz-Farny line theorem.,"[[[41, 80, null, null]]]",dev
127,,,,REFUTES,"Claim: The area of Ranala is larger than the area of Zaragoza Municipality, Coahuila.

Evidence: [[[128, 277, ""Zaragoza_Municipality,_Coahuila"", 2], [128, 278, ""Nandurbar_district"", 3], [128, 279, ""Ranala"", 0]]]",,,,,0.0,,,,0.0,,fever,500127,"The area of Ranala is larger than the area of Zaragoza Municipality, Coahuila.","[[[128, 277, ""Zaragoza_Municipality,_Coahuila"", 2], [128, 278, ""Nandurbar_district"", 3], [128, 279, ""Ranala"", 0]]]",dev
128,,,,SUPPORTS,"Claim: A United Kingdom isn't directed by Sean Baker.

Evidence: [[[265240, 262478, ""A_United_Kingdom"", 0]]]",,,,,0.0,,,,0.0,,fever,500128,A United Kingdom isn't directed by Sean Baker.,"[[[265240, 262478, ""A_United_Kingdom"", 0]]]",dev
129,,,,REFUTES,"Claim: There exists a dial telephone called The IPhone 4.

Evidence: [[[46256, 55215, ""IPhone_4"", 0]], [[46256, 55216, ""IPhone_4"", 1], [46256, 55216, ""IPhone"", 11]], [[46256, 55217, ""IPhone_4"", 2], [46256, 55217, ""IPhone_3GS"", 0]], [[46256, 55218, ""IPhone_4"", 5]], [[46256, 55219, ""IPhone_4"", 7], [46256, 55219, ""Apple_A4"", 2]], [[46256, 55220, ""IPhone_4"", 11]], [[46256, 55221, ""IPhone_4"", 16]]]",,,,,0.0,,,,0.0,,fever,500129,There exists a dial telephone called The IPhone 4.,"[[[46256, 55215, ""IPhone_4"", 0]], [[46256, 55216, ""IPhone_4"", 1], [46256, 55216, ""IPhone"", 11]], [[46256, 55217, ""IPhone_4"", 2], [46256, 55217, ""IPhone_3GS"", 0]], [[46256, 55218, ""IPhone_4"", 5]], [[46256, 55219, ""IPhone_4"", 7], [46256, 55219, ""Apple_A4"", 2]], [[46256, 55220, ""IPhone_4"", 11]], [[46256, 55221, ""IPhone_4"", 16]]]",dev
130,,,,REFUTES,"Claim: There existed no Lucha Libre wrestler called Gory Guerrero.

Evidence: [[[251524, 251358, ""Gory_Guerrero"", 0]], [[251524, 251359, ""Gory_Guerrero"", 1]]]",,,,,0.0,,,,0.0,,fever,500130,There existed no Lucha Libre wrestler called Gory Guerrero.,"[[[251524, 251358, ""Gory_Guerrero"", 0]], [[251524, 251359, ""Gory_Guerrero"", 1]]]",dev
131,,,,NOT ENOUGH INFO,"Claim: There is a Hindu called Cary Elwes.

Evidence: [[[209742, null, null, null]]]",,,,,0.0,,,,0.0,,fever,500131,There is a Hindu called Cary Elwes.,"[[[209742, null, null, null]]]",dev
132,,,,NOT ENOUGH INFO,"Claim: Artpop was Gaga's second consecutive number-one record in the United States in 2013.

Evidence: [[[125912, null, ""Artpop"", -1]]]",,,,,0.0,,,,0.0,,fever,500132,Artpop was Gaga's second consecutive number-one record in the United States in 2013.,"[[[125912, null, ""Artpop"", -1]]]",dev
133,,,,Not Enough Info,"Claim: Mnachem Risikoff used his pen name in most of daily conversation.

Evidence: [[[60, 99, null, null]]]",,,,,0.0,,,,0.0,,fever,500133,Mnachem Risikoff used his pen name in most of daily conversation.,"[[[60, 99, null, null]]]",dev
134,,,,NOT ENOUGH INFO,"Claim: Jean Freeman's coaching style is the same as that of many coaches, taking advantage of the pools and the open-water pool.

Evidence: [[[null, null, null, null]]]",,,,,0.0,,,,0.0,,fever,500134,"Jean Freeman's coaching style is the same as that of many coaches, taking advantage of the pools and the open-water pool.","[[[null, null, null, null]]]",dev
135,,,,SUPPORTS,"Claim: There is not a 1990 Australian music video that goes by the name of Night of the Living Dead.

Evidence: [[[109662, 123279, ""Night_of_the_Living_Dead"", 0]]]",,,,,0.0,,,,0.0,,fever,500135,There is not a 1990 Australian music video that goes by the name of Night of the Living Dead.,"[[[109662, 123279, ""Night_of_the_Living_Dead"", 0]]]",dev
136,,,,NOT ENOUGH INFO,"Claim: One of Macklemore's singles was number one in Canada 2 years after 2008.

Evidence: [[[179017, null, ""Macklemore_&_Ryan_Lewis"", -1]]]",,,,,0.0,,,,0.0,,fever,500136,One of Macklemore's singles was number one in Canada 2 years after 2008.,"[[[179017, null, ""Macklemore_&_Ryan_Lewis"", -1]]]",dev
137,,,,NOT ENOUGH INFO,"Claim: Poor and Stupid is his only one, and it is one of several South Park episodes that Cartman, along with his friend Kenny, Stan Marsh and Kenny, are involved in.

Evidence: [[[null, null, null, null]]]",,,,,0.0,,,,0.0,,fever,500137,"Poor and Stupid is his only one, and it is one of several South Park episodes that Cartman, along with his friend Kenny, Stan Marsh and Kenny, are involved in.","[[[null, null, null, null]]]",dev
138,,,,SUPPORTS,"Claim: There is not a separatist terrorist that goes by the name of Dawood Ibrahim.

Evidence: [[[207530, 215776, ""Dawood_Ibrahim"", 5]]]",,,,,0.0,,,,0.0,,fever,500138,There is not a separatist terrorist that goes by the name of Dawood Ibrahim.,"[[[207530, 215776, ""Dawood_Ibrahim"", 5]]]",dev
139,,,,REFUTES,"Claim: The area of Foza is larger than the area of Isparta Province.

Evidence: [[[132, 289, ""Isparta_Province"", 2], [132, 290, ""Foz"", 5], [132, 291, ""Foza"", 0]]]",,,,,0.0,,,,0.0,,fever,500139,The area of Foza is larger than the area of Isparta Province.,"[[[132, 289, ""Isparta_Province"", 2], [132, 290, ""Foz"", 5], [132, 291, ""Foza"", 0]]]",dev
140,,,,SUPPORTS,"Claim: There is a musical composition by Minogue called 2 Hearts.

Evidence: [[[225394, 230056, ""2_Hearts_-LRB-Kylie_Minogue_song-RRB-"", 0]], [[317953, 306972, ""2_Hearts_-LRB-Kylie_Minogue_song-RRB-"", 0]], [[319638, 308345, ""2_Hearts_-LRB-Kylie_Minogue_song-RRB-"", 0]], [[319643, 308348, ""2_Hearts_-LRB-Kylie_Minogue_song-RRB-"", 0]]]",,,,,0.0,,,,0.0,,fever,500140,There is a musical composition by Minogue called 2 Hearts.,"[[[225394, 230056, ""2_Hearts_-LRB-Kylie_Minogue_song-RRB-"", 0]], [[317953, 306972, ""2_Hearts_-LRB-Kylie_Minogue_song-RRB-"", 0]], [[319638, 308345, ""2_Hearts_-LRB-Kylie_Minogue_song-RRB-"", 0]], [[319643, 308348, ""2_Hearts_-LRB-Kylie_Minogue_song-RRB-"", 0]]]",dev
141,,,,SUPPORTS,"Claim: Southampton F.C. came in second in the First Division in the 1980s -- 1984.

Evidence: [[[267307, 264032, ""Southampton_F.C."", 9]]]",,,,,0.0,,,,0.0,,fever,500141,Southampton F.C. came in second in the First Division in the 1980s -- 1984.,"[[[267307, 264032, ""Southampton_F.C."", 9]]]",dev
142,,,,SUPPORTS,"Claim: The daughter of Frank Murkowski won a Senate election in Alaska after it was purchased from Russia.

Evidence: [[[0, 0, ""Lisa_Murkowski"", 5], [0, 0, ""Lisa_Murkowski"", 11], [0, 0, ""Alaska"", 11]]]",,,,,0.0,,,,0.0,,fever,500142,The daughter of Frank Murkowski won a Senate election in Alaska after it was purchased from Russia.,"[[[0, 0, ""Lisa_Murkowski"", 5], [0, 0, ""Lisa_Murkowski"", 11], [0, 0, ""Alaska"", 11]]]",dev
143,,,,SUPPORTS,"Claim: In 1971 Asylum Records the American record label was founded by an American business magnate, producer, film studio executive, and philanthropist along with his partner

Evidence: [[[null, null, ""Asylum_Records"", 0], [null, null, ""David_Geffen"", 0]]]",,,,,0.0,,,,0.0,,fever,500143,"In 1971 Asylum Records the American record label was founded by an American business magnate, producer, film studio executive, and philanthropist along with his partner","[[[null, null, ""Asylum_Records"", 0], [null, null, ""David_Geffen"", 0]]]",dev
144,,,,REFUTES,"Claim: There is not an American citizen called Natasha Lyonne.

Evidence: [[[109826, 123417, ""Natasha_Lyonne"", 0]]]",,,,,0.0,,,,0.0,,fever,500144,There is not an American citizen called Natasha Lyonne.,"[[[109826, 123417, ""Natasha_Lyonne"", 0]]]",dev
145,,,,NOT ENOUGH INFO,"Claim: There is a Hindu, they are called Cary Elwes.

Evidence: [[[209742, null, null, null]]]",,,,,0.0,,,,0.0,,fever,500145,"There is a Hindu, they are called Cary Elwes.","[[[209742, null, null, null]]]",dev
146,,,,REFUTES,"Claim: In the End was the only song written by Linkin Park and has piano in it.

Evidence: [[[103713, 117177, ""In_the_End"", 1]], [[103713, 117178, ""In_the_End"", 2]], [[103713, 117179, ""In_the_End"", 3], [103713, 117179, ""One_Step_Closer_-LRB-Linkin_Park_song-RRB-"", 0]]]",,,,,0.0,,,,0.0,,fever,500146,In the End was the only song written by Linkin Park and has piano in it.,"[[[103713, 117177, ""In_the_End"", 1]], [[103713, 117178, ""In_the_End"", 2]], [[103713, 117179, ""In_the_End"", 3], [103713, 117179, ""One_Step_Closer_-LRB-Linkin_Park_song-RRB-"", 0]]]",dev
147,,,,NOT ENOUGH INFO,"Claim: There exists a former stock broker that goes by the name of Leslie Alexander.

Evidence: [[[115559, null, null, null]]]",,,,,0.0,,,,0.0,,fever,500147,There exists a former stock broker that goes by the name of Leslie Alexander.,"[[[115559, null, null, null]]]",dev
148,,,,SUPPORTS,"Claim: Phoenix, Arizona is not a southwestern US state.

Evidence: [[[157483, 172052, ""Phoenix,_Arizona"", 0]], [[157483, 172053, ""Phoenix,_Arizona"", 1]], [[157483, 172054, ""Phoenix,_Arizona"", 6]]]",,,,,0.0,,,,0.0,,fever,500148,"Phoenix, Arizona is not a southwestern US state.","[[[157483, 172052, ""Phoenix,_Arizona"", 0]], [[157483, 172053, ""Phoenix,_Arizona"", 1]], [[157483, 172054, ""Phoenix,_Arizona"", 6]]]",dev
149,,,,NOT ENOUGH INFO,"Claim: Simi Valley, California, reported a higher median household income than the California median income before 2020.

Evidence: [[[213483, null, ""Simi_Valley,_California"", -1]]]",,,,,0.0,,,,0.0,,fever,500149,"Simi Valley, California, reported a higher median household income than the California median income before 2020.","[[[213483, null, ""Simi_Valley,_California"", -1]]]",dev
150,,,,NOT ENOUGH INFO,"Claim: a woman is the director of Gray Matters.

Evidence: [[[61142, null, null, null]]]",,,,,0.0,,,,0.0,,fever,500150,a woman is the director of Gray Matters.,"[[[61142, null, null, null]]]",dev
151,,,,NOT ENOUGH INFO,"Claim: The Monster is a gospel song by an artist who sung the Grammy award winning song The Slim Shady LP.

Evidence: [[[null, null, ""Starrcade"", -1]]]",,,,,0.0,,,,0.0,,fever,500151,The Monster is a gospel song by an artist who sung the Grammy award winning song The Slim Shady LP.,"[[[null, null, ""Starrcade"", -1]]]",dev
152,,,,SUPPORTS,"Claim: There is not a singer called Keith Stanfield.

Evidence: [[[112760, 126599, ""Keith_Stanfield"", 0]]]",,,,,0.0,,,,0.0,,fever,500152,There is not a singer called Keith Stanfield.,"[[[112760, 126599, ""Keith_Stanfield"", 0]]]",dev
153,,,,SUPPORTS,"Claim: There is not a car that goes by the name of The Hit.

Evidence: [[[93894, 106845, ""The_Hit_-LRB-1984_film-RRB-"", 0]], [[93894, 106846, ""The_Hit_-LRB-1984_film-RRB-"", 1]], [[93894, 106847, ""The_Hit_-LRB-1984_film-RRB-"", 6]]]",,,,,0.0,,,,0.0,,fever,500153,There is not a car that goes by the name of The Hit.,"[[[93894, 106845, ""The_Hit_-LRB-1984_film-RRB-"", 0]], [[93894, 106846, ""The_Hit_-LRB-1984_film-RRB-"", 1]], [[93894, 106847, ""The_Hit_-LRB-1984_film-RRB-"", 6]]]",dev
154,,,,REFUTES,"Claim: There does not exist a drama movie that goes by the name of An Education.

Evidence: [[[201010, 210464, ""An_Education"", 0]]]",,,,,0.0,,,,0.0,,fever,500154,There does not exist a drama movie that goes by the name of An Education.,"[[[201010, 210464, ""An_Education"", 0]]]",dev
155,,,,SUPPORTS,"Claim: There is a two-time Olympic gold winner in basketball, they are called Chris Paul.

Evidence: [[[138282, 153269, ""Chris_Paul"", 1]], [[142904, 158026, ""Chris_Paul"", 1], [142904, 158026, ""Basketball_at_the_Summer_Olympics"", 0]], [[310882, 300895, ""Chris_Paul"", 1], [310882, 300895, ""Chris_Paul"", 0]]]",,,,,0.0,,,,0.0,,fever,500155,"There is a two-time Olympic gold winner in basketball, they are called Chris Paul.","[[[138282, 153269, ""Chris_Paul"", 1]], [[142904, 158026, ""Chris_Paul"", 1], [142904, 158026, ""Basketball_at_the_Summer_Olympics"", 0]], [[310882, 300895, ""Chris_Paul"", 1], [310882, 300895, ""Chris_Paul"", 0]]]",dev
156,,,,REFUTES,"Claim: The area of Khallar is larger than the area of Tete Province.

Evidence: [[[136, 301, ""Tete_Province"", 1], [136, 302, ""Amravati_district"", 5], [136, 303, ""Khallar"", 0]]]",,,,,0.0,,,,0.0,,fever,500156,The area of Khallar is larger than the area of Tete Province.,"[[[136, 301, ""Tete_Province"", 1], [136, 302, ""Amravati_district"", 5], [136, 303, ""Khallar"", 0]]]",dev
157,,,,REFUTES,"Claim: There exists a Brazilian called Freddie Highmore.

Evidence: [[[78595, 90137, ""Freddie_Highmore"", 0]]]",,,,,0.0,,,,0.0,,fever,500157,There exists a Brazilian called Freddie Highmore.,"[[[78595, 90137, ""Freddie_Highmore"", 0]]]",dev
158,,,,REFUTES,"Claim: Lyron Cobbins was also a member of the Notre Dame Fighting Falcons and the Chicago Cardinals.

Evidence: [[[null, null, ""Lyron_Cobbins"", ""2""]]]",,,,,0.0,,,,0.0,,fever,500158,Lyron Cobbins was also a member of the Notre Dame Fighting Falcons and the Chicago Cardinals.,"[[[null, null, ""Lyron_Cobbins"", ""2""]]]",dev
159,,,,REFUTES,"Claim: Freddie Highmore didn't star in the television series Bates Motel.

Evidence: [[[29299, 35745, ""Freddie_Highmore"", 5]]]",,,,,0.0,,,,0.0,,fever,500159,Freddie Highmore didn't star in the television series Bates Motel.,"[[[29299, 35745, ""Freddie_Highmore"", 5]]]",dev
160,,,,SUPPORTS,"Claim: There is more than one elephant ear cultivar.

Evidence: [[[null, null, ""List_of_Caladium_cultivars"", ""0""], [null, null, ""Caladium"", ""0""]]]",,,,,0.0,,,,0.0,,fever,500160,There is more than one elephant ear cultivar.,"[[[null, null, ""List_of_Caladium_cultivars"", ""0""], [null, null, ""Caladium"", ""0""]]]",dev
161,,,,REFUTES,"Claim: There is not a CW series with Maggie Q as its star that goes by the name of There.

Evidence: [[[105568, 119026, ""Maggie_Q"", 1]]]",,,,,0.0,,,,0.0,,fever,500161,There is not a CW series with Maggie Q as its star that goes by the name of There.,"[[[105568, 119026, ""Maggie_Q"", 1]]]",dev
162,,,,SUPPORTS,"Claim: The one-time Vice President of the International Naturist Federation died after California became a state.

Evidence: [[[0, 0, ""Ed_Lange_-LRB-photographer-RRB-"", 5], [0, 0, ""Ed_Lange_-LRB-photographer-RRB-"", 0], [0, 0, ""California"", 16]]]",,,,,0.0,,,,0.0,,fever,500162,The one-time Vice President of the International Naturist Federation died after California became a state.,"[[[0, 0, ""Ed_Lange_-LRB-photographer-RRB-"", 5], [0, 0, ""Ed_Lange_-LRB-photographer-RRB-"", 0], [0, 0, ""California"", 16]]]",dev
163,,,,NOT ENOUGH INFO,"Claim: There exists a son that goes by the name of Tyler Perry.

Evidence: [[[242189, null, null, null]]]",,,,,0.0,,,,0.0,,fever,500163,There exists a son that goes by the name of Tyler Perry.,"[[[242189, null, null, null]]]",dev
164,,,,NOT ENOUGH INFO,"Claim: Guy Pawson was an excellent fielder and a right-arm fast bowler, and was a useful batsman for the Oxford University team.

Evidence: [[[null, null, null, null]]]",,,,,0.0,,,,0.0,,fever,500164,"Guy Pawson was an excellent fielder and a right-arm fast bowler, and was a useful batsman for the Oxford University team.","[[[null, null, null, null]]]",dev
165,,,,REFUTES,"Claim: There was a child during World War 1 called Charles Howard Hinton.

Evidence: [[[70262, 81136, ""Charles_Howard_Hinton"", 0]]]",,,,,0.0,,,,0.0,,fever,500165,There was a child during World War 1 called Charles Howard Hinton.,"[[[70262, 81136, ""Charles_Howard_Hinton"", 0]]]",dev
166,,,,NOT ENOUGH INFO,"Claim: The Prowler was created by Stan Lee, John Buscema, and Jim Mooney in the seventies of the twentieth century.

Evidence: [[[116286, null, ""List_of_Marvel_Comics_people"", -1]]]",,,,,0.0,,,,0.0,,fever,500166,"The Prowler was created by Stan Lee, John Buscema, and Jim Mooney in the seventies of the twentieth century.","[[[116286, null, ""List_of_Marvel_Comics_people"", -1]]]",dev
167,,,,NOT ENOUGH INFO,"Claim: Prescott, Arizona is a place and is in a desert.

Evidence: [[[null, null, null, null]]]",,,,,0.0,,,,0.0,,fever,500167,"Prescott, Arizona is a place and is in a desert.","[[[null, null, null, null]]]",dev
168,,,,REFUTES,"Claim: Mercury keeps one of its faces permanently turned toward the Sun , through the mechanism of tidal locking.

Evidence: [[[18, 39, ""List_of_albedo_features_on_Mercury"", 3], [18, 40, ""List_of_albedo_features_on_Mercury"", 4]]]",,,,,0.0,,,,0.0,,fever,500168,"Mercury keeps one of its faces permanently turned toward the Sun , through the mechanism of tidal locking.","[[[18, 39, ""List_of_albedo_features_on_Mercury"", 3], [18, 40, ""List_of_albedo_features_on_Mercury"", 4]]]",dev
169,,,,SUPPORTS,"Claim: There does not exist a singing talent competition that goes by the name of NXT Tag Team Championship.

Evidence: [[[25688, 31617, ""NXT_Tag_Team_Championship"", 0]]]",,,,,0.0,,,,0.0,,fever,500169,There does not exist a singing talent competition that goes by the name of NXT Tag Team Championship.,"[[[25688, 31617, ""NXT_Tag_Team_Championship"", 0]]]",dev
170,,,,NOT ENOUGH INFO,"Claim: Diwali originated in a country which shares its border with Sri Lanka.

Evidence: [[[null, null, ""Starrcade"", -1]]]",,,,,0.0,,,,0.0,,fever,500170,Diwali originated in a country which shares its border with Sri Lanka.,"[[[null, null, ""Starrcade"", -1]]]",dev
171,,,,NOT ENOUGH INFO,"Claim: There exists a Bostonian, it goes by the name of Johnny Van Zant.

Evidence: [[[58971, null, null, null], [58972, null, null, null]]]",,,,,0.0,,,,0.0,,fever,500171,"There exists a Bostonian, it goes by the name of Johnny Van Zant.","[[[58971, null, null, null], [58972, null, null, null]]]",dev
172,,,,SUPPORTS,"Claim: There is a season of a TV show called The Challenge XXX: Dirty 30.

Evidence: [[[133963, 148855, ""The_Challenge_XXX-COLON-_Dirty_30"", 0]]]",,,,,0.0,,,,0.0,,fever,500172,There is a season of a TV show called The Challenge XXX: Dirty 30.,"[[[133963, 148855, ""The_Challenge_XXX-COLON-_Dirty_30"", 0]]]",dev
173,,,,REFUTES,"Claim: Chadwick Boseman portrayed James Brown and refused to ever portray a character in any Marvel Studios film.

Evidence: [[[269994, 266149, ""Chadwick_Boseman"", 1]], [[269994, 266150, ""Chadwick_Boseman"", 3], [269994, 266150, ""Black_Panther_-LRB-film-RRB-"", 0], [269994, 266150, ""Black_Panther_-LRB-film-RRB-"", 1]]]",,,,,0.0,,,,0.0,,fever,500173,Chadwick Boseman portrayed James Brown and refused to ever portray a character in any Marvel Studios film.,"[[[269994, 266149, ""Chadwick_Boseman"", 1]], [[269994, 266150, ""Chadwick_Boseman"", 3], [269994, 266150, ""Black_Panther_-LRB-film-RRB-"", 0], [269994, 266150, ""Black_Panther_-LRB-film-RRB-"", 1]]]",dev
174,,,,REFUTES,"Claim: There does not exist a two-time Olympic gold winner in basketball called Chris Paul.

Evidence: [[[138282, 153269, ""Chris_Paul"", 1]], [[142904, 158026, ""Chris_Paul"", 1], [142904, 158026, ""Basketball_at_the_Summer_Olympics"", 0]], [[310882, 300895, ""Chris_Paul"", 1], [310882, 300895, ""Chris_Paul"", 0]]]",,,,,0.0,,,,0.0,,fever,500174,There does not exist a two-time Olympic gold winner in basketball called Chris Paul.,"[[[138282, 153269, ""Chris_Paul"", 1]], [[142904, 158026, ""Chris_Paul"", 1], [142904, 158026, ""Basketball_at_the_Summer_Olympics"", 0]], [[310882, 300895, ""Chris_Paul"", 1], [310882, 300895, ""Chris_Paul"", 0]]]",dev
175,,,,REFUTES,"Claim: There does not exist an American movie from 2008 that goes by the name of Milk.

Evidence: [[[206141, 214581, ""Milk_-LRB-film-RRB-"", 0]]]",,,,,0.0,,,,0.0,,fever,500175,There does not exist an American movie from 2008 that goes by the name of Milk.,"[[[206141, 214581, ""Milk_-LRB-film-RRB-"", 0]]]",dev
176,,,,REFUTES,"Claim: Elizabeth of York was not in a marriage with the first monarch of the House of Tudor

Evidence: [[[null, null, ""Henry_VII_of_England"", 0], [null, null, ""Elizabeth_of_York"", 0]]]",,,,,0.0,,,,0.0,,fever,500176,Elizabeth of York was not in a marriage with the first monarch of the House of Tudor,"[[[null, null, ""Henry_VII_of_England"", 0], [null, null, ""Elizabeth_of_York"", 0]]]",dev
177,,,,SUPPORTS,"Claim: Benjamin Harrison served in the army in the Civil War after his grandfather fought in the Battle of Tippecanoe.

Evidence: [[[0, 0, ""William_Henry_Harrison"", 5], [0, 0, ""William_Henry_Harrison"", 9], [0, 0, ""Benjamin_Harrison"", 2]], [[0, 0, ""Benjamin_Harrison"", 0], [0, 0, ""William_Henry_Harrison"", 9], [0, 0, ""Benjamin_Harrison"", 2]]]",,,,,0.0,,,,0.0,,fever,500177,Benjamin Harrison served in the army in the Civil War after his grandfather fought in the Battle of Tippecanoe.,"[[[0, 0, ""William_Henry_Harrison"", 5], [0, 0, ""William_Henry_Harrison"", 9], [0, 0, ""Benjamin_Harrison"", 2]], [[0, 0, ""Benjamin_Harrison"", 0], [0, 0, ""William_Henry_Harrison"", 9], [0, 0, ""Benjamin_Harrison"", 2]]]",dev
178,,,,REFUTES,"Claim: The Latvian Soviet Socialist Republic was a republic of the Soviet Union after 2000.

Evidence: [[[241233, 242778, ""Latvian_Soviet_Socialist_Republic"", 11], [241233, 242778, ""Dissolution_of_the_Soviet_Union"", 0]], [[241233, 242779, ""Latvian_Soviet_Socialist_Republic"", 12]]]",,,,,0.0,,,,0.0,,fever,500178,The Latvian Soviet Socialist Republic was a republic of the Soviet Union after 2000.,"[[[241233, 242778, ""Latvian_Soviet_Socialist_Republic"", 11], [241233, 242778, ""Dissolution_of_the_Soviet_Union"", 0]], [[241233, 242779, ""Latvian_Soviet_Socialist_Republic"", 12]]]",dev
179,,,,REFUTES,"Claim: Magens Bay, along with the rest of the island, has a population of about 1,200,000.

Evidence: [[[null, null, ""Magens_Bay"", ""0""], [null, null, ""Saint_Thomas,_U.S._Virgin_Islands"", ""2""]]]",,,,,0.0,,,,0.0,,fever,500179,"Magens Bay, along with the rest of the island, has a population of about 1,200,000.","[[[null, null, ""Magens_Bay"", ""0""], [null, null, ""Saint_Thomas,_U.S._Virgin_Islands"", ""2""]]]",dev
180,,,,SUPPORTS,"Claim: There is not a valley that goes by the name of Musala.

Evidence: [[[174182, 187373, ""Musala"", 0]], [[174182, 187374, ""Musala"", 1]], [[174182, 187375, ""Musala"", 2]], [[174182, 187376, ""Musala"", 9]]]",,,,,0.0,,,,0.0,,fever,500180,There is not a valley that goes by the name of Musala.,"[[[174182, 187373, ""Musala"", 0]], [[174182, 187374, ""Musala"", 1]], [[174182, 187375, ""Musala"", 2]], [[174182, 187376, ""Musala"", 9]]]",dev
181,,,,REFUTES,"Claim: Richard Dawson is still alive

Evidence: [[[111656, 125448, ""Richard_Dawson"", 0]]]",,,,,0.0,,,,0.0,,fever,500181,Richard Dawson is still alive,"[[[111656, 125448, ""Richard_Dawson"", 0]]]",dev
182,,,,NOT ENOUGH INFO,"Claim: There is a politician called Alan White.

Evidence: [[[222861, null, null, null]]]",,,,,0.0,,,,0.0,,fever,500182,There is a politician called Alan White.,"[[[222861, null, null, null]]]",dev
183,,,,REFUTES,"Claim: The area of Jamai, India is larger than the area of Spain.

Evidence: [[[161, 376, ""Geography_of_Spain"", 4], [161, 377, ""Madhya_Pradesh"", 5], [161, 378, ""Jamai,_India"", 0]]]",,,,,0.0,,,,0.0,,fever,500183,"The area of Jamai, India is larger than the area of Spain.","[[[161, 376, ""Geography_of_Spain"", 4], [161, 377, ""Madhya_Pradesh"", 5], [161, 378, ""Jamai,_India"", 0]]]",dev
184,,,,NOT ENOUGH INFO,"Claim: Oscar the los Hoya was named Fighter of the Year

Evidence: [[[222211, 227594, ""Oscar_De_La_Hoya"", 7]]]",,,,,0.0,,,,0.0,,fever,500184,Oscar the los Hoya was named Fighter of the Year,"[[[222211, 227594, ""Oscar_De_La_Hoya"", 7]]]",dev
185,,,,NOT ENOUGH INFO,"Claim: Asylum Records is an American record label founded 5 years before 1976 by David Geffen and musician Elliot Roberts.

Evidence: [[[217689, null, ""Elliot_Roberts"", -1]]]",,,,,0.0,,,,0.0,,fever,500185,Asylum Records is an American record label founded 5 years before 1976 by David Geffen and musician Elliot Roberts.,"[[[217689, null, ""Elliot_Roberts"", -1]]]",dev
186,,,,NOT ENOUGH INFO,"Claim: Villa Park was closed on August 12, 2012 and hosted a football match on August 12, 2012.

Evidence: [[[null, null, null, null]]]",,,,,0.0,,,,0.0,,fever,500186,"Villa Park was closed on August 12, 2012 and hosted a football match on August 12, 2012.","[[[null, null, null, null]]]",dev
187,,,,SUPPORTS,"Claim: Camden, New Jersey is the home of a school that was founded as the South Jersey Law School between 1925 and 1927.

Evidence: [[[23725, 29378, ""Camden,_New_Jersey"", 40]]]",,,,,0.0,,,,0.0,,fever,500187,"Camden, New Jersey is the home of a school that was founded as the South Jersey Law School between 1925 and 1927.","[[[23725, 29378, ""Camden,_New_Jersey"", 40]]]",dev
188,,,,NOT ENOUGH INFO,"Claim: There existed a party in Cyprus, it went by the name of There.

Evidence: [[[284840, null, null, null], [285576, null, null, null], [331355, null, null, null]]]",,,,,0.0,,,,0.0,,fever,500188,"There existed a party in Cyprus, it went by the name of There.","[[[284840, null, null, null], [285576, null, null, null], [331355, null, null, null]]]",dev
189,,,,REFUTES,"Claim: Manmohan Singh was a prime minister 3 years after 2012 after the first Prime Minister of India.

Evidence: [[[194756, 205124, ""Manmohan_Singh"", 0]]]",,,,,0.0,,,,0.0,,fever,500189,Manmohan Singh was a prime minister 3 years after 2012 after the first Prime Minister of India.,"[[[194756, 205124, ""Manmohan_Singh"", 0]]]",dev
190,,,,NOT ENOUGH INFO,"Claim: There is a novelist called Ed Decter.

Evidence: [[[28792, null, null, null]]]",,,,,0.0,,,,0.0,,fever,500190,There is a novelist called Ed Decter.,"[[[28792, null, null, null]]]",dev
191,,,,SUPPORTS,"Claim: The Indian National Congress was founded between 1883 and 1887, during the British Raj.

Evidence: [[[259313, 257939, ""Indian_National_Congress"", 8]], [[259313, 257940, ""Indian_National_Congress"", 1], [259313, 257940, ""British_Raj"", 69]]]",,,,,0.0,,,,0.0,,fever,500191,"The Indian National Congress was founded between 1883 and 1887, during the British Raj.","[[[259313, 257939, ""Indian_National_Congress"", 8]], [[259313, 257940, ""Indian_National_Congress"", 1], [259313, 257940, ""British_Raj"", 69]]]",dev
192,,,,SUPPORTS,"Claim: There existed a professional athlete called Gory Guerrero.

Evidence: [[[251591, 251409, ""Gory_Guerrero"", 0], [251591, 251409, ""Professional_wrestling"", 0]]]",,,,,0.0,,,,0.0,,fever,500192,There existed a professional athlete called Gory Guerrero.,"[[[251591, 251409, ""Gory_Guerrero"", 0], [251591, 251409, ""Professional_wrestling"", 0]]]",dev
193,,,,SUPPORTS,"Claim: The area of Province of Jaén -LRB-Spain-RRB- is larger than the area of Amravati.

Evidence: [[[118, 247, ""Province_of_Ja\u00e9n_-LRB-Spain-RRB-"", 5], [118, 248, ""Amravati_district"", 5], [118, 249, ""Amravati"", 0]]]",,,,,0.0,,,,0.0,,fever,500193,The area of Province of Jaén -LRB-Spain-RRB- is larger than the area of Amravati.,"[[[118, 247, ""Province_of_Ja\u00e9n_-LRB-Spain-RRB-"", 5], [118, 248, ""Amravati_district"", 5], [118, 249, ""Amravati"", 0]]]",dev
194,,,,REFUTES,"Claim: May of 1399 is the approximate time at which the person Sejong the Great started living.

Evidence: [[[270497, 266528, ""Sejong_the_Great"", 0]]]",,,,,0.0,,,,0.0,,fever,500194,May of 1399 is the approximate time at which the person Sejong the Great started living.,"[[[270497, 266528, ""Sejong_the_Great"", 0]]]",dev
195,,,,SUPPORTS,"Claim: 1790 is some other time than when Benjamin Franklin was born.

Evidence: [[[180184, 192711, ""Benjamin_Franklin"", 0], [180184, 192711, ""Founding_Fathers_of_the_United_States"", 6]], [[180184, 192712, ""Benjamin_Franklin"", 3], [180184, 192712, ""Franklin_stove"", 0]], [[180184, 192713, ""Benjamin_Franklin"", 8], [180184, 192713, ""United_States_Ambassador_to_France"", 2]], [[180184, 192714, ""Benjamin_Franklin"", 14], [180184, 192714, ""Pennsylvania_Gazette"", 0]], [[180184, 192715, ""Benjamin_Franklin"", 16]], [[180184, 192716, ""Benjamin_Franklin"", 19]], [[180184, 192717, ""Benjamin_Franklin"", 20]], [[180184, 192718, ""Benjamin_Franklin"", 26]], [[180184, 192719, ""Benjamin_Franklin"", 27], [180184, 192719, ""United_States_Postmaster_General"", 2]], [[180184, 192720, ""Benjamin_Franklin"", 29]], [[180184, 192721, ""Benjamin_Franklin"", 30]]]",,,,,0.0,,,,0.0,,fever,500195,1790 is some other time than when Benjamin Franklin was born.,"[[[180184, 192711, ""Benjamin_Franklin"", 0], [180184, 192711, ""Founding_Fathers_of_the_United_States"", 6]], [[180184, 192712, ""Benjamin_Franklin"", 3], [180184, 192712, ""Franklin_stove"", 0]], [[180184, 192713, ""Benjamin_Franklin"", 8], [180184, 192713, ""United_States_Ambassador_to_France"", 2]], [[180184, 192714, ""Benjamin_Franklin"", 14], [180184, 192714, ""Pennsylvania_Gazette"", 0]], [[180184, 192715, ""Benjamin_Franklin"", 16]], [[180184, 192716, ""Benjamin_Franklin"", 19]], [[180184, 192717, ""Benjamin_Franklin"", 20]], [[180184, 192718, ""Benjamin_Franklin"", 26]], [[180184, 192719, ""Benjamin_Franklin"", 27], [180184, 192719, ""United_States_Postmaster_General"", 2]], [[180184, 192720, ""Benjamin_Franklin"", 29]], [[180184, 192721, ""Benjamin_Franklin"", 30]]]",dev
196,,,,SUPPORTS,"Claim: Prague's historic center was first included in the UNESCO list of World Heritage Sites after 1980.

Evidence: [[[40412, 48631, ""Prague"", 16]], [[43474, 52117, ""Prague"", 16]], [[45690, 54557, ""Prague"", 16]], [[302099, 293153, ""Prague"", 16]], [[302100, 293154, ""Prague"", 16]], [[304710, 295516, ""Prague"", 16]]]",,,,,0.0,,,,0.0,,fever,500196,Prague's historic center was first included in the UNESCO list of World Heritage Sites after 1980.,"[[[40412, 48631, ""Prague"", 16]], [[43474, 52117, ""Prague"", 16]], [[45690, 54557, ""Prague"", 16]], [[302099, 293153, ""Prague"", 16]], [[302100, 293154, ""Prague"", 16]], [[304710, 295516, ""Prague"", 16]]]",dev
197,,,,NOT ENOUGH INFO,"Claim: Terminfo's library include a configuration tool to help data managers to write message templates and data values.

Evidence: [[[null, null, null, null]]]",,,,,0.0,,,,0.0,,fever,500197,Terminfo's library include a configuration tool to help data managers to write message templates and data values.,"[[[null, null, null, null]]]",dev
198,,,,REFUTES,"Claim: There is not a film that goes by the name of Annie.

Evidence: [[[188756, 200196, ""Annie_-LRB-2014_film-RRB-"", 0]], [[188756, 200197, ""Annie_-LRB-2014_film-RRB-"", 2]]]",,,,,0.0,,,,0.0,,fever,500198,There is not a film that goes by the name of Annie.,"[[[188756, 200196, ""Annie_-LRB-2014_film-RRB-"", 0]], [[188756, 200197, ""Annie_-LRB-2014_film-RRB-"", 2]]]",dev
199,,,,SUPPORTS,"Claim: It is not true that one can falsely say that double negation theorem states that ""If a statement is false, than it is not the case that the statement is not false.""

Evidence: [[[null, null, ""Double_negation"", ""0""], [null, null, ""Double_negation"", ""1""]]]",,,,,0.0,,,,0.0,,fever,500199,"It is not true that one can falsely say that double negation theorem states that ""If a statement is false, than it is not the case that the statement is not false.""","[[[null, null, ""Double_negation"", ""0""], [null, null, ""Double_negation"", ""1""]]]",dev
200,,,,SUPPORTS,"Claim: Turin's Juventus Stadium is the home arena for a club with largest fan base is the at Italy

Evidence: [[[null, null, ""Juventus_F.C."", 1], [104520, 117940, ""Juventus_Stadium"", 0], [null, null, ""Juventus_F.C."", 13]]]",,,,,0.0,,,,0.0,,fever,500200,Turin's Juventus Stadium is the home arena for a club with largest fan base is the at Italy,"[[[null, null, ""Juventus_F.C."", 1], [104520, 117940, ""Juventus_Stadium"", 0], [null, null, ""Juventus_F.C."", 13]]]",dev
201,,,,REFUTES,"Claim: Artpop was Gaga's second consecutive number-one record in the United States in the 2000s.

Evidence: [[[201862, 211218, ""Artpop"", 1]]]",,,,,0.0,,,,0.0,,fever,500201,Artpop was Gaga's second consecutive number-one record in the United States in the 2000s.,"[[[201862, 211218, ""Artpop"", 1]]]",dev
202,,,,SUPPORTS,"Claim: There is not a cat called Simon Pegg.

Evidence: [[[102110, 115365, ""Simon_Pegg"", 0]]]",,,,,0.0,,,,0.0,,fever,500202,There is not a cat called Simon Pegg.,"[[[102110, 115365, ""Simon_Pegg"", 0]]]",dev
203,,,,REFUTES,"Claim: Jonah Hill is certainly not a screenwriter.

Evidence: [[[21553, 26499, ""Jonah_Hill"", 0]]]",,,,,0.0,,,,0.0,,fever,500203,Jonah Hill is certainly not a screenwriter.,"[[[21553, 26499, ""Jonah_Hill"", 0]]]",dev
204,,,,REFUTES,"Claim: There does not exist a mixtape that goes by the name of House of Balloons.

Evidence: [[[122441, 136732, ""House_of_Balloons"", 0]], [[122441, 136733, ""House_of_Balloons"", 2]]]",,,,,0.0,,,,0.0,,fever,500204,There does not exist a mixtape that goes by the name of House of Balloons.,"[[[122441, 136732, ""House_of_Balloons"", 0]], [[122441, 136733, ""House_of_Balloons"", 2]]]",dev
205,,,,NOT ENOUGH INFO,"Claim: There existed a Nacho Libre wrestler that went by the name of Gory Guerrero.

Evidence: [[[251573, null, null, null]]]",,,,,0.0,,,,0.0,,fever,500205,There existed a Nacho Libre wrestler that went by the name of Gory Guerrero.,"[[[251573, null, null, null]]]",dev
206,,,,NOT ENOUGH INFO,"Claim: Aramazd is believed to be a descendant of the Iranian Iranian prophet Zoroaster, and a descendant of Mazda Being.

Evidence: [[[null, null, null, null]]]",,,,,0.0,,,,0.0,,fever,500206,"Aramazd is believed to be a descendant of the Iranian Iranian prophet Zoroaster, and a descendant of Mazda Being.","[[[null, null, null, null]]]",dev
207,,,,SUPPORTS,"Claim: Chris Bosh won his first NBA Finals title 4 years after 2008 against Oklahoma City Thunder.

Evidence: [[[125912, 140317, ""Chris_Bosh"", 8]]]",,,,,0.0,,,,0.0,,fever,500207,Chris Bosh won his first NBA Finals title 4 years after 2008 against Oklahoma City Thunder.,"[[[125912, 140317, ""Chris_Bosh"", 8]]]",dev
208,,,,REFUTES,"Claim: Augustus Prew was born in Westminster, London, England after 1980.

Evidence: [[[221811, 227361, ""Augustus_Prew"", 0]]]",,,,,0.0,,,,0.0,,fever,500208,"Augustus Prew was born in Westminster, London, England after 1980.","[[[221811, 227361, ""Augustus_Prew"", 0]]]",dev
209,,,,Not Enough Info,"Claim: The area of Chicumbo is larger than the area of Guendembou.

Evidence: [[[201, 440, null, null]]]",,,,,0.0,,,,0.0,,fever,500209,The area of Chicumbo is larger than the area of Guendembou.,"[[[201, 440, null, null]]]",dev
210,,,,NOT ENOUGH INFO,"Claim: There was a wealthy star, it was called Goldie Hawn.

Evidence: [[[35444, null, null, null]]]",,,,,0.0,,,,0.0,,fever,500210,"There was a wealthy star, it was called Goldie Hawn.","[[[35444, null, null, null]]]",dev
211,,,,REFUTES,"Claim: There exists a place, Maine, that is the birthplace of the person Jefferson Davis.

Evidence: [[[95976, 109046, ""Jefferson_Davis"", 5]]]",,,,,0.0,,,,0.0,,fever,500211,"There exists a place, Maine, that is the birthplace of the person Jefferson Davis.","[[[95976, 109046, ""Jefferson_Davis"", 5]]]",dev
212,,,,REFUTES,"Claim: An Education is a coming-of-age drama film and is a drama commercial.

Evidence: [[[201021, 210474, ""An_Education"", 0]], [[201021, 210475, ""An_Education"", 7]]]",,,,,0.0,,,,0.0,,fever,500212,An Education is a coming-of-age drama film and is a drama commercial.,"[[[201021, 210474, ""An_Education"", 0]], [[201021, 210475, ""An_Education"", 7]]]",dev
213,,,,SUPPORTS,"Claim: There is a 2004 American film, it is called DodgeBall: A True Underdog Story.

Evidence: [[[42704, 51349, ""DodgeBall-COLON-_A_True_Underdog_Story"", 0]]]",,,,,0.0,,,,0.0,,fever,500213,"There is a 2004 American film, it is called DodgeBall: A True Underdog Story.","[[[42704, 51349, ""DodgeBall-COLON-_A_True_Underdog_Story"", 0]]]",dev
214,,,,REFUTES,"Claim: One True Thing is film that originated from outside the United States.

Evidence: [[[17969, 22122, ""One_True_Thing"", 0]]]",,,,,0.0,,,,0.0,,fever,500214,One True Thing is film that originated from outside the United States.,"[[[17969, 22122, ""One_True_Thing"", 0]]]",dev
215,,,,REFUTES,"Claim: There exists an British television sitcom that goes by the name of Two and a Half Men.

Evidence: [[[108255, 121793, ""Two_and_a_Half_Men"", 0]], [[108255, 121794, ""Two_and_a_Half_Men"", 1], [108255, 121794, ""List_of_Two_and_a_Half_Men_characters"", 0]]]",,,,,0.0,,,,0.0,,fever,500215,There exists an British television sitcom that goes by the name of Two and a Half Men.,"[[[108255, 121793, ""Two_and_a_Half_Men"", 0]], [[108255, 121794, ""Two_and_a_Half_Men"", 1], [108255, 121794, ""List_of_Two_and_a_Half_Men_characters"", 0]]]",dev
216,,,,SUPPORTS,"Claim: Kuching is an administrative district within Kuching Division, Sarawak, Malaysia

Evidence: [[[49192, 58517, ""Kuching_District"", 0]]]",,,,,0.0,,,,0.0,,fever,500216,"Kuching is an administrative district within Kuching Division, Sarawak, Malaysia","[[[49192, 58517, ""Kuching_District"", 0]]]",dev
217,,,,SUPPORTS,"Claim: Pakistan formally accepted a novel constitution in 1973

Evidence: [[[123000, 137270, ""Pakistan"", 16]]]",,,,,0.0,,,,0.0,,fever,500217,Pakistan formally accepted a novel constitution in 1973,"[[[123000, 137270, ""Pakistan"", 16]]]",dev
218,,,,SUPPORTS,"Claim: There exists a vehicle manufacturer called Mercedes-Benz.

Evidence: [[[54063, 64043, ""Mercedes-Benz"", 0], [54063, 64043, ""Car"", 0]], [[54063, 64044, ""Mercedes-Benz"", 5], [54063, 64044, ""Daimler-Motoren-Gesellschaft"", 0], [54063, 64044, ""Daimler-Benz"", 0]]]",,,,,0.0,,,,0.0,,fever,500218,There exists a vehicle manufacturer called Mercedes-Benz.,"[[[54063, 64043, ""Mercedes-Benz"", 0], [54063, 64043, ""Car"", 0]], [[54063, 64044, ""Mercedes-Benz"", 5], [54063, 64044, ""Daimler-Motoren-Gesellschaft"", 0], [54063, 64044, ""Daimler-Benz"", 0]]]",dev
219,,,,NOT ENOUGH INFO,"Claim: Pharrell Williams and Shay Haley were in a band together and makes drums.

Evidence: [[[null, null, null, null]]]",,,,,0.0,,,,0.0,,fever,500219,Pharrell Williams and Shay Haley were in a band together and makes drums.,"[[[null, null, null, null]]]",dev
220,,,,NOT ENOUGH INFO,"Claim: Johann Wolfgang von Goethe put out the first part of Faust before 1810.

Evidence: [[[177118, null, ""List_of_compositions_by_Alban_Berg"", -1]]]",,,,,0.0,,,,0.0,,fever,500220,Johann Wolfgang von Goethe put out the first part of Faust before 1810.,"[[[177118, null, ""List_of_compositions_by_Alban_Berg"", -1]]]",dev
221,,,,SUPPORTS,"Claim: January 5th, 1955 is the approximate time at which the person Mamata Banerjee started living.

Evidence: [[[165376, 179451, ""Mamata_Banerjee"", 0]]]",,,,,0.0,,,,0.0,,fever,500221,"January 5th, 1955 is the approximate time at which the person Mamata Banerjee started living.","[[[165376, 179451, ""Mamata_Banerjee"", 0]]]",dev
222,,,,SUPPORTS,"Claim: Keith Godchaux was not a member of the Grateful Dead in 1999.

Evidence: [[[73490, 84729, ""Grateful_Dead"", 15]]]",,,,,0.0,,,,0.0,,fever,500222,Keith Godchaux was not a member of the Grateful Dead in 1999.,"[[[73490, 84729, ""Grateful_Dead"", 15]]]",dev
223,,,,SUPPORTS,"Claim: Kate Hudson is left wing political activist

Evidence: [[[49192, 58517, ""Kate_Hudson_-LRB-activist-RRB-"", 0]]]",,,,,0.0,,,,0.0,,fever,500223,Kate Hudson is left wing political activist,"[[[49192, 58517, ""Kate_Hudson_-LRB-activist-RRB-"", 0]]]",dev
224,,,,SUPPORTS,"Claim: There exists a television show called The Beverly Hillbillies.

Evidence: [[[63516, 74261, ""The_Beverly_Hillbillies"", 0]], [[63516, 74262, ""The_Beverly_Hillbillies"", 1]]]",,,,,0.0,,,,0.0,,fever,500224,There exists a television show called The Beverly Hillbillies.,"[[[63516, 74261, ""The_Beverly_Hillbillies"", 0]], [[63516, 74262, ""The_Beverly_Hillbillies"", 1]]]",dev
225,,,,REFUTES,"Claim: There is not a state that goes by the name of Estonia.

Evidence: [[[62372, 72973, ""Estonia"", 0]], [[62372, 72974, ""Estonia"", 14]], [[62372, 72975, ""Estonia"", 20]], [[62372, 72976, ""Estonia"", 26]]]",,,,,0.0,,,,0.0,,fever,500225,There is not a state that goes by the name of Estonia.,"[[[62372, 72973, ""Estonia"", 0]], [[62372, 72974, ""Estonia"", 14]], [[62372, 72975, ""Estonia"", 20]], [[62372, 72976, ""Estonia"", 26]]]",dev
226,,,,SUPPORTS,"Claim: There is not an unadapted novel that goes by the name of The Maze Runner.

Evidence: [[[86533, 98958, ""The_Maze_Runner_-LRB-film-RRB-"", 0]], [[86533, 98959, ""The_Maze_Runner_-LRB-film-RRB-"", 1]], [[86533, 98960, ""The_Maze_Runner_-LRB-film-RRB-"", 2]], [[86533, 98961, ""The_Maze_Runner_-LRB-film-RRB-"", 6], [86533, 98961, ""Temple_Hill_Entertainment"", 0]], [[86533, 98962, ""The_Maze_Runner_-LRB-film-RRB-"", 7], [86533, 98962, ""Principal_photography"", 3]], [[86533, 98963, ""The_Maze_Runner_-LRB-film-RRB-"", 10], [86533, 98963, ""20th_Century_Fox"", 0]], [[86533, 98964, ""The_Maze_Runner_-LRB-film-RRB-"", 12]], [[86533, 98965, ""The_Maze_Runner_-LRB-film-RRB-"", 13]]]",,,,,0.0,,,,0.0,,fever,500226,There is not an unadapted novel that goes by the name of The Maze Runner.,"[[[86533, 98958, ""The_Maze_Runner_-LRB-film-RRB-"", 0]], [[86533, 98959, ""The_Maze_Runner_-LRB-film-RRB-"", 1]], [[86533, 98960, ""The_Maze_Runner_-LRB-film-RRB-"", 2]], [[86533, 98961, ""The_Maze_Runner_-LRB-film-RRB-"", 6], [86533, 98961, ""Temple_Hill_Entertainment"", 0]], [[86533, 98962, ""The_Maze_Runner_-LRB-film-RRB-"", 7], [86533, 98962, ""Principal_photography"", 3]], [[86533, 98963, ""The_Maze_Runner_-LRB-film-RRB-"", 10], [86533, 98963, ""20th_Century_Fox"", 0]], [[86533, 98964, ""The_Maze_Runner_-LRB-film-RRB-"", 12]], [[86533, 98965, ""The_Maze_Runner_-LRB-film-RRB-"", 13]]]",dev
227,,,,SUPPORTS,"Claim: There is an adaptation of a novel called Mutiny on the Bounty.

Evidence: [[[67763, 78601, ""Mutiny_on_the_Bounty_-LRB-1962_film-RRB-"", 0]], [[67763, 78602, ""Mutiny_on_the_Bounty_-LRB-1962_film-RRB-"", 4]]]",,,,,0.0,,,,0.0,,fever,500227,There is an adaptation of a novel called Mutiny on the Bounty.,"[[[67763, 78601, ""Mutiny_on_the_Bounty_-LRB-1962_film-RRB-"", 0]], [[67763, 78602, ""Mutiny_on_the_Bounty_-LRB-1962_film-RRB-"", 4]]]",dev
228,,,,SUPPORTS,"Claim: Colombiana is a cola champagne

Evidence: [[[null, null, ""Postob\u00f3n"", 0]]]",,,,,0.0,,,,0.0,,fever,500228,Colombiana is a cola champagne,"[[[null, null, ""Postob\u00f3n"", 0]]]",dev
229,,,,NOT ENOUGH INFO,"Claim: The Battle of France in the 1930s is also known as the Fall of France.

Evidence: [[[111590, null, ""List_of_bomber_aircraft"", -1]]]",,,,,0.0,,,,0.0,,fever,500229,The Battle of France in the 1930s is also known as the Fall of France.,"[[[111590, null, ""List_of_bomber_aircraft"", -1]]]",dev
230,,,,NOT ENOUGH INFO,"Claim: French Indochina was previously spelled as French Indo-China after 1990.

Evidence: [[[177961, null, ""French_Indochina"", -1]]]",,,,,0.0,,,,0.0,,fever,500230,French Indochina was previously spelled as French Indo-China after 1990.,"[[[177961, null, ""French_Indochina"", -1]]]",dev
231,,,,SUPPORTS,"Claim: Probot had founder and frontman of the rock band Foo Fighters

Evidence: [[[null, null, ""Probot"", 0], [null, null, ""Dave_Grohl"", 1]]]",,,,,0.0,,,,0.0,,fever,500231,Probot had founder and frontman of the rock band Foo Fighters,"[[[null, null, ""Probot"", 0], [null, null, ""Dave_Grohl"", 1]]]",dev
232,,,,SUPPORTS,"Claim: Henri Kontinen's brother is not a retired tennis player, who last played in 2008.

Evidence: [[[166075, 180016, ""Henri_Kontinen"", 6], [166075, 180016, ""Micke_Kontinen"", 0], [166075, 180016, ""Micke_Kontinen"", 4]]]",,,,,0.0,,,,0.0,,fever,500232,"Henri Kontinen's brother is not a retired tennis player, who last played in 2008.","[[[166075, 180016, ""Henri_Kontinen"", 6], [166075, 180016, ""Micke_Kontinen"", 0], [166075, 180016, ""Micke_Kontinen"", 4]]]",dev
233,,,,Not Enough Info,"Claim: The english version of Quand nos bourgeons se rouvriront was translated by Tita Brand.

Evidence: [[[56, 95, null, null]]]",,,,,0.0,,,,0.0,,fever,500233,The english version of Quand nos bourgeons se rouvriront was translated by Tita Brand.,"[[[56, 95, null, null]]]",dev
234,,,,NOT ENOUGH INFO,"Claim: There existed a president that went by the name of David Lloyd George.

Evidence: [[[269073, null, null, null], [269076, null, null, null]]]",,,,,0.0,,,,0.0,,fever,500234,There existed a president that went by the name of David Lloyd George.,"[[[269073, null, null, null], [269076, null, null, null]]]",dev
235,,,,REFUTES,"Claim: There is not a character called Carol Danvers.

Evidence: [[[170471, 184033, ""Carol_Danvers"", 0]], [[170472, 184034, ""Carol_Danvers"", 0]]]",,,,,0.0,,,,0.0,,fever,500235,There is not a character called Carol Danvers.,"[[[170471, 184033, ""Carol_Danvers"", 0]], [[170472, 184034, ""Carol_Danvers"", 0]]]",dev
236,,,,REFUTES,"Claim: Recession indexing is derived from a number of different company performance indicators including earnings, employment, and inflation.

Evidence: [[[null, null, ""Recession_index"", ""0""]]]",,,,,0.0,,,,0.0,,fever,500236,"Recession indexing is derived from a number of different company performance indicators including earnings, employment, and inflation.","[[[null, null, ""Recession_index"", ""0""]]]",dev
237,,,,REFUTES,"Claim: Miroslav Wanek is the leader of the band Už Jsme Doma since 1985.

Evidence: [[[null, null, ""Miroslav_Wanek"", ""1""]]]",,,,,0.0,,,,0.0,,fever,500237,Miroslav Wanek is the leader of the band Už Jsme Doma since 1985.,"[[[null, null, ""Miroslav_Wanek"", ""1""]]]",dev
238,,,,REFUTES,"Claim: There is a website, it is called The Times.

Evidence: [[[71396, 82346, ""The_Times"", 0]], [[71396, 82347, ""The_Times"", 2], [71396, 82347, ""Sister_paper"", 0]], [[71396, 82348, ""The_Times"", 9]], [[71396, 82349, ""The_Times"", 15]], [[71396, 82350, ""The_Times"", 21], [71396, 82350, ""Broadsheet"", 0]]]",,,,,0.0,,,,0.0,,fever,500238,"There is a website, it is called The Times.","[[[71396, 82346, ""The_Times"", 0]], [[71396, 82347, ""The_Times"", 2], [71396, 82347, ""Sister_paper"", 0]], [[71396, 82348, ""The_Times"", 9]], [[71396, 82349, ""The_Times"", 15]], [[71396, 82350, ""The_Times"", 21], [71396, 82350, ""Broadsheet"", 0]]]",dev
239,,,,SUPPORTS,"Claim: The opera Doktor Faust written by Ferruccio Busoni, was finished by Philip Jarnach.

Evidence: [[[null, null, ""Doktor_Faust"", ""0""], [null, null, ""Doktor_Faust"", ""2""]]]",,,,,0.0,,,,0.0,,fever,500239,"The opera Doktor Faust written by Ferruccio Busoni, was finished by Philip Jarnach.","[[[null, null, ""Doktor_Faust"", ""0""], [null, null, ""Doktor_Faust"", ""2""]]]",dev
240,,,,REFUTES,"Claim: There did not exist a statesman that goes by the name of Paul von Hindenburg.

Evidence: [[[89609, 102277, ""Paul_von_Hindenburg"", 0]]]",,,,,0.0,,,,0.0,,fever,500240,There did not exist a statesman that goes by the name of Paul von Hindenburg.,"[[[89609, 102277, ""Paul_von_Hindenburg"", 0]]]",dev
241,,,,REFUTES,"Claim: Jonah Hill is certainly not an actor.

Evidence: [[[290605, 283599, ""Jonah_Hill"", 0]], [[290605, 283600, ""Jonah_Hill"", 1]], [[290605, 283601, ""Jonah_Hill"", 4]], [[290605, 283602, ""Jonah_Hill"", 5]], [[292019, 284860, ""Jonah_Hill"", 0]], [[294014, 286401, ""Jonah_Hill"", 0]], [[338882, 323939, ""Jonah_Hill"", 0]], [[338882, 323940, ""Jonah_Hill"", 1]], [[338882, 323941, ""Jonah_Hill"", 4]], [[338883, 323942, ""Jonah_Hill"", 0]], [[338883, 323943, ""Jonah_Hill"", 1]], [[338883, 323944, ""Jonah_Hill"", 4]], [[338883, 323945, ""Jonah_Hill"", 5], [338883, 323945, ""21_Jump_Street_-LRB-film-RRB-"", 0]], [[338884, 323946, ""Jonah_Hill"", 0]], [[338884, 323947, ""Jonah_Hill"", 1]], [[338884, 323948, ""Jonah_Hill"", 4]], [[338885, 323949, ""Jonah_Hill"", 0]], [[338885, 323950, ""Jonah_Hill"", 1]], [[338885, 323951, ""Jonah_Hill"", 4]], [[338885, 323952, ""Jonah_Hill"", 5]], [[338888, 323955, ""Jonah_Hill"", 0]], [[338888, 323956, ""Jonah_Hill"", 1]], [[338888, 323957, ""Jonah_Hill"", 4]]]",,,,,0.0,,,,0.0,,fever,500241,Jonah Hill is certainly not an actor.,"[[[290605, 283599, ""Jonah_Hill"", 0]], [[290605, 283600, ""Jonah_Hill"", 1]], [[290605, 283601, ""Jonah_Hill"", 4]], [[290605, 283602, ""Jonah_Hill"", 5]], [[292019, 284860, ""Jonah_Hill"", 0]], [[294014, 286401, ""Jonah_Hill"", 0]], [[338882, 323939, ""Jonah_Hill"", 0]], [[338882, 323940, ""Jonah_Hill"", 1]], [[338882, 323941, ""Jonah_Hill"", 4]], [[338883, 323942, ""Jonah_Hill"", 0]], [[338883, 323943, ""Jonah_Hill"", 1]], [[338883, 323944, ""Jonah_Hill"", 4]], [[338883, 323945, ""Jonah_Hill"", 5], [338883, 323945, ""21_Jump_Street_-LRB-film-RRB-"", 0]], [[338884, 323946, ""Jonah_Hill"", 0]], [[338884, 323947, ""Jonah_Hill"", 1]], [[338884, 323948, ""Jonah_Hill"", 4]], [[338885, 323949, ""Jonah_Hill"", 0]], [[338885, 323950, ""Jonah_Hill"", 1]], [[338885, 323951, ""Jonah_Hill"", 4]], [[338885, 323952, ""Jonah_Hill"", 5]], [[338888, 323955, ""Jonah_Hill"", 0]], [[338888, 323956, ""Jonah_Hill"", 1]], [[338888, 323957, ""Jonah_Hill"", 4]]]",dev
242,,,,REFUTES,"Claim: There exists a 1984 film called The Big Country.

Evidence: [[[289849, 282928, ""The_Big_Country"", 0]], [[289856, 282951, ""The_Big_Country"", 0]], [[289894, 282996, ""The_Big_Country"", 0]], [[289894, 282997, ""The_Big_Country"", 1]], [[337509, 322885, ""The_Big_Country"", 0]], [[337684, 323047, ""The_Big_Country"", 0]]]",,,,,0.0,,,,0.0,,fever,500242,There exists a 1984 film called The Big Country.,"[[[289849, 282928, ""The_Big_Country"", 0]], [[289856, 282951, ""The_Big_Country"", 0]], [[289894, 282996, ""The_Big_Country"", 0]], [[289894, 282997, ""The_Big_Country"", 1]], [[337509, 322885, ""The_Big_Country"", 0]], [[337684, 323047, ""The_Big_Country"", 0]]]",dev
243,,,,SUPPORTS,"Claim: Layer-cake  is a type of federalism or divided sovereignty

Evidence: [[[49192, 58517, ""Dual_federalism"", 0]]]",,,,,0.0,,,,0.0,,fever,500243,Layer-cake  is a type of federalism or divided sovereignty,"[[[49192, 58517, ""Dual_federalism"", 0]]]",dev
244,,,,REFUTES,"Claim: There exists a religion that goes by the name of Birmingham.

Evidence: [[[181318, 193576, ""Birmingham"", 0]], [[181318, 193577, ""Birmingham"", 1]], [[181318, 193578, ""Birmingham"", 17]]]",,,,,0.0,,,,0.0,,fever,500244,There exists a religion that goes by the name of Birmingham.,"[[[181318, 193576, ""Birmingham"", 0]], [[181318, 193577, ""Birmingham"", 1]], [[181318, 193578, ""Birmingham"", 17]]]",dev
245,,,,NOT ENOUGH INFO,"Claim: There exists a location where organisms are gathered before use that goes by the name of A staging area.

Evidence: [[[225539, null, null, null]]]",,,,,0.0,,,,0.0,,fever,500245,There exists a location where organisms are gathered before use that goes by the name of A staging area.,"[[[225539, null, null, null]]]",dev
246,,,,REFUTES,"Claim: CCJO René Cassin was recognized by the Egyptians, the Greeks and the Romans from ancient times, and the Romans adopted the term as their official name.

Evidence: [[[null, null, ""CCJO_Ren\u00e9_Cassin"", ""4""]]]",,,,,0.0,,,,0.0,,fever,500246,"CCJO René Cassin was recognized by the Egyptians, the Greeks and the Romans from ancient times, and the Romans adopted the term as their official name.","[[[null, null, ""CCJO_Ren\u00e9_Cassin"", ""4""]]]",dev
247,,,,NOT ENOUGH INFO,"Claim: In the End was a trail on Hybrid Theory

Evidence: [[[45712, 54579, ""In_the_End"", 1]], [[45722, 54587, ""In_the_End"", 1]], [[45722, 54588, ""In_the_End"", 16]]]",,,,,0.0,,,,0.0,,fever,500247,In the End was a trail on Hybrid Theory,"[[[45712, 54579, ""In_the_End"", 1]], [[45722, 54587, ""In_the_End"", 1]], [[45722, 54588, ""In_the_End"", 16]]]",dev
248,,,,NOT ENOUGH INFO,"Claim: Britain's second female Prime Minister worked for Bank of America.

Evidence: [[[null, null, ""Starrcade"", -1]]]",,,,,0.0,,,,0.0,,fever,500248,Britain's second female Prime Minister worked for Bank of America.,"[[[null, null, ""Starrcade"", -1]]]",dev
249,,,,NOT ENOUGH INFO,"Claim: Blue Jasmine has Sally Hawkins acting in it and was filmed in San Francisco.

Evidence: [[[null, null, null, null]]]",,,,,0.0,,,,0.0,,fever,500249,Blue Jasmine has Sally Hawkins acting in it and was filmed in San Francisco.,"[[[null, null, null, null]]]",dev
250,,,,NOT ENOUGH INFO,"Claim: There exists a Wes Anderson film called You Only Live Twice.

Evidence: [[[215796, null, null, null]]]",,,,,0.0,,,,0.0,,fever,500250,There exists a Wes Anderson film called You Only Live Twice.,"[[[215796, null, null, null]]]",dev
251,,,,SUPPORTS,"Claim: There existed an attempt to incorporate Cyprus into Greece, it was called There.

Evidence: [[[51984, 61837, ""Cyprus"", 16]]]",,,,,0.0,,,,0.0,,fever,500251,"There existed an attempt to incorporate Cyprus into Greece, it was called There.","[[[51984, 61837, ""Cyprus"", 16]]]",dev
252,,,,SUPPORTS,"Claim: There exists a character in a George R R Martin series called Daenerys Targaryen.

Evidence: [[[101374, 114603, ""Daenerys_Targaryen"", 0]]]",,,,,0.0,,,,0.0,,fever,500252,There exists a character in a George R R Martin series called Daenerys Targaryen.,"[[[101374, 114603, ""Daenerys_Targaryen"", 0]]]",dev
253,,,,REFUTES,"Claim: Right atrioventricular valve lies between the left atrium and the left ventricle.

Evidence: [[[8, 17, ""Tricuspid_valve"", 0]]]",,,,,0.0,,,,0.0,,fever,500253,Right atrioventricular valve lies between the left atrium and the left ventricle.,"[[[8, 17, ""Tricuspid_valve"", 0]]]",dev
254,,,,NOT ENOUGH INFO,"Claim: There was a structural failure, it was called Vampire Academy.

Evidence: [[[267610, null, null, null]]]",,,,,0.0,,,,0.0,,fever,500254,"There was a structural failure, it was called Vampire Academy.","[[[267610, null, null, null]]]",dev
255,,,,REFUTES,"Claim: There is not a 1986 science fiction action horror comedy film written and directed by Stephen King called Maximum Overdrive.

Evidence: [[[173196, 186458, ""Maximum_Overdrive"", 0]]]",,,,,0.0,,,,0.0,,fever,500255,There is not a 1986 science fiction action horror comedy film written and directed by Stephen King called Maximum Overdrive.,"[[[173196, 186458, ""Maximum_Overdrive"", 0]]]",dev
256,,,,NOT ENOUGH INFO,"Claim: A.J. Styles is a cruiserweight and is an athlete in a combat sport.

Evidence: [[[null, null, null, null]]]",,,,,0.0,,,,0.0,,fever,500256,A.J. Styles is a cruiserweight and is an athlete in a combat sport.,"[[[null, null, null, null]]]",dev
257,,,,SUPPORTS,"Claim: Down With Love is a 2003 romantic sitcom movie

Evidence: [[[240858, 242459, ""Down_with_Love"", 0]]]",,,,,0.0,,,,0.0,,fever,500257,Down With Love is a 2003 romantic sitcom movie,"[[[240858, 242459, ""Down_with_Love"", 0]]]",dev
258,,,,SUPPORTS,"Claim: There existed a drama called The Wonder Years.

Evidence: [[[57580, 67811, ""The_Wonder_Years"", 0]]]",,,,,0.0,,,,0.0,,fever,500258,There existed a drama called The Wonder Years.,"[[[57580, 67811, ""The_Wonder_Years"", 0]]]",dev
259,,,,SUPPORTS,"Claim: There is a movie called The Chaperone (film) which wasn't directed by Michael Bay only.

Evidence: [[[238922, 240894, ""The_Chaperone_-LRB-film-RRB-"", 0]], [[238924, 240896, ""The_Chaperone_-LRB-film-RRB-"", 0]]]",,,,,0.0,,,,0.0,,fever,500259,There is a movie called The Chaperone (film) which wasn't directed by Michael Bay only.,"[[[238922, 240894, ""The_Chaperone_-LRB-film-RRB-"", 0]], [[238924, 240896, ""The_Chaperone_-LRB-film-RRB-"", 0]]]",dev
260,,,,REFUTES,"Claim: Steve Windom is currently the only Democratic party official to hold a statewide political office after the American Revolution.

Evidence: [[[null, null, ""Steve_Windom"", ""0""]]]",,,,,0.0,,,,0.0,,fever,500260,Steve Windom is currently the only Democratic party official to hold a statewide political office after the American Revolution.,"[[[null, null, ""Steve_Windom"", ""0""]]]",dev
261,,,,NOT ENOUGH INFO,"Claim: The Latvian Soviet Socialist Republic was the richest republic of the Soviet Union in 1985.

Evidence: [[[125912, null, ""Latvian_Soviet_Socialist_Republic"", -1]]]",,,,,0.0,,,,0.0,,fever,500261,The Latvian Soviet Socialist Republic was the richest republic of the Soviet Union in 1985.,"[[[125912, null, ""Latvian_Soviet_Socialist_Republic"", -1]]]",dev
262,,,,REFUTES,"Claim: There does not exist a film called The Little Prince (2015 film).

Evidence: [[[242315, 243716, ""The_Little_Prince_-LRB-2015_film-RRB-"", 0]], [[242315, 243717, ""The_Little_Prince_-LRB-2015_film-RRB-"", 5]], [[242315, 243718, ""The_Little_Prince_-LRB-2015_film-RRB-"", 2]], [[242315, 243719, ""The_Little_Prince_-LRB-2015_film-RRB-"", 9]], [[242315, 243720, ""The_Little_Prince_-LRB-2015_film-RRB-"", 12]]]",,,,,0.0,,,,0.0,,fever,500262,There does not exist a film called The Little Prince (2015 film).,"[[[242315, 243716, ""The_Little_Prince_-LRB-2015_film-RRB-"", 0]], [[242315, 243717, ""The_Little_Prince_-LRB-2015_film-RRB-"", 5]], [[242315, 243718, ""The_Little_Prince_-LRB-2015_film-RRB-"", 2]], [[242315, 243719, ""The_Little_Prince_-LRB-2015_film-RRB-"", 9]], [[242315, 243720, ""The_Little_Prince_-LRB-2015_film-RRB-"", 12]]]",dev
263,,,,NOT ENOUGH INFO,"Claim: There exists a motorcycle manufacturer called Mercedes-Benz.

Evidence: [[[44623, null, null, null]]]",,,,,0.0,,,,0.0,,fever,500263,There exists a motorcycle manufacturer called Mercedes-Benz.,"[[[44623, null, null, null]]]",dev
264,,,,SUPPORTS,"Claim: Camden, New Jersey is the home of a school that was established as the South Jersey Law School between 1922 and 1930.

Evidence: [[[175284, 188273, ""Camden,_New_Jersey"", 40]]]",,,,,0.0,,,,0.0,,fever,500264,"Camden, New Jersey is the home of a school that was established as the South Jersey Law School between 1922 and 1930.","[[[175284, 188273, ""Camden,_New_Jersey"", 40]]]",dev
265,,,,NOT ENOUGH INFO,"Claim: Edward Cullen was created and was created by Stephenie Meyer as a character in her Twilight series.

Evidence: [[[null, null, null, null]]]",,,,,0.0,,,,0.0,,fever,500265,Edward Cullen was created and was created by Stephenie Meyer as a character in her Twilight series.,"[[[null, null, null, null]]]",dev
266,,,,SUPPORTS,"Claim: New Orleans Pelicans compete in a professional basketball league founded in New York City on June 6 , 1946

Evidence: [[[null, null, ""National_Basketball_Association"", 6], [null, null, ""New_Orleans_Pelicans"", 1]]]",,,,,0.0,,,,0.0,,fever,500266,"New Orleans Pelicans compete in a professional basketball league founded in New York City on June 6 , 1946","[[[null, null, ""National_Basketball_Association"", 6], [null, null, ""New_Orleans_Pelicans"", 1]]]",dev
267,,,,NOT ENOUGH INFO,"Claim: James VI and I began the British colonization of the Americas 4 years before 1611.

Evidence: [[[76054, null, ""James_VI_and_I"", -1]]]",,,,,0.0,,,,0.0,,fever,500267,James VI and I began the British colonization of the Americas 4 years before 1611.,"[[[76054, null, ""James_VI_and_I"", -1]]]",dev
268,,,,SUPPORTS,"Claim: Finland is sometimes considered partly of Scandinavia

Evidence: [[[79615, 91359, ""Scandinavia"", 5]]]",,,,,0.0,,,,0.0,,fever,500268,Finland is sometimes considered partly of Scandinavia,"[[[79615, 91359, ""Scandinavia"", 5]]]",dev
269,,,,REFUTES,"Claim: There is a car, it is called No Way Out.

Evidence: [[[172927, 186178, ""No_Way_Out_-LRB-Puff_Daddy_album-RRB-"", 0]]]",,,,,0.0,,,,0.0,,fever,500269,"There is a car, it is called No Way Out.","[[[172927, 186178, ""No_Way_Out_-LRB-Puff_Daddy_album-RRB-"", 0]]]",dev
270,,,,SUPPORTS,"Claim: The area of Madhya Pradesh is larger than the area of Hòn Đất District.

Evidence: [[[87, 154, ""Madhya_Pradesh"", 5], [87, 155, ""Ki\u00ean_Giang_Province"", 3], [87, 156, ""H\u00f2n_\u0110\u1ea5t_District"", 0]]]",,,,,0.0,,,,0.0,,fever,500270,The area of Madhya Pradesh is larger than the area of Hòn Đất District.,"[[[87, 154, ""Madhya_Pradesh"", 5], [87, 155, ""Ki\u00ean_Giang_Province"", 3], [87, 156, ""H\u00f2n_\u0110\u1ea5t_District"", 0]]]",dev
271,,,,NOT ENOUGH INFO,"Claim: A person who has won Emmy awards twice for outstanding choreography has worked with a K-pop singer from Luxembourg.

Evidence: [[[null, null, ""Starrcade"", -1]]]",,,,,0.0,,,,0.0,,fever,500271,A person who has won Emmy awards twice for outstanding choreography has worked with a K-pop singer from Luxembourg.,"[[[null, null, ""Starrcade"", -1]]]",dev
272,,,,REFUTES,"Claim: Artpop was Gaga's second consecutive number-one record in the United States after 2015.

Evidence: [[[201862, 211218, ""Artpop"", 1]]]",,,,,0.0,,,,0.0,,fever,500272,Artpop was Gaga's second consecutive number-one record in the United States after 2015.,"[[[201862, 211218, ""Artpop"", 1]]]",dev
273,,,,NOT ENOUGH INFO,"Claim: There was a nation-state, it was called Yugoslavia.

Evidence: [[[71111, null, null, null]]]",,,,,0.0,,,,0.0,,fever,500273,"There was a nation-state, it was called Yugoslavia.","[[[71111, null, null, null]]]",dev
274,,,,SUPPORTS,"Claim: Talulah Riley appeared in a 2007 British comedy film and the sixth in a long-running series of British films based on the works of cartoonist Ronald Searle

Evidence: [[[null, null, ""Talulah_Riley"", 1], [null, null, ""St_Trinian's_-LRB-film-RRB-"", 0]]]",,,,,0.0,,,,0.0,,fever,500274,Talulah Riley appeared in a 2007 British comedy film and the sixth in a long-running series of British films based on the works of cartoonist Ronald Searle,"[[[null, null, ""Talulah_Riley"", 1], [null, null, ""St_Trinian's_-LRB-film-RRB-"", 0]]]",dev
275,,,,NOT ENOUGH INFO,"Claim: There exists an anime called The Punisher.

Evidence: [[[57264, null, null, null]]]",,,,,0.0,,,,0.0,,fever,500275,There exists an anime called The Punisher.,"[[[57264, null, null, null]]]",dev
276,,,,REFUTES,"Claim: T2 Trainspotting is directed by someone whose debut film Slumdog Millionaire won the BAFTA Award for Best British Film

Evidence: [[[null, null, ""T2_Trainspotting"", 1], [null, null, ""Danny_Boyle"", 1]]]",,,,,0.0,,,,0.0,,fever,500276,T2 Trainspotting is directed by someone whose debut film Slumdog Millionaire won the BAFTA Award for Best British Film,"[[[null, null, ""T2_Trainspotting"", 1], [null, null, ""Danny_Boyle"", 1]]]",dev
277,,,,REFUTES,"Claim: Black recording is an original technique with a machine which processes its contents in a fixed graphic, converting it from analog to digital, then to a digital system to form tones.

Evidence: [[[null, null, ""Black_recording"", ""0""], [null, null, ""Black_recording"", ""3""], [null, null, ""Black_recording"", ""5""]]]",,,,,0.0,,,,0.0,,fever,500277,"Black recording is an original technique with a machine which processes its contents in a fixed graphic, converting it from analog to digital, then to a digital system to form tones.","[[[null, null, ""Black_recording"", ""0""], [null, null, ""Black_recording"", ""3""], [null, null, ""Black_recording"", ""5""]]]",dev
278,,,,SUPPORTS,"Claim: The area of Province of Vicenza is larger than the area of Jyotisar.

Evidence: [[[83, 142, ""Province_of_Vicenza"", 4], [83, 143, ""Kurukshetra_district"", 2], [83, 144, ""Jyotisar"", 0]]]",,,,,0.0,,,,0.0,,fever,500278,The area of Province of Vicenza is larger than the area of Jyotisar.,"[[[83, 142, ""Province_of_Vicenza"", 4], [83, 143, ""Kurukshetra_district"", 2], [83, 144, ""Jyotisar"", 0]]]",dev
279,,,,SUPPORTS,"Claim: There exists a 2011 film called The Chaperone (film).

Evidence: [[[238907, 240881, ""The_Chaperone_-LRB-film-RRB-"", 0]], [[238908, 240882, ""The_Chaperone_-LRB-film-RRB-"", 0]]]",,,,,0.0,,,,0.0,,fever,500279,There exists a 2011 film called The Chaperone (film).,"[[[238907, 240881, ""The_Chaperone_-LRB-film-RRB-"", 0]], [[238908, 240882, ""The_Chaperone_-LRB-film-RRB-"", 0]]]",dev
280,,,,SUPPORTS,"Claim: Black Canary first appeared in Flash Comics

Evidence: [[[null, null, ""Black_Canary_-LRB-comic_book-RRB-"", 0]]]",,,,,0.0,,,,0.0,,fever,500280,Black Canary first appeared in Flash Comics,"[[[null, null, ""Black_Canary_-LRB-comic_book-RRB-"", 0]]]",dev
281,,,,NOT ENOUGH INFO,"Claim: Farida Jalal received several awards for her work in the Telugu Film Awards and the Hindi Film Awards.

Evidence: [[[null, null, null, null]]]",,,,,0.0,,,,0.0,,fever,500281,Farida Jalal received several awards for her work in the Telugu Film Awards and the Hindi Film Awards.,"[[[null, null, null, null]]]",dev
282,,,,REFUTES,"Claim: One Dance reached number one in the Netherlands in the 2000s.

Evidence: [[[222928, 228038, ""One_Dance"", 0]], [[222928, 228039, ""One_Dance"", 17]], [[225540, 230170, ""One_Dance"", 0]], [[225540, 230171, ""One_Dance"", 6]], [[225540, 230172, ""One_Dance"", 21]], [[225540, 230173, ""One_Dance"", 17]], [[225540, 230174, ""One_Dance"", 14]], [[317983, 306995, ""One_Dance"", 0]], [[317983, 306996, ""One_Dance"", 6]], [[317988, 306998, ""One_Dance"", 0]], [[317988, 306999, ""One_Dance"", 6]]]",,,,,0.0,,,,0.0,,fever,500282,One Dance reached number one in the Netherlands in the 2000s.,"[[[222928, 228038, ""One_Dance"", 0]], [[222928, 228039, ""One_Dance"", 17]], [[225540, 230170, ""One_Dance"", 0]], [[225540, 230171, ""One_Dance"", 6]], [[225540, 230172, ""One_Dance"", 21]], [[225540, 230173, ""One_Dance"", 17]], [[225540, 230174, ""One_Dance"", 14]], [[317983, 306995, ""One_Dance"", 0]], [[317983, 306996, ""One_Dance"", 6]], [[317988, 306998, ""One_Dance"", 0]], [[317988, 306999, ""One_Dance"", 6]]]",dev
283,,,,NOT ENOUGH INFO,"Claim: Friday the 13th is the approximate time at which the person Caleb McLaughlin started living.

Evidence: [[[272099, null, null, null], [272102, null, null, null]]]",,,,,0.0,,,,0.0,,fever,500283,Friday the 13th is the approximate time at which the person Caleb McLaughlin started living.,"[[[272099, null, null, null], [272102, null, null, null]]]",dev
284,,,,REFUTES,"Claim: Prague's historic center was first included in the UNESCO list of World Heritage Sites in the 2010s.

Evidence: [[[40412, 48631, ""Prague"", 16]], [[43474, 52117, ""Prague"", 16]], [[45690, 54557, ""Prague"", 16]], [[302099, 293153, ""Prague"", 16]], [[302100, 293154, ""Prague"", 16]], [[304710, 295516, ""Prague"", 16]]]",,,,,0.0,,,,0.0,,fever,500284,Prague's historic center was first included in the UNESCO list of World Heritage Sites in the 2010s.,"[[[40412, 48631, ""Prague"", 16]], [[43474, 52117, ""Prague"", 16]], [[45690, 54557, ""Prague"", 16]], [[302099, 293153, ""Prague"", 16]], [[302100, 293154, ""Prague"", 16]], [[304710, 295516, ""Prague"", 16]]]",dev
285,,,,NOT ENOUGH INFO,"Claim: There existed a Bollywood film, it went by the name of The Invisible Man.

Evidence: [[[93703, null, null, null]]]",,,,,0.0,,,,0.0,,fever,500285,"There existed a Bollywood film, it went by the name of The Invisible Man.","[[[93703, null, null, null]]]",dev
286,,,,SUPPORTS,"Claim: November 10, 1994 is not the approximate time at which the person Zoey Deutch took their final breath.

Evidence: [[[64257, 75005, ""Zoey_Deutch"", 0]], [[64259, 75006, ""Zoey_Deutch"", 0], [64259, 75006, ""Zoey_Deutch"", 1], [64259, 75006, ""Zoey_Deutch"", 4]]]",,,,,0.0,,,,0.0,,fever,500286,"November 10, 1994 is not the approximate time at which the person Zoey Deutch took their final breath.","[[[64257, 75005, ""Zoey_Deutch"", 0]], [[64259, 75006, ""Zoey_Deutch"", 0], [64259, 75006, ""Zoey_Deutch"", 1], [64259, 75006, ""Zoey_Deutch"", 4]]]",dev
287,,,,NOT ENOUGH INFO,"Claim: There is a National Council, it is called UNICEF UK.

Evidence: [[[266477, null, null, null]]]",,,,,0.0,,,,0.0,,fever,500287,"There is a National Council, it is called UNICEF UK.","[[[266477, null, null, null]]]",dev
288,,,,SUPPORTS,"Claim: Recognition has been given to Bala for his labor

Evidence: [[[226612, 231145, ""Bala_-LRB-director-RRB-"", 2]]]",,,,,0.0,,,,0.0,,fever,500288,Recognition has been given to Bala for his labor,"[[[226612, 231145, ""Bala_-LRB-director-RRB-"", 2]]]",dev
289,,,,Not Enough Info,"Claim: The area of Saccodon is larger than the area of Majhot.

Evidence: [[[174, 413, null, null]]]",,,,,0.0,,,,0.0,,fever,500289,The area of Saccodon is larger than the area of Majhot.,"[[[174, 413, null, null]]]",dev
290,,,,NOT ENOUGH INFO,"Claim: Sheryl Lee appeared in a film written and directed by a person who was ranked as the third-greatest comedian by a UK survey

Evidence: [[[null, null, ""Starrcade"", -1]]]",,,,,0.0,,,,0.0,,fever,500290,Sheryl Lee appeared in a film written and directed by a person who was ranked as the third-greatest comedian by a UK survey,"[[[null, null, ""Starrcade"", -1]]]",dev
291,,,,REFUTES,"Claim: Road House an action film by Hollywood director and writer currently residing in Rochester , New York.

Evidence: [[[null, null, ""Rowdy_Herrington"", 0], [null, null, ""Road_House_-LRB-1989_film-RRB-"", 0]]]",,,,,0.0,,,,0.0,,fever,500291,"Road House an action film by Hollywood director and writer currently residing in Rochester , New York.","[[[null, null, ""Rowdy_Herrington"", 0], [null, null, ""Road_House_-LRB-1989_film-RRB-"", 0]]]",dev
292,,,,SUPPORTS,"Claim: There existed a uniform system of writing established in the Qin dynasty, it went by the name of There.

Evidence: [[[69489, 80301, ""Qin_dynasty"", 21]]]",,,,,0.0,,,,0.0,,fever,500292,"There existed a uniform system of writing established in the Qin dynasty, it went by the name of There.","[[[69489, 80301, ""Qin_dynasty"", 21]]]",dev
293,,,,SUPPORTS,"Claim: Coeliac disease is treated by preserving a healthy diet

Evidence: [[[165919, 179876, ""Coeliac_disease"", 26]]]",,,,,0.0,,,,0.0,,fever,500293,Coeliac disease is treated by preserving a healthy diet,"[[[165919, 179876, ""Coeliac_disease"", 26]]]",dev
294,,,,SUPPORTS,"Claim: Taran Killam is an American writer known for his television work on an American live action sketch comedy and variety show created by Dan Schneider 

Evidence: [[[null, null, ""Taran_Killam"", 0], [null, null, ""The_Amanda_Show"", 0]]]",,,,,0.0,,,,0.0,,fever,500294,Taran Killam is an American writer known for his television work on an American live action sketch comedy and variety show created by Dan Schneider ,"[[[null, null, ""Taran_Killam"", 0], [null, null, ""The_Amanda_Show"", 0]]]",dev
295,,,,REFUTES,"Claim: There exists a 1937 adaptation of The Tempest, it goes by the name of Caesar.

Evidence: [[[13294, 16639, ""Caesar_-LRB-Mercury_Theatre-RRB-"", 0]], [[22517, 27747, ""Caesar_-LRB-Mercury_Theatre-RRB-"", 0]], [[50721, 60335, ""Caesar_-LRB-Mercury_Theatre-RRB-"", 0]], [[326757, 314186, ""Caesar_-LRB-Mercury_Theatre-RRB-"", 0]]]",,,,,0.0,,,,0.0,,fever,500295,"There exists a 1937 adaptation of The Tempest, it goes by the name of Caesar.","[[[13294, 16639, ""Caesar_-LRB-Mercury_Theatre-RRB-"", 0]], [[22517, 27747, ""Caesar_-LRB-Mercury_Theatre-RRB-"", 0]], [[50721, 60335, ""Caesar_-LRB-Mercury_Theatre-RRB-"", 0]], [[326757, 314186, ""Caesar_-LRB-Mercury_Theatre-RRB-"", 0]]]",dev
296,,,,REFUTES,"Claim: Marjorie Gross was a writer and is unable to write.

Evidence: [[[79303, 90978, ""Marjorie_Gross"", 0]], [[79303, 90979, ""Marjorie_Gross"", 1]]]",,,,,0.0,,,,0.0,,fever,500296,Marjorie Gross was a writer and is unable to write.,"[[[79303, 90978, ""Marjorie_Gross"", 0]], [[79303, 90979, ""Marjorie_Gross"", 1]]]",dev
297,,,,SUPPORTS,"Claim: Queen Elizabeth was born after her father became Duke of York.

Evidence: [[[0, 0, ""Elizabeth_II"", 4], [0, 0, ""Elizabeth_II"", 0], [0, 0, ""George_VI"", 7]], [[0, 0, ""George_VI"", 28], [0, 0, ""Elizabeth_II"", 0], [0, 0, ""George_VI"", 7]]]",,,,,0.0,,,,0.0,,fever,500297,Queen Elizabeth was born after her father became Duke of York.,"[[[0, 0, ""Elizabeth_II"", 4], [0, 0, ""Elizabeth_II"", 0], [0, 0, ""George_VI"", 7]], [[0, 0, ""George_VI"", 28], [0, 0, ""Elizabeth_II"", 0], [0, 0, ""George_VI"", 7]]]",dev
298,,,,SUPPORTS,"Claim: The Incredibles 2 will be shown on a 70 mm motion picture film format and a set of cinema projection standards developed in Canada in the late 1960s and early 1970s by Graeme Ferguson , Roman Kroitor , Robert Kerr , and William C. Shaw .

Evidence: [[[null, null, ""The_Incredibles_2"", 3], [null, null, ""IMAX"", 0]]]",,,,,0.0,,,,0.0,,fever,500298,"The Incredibles 2 will be shown on a 70 mm motion picture film format and a set of cinema projection standards developed in Canada in the late 1960s and early 1970s by Graeme Ferguson , Roman Kroitor , Robert Kerr , and William C. Shaw .","[[[null, null, ""The_Incredibles_2"", 3], [null, null, ""IMAX"", 0]]]",dev
299,,,,Not Enough Info,"Claim: Asclepiads were originally a biological family.

Evidence: [[[48, 87, null, null]]]",,,,,0.0,,,,0.0,,fever,500299,Asclepiads were originally a biological family.,"[[[48, 87, null, null]]]",dev
300,,,,REFUTES,"Claim: There is not a politician called Loretta Sanchez.

Evidence: [[[24697, 30495, ""Loretta_Sanchez"", 0]]]",,,,,0.0,,,,0.0,,fever,500300,There is not a politician called Loretta Sanchez.,"[[[24697, 30495, ""Loretta_Sanchez"", 0]]]",dev
301,,,,SUPPORTS,"Claim: The area of Province of Vicenza is larger than the area of Ateli.

Evidence: [[[78, 127, ""Province_of_Vicenza"", 4], [78, 128, ""Mahendragarh_district"", 1], [78, 129, ""Ateli"", 0]]]",,,,,0.0,,,,0.0,,fever,500301,The area of Province of Vicenza is larger than the area of Ateli.,"[[[78, 127, ""Province_of_Vicenza"", 4], [78, 128, ""Mahendragarh_district"", 1], [78, 129, ""Ateli"", 0]]]",dev
302,,,,REFUTES,"Claim: Syracuse, New York, had a sparse metropolitan population of three hundred fifty before 2020 and after 2010.

Evidence: [[[198037, 207981, ""Syracuse,_New_York"", 2]]]",,,,,0.0,,,,0.0,,fever,500302,"Syracuse, New York, had a sparse metropolitan population of three hundred fifty before 2020 and after 2010.","[[[198037, 207981, ""Syracuse,_New_York"", 2]]]",dev
303,,,,REFUTES,"Claim: Balibo (film) involves zero person who collects , writes , or distributes news or other current information to the public.

Evidence: [[[null, null, ""Balibo_-LRB-film-RRB-"", 0], [null, null, ""Journalist"", 0]]]",,,,,0.0,,,,0.0,,fever,500303,"Balibo (film) involves zero person who collects , writes , or distributes news or other current information to the public.","[[[null, null, ""Balibo_-LRB-film-RRB-"", 0], [null, null, ""Journalist"", 0]]]",dev
304,,,,NOT ENOUGH INFO,"Claim: There is an architect called Faye Resnick.

Evidence: [[[47106, null, null, null]]]",,,,,0.0,,,,0.0,,fever,500304,There is an architect called Faye Resnick.,"[[[47106, null, null, null]]]",dev
305,,,,NOT ENOUGH INFO,"Claim: Harold Macmillan only served as the President of the the country which ruled over India till 1947.

Evidence: [[[null, null, ""Starrcade"", -1]]]",,,,,0.0,,,,0.0,,fever,500305,Harold Macmillan only served as the President of the the country which ruled over India till 1947.,"[[[null, null, ""Starrcade"", -1]]]",dev
306,,,,SUPPORTS,"Claim: There exists a film called Mutiny on the Bounty.

Evidence: [[[26725, 32802, ""Mutiny_on_the_Bounty_-LRB-1962_film-RRB-"", 0]], [[26725, 32803, ""Mutiny_on_the_Bounty_-LRB-1962_film-RRB-"", 3]], [[26725, 32804, ""Mutiny_on_the_Bounty_-LRB-1962_film-RRB-"", 4]], [[26725, 32805, ""Mutiny_on_the_Bounty_-LRB-1962_film-RRB-"", 12]], [[26725, 32806, ""Mutiny_on_the_Bounty_-LRB-1962_film-RRB-"", 15]], [[26725, 32807, ""Mutiny_on_the_Bounty_-LRB-1962_film-RRB-"", 18]], [[26725, 32808, ""Mutiny_on_the_Bounty_-LRB-1962_film-RRB-"", 19]]]",,,,,0.0,,,,0.0,,fever,500306,There exists a film called Mutiny on the Bounty.,"[[[26725, 32802, ""Mutiny_on_the_Bounty_-LRB-1962_film-RRB-"", 0]], [[26725, 32803, ""Mutiny_on_the_Bounty_-LRB-1962_film-RRB-"", 3]], [[26725, 32804, ""Mutiny_on_the_Bounty_-LRB-1962_film-RRB-"", 4]], [[26725, 32805, ""Mutiny_on_the_Bounty_-LRB-1962_film-RRB-"", 12]], [[26725, 32806, ""Mutiny_on_the_Bounty_-LRB-1962_film-RRB-"", 15]], [[26725, 32807, ""Mutiny_on_the_Bounty_-LRB-1962_film-RRB-"", 18]], [[26725, 32808, ""Mutiny_on_the_Bounty_-LRB-1962_film-RRB-"", 19]]]",dev
307,,,,REFUTES,"Claim: University of Chicago Law School is ranked first for ""Faculty quality based on Canadian Academy of Arts and Sciences Membership.""

Evidence: [[[43543, 52194, ""University_of_Chicago_Law_School"", 6]]]",,,,,0.0,,,,0.0,,fever,500307,"University of Chicago Law School is ranked first for ""Faculty quality based on Canadian Academy of Arts and Sciences Membership.""","[[[43543, 52194, ""University_of_Chicago_Law_School"", 6]]]",dev
308,,,,NOT ENOUGH INFO,"Claim: Topman belongs to a British multinational retailing company and is part of a retailing company.

Evidence: [[[null, null, null, null]]]",,,,,0.0,,,,0.0,,fever,500308,Topman belongs to a British multinational retailing company and is part of a retailing company.,"[[[null, null, null, null]]]",dev
309,,,,REFUTES,"Claim: The younger brother of Ayushmann Khurrana directed Dangal.

Evidence: [[[null, null, ""Aparshakti_Khurana"", 1], [null, null, ""Aparshakti_Khurana"", 2], [null, null, ""Dangal_-LRB-film-RRB-"", 0]]]",,,,,0.0,,,,0.0,,fever,500309,The younger brother of Ayushmann Khurrana directed Dangal.,"[[[null, null, ""Aparshakti_Khurana"", 1], [null, null, ""Aparshakti_Khurana"", 2], [null, null, ""Dangal_-LRB-film-RRB-"", 0]]]",dev
310,,,,REFUTES,"Claim: An actor who ranked 28th on Forbes magazine 's ranking of world 's highest paid actors from June 2014 to June 2015 , bringing in $ 16million never shared a movie with Leonardo DiCaprio.

Evidence: [[[null, null, ""Jonah_Hill"", 4], [null, null, ""The_Wolf_of_Wall_Street_-LRB-2013_film-RRB-"", 2]]]",,,,,0.0,,,,0.0,,fever,500310,"An actor who ranked 28th on Forbes magazine 's ranking of world 's highest paid actors from June 2014 to June 2015 , bringing in $ 16million never shared a movie with Leonardo DiCaprio.","[[[null, null, ""Jonah_Hill"", 4], [null, null, ""The_Wolf_of_Wall_Street_-LRB-2013_film-RRB-"", 2]]]",dev
311,,,,SUPPORTS,"Claim: Lhotse is lower than Mount Everest.

Evidence: [[[null, null, ""Lhotse"", ""0 ""]]]",,,,,0.0,,,,0.0,,fever,500311,Lhotse is lower than Mount Everest.,"[[[null, null, ""Lhotse"", ""0 ""]]]",dev
312,,,,SUPPORTS,"Claim: There exists an actor, it goes by the name of Jonah Hill.

Evidence: [[[290605, 283599, ""Jonah_Hill"", 0]], [[290605, 283600, ""Jonah_Hill"", 1]], [[290605, 283601, ""Jonah_Hill"", 4]], [[290605, 283602, ""Jonah_Hill"", 5]], [[292019, 284860, ""Jonah_Hill"", 0]], [[294014, 286401, ""Jonah_Hill"", 0]], [[338882, 323939, ""Jonah_Hill"", 0]], [[338882, 323940, ""Jonah_Hill"", 1]], [[338882, 323941, ""Jonah_Hill"", 4]], [[338883, 323942, ""Jonah_Hill"", 0]], [[338883, 323943, ""Jonah_Hill"", 1]], [[338883, 323944, ""Jonah_Hill"", 4]], [[338883, 323945, ""Jonah_Hill"", 5], [338883, 323945, ""21_Jump_Street_-LRB-film-RRB-"", 0]], [[338884, 323946, ""Jonah_Hill"", 0]], [[338884, 323947, ""Jonah_Hill"", 1]], [[338884, 323948, ""Jonah_Hill"", 4]], [[338885, 323949, ""Jonah_Hill"", 0]], [[338885, 323950, ""Jonah_Hill"", 1]], [[338885, 323951, ""Jonah_Hill"", 4]], [[338885, 323952, ""Jonah_Hill"", 5]], [[338888, 323955, ""Jonah_Hill"", 0]], [[338888, 323956, ""Jonah_Hill"", 1]], [[338888, 323957, ""Jonah_Hill"", 4]]]",,,,,0.0,,,,0.0,,fever,500312,"There exists an actor, it goes by the name of Jonah Hill.","[[[290605, 283599, ""Jonah_Hill"", 0]], [[290605, 283600, ""Jonah_Hill"", 1]], [[290605, 283601, ""Jonah_Hill"", 4]], [[290605, 283602, ""Jonah_Hill"", 5]], [[292019, 284860, ""Jonah_Hill"", 0]], [[294014, 286401, ""Jonah_Hill"", 0]], [[338882, 323939, ""Jonah_Hill"", 0]], [[338882, 323940, ""Jonah_Hill"", 1]], [[338882, 323941, ""Jonah_Hill"", 4]], [[338883, 323942, ""Jonah_Hill"", 0]], [[338883, 323943, ""Jonah_Hill"", 1]], [[338883, 323944, ""Jonah_Hill"", 4]], [[338883, 323945, ""Jonah_Hill"", 5], [338883, 323945, ""21_Jump_Street_-LRB-film-RRB-"", 0]], [[338884, 323946, ""Jonah_Hill"", 0]], [[338884, 323947, ""Jonah_Hill"", 1]], [[338884, 323948, ""Jonah_Hill"", 4]], [[338885, 323949, ""Jonah_Hill"", 0]], [[338885, 323950, ""Jonah_Hill"", 1]], [[338885, 323951, ""Jonah_Hill"", 4]], [[338885, 323952, ""Jonah_Hill"", 5]], [[338888, 323955, ""Jonah_Hill"", 0]], [[338888, 323956, ""Jonah_Hill"", 1]], [[338888, 323957, ""Jonah_Hill"", 4]]]",dev
313,,,,NOT ENOUGH INFO,"Claim: The first modern national university established in China is in the world's most populous office building.

Evidence: [[[null, null, ""Starrcade"", -1]]]",,,,,0.0,,,,0.0,,fever,500313,The first modern national university established in China is in the world's most populous office building.,"[[[null, null, ""Starrcade"", -1]]]",dev
314,,,,REFUTES,"Claim: The person best known for co-creating  a musical comedy about two young Mormon missionaries who travel to Africa to preach the Mormon religion was born February 2, 1975

Evidence: [[[null, null, ""Robert_Lopez"", 0], [null, null, ""The_Book_of_Mormon_-LRB-musical-RRB-"", 0]]]",,,,,0.0,,,,0.0,,fever,500314,"The person best known for co-creating  a musical comedy about two young Mormon missionaries who travel to Africa to preach the Mormon religion was born February 2, 1975","[[[null, null, ""Robert_Lopez"", 0], [null, null, ""The_Book_of_Mormon_-LRB-musical-RRB-"", 0]]]",dev
315,,,,NOT ENOUGH INFO,"Claim: The Thin Red Line (1998 film) features a performance by only one American actor.

Evidence: [[[null, null, ""Onepiece"", -1]]]",,,,,0.0,,,,0.0,,fever,500315,The Thin Red Line (1998 film) features a performance by only one American actor.,"[[[null, null, ""Onepiece"", -1]]]",dev
316,,,,REFUTES,"Claim: There exists no remix album called Reanimation called There.

Evidence: [[[72123, 83112, ""Reanimation_-LRB-Linkin_Park_album-RRB-"", 0]]]",,,,,0.0,,,,0.0,,fever,500316,There exists no remix album called Reanimation called There.,"[[[72123, 83112, ""Reanimation_-LRB-Linkin_Park_album-RRB-"", 0]]]",dev
317,,,,REFUTES,"Claim: Caleb McLaughlin was never born

Evidence: [[[272060, 267791, ""Caleb_McLaughlin"", 0]], [[272061, 267792, ""Caleb_McLaughlin"", 0]]]",,,,,0.0,,,,0.0,,fever,500317,Caleb McLaughlin was never born,"[[[272060, 267791, ""Caleb_McLaughlin"", 0]], [[272061, 267792, ""Caleb_McLaughlin"", 0]]]",dev
318,,,,SUPPORTS,"Claim: Villa Park hosted the 90th FA Community Shield 4 years before 2016.

Evidence: [[[85089, 97362, ""Villa_Park"", 14]]]",,,,,0.0,,,,0.0,,fever,500318,Villa Park hosted the 90th FA Community Shield 4 years before 2016.,"[[[85089, 97362, ""Villa_Park"", 14]]]",dev
319,,,,REFUTES,"Claim: Moonlight was not filmed in any seaport city at the southeastern corner of the U.S. state of Florida and its Atlantic coast

Evidence: [[[null, null, ""Moonlight_-LRB-2016_film-RRB-"", 6], [null, null, ""Miami"", 0]]]",,,,,0.0,,,,0.0,,fever,500319,Moonlight was not filmed in any seaport city at the southeastern corner of the U.S. state of Florida and its Atlantic coast,"[[[null, null, ""Moonlight_-LRB-2016_film-RRB-"", 6], [null, null, ""Miami"", 0]]]",dev
320,,,,NOT ENOUGH INFO,"Claim: There exists a farmer, it goes by the name of John Frusciante.

Evidence: [[[117035, null, null, null]]]",,,,,0.0,,,,0.0,,fever,500320,"There exists a farmer, it goes by the name of John Frusciante.","[[[117035, null, null, null]]]",dev
321,,,,REFUTES,"Claim: There does not exist an American that goes by the name of Vic Mensa.

Evidence: [[[208746, 216723, ""Vic_Mensa"", 0]]]",,,,,0.0,,,,0.0,,fever,500321,There does not exist an American that goes by the name of Vic Mensa.,"[[[208746, 216723, ""Vic_Mensa"", 0]]]",dev
322,,,,REFUTES,"Claim: The House of the Spirits is about the life of a young lady named Clara during the military authoritarian in pig

Evidence: [[[165897, 179863, ""The_House_of_the_Spirits_-LRB-film-RRB-"", 4], [165897, 179863, ""The_House_of_the_Spirits_-LRB-film-RRB-"", 0]]]",,,,,0.0,,,,0.0,,fever,500322,The House of the Spirits is about the life of a young lady named Clara during the military authoritarian in pig,"[[[165897, 179863, ""The_House_of_the_Spirits_-LRB-film-RRB-"", 4], [165897, 179863, ""The_House_of_the_Spirits_-LRB-film-RRB-"", 0]]]",dev
323,,,,SUPPORTS,"Claim: Ctesiphon was an orator in Athens during the reign of Alexander the Great

Evidence: [[[49192, 58517, ""Ctesiphon_-LRB-orator-RRB-"", 0]]]",,,,,0.0,,,,0.0,,fever,500323,Ctesiphon was an orator in Athens during the reign of Alexander the Great,"[[[49192, 58517, ""Ctesiphon_-LRB-orator-RRB-"", 0]]]",dev
324,,,,REFUTES,"Claim: The Woman in Black was abandoned by Hammer Film Productions after 2000 in favor of working on Freddie vs. Jason.

Evidence: [[[195186, 205506, ""Hammer_Film_Productions"", 17]], [[195189, 205508, ""Hammer_Film_Productions"", 17]], [[195217, 205530, ""Hammer_Film_Productions"", 17]]]",,,,,0.0,,,,0.0,,fever,500324,The Woman in Black was abandoned by Hammer Film Productions after 2000 in favor of working on Freddie vs. Jason.,"[[[195186, 205506, ""Hammer_Film_Productions"", 17]], [[195189, 205508, ""Hammer_Film_Productions"", 17]], [[195217, 205530, ""Hammer_Film_Productions"", 17]]]",dev
325,,,,NOT ENOUGH INFO,"Claim: One of Macklemore's singles was number one in Canada between 2006 and 2014.

Evidence: [[[179017, null, ""Macklemore_&_Ryan_Lewis"", -1]]]",,,,,0.0,,,,0.0,,fever,500325,One of Macklemore's singles was number one in Canada between 2006 and 2014.,"[[[179017, null, ""Macklemore_&_Ryan_Lewis"", -1]]]",dev
326,,,,SUPPORTS,"Claim: There did not exist a science fiction horror television series that goes by the name of The Invisible Man.

Evidence: [[[142215, 157425, ""The_Invisible_Man_-LRB-film-RRB-"", 0]]]",,,,,0.0,,,,0.0,,fever,500326,There did not exist a science fiction horror television series that goes by the name of The Invisible Man.,"[[[142215, 157425, ""The_Invisible_Man_-LRB-film-RRB-"", 0]]]",dev
327,,,,SUPPORTS,"Claim: The Invisible Man definitely was not a science fiction horror television series.

Evidence: [[[142215, 157425, ""The_Invisible_Man_-LRB-film-RRB-"", 0]]]",,,,,0.0,,,,0.0,,fever,500327,The Invisible Man definitely was not a science fiction horror television series.,"[[[142215, 157425, ""The_Invisible_Man_-LRB-film-RRB-"", 0]]]",dev
328,,,,SUPPORTS,"Claim: There does not exist a town that goes by the name of Manchester by the Sea.

Evidence: [[[145748, 160769, ""Manchester_by_the_Sea_-LRB-film-RRB-"", 0]]]",,,,,0.0,,,,0.0,,fever,500328,There does not exist a town that goes by the name of Manchester by the Sea.,"[[[145748, 160769, ""Manchester_by_the_Sea_-LRB-film-RRB-"", 0]]]",dev
329,,,,REFUTES,"Claim: the 2000s is not the approximate time at which the person James, Viscount Severn was born.

Evidence: [[[103376, 116787, ""James,_Viscount_Severn"", 0]]]",,,,,0.0,,,,0.0,,fever,500329,"the 2000s is not the approximate time at which the person James, Viscount Severn was born.","[[[103376, 116787, ""James,_Viscount_Severn"", 0]]]",dev
330,,,,REFUTES,"Claim: The area of Sắc Tứ Tam Bảo Temple is larger than the area of Diyarbakır Province.

Evidence: [[[172, 409, ""Diyarbak\u0131r_Province"", 1], [172, 410, ""Ki\u00ean_Giang_Province"", 3], [172, 411, ""S\u1eafc_T\u1ee9_Tam_B\u1ea3o_Temple"", 0]]]",,,,,0.0,,,,0.0,,fever,500330,The area of Sắc Tứ Tam Bảo Temple is larger than the area of Diyarbakır Province.,"[[[172, 409, ""Diyarbak\u0131r_Province"", 1], [172, 410, ""Ki\u00ean_Giang_Province"", 3], [172, 411, ""S\u1eafc_T\u1ee9_Tam_B\u1ea3o_Temple"", 0]]]",dev
331,,,,NOT ENOUGH INFO,"Claim: There exists a township that goes by the name of Birmingham.

Evidence: [[[140323, null, null, null]]]",,,,,0.0,,,,0.0,,fever,500331,There exists a township that goes by the name of Birmingham.,"[[[140323, null, null, null]]]",dev
332,,,,SUPPORTS,"Claim: The English Wikipedia is definitely not an edition of a free online almanac.

Evidence: [[[175104, 188156, ""English_Wikipedia"", 0]]]",,,,,0.0,,,,0.0,,fever,500332,The English Wikipedia is definitely not an edition of a free online almanac.,"[[[175104, 188156, ""English_Wikipedia"", 0]]]",dev
333,,,,REFUTES,"Claim: PacSun is not headquartered in a city in Orange County , California , part of the Los Angeles metropolitan area

Evidence: [[[null, null, ""PacSun"", 3], [null, null, ""Anaheim,_California"", 0]]]",,,,,0.0,,,,0.0,,fever,500333,"PacSun is not headquartered in a city in Orange County , California , part of the Los Angeles metropolitan area","[[[null, null, ""PacSun"", 3], [null, null, ""Anaheim,_California"", 0]]]",dev
334,,,,NOT ENOUGH INFO,"Claim: There is an American author with five kids called Dan Brown.

Evidence: [[[218871, null, null, null]]]",,,,,0.0,,,,0.0,,fever,500334,There is an American author with five kids called Dan Brown.,"[[[218871, null, null, null]]]",dev
335,,,,SUPPORTS,"Claim: There is not a global energy company called Live Nation Entertainment.

Evidence: [[[225325, 230002, ""Live_Nation_Entertainment"", 0]]]",,,,,0.0,,,,0.0,,fever,500335,There is not a global energy company called Live Nation Entertainment.,"[[[225325, 230002, ""Live_Nation_Entertainment"", 0]]]",dev
336,,,,NOT ENOUGH INFO,"Claim: Thomas Jefferson helped to organize a political party which became a formal party during the second term of U.S president Andrew Jackson.

Evidence: [[[null, null, ""Starrcade"", -1]]]",,,,,0.0,,,,0.0,,fever,500336,Thomas Jefferson helped to organize a political party which became a formal party during the second term of U.S president Andrew Jackson.,"[[[null, null, ""Starrcade"", -1]]]",dev
337,,,,NOT ENOUGH INFO,"Claim: Villa Park hosted the President of Turkey during her 2012 visit to the country which hosted the 2012 Summer Olympic Games.

Evidence: [[[null, null, ""Starrcade"", -1]]]",,,,,0.0,,,,0.0,,fever,500337,Villa Park hosted the President of Turkey during her 2012 visit to the country which hosted the 2012 Summer Olympic Games.,"[[[null, null, ""Starrcade"", -1]]]",dev
338,,,,REFUTES,"Claim: The Nice Guys is not an American comedy film.

Evidence: [[[25877, 31820, ""The_Nice_Guys"", 0]]]",,,,,0.0,,,,0.0,,fever,500338,The Nice Guys is not an American comedy film.,"[[[25877, 31820, ""The_Nice_Guys"", 0]]]",dev
339,,,,REFUTES,"Claim: Chris Bosh won his first NBA Finals title in the first-decade of the twenty-first century.

Evidence: [[[112956, 126801, ""Chris_Bosh"", 8]], [[112956, 126802, ""Chris_Bosh"", 9]]]",,,,,0.0,,,,0.0,,fever,500339,Chris Bosh won his first NBA Finals title in the first-decade of the twenty-first century.,"[[[112956, 126801, ""Chris_Bosh"", 8]], [[112956, 126802, ""Chris_Bosh"", 9]]]",dev
340,,,,REFUTES,"Claim: The area of Nove is larger than the area of Nandurbar district.

Evidence: [[[137, 304, ""Nandurbar_district"", 3], [137, 305, ""Province_of_Vicenza"", 4], [137, 306, ""Nove"", 0]]]",,,,,0.0,,,,0.0,,fever,500340,The area of Nove is larger than the area of Nandurbar district.,"[[[137, 304, ""Nandurbar_district"", 3], [137, 305, ""Province_of_Vicenza"", 4], [137, 306, ""Nove"", 0]]]",dev
341,,,,SUPPORTS,"Claim: There is a movie called Trouble with the Curve, a squid has no involvement in its production.

Evidence: [[[142062, 157309, ""Trouble_with_the_Curve"", 0]]]",,,,,0.0,,,,0.0,,fever,500341,"There is a movie called Trouble with the Curve, a squid has no involvement in its production.","[[[142062, 157309, ""Trouble_with_the_Curve"", 0]]]",dev
342,,,,REFUTES,"Claim: There is not a film that is categorized as a slasher called Scream 2.

Evidence: [[[198861, 208567, ""Scream_2"", 0]]]",,,,,0.0,,,,0.0,,fever,500342,There is not a film that is categorized as a slasher called Scream 2.,"[[[198861, 208567, ""Scream_2"", 0]]]",dev
343,,,,SUPPORTS,"Claim: Elizabeth II became the longest-reigning queen more than 90 years after her father was married.

Evidence: [[[0, 0, ""Elizabeth_II"", 4], [0, 0, ""Elizabeth_II"", 14], [0, 0, ""George_VI"", 8]], [[0, 0, ""George_VI"", 28], [0, 0, ""Elizabeth_II"", 14], [0, 0, ""George_VI"", 8]]]",,,,,0.0,,,,0.0,,fever,500343,Elizabeth II became the longest-reigning queen more than 90 years after her father was married.,"[[[0, 0, ""Elizabeth_II"", 4], [0, 0, ""Elizabeth_II"", 14], [0, 0, ""George_VI"", 8]], [[0, 0, ""George_VI"", 28], [0, 0, ""Elizabeth_II"", 14], [0, 0, ""George_VI"", 8]]]",dev
344,,,,NOT ENOUGH INFO,"Claim: There exists a former Lawrence Kotkin Associates bond trader called Leslie Alexander.

Evidence: [[[117631, null, null, null], [122271, null, null, null], [308582, null, null, null], [310224, null, null, null], [310541, null, null, null]]]",,,,,0.0,,,,0.0,,fever,500344,There exists a former Lawrence Kotkin Associates bond trader called Leslie Alexander.,"[[[117631, null, null, null], [122271, null, null, null], [308582, null, null, null], [310224, null, null, null], [310541, null, null, null]]]",dev
345,,,,NOT ENOUGH INFO,"Claim: There exists an American automobile that goes by the name of Chinatown.

Evidence: [[[269153, null, null, null]]]",,,,,0.0,,,,0.0,,fever,500345,There exists an American automobile that goes by the name of Chinatown.,"[[[269153, null, null, null]]]",dev
346,,,,NOT ENOUGH INFO,"Claim: There is a religious leader called William Cohen.

Evidence: [[[220648, null, null, null]]]",,,,,0.0,,,,0.0,,fever,500346,There is a religious leader called William Cohen.,"[[[220648, null, null, null]]]",dev
347,,,,REFUTES,"Claim: The ruins of the ancient Roman town of Herculaneum were teleported to a location away from Naples

Evidence: [[[12884, 16055, ""Naples"", 34], [12884, 16055, ""Herculaneum"", 0]]]",,,,,0.0,,,,0.0,,fever,500347,The ruins of the ancient Roman town of Herculaneum were teleported to a location away from Naples,"[[[12884, 16055, ""Naples"", 34], [12884, 16055, ""Herculaneum"", 0]]]",dev
348,,,,REFUTES,"Claim: The Woman in Black was abandoned by Hammer Film Productions 3 years before 2015 in favor of working on Freddie vs. Jason.

Evidence: [[[195186, 205506, ""Hammer_Film_Productions"", 17]], [[195189, 205508, ""Hammer_Film_Productions"", 17]], [[195217, 205530, ""Hammer_Film_Productions"", 17]]]",,,,,0.0,,,,0.0,,fever,500348,The Woman in Black was abandoned by Hammer Film Productions 3 years before 2015 in favor of working on Freddie vs. Jason.,"[[[195186, 205506, ""Hammer_Film_Productions"", 17]], [[195189, 205508, ""Hammer_Film_Productions"", 17]], [[195217, 205530, ""Hammer_Film_Productions"", 17]]]",dev
349,,,,NOT ENOUGH INFO,"Claim: There is a Chinese singer called Jiang Wen.

Evidence: [[[197911, null, null, null]]]",,,,,0.0,,,,0.0,,fever,500349,There is a Chinese singer called Jiang Wen.,"[[[197911, null, null, null]]]",dev
350,,,,REFUTES,"Claim: The Woman in Black was abandoned by Hammer Film Productions in the 2010s in favor of working on Freddie vs. Jason.

Evidence: [[[195186, 205506, ""Hammer_Film_Productions"", 17]], [[195189, 205508, ""Hammer_Film_Productions"", 17]], [[195217, 205530, ""Hammer_Film_Productions"", 17]]]",,,,,0.0,,,,0.0,,fever,500350,The Woman in Black was abandoned by Hammer Film Productions in the 2010s in favor of working on Freddie vs. Jason.,"[[[195186, 205506, ""Hammer_Film_Productions"", 17]], [[195189, 205508, ""Hammer_Film_Productions"", 17]], [[195217, 205530, ""Hammer_Film_Productions"", 17]]]",dev
351,,,,REFUTES,"Claim: The Hardest Logic Puzzle Ever is a puzzle in Italian with the closest Latin Romance to English in the languages it is based on.

Evidence: [[[null, null, ""The_Hardest_Logic_Puzzle_Ever"", ""0""], [null, null, ""The_Hardest_Logic_Puzzle_Ever"", ""2""]]]",,,,,0.0,,,,0.0,,fever,500351,The Hardest Logic Puzzle Ever is a puzzle in Italian with the closest Latin Romance to English in the languages it is based on.,"[[[null, null, ""The_Hardest_Logic_Puzzle_Ever"", ""0""], [null, null, ""The_Hardest_Logic_Puzzle_Ever"", ""2""]]]",dev
352,,,,NOT ENOUGH INFO,"Claim: Harris Jayaraj is an Indian man from a state in South India

Evidence: [[[null, null, ""Onepiece"", -1]]]",,,,,0.0,,,,0.0,,fever,500352,Harris Jayaraj is an Indian man from a state in South India,"[[[null, null, ""Onepiece"", -1]]]",dev
353,,,,REFUTES,"Claim: There exists a diet drink, it goes by the name of Touch My Body.

Evidence: [[[286878, 280348, ""Touch_My_Body"", 0]], [[288999, 282168, ""Touch_My_Body"", 0]], [[333923, 320091, ""Touch_My_Body"", 0]], [[334745, 320716, ""Touch_My_Body"", 0]], [[334745, 320717, ""Touch_My_Body"", 1]], [[334745, 320718, ""Touch_My_Body"", 12]]]",,,,,0.0,,,,0.0,,fever,500353,"There exists a diet drink, it goes by the name of Touch My Body.","[[[286878, 280348, ""Touch_My_Body"", 0]], [[288999, 282168, ""Touch_My_Body"", 0]], [[333923, 320091, ""Touch_My_Body"", 0]], [[334745, 320716, ""Touch_My_Body"", 0]], [[334745, 320717, ""Touch_My_Body"", 1]], [[334745, 320718, ""Touch_My_Body"", 12]]]",dev
354,,,,NOT ENOUGH INFO,"Claim: Vassilis Palaiokostas was also significant in his relationship with his brother, Nikos Palaiokostas, who established a close friendship with him in the prison and in the media.

Evidence: [[[null, null, null, null]]]",,,,,0.0,,,,0.0,,fever,500354,"Vassilis Palaiokostas was also significant in his relationship with his brother, Nikos Palaiokostas, who established a close friendship with him in the prison and in the media.","[[[null, null, null, null]]]",dev
355,,,,NOT ENOUGH INFO,"Claim: Sweet Home Alabama is a rock song that was written in reply to two songs from Neil Young's album Harvest and was written in reply to Neil Young's song Southern Man.

Evidence: [[[null, null, null, null]]]",,,,,0.0,,,,0.0,,fever,500355,Sweet Home Alabama is a rock song that was written in reply to two songs from Neil Young's album Harvest and was written in reply to Neil Young's song Southern Man.,"[[[null, null, null, null]]]",dev
356,,,,NOT ENOUGH INFO,"Claim: Oscar Isaac was the main character in Star Wars: The Force Awakens and was featured in Star Wars: The Force Awakens.

Evidence: [[[null, null, null, null]]]",,,,,0.0,,,,0.0,,fever,500356,Oscar Isaac was the main character in Star Wars: The Force Awakens and was featured in Star Wars: The Force Awakens.,"[[[null, null, null, null]]]",dev
357,,,,SUPPORTS,"Claim: The area of Burdur Province is larger than the area of San Cristóbal de La Laguna.

Evidence: [[[104, 205, ""Burdur_Province"", 1], [104, 206, ""Province_of_Santa_Cruz_de_Tenerife"", 2], [104, 207, ""San_Crist\u00f3bal_de_La_Laguna"", 0]]]",,,,,0.0,,,,0.0,,fever,500357,The area of Burdur Province is larger than the area of San Cristóbal de La Laguna.,"[[[104, 205, ""Burdur_Province"", 1], [104, 206, ""Province_of_Santa_Cruz_de_Tenerife"", 2], [104, 207, ""San_Crist\u00f3bal_de_La_Laguna"", 0]]]",dev
358,,,,NOT ENOUGH INFO,"Claim: Efraim Diveroli is an American citizen born in Miami.

Evidence: [[[null, null, ""Onepiece"", -1]]]",,,,,0.0,,,,0.0,,fever,500358,Efraim Diveroli is an American citizen born in Miami.,"[[[null, null, ""Onepiece"", -1]]]",dev
359,,,,NOT ENOUGH INFO,"Claim: There was an American singer, most famous for his album 'Graduation' called Sonny Bono.

Evidence: [[[84723, null, null, null], [84724, null, null, null]]]",,,,,0.0,,,,0.0,,fever,500359,"There was an American singer, most famous for his album 'Graduation' called Sonny Bono.","[[[84723, null, null, null], [84724, null, null, null]]]",dev
360,,,,NOT ENOUGH INFO,"Claim: There exists a rich company, it goes by the name of Planet Hollywood Las Vegas is owned by an American gaming corporation and it.

Evidence: [[[186331, null, null, null]]]",,,,,0.0,,,,0.0,,fever,500360,"There exists a rich company, it goes by the name of Planet Hollywood Las Vegas is owned by an American gaming corporation and it.","[[[186331, null, null, null]]]",dev
361,,,,SUPPORTS,"Claim: The area of Denizli Province is larger than the area of Shorapur.

Evidence: [[[75, 118, ""Denizli_Province"", 3], [75, 119, ""Yadgir_district"", 3], [75, 120, ""Shorapur"", 0]]]",,,,,0.0,,,,0.0,,fever,500361,The area of Denizli Province is larger than the area of Shorapur.,"[[[75, 118, ""Denizli_Province"", 3], [75, 119, ""Yadgir_district"", 3], [75, 120, ""Shorapur"", 0]]]",dev
362,,,,SUPPORTS,"Claim: There exists a mobile personal computer called The IPhone 4.

Evidence: [[[75082, 86306, ""IPhone_4"", 0], [75082, 86306, ""Smartphone"", 0]]]",,,,,0.0,,,,0.0,,fever,500362,There exists a mobile personal computer called The IPhone 4.,"[[[75082, 86306, ""IPhone_4"", 0], [75082, 86306, ""Smartphone"", 0]]]",dev
363,,,,NOT ENOUGH INFO,"Claim: The second largest sportswear manufacturer in the world also designs lingerie for women.

Evidence: [[[null, null, ""Starrcade"", -1]]]",,,,,0.0,,,,0.0,,fever,500363,The second largest sportswear manufacturer in the world also designs lingerie for women.,"[[[null, null, ""Starrcade"", -1]]]",dev
364,,,,NOT ENOUGH INFO,"Claim: Optical power budget is also used in the measurement of optical performance in the transmission system.

Evidence: [[[null, null, null, null]]]",,,,,0.0,,,,0.0,,fever,500364,Optical power budget is also used in the measurement of optical performance in the transmission system.,"[[[null, null, null, null]]]",dev
365,,,,NOT ENOUGH INFO,"Claim: The Battle of France between 1930 and 1936 is also known as the Fall of France.

Evidence: [[[111590, null, ""List_of_bomber_aircraft"", -1]]]",,,,,0.0,,,,0.0,,fever,500365,The Battle of France between 1930 and 1936 is also known as the Fall of France.,"[[[111590, null, ""List_of_bomber_aircraft"", -1]]]",dev
366,,,,SUPPORTS,"Claim: There is a novel containing apples in a title that is a part of cultural movement that began hundred years after the early 1820s.

Evidence: [[[null, null, ""White_Apples"", ""0""], [null, null, ""Surrealism"", ""0""]]]",,,,,0.0,,,,0.0,,fever,500366,There is a novel containing apples in a title that is a part of cultural movement that began hundred years after the early 1820s.,"[[[null, null, ""White_Apples"", ""0""], [null, null, ""Surrealism"", ""0""]]]",dev
367,,,,SUPPORTS,"Claim: Halsey signed her first recording contract 5 years before 2019 to Astralwerks.

Evidence: [[[74873, 86085, ""Halsey_-LRB-singer-RRB-"", 1]]]",,,,,0.0,,,,0.0,,fever,500367,Halsey signed her first recording contract 5 years before 2019 to Astralwerks.,"[[[74873, 86085, ""Halsey_-LRB-singer-RRB-"", 1]]]",dev
368,,,,SUPPORTS,"Claim: Red Dust is a 2000 novel written by a South African.

Evidence: [[[49192, 58517, ""Red_Dust_-LRB-novel-RRB-"", 0]]]",,,,,0.0,,,,0.0,,fever,500368,Red Dust is a 2000 novel written by a South African.,"[[[49192, 58517, ""Red_Dust_-LRB-novel-RRB-"", 0]]]",dev
369,,,,REFUTES,"Claim: Salman Rushdie was the writer of a novel published in 1981 and is a German politician.

Evidence: [[[108195, 121728, ""Salman_Rushdie"", 0]], [[108208, 121743, ""Salman_Rushdie"", 0]]]",,,,,0.0,,,,0.0,,fever,500369,Salman Rushdie was the writer of a novel published in 1981 and is a German politician.,"[[[108195, 121728, ""Salman_Rushdie"", 0]], [[108208, 121743, ""Salman_Rushdie"", 0]]]",dev
370,,,,SUPPORTS,"Claim: There does not exist an unadapted novel that goes by the name of The Maze Runner.

Evidence: [[[86533, 98958, ""The_Maze_Runner_-LRB-film-RRB-"", 0]], [[86533, 98959, ""The_Maze_Runner_-LRB-film-RRB-"", 1]], [[86533, 98960, ""The_Maze_Runner_-LRB-film-RRB-"", 2]], [[86533, 98961, ""The_Maze_Runner_-LRB-film-RRB-"", 6], [86533, 98961, ""Temple_Hill_Entertainment"", 0]], [[86533, 98962, ""The_Maze_Runner_-LRB-film-RRB-"", 7], [86533, 98962, ""Principal_photography"", 3]], [[86533, 98963, ""The_Maze_Runner_-LRB-film-RRB-"", 10], [86533, 98963, ""20th_Century_Fox"", 0]], [[86533, 98964, ""The_Maze_Runner_-LRB-film-RRB-"", 12]], [[86533, 98965, ""The_Maze_Runner_-LRB-film-RRB-"", 13]]]",,,,,0.0,,,,0.0,,fever,500370,There does not exist an unadapted novel that goes by the name of The Maze Runner.,"[[[86533, 98958, ""The_Maze_Runner_-LRB-film-RRB-"", 0]], [[86533, 98959, ""The_Maze_Runner_-LRB-film-RRB-"", 1]], [[86533, 98960, ""The_Maze_Runner_-LRB-film-RRB-"", 2]], [[86533, 98961, ""The_Maze_Runner_-LRB-film-RRB-"", 6], [86533, 98961, ""Temple_Hill_Entertainment"", 0]], [[86533, 98962, ""The_Maze_Runner_-LRB-film-RRB-"", 7], [86533, 98962, ""Principal_photography"", 3]], [[86533, 98963, ""The_Maze_Runner_-LRB-film-RRB-"", 10], [86533, 98963, ""20th_Century_Fox"", 0]], [[86533, 98964, ""The_Maze_Runner_-LRB-film-RRB-"", 12]], [[86533, 98965, ""The_Maze_Runner_-LRB-film-RRB-"", 13]]]",dev
371,,,,NOT ENOUGH INFO,"Claim: The Battle of France after 1920 is also known as the Fall of France.

Evidence: [[[111590, null, ""List_of_bomber_aircraft"", -1]]]",,,,,0.0,,,,0.0,,fever,500371,The Battle of France after 1920 is also known as the Fall of France.,"[[[111590, null, ""List_of_bomber_aircraft"", -1]]]",dev
372,,,,NOT ENOUGH INFO,"Claim: There exists a boxer, it goes by the name of Nate Diaz.

Evidence: [[[70782, null, null, null]]]",,,,,0.0,,,,0.0,,fever,500372,"There exists a boxer, it goes by the name of Nate Diaz.","[[[70782, null, null, null]]]",dev
373,,,,NOT ENOUGH INFO,"Claim: There exists an American rocket scientist called Jack Dylan Grazer.

Evidence: [[[53684, null, null, null]]]",,,,,0.0,,,,0.0,,fever,500373,There exists an American rocket scientist called Jack Dylan Grazer.,"[[[53684, null, null, null]]]",dev
374,,,,REFUTES,"Claim: There is an original work called The Beguiled.

Evidence: [[[94859, 107836, ""The_Beguiled_-LRB-1971_film-RRB-"", 1]], [[97006, 110160, ""The_Beguiled_-LRB-1971_film-RRB-"", 1], [97006, 110160, ""The_Beguiled_-LRB-1971_film-RRB-"", 0]], [[306643, 297266, ""The_Beguiled_-LRB-1971_film-RRB-"", 1]]]",,,,,0.0,,,,0.0,,fever,500374,There is an original work called The Beguiled.,"[[[94859, 107836, ""The_Beguiled_-LRB-1971_film-RRB-"", 1]], [[97006, 110160, ""The_Beguiled_-LRB-1971_film-RRB-"", 1], [97006, 110160, ""The_Beguiled_-LRB-1971_film-RRB-"", 0]], [[306643, 297266, ""The_Beguiled_-LRB-1971_film-RRB-"", 1]]]",dev
375,,,,NOT ENOUGH INFO,"Claim: There exists an Australian producer, it goes by the name of Yvonne Strahovski.

Evidence: [[[53489, null, null, null]]]",,,,,0.0,,,,0.0,,fever,500375,"There exists an Australian producer, it goes by the name of Yvonne Strahovski.","[[[53489, null, null, null]]]",dev
376,,,,SUPPORTS,"Claim: Lucy Hale was in a series that was a spin-off of American Idol , but with younger contestants , and had the same production team as American Idol.

Evidence: [[[null, null, ""Lucy_Hale"", 2], [null, null, ""American_Juniors"", 1]]]",,,,,0.0,,,,0.0,,fever,500376,"Lucy Hale was in a series that was a spin-off of American Idol , but with younger contestants , and had the same production team as American Idol.","[[[null, null, ""Lucy_Hale"", 2], [null, null, ""American_Juniors"", 1]]]",dev
377,,,,NOT ENOUGH INFO,"Claim: There is a karate fighter called Shannon Lee.

Evidence: [[[62363, null, null, null], [62370, null, null, null]]]",,,,,0.0,,,,0.0,,fever,500377,There is a karate fighter called Shannon Lee.,"[[[62363, null, null, null], [62370, null, null, null]]]",dev
378,,,,REFUTES,"Claim: Daag: A Poem of Love is a 1973 Bollywood romantic drama film produced and directed by someone who won eleven National Film Awards and six Filmfare awards

Evidence: [[[null, null, ""Daag_-LRB-1973_film-RRB-"", 0], [null, null, ""Yash_Chopra"", 29]]]",,,,,0.0,,,,0.0,,fever,500378,Daag: A Poem of Love is a 1973 Bollywood romantic drama film produced and directed by someone who won eleven National Film Awards and six Filmfare awards,"[[[null, null, ""Daag_-LRB-1973_film-RRB-"", 0], [null, null, ""Yash_Chopra"", 29]]]",dev
379,,,,SUPPORTS,"Claim: Prague's historic center was first included in the UNESCO list of World Heritage Sites in the ninties of the twentieth century.

Evidence: [[[40412, 48631, ""Prague"", 16]], [[43474, 52117, ""Prague"", 16]], [[45690, 54557, ""Prague"", 16]], [[302099, 293153, ""Prague"", 16]], [[302100, 293154, ""Prague"", 16]], [[304710, 295516, ""Prague"", 16]]]",,,,,0.0,,,,0.0,,fever,500379,Prague's historic center was first included in the UNESCO list of World Heritage Sites in the ninties of the twentieth century.,"[[[40412, 48631, ""Prague"", 16]], [[43474, 52117, ""Prague"", 16]], [[45690, 54557, ""Prague"", 16]], [[302099, 293153, ""Prague"", 16]], [[302100, 293154, ""Prague"", 16]], [[304710, 295516, ""Prague"", 16]]]",dev
380,,,,REFUTES,"Claim: There is a friendly global soccer exhibition called The Africa Cup of Nations.

Evidence: [[[31806, 38600, ""Africa_Cup_of_Nations"", 0]], [[31806, 38601, ""Africa_Cup_of_Nations"", 1], [31806, 38601, ""1957_African_Cup_of_Nations"", 0]], [[31806, 38602, ""Africa_Cup_of_Nations"", 2], [31806, 38602, ""1968_African_Cup_of_Nations"", 0]], [[31806, 38603, ""Africa_Cup_of_Nations"", 3]], [[31806, 38604, ""Africa_Cup_of_Nations"", 8]], [[31806, 38605, ""Africa_Cup_of_Nations"", 9]], [[31806, 38606, ""Africa_Cup_of_Nations"", 12]], [[31806, 38607, ""Africa_Cup_of_Nations"", 13]], [[31806, 38608, ""Africa_Cup_of_Nations"", 17]], [[31806, 38609, ""Africa_Cup_of_Nations"", 14], [31806, 38609, ""2002_African_Cup_of_Nations"", 0]]]",,,,,0.0,,,,0.0,,fever,500380,There is a friendly global soccer exhibition called The Africa Cup of Nations.,"[[[31806, 38600, ""Africa_Cup_of_Nations"", 0]], [[31806, 38601, ""Africa_Cup_of_Nations"", 1], [31806, 38601, ""1957_African_Cup_of_Nations"", 0]], [[31806, 38602, ""Africa_Cup_of_Nations"", 2], [31806, 38602, ""1968_African_Cup_of_Nations"", 0]], [[31806, 38603, ""Africa_Cup_of_Nations"", 3]], [[31806, 38604, ""Africa_Cup_of_Nations"", 8]], [[31806, 38605, ""Africa_Cup_of_Nations"", 9]], [[31806, 38606, ""Africa_Cup_of_Nations"", 12]], [[31806, 38607, ""Africa_Cup_of_Nations"", 13]], [[31806, 38608, ""Africa_Cup_of_Nations"", 17]], [[31806, 38609, ""Africa_Cup_of_Nations"", 14], [31806, 38609, ""2002_African_Cup_of_Nations"", 0]]]",dev
381,,,,SUPPORTS,"Claim: Southampton F.C. came in second in the First Division in the eighties of the twentieth century -- 1984.

Evidence: [[[267307, 264032, ""Southampton_F.C."", 9]]]",,,,,0.0,,,,0.0,,fever,500381,Southampton F.C. came in second in the First Division in the eighties of the twentieth century -- 1984.,"[[[267307, 264032, ""Southampton_F.C."", 9]]]",dev
382,,,,Not Enough Info,"Claim: The violence by Bedouin raiders in the Judean Desert of 797 was direct resulf of Qaysi-Yamani conflict.

Evidence: [[[54, 93, null, null]]]",,,,,0.0,,,,0.0,,fever,500382,The violence by Bedouin raiders in the Judean Desert of 797 was direct resulf of Qaysi-Yamani conflict.,"[[[54, 93, null, null]]]",dev
383,,,,REFUTES,"Claim: The Nice Guys is a 2016 American neo-noir action comedy film directed by someone whose directorial debut was Kiss Kiss Bang Bang.

Evidence: [[[null, null, ""The_Nice_Guys"", 0], [null, null, ""Shane_Black"", 0]], [[null, null, ""The_Nice_Guys"", 0], [null, null, ""Kiss_Kiss_Bang_Bang"", 0]]]",,,,,0.0,,,,0.0,,fever,500383,The Nice Guys is a 2016 American neo-noir action comedy film directed by someone whose directorial debut was Kiss Kiss Bang Bang.,"[[[null, null, ""The_Nice_Guys"", 0], [null, null, ""Shane_Black"", 0]], [[null, null, ""The_Nice_Guys"", 0], [null, null, ""Kiss_Kiss_Bang_Bang"", 0]]]",dev
384,,,,REFUTES,"Claim: There did not exist a councillor called Theresa May.

Evidence: [[[152666, 167443, ""Theresa_May"", 6]]]",,,,,0.0,,,,0.0,,fever,500384,There did not exist a councillor called Theresa May.,"[[[152666, 167443, ""Theresa_May"", 6]]]",dev
385,,,,REFUTES,"Claim: Goldie Hawn was always passed over for Academy Award nominations and had a career that lasted more than three decades.

Evidence: [[[114859, 128587, ""Goldie_Hawn"", 2]]]",,,,,0.0,,,,0.0,,fever,500385,Goldie Hawn was always passed over for Academy Award nominations and had a career that lasted more than three decades.,"[[[114859, 128587, ""Goldie_Hawn"", 2]]]",dev
386,,,,REFUTES,"Claim: There exists a English-language television show that goes by the name of The Little Prince (2015 film).

Evidence: [[[242297, 243704, ""The_Little_Prince_-LRB-2015_film-RRB-"", 0]]]",,,,,0.0,,,,0.0,,fever,500386,There exists a English-language television show that goes by the name of The Little Prince (2015 film).,"[[[242297, 243704, ""The_Little_Prince_-LRB-2015_film-RRB-"", 0]]]",dev
387,,,,REFUTES,"Claim: There is a subsidiary of Warner Bros Pictures called Legendary Entertainment.

Evidence: [[[125127, 139461, ""Legendary_Entertainment"", 1]]]",,,,,0.0,,,,0.0,,fever,500387,There is a subsidiary of Warner Bros Pictures called Legendary Entertainment.,"[[[125127, 139461, ""Legendary_Entertainment"", 1]]]",dev
388,,,,SUPPORTS,"Claim: A near Earth object is one whose orbit brings it into neighborhood with Earth and it is in the universe

Evidence: [[[148635, 163667, ""Near-Earth_object"", 0]]]",,,,,0.0,,,,0.0,,fever,500388,A near Earth object is one whose orbit brings it into neighborhood with Earth and it is in the universe,"[[[148635, 163667, ""Near-Earth_object"", 0]]]",dev
389,,,,NOT ENOUGH INFO,"Claim: General Motors had non-automotive products and had only one automotive-component.

Evidence: [[[null, null, null, null]]]",,,,,0.0,,,,0.0,,fever,500389,General Motors had non-automotive products and had only one automotive-component.,"[[[null, null, null, null]]]",dev
390,,,,REFUTES,"Claim: There is not an American citizen that goes by the name of Natasha Lyonne.

Evidence: [[[109826, 123417, ""Natasha_Lyonne"", 0]]]",,,,,0.0,,,,0.0,,fever,500390,There is not an American citizen that goes by the name of Natasha Lyonne.,"[[[109826, 123417, ""Natasha_Lyonne"", 0]]]",dev
391,,,,SUPPORTS,"Claim: Steph Curry won an MVP award after his father stopped playing.

Evidence: [[[0, 0, ""Stephen_Curry"", 7], [0, 0, ""Stephen_Curry"", 2], [0, 0, ""Dell_Curry"", 0]], [[0, 0, ""Dell_Curry"", 3], [0, 0, ""Stephen_Curry"", 2], [0, 0, ""Dell_Curry"", 0]]]",,,,,0.0,,,,0.0,,fever,500391,Steph Curry won an MVP award after his father stopped playing.,"[[[0, 0, ""Stephen_Curry"", 7], [0, 0, ""Stephen_Curry"", 2], [0, 0, ""Dell_Curry"", 0]], [[0, 0, ""Dell_Curry"", 3], [0, 0, ""Stephen_Curry"", 2], [0, 0, ""Dell_Curry"", 0]]]",dev
392,,,,NOT ENOUGH INFO,"Claim: There is a 1974 song called Chinatown.

Evidence: [[[269146, null, null, null], [269147, null, null, null]]]",,,,,0.0,,,,0.0,,fever,500392,There is a 1974 song called Chinatown.,"[[[269146, null, null, null], [269147, null, null, null]]]",dev
393,,,,SUPPORTS,"Claim: 2015 was the year when a phase of film production in which the bulk of the movie is filmed, with actors on set and cameras rolling, as distinct from pre-production and post-production for The Disaster Aritst (film) started.

Evidence: [[[null, null, ""Principal_photography"", 3], [null, null, ""The_Disaster_Artist_-LRB-film-RRB-"", 5]]]",,,,,0.0,,,,0.0,,fever,500393,"2015 was the year when a phase of film production in which the bulk of the movie is filmed, with actors on set and cameras rolling, as distinct from pre-production and post-production for The Disaster Aritst (film) started.","[[[null, null, ""Principal_photography"", 3], [null, null, ""The_Disaster_Artist_-LRB-film-RRB-"", 5]]]",dev
394,,,,REFUTES,"Claim: Even Mickey Thompson has to participate in a Baja 1000

Evidence: [[[265975, 263076, ""Baja_1000"", 14]]]",,,,,0.0,,,,0.0,,fever,500394,Even Mickey Thompson has to participate in a Baja 1000,"[[[265975, 263076, ""Baja_1000"", 14]]]",dev
395,,,,NOT ENOUGH INFO,"Claim: The Battle of the Trebia occurred on the left bunker near the Trebbia River

Evidence: [[[23955, 29666, ""Battle_of_the_Trebia"", 6]]]",,,,,0.0,,,,0.0,,fever,500395,The Battle of the Trebia occurred on the left bunker near the Trebbia River,"[[[23955, 29666, ""Battle_of_the_Trebia"", 6]]]",dev
396,,,,SUPPORTS,"Claim: Silverfish were a indie rock band formed in the late 1980s

Evidence: [[[49192, 58517, ""Silverfish_-LRB-band-RRB-"", 0]]]",,,,,0.0,,,,0.0,,fever,500396,Silverfish were a indie rock band formed in the late 1980s,"[[[49192, 58517, ""Silverfish_-LRB-band-RRB-"", 0]]]",dev
397,,,,NOT ENOUGH INFO,"Claim: Southampton F.C. came in fourth in the First Division in a season.

Evidence: [[[267307, null, ""Southampton_F.C."", -1]]]",,,,,0.0,,,,0.0,,fever,500397,Southampton F.C. came in fourth in the First Division in a season.,"[[[267307, null, ""Southampton_F.C."", -1]]]",dev
398,,,,NOT ENOUGH INFO,"Claim: There exists a vegetarian called Carol Danvers.

Evidence: [[[138784, null, null, null]]]",,,,,0.0,,,,0.0,,fever,500398,There exists a vegetarian called Carol Danvers.,"[[[138784, null, null, null]]]",dev
399,,,,REFUTES,"Claim: Raja_Hindustani is by a Spanish director.

Evidence: [[[null, null, ""Nawaz_Sharif"", 0], [null, null, ""Dharmesh_Darshan"", 0]]]",,,,,0.0,,,,0.0,,fever,500399,Raja_Hindustani is by a Spanish director.,"[[[null, null, ""Nawaz_Sharif"", 0], [null, null, ""Dharmesh_Darshan"", 0]]]",dev
400,,,,SUPPORTS,"Claim: Leslie Alexander is from the state bordered on the north and east by New York , on the southeast and south by the Atlantic Ocean , on the west by Pennsylvania , and on the southwest by Delaware

Evidence: [[[null, null, ""Leslie_Alexander_-LRB-businessman-RRB-"", 1], [null, null, ""New_Jersey"", 1]]]",,,,,0.0,,,,0.0,,fever,500400,"Leslie Alexander is from the state bordered on the north and east by New York , on the southeast and south by the Atlantic Ocean , on the west by Pennsylvania , and on the southwest by Delaware","[[[null, null, ""Leslie_Alexander_-LRB-businessman-RRB-"", 1], [null, null, ""New_Jersey"", 1]]]",dev
401,,,,NOT ENOUGH INFO,"Claim: Terry Crews played professional football in the year when Pakistan won the Cricket world cup.

Evidence: [[[null, null, ""Starrcade"", -1]]]",,,,,0.0,,,,0.0,,fever,500401,Terry Crews played professional football in the year when Pakistan won the Cricket world cup.,"[[[null, null, ""Starrcade"", -1]]]",dev
402,,,,SUPPORTS,"Claim: The population of Germany is a few times larger than the population of Belgium.

Evidence: [[[null, null, ""Germany"", ""2""], [null, null, ""Belgium"", ""1""]]]",,,,,0.0,,,,0.0,,fever,500402,The population of Germany is a few times larger than the population of Belgium.,"[[[null, null, ""Germany"", ""2""], [null, null, ""Belgium"", ""1""]]]",dev
403,,,,REFUTES,"Claim: There exists no film award called The Saturn Award for Best Fantasy Film.

Evidence: [[[188707, 200152, ""Saturn_Award_for_Best_Fantasy_Film"", 0]], [[188708, 200153, ""Saturn_Award_for_Best_Fantasy_Film"", 0]]]",,,,,0.0,,,,0.0,,fever,500403,There exists no film award called The Saturn Award for Best Fantasy Film.,"[[[188707, 200152, ""Saturn_Award_for_Best_Fantasy_Film"", 0]], [[188708, 200153, ""Saturn_Award_for_Best_Fantasy_Film"", 0]]]",dev
404,,,,NOT ENOUGH INFO,"Claim: There is a German, they are called Shannon Lee.

Evidence: [[[73831, null, null, null]]]",,,,,0.0,,,,0.0,,fever,500404,"There is a German, they are called Shannon Lee.","[[[73831, null, null, null]]]",dev
405,,,,REFUTES,"Claim: September Dossier revealed the fact that Iraq had reconstituted its nuclear weapons programme. 

Evidence: [[[12, 26, ""September_Dossier"", 3], [12, 27, ""September_Dossier"", 4]]]",,,,,0.0,,,,0.0,,fever,500405,September Dossier revealed the fact that Iraq had reconstituted its nuclear weapons programme. ,"[[[12, 26, ""September_Dossier"", 3], [12, 27, ""September_Dossier"", 4]]]",dev
406,,,,NOT ENOUGH INFO,"Claim: Kyra Sedgwick received a Golden Globe Award and won her first award in 2011.

Evidence: [[[null, null, null, null]]]",,,,,0.0,,,,0.0,,fever,500406,Kyra Sedgwick received a Golden Globe Award and won her first award in 2011.,"[[[null, null, null, null]]]",dev
407,,,,SUPPORTS,"Claim: On Monday August 19, 1945, lead singer and lyricist for the  English rock band formed in Hertford in 1968 was born

Evidence: [[[null, null, ""Ian_Gillan"", 0], [null, null, ""Ian_Gillan"", 1], [null, null, ""Deep_Purple"", 0]]]",,,,,0.0,,,,0.0,,fever,500407,"On Monday August 19, 1945, lead singer and lyricist for the  English rock band formed in Hertford in 1968 was born","[[[null, null, ""Ian_Gillan"", 0], [null, null, ""Ian_Gillan"", 1], [null, null, ""Deep_Purple"", 0]]]",dev
408,,,,NOT ENOUGH INFO,"Claim: Sausage Party was directed by Greg Tiernan and Conrad Vernon between 2014 and 2018.

Evidence: [[[121345, null, ""Greg_Tiernan"", -1]]]",,,,,0.0,,,,0.0,,fever,500408,Sausage Party was directed by Greg Tiernan and Conrad Vernon between 2014 and 2018.,"[[[121345, null, ""Greg_Tiernan"", -1]]]",dev
409,,,,SUPPORTS,"Claim: Rope is a TV play from 1919.

Evidence: [[[49192, 58517, ""Rope_-LRB-1959_film-RRB-"", 0]]]",,,,,0.0,,,,0.0,,fever,500409,Rope is a TV play from 1919.,"[[[49192, 58517, ""Rope_-LRB-1959_film-RRB-"", 0]]]",dev
410,,,,NOT ENOUGH INFO,"Claim: Live Nation Entertainment formed from the smoothest merger of the 2010s between Live Nation and Ticketmaster.

Evidence: [[[225318, null, ""Live_Nation_Entertainment"", -1]]]",,,,,0.0,,,,0.0,,fever,500410,Live Nation Entertainment formed from the smoothest merger of the 2010s between Live Nation and Ticketmaster.,"[[[225318, null, ""Live_Nation_Entertainment"", -1]]]",dev
411,,,,REFUTES,"Claim: Ian Brennan was never a writer for an American comedy horror television series that aired on Fox from September 22 , 2015 to December 20 , 2016

Evidence: [[[null, null, ""Ian_Brennan_-LRB-writer-RRB-"", 1], [null, null, ""Scream_Queens_-LRB-2015_TV_series-RRB-"", 0]]]",,,,,0.0,,,,0.0,,fever,500411,"Ian Brennan was never a writer for an American comedy horror television series that aired on Fox from September 22 , 2015 to December 20 , 2016","[[[null, null, ""Ian_Brennan_-LRB-writer-RRB-"", 1], [null, null, ""Scream_Queens_-LRB-2015_TV_series-RRB-"", 0]]]",dev
412,,,,NOT ENOUGH INFO,"Claim: The wife of the captain of India's current national cricket team won an Emmy Award.

Evidence: [[[null, null, ""Starrcade"", -1]]]",,,,,0.0,,,,0.0,,fever,500412,The wife of the captain of India's current national cricket team won an Emmy Award.,"[[[null, null, ""Starrcade"", -1]]]",dev
413,,,,REFUTES,"Claim: Shut Up is not a title.

Evidence: [[[16439, 20367, ""Shut_Up_-LRB-Stormzy_song-RRB-"", 0]]]",,,,,0.0,,,,0.0,,fever,500413,Shut Up is not a title.,"[[[16439, 20367, ""Shut_Up_-LRB-Stormzy_song-RRB-"", 0]]]",dev
414,,,,NOT ENOUGH INFO,"Claim: There exists a child singer that goes by the name of Aubrey Anderson-Emmons.

Evidence: [[[96377, null, null, null]]]",,,,,0.0,,,,0.0,,fever,500414,There exists a child singer that goes by the name of Aubrey Anderson-Emmons.,"[[[96377, null, null, null]]]",dev
415,,,,NOT ENOUGH INFO,"Claim: There is a drama called The Giver.

Evidence: [[[55626, null, null, null]]]",,,,,0.0,,,,0.0,,fever,500415,There is a drama called The Giver.,"[[[55626, null, null, null]]]",dev
416,,,,SUPPORTS,"Claim: Mercedes-Benz is certainly not a division of BMW.

Evidence: [[[169060, 182741, ""Mercedes-Benz"", 0]]]",,,,,0.0,,,,0.0,,fever,500416,Mercedes-Benz is certainly not a division of BMW.,"[[[169060, 182741, ""Mercedes-Benz"", 0]]]",dev
417,,,,SUPPORTS,"Claim: The Hunger Games film series' first film is definitely not directed by a gorilla.

Evidence: [[[275339, 270489, ""The_Hunger_Games_-LRB-film_series-RRB-"", 2], [275339, 270489, ""Gary_Ross"", 0]], [[275352, 270506, ""The_Hunger_Games_-LRB-film_series-RRB-"", 2], [275352, 270506, ""Gary_Ross"", 0], [275352, 270506, ""Gary_Ross"", 1]], [[324368, 312374, ""The_Hunger_Games_-LRB-film_series-RRB-"", 2], [324368, 312374, ""Gary_Ross"", 0]], [[325826, 313435, ""The_Hunger_Games_-LRB-film_series-RRB-"", 2], [325826, 313435, ""Francis_Lawrence"", 0], [325826, 313435, ""Francis_Lawrence"", 1]], [[326030, 313614, ""The_Hunger_Games_-LRB-film_series-RRB-"", 2], [326030, 313614, ""Francis_Lawrence"", 0]]]",,,,,0.0,,,,0.0,,fever,500417,The Hunger Games film series' first film is definitely not directed by a gorilla.,"[[[275339, 270489, ""The_Hunger_Games_-LRB-film_series-RRB-"", 2], [275339, 270489, ""Gary_Ross"", 0]], [[275352, 270506, ""The_Hunger_Games_-LRB-film_series-RRB-"", 2], [275352, 270506, ""Gary_Ross"", 0], [275352, 270506, ""Gary_Ross"", 1]], [[324368, 312374, ""The_Hunger_Games_-LRB-film_series-RRB-"", 2], [324368, 312374, ""Gary_Ross"", 0]], [[325826, 313435, ""The_Hunger_Games_-LRB-film_series-RRB-"", 2], [325826, 313435, ""Francis_Lawrence"", 0], [325826, 313435, ""Francis_Lawrence"", 1]], [[326030, 313614, ""The_Hunger_Games_-LRB-film_series-RRB-"", 2], [326030, 313614, ""Francis_Lawrence"", 0]]]",dev
418,,,,REFUTES,"Claim: Anthony Scaramucci is not a person.

Evidence: [[[111399, 125039, ""Anthony_Scaramucci"", 0]]]",,,,,0.0,,,,0.0,,fever,500418,Anthony Scaramucci is not a person.,"[[[111399, 125039, ""Anthony_Scaramucci"", 0]]]",dev
419,,,,SUPPORTS,"Claim: Grease's soundtrack sold second-best as album of the year and gained much fame.

Evidence: [[[83865, 95898, ""Grease_-LRB-film-RRB-"", 4], [83865, 95898, ""Grease-COLON-_The_Original_Soundtrack_from_the_Motion_Picture"", 2]]]",,,,,0.0,,,,0.0,,fever,500419,Grease's soundtrack sold second-best as album of the year and gained much fame.,"[[[83865, 95898, ""Grease_-LRB-film-RRB-"", 4], [83865, 95898, ""Grease-COLON-_The_Original_Soundtrack_from_the_Motion_Picture"", 2]]]",dev
420,,,,SUPPORTS,"Claim: There exists no public university called Northwestern University.

Evidence: [[[199435, 209115, ""Northwestern_University"", 0]]]",,,,,0.0,,,,0.0,,fever,500420,There exists no public university called Northwestern University.,"[[[199435, 209115, ""Northwestern_University"", 0]]]",dev
421,,,,NOT ENOUGH INFO,"Claim: Asylum Records is an American record label founded after 1960 by David Geffen and musician Elliot Roberts.

Evidence: [[[217689, null, ""Elliot_Roberts"", -1]]]",,,,,0.0,,,,0.0,,fever,500421,Asylum Records is an American record label founded after 1960 by David Geffen and musician Elliot Roberts.,"[[[217689, null, ""Elliot_Roberts"", -1]]]",dev
422,,,,SUPPORTS,"Claim: There exists a computer animated Pixar movie that goes by the name of Cars 3.

Evidence: [[[145885, 160900, ""Cars_3"", 0]]]",,,,,0.0,,,,0.0,,fever,500422,There exists a computer animated Pixar movie that goes by the name of Cars 3.,"[[[145885, 160900, ""Cars_3"", 0]]]",dev
423,,,,NOT ENOUGH INFO,"Claim: There exists a type of super storm, it goes by the name of A thunderstorm.

Evidence: [[[237315, null, null, null]]]",,,,,0.0,,,,0.0,,fever,500423,"There exists a type of super storm, it goes by the name of A thunderstorm.","[[[237315, null, null, null]]]",dev
424,,,,REFUTES,"Claim: Adidas is Colombian and designs athletic clothing.

Evidence: [[[136970, 151795, ""Adidas"", 0]]]",,,,,0.0,,,,0.0,,fever,500424,Adidas is Colombian and designs athletic clothing.,"[[[136970, 151795, ""Adidas"", 0]]]",dev
425,,,,NOT ENOUGH INFO,"Claim: There exists a double obelisk called Sacre-Coeur, Paris.

Evidence: [[[224796, null, null, null]]]",,,,,0.0,,,,0.0,,fever,500425,"There exists a double obelisk called Sacre-Coeur, Paris.","[[[224796, null, null, null]]]",dev
426,,,,REFUTES,"Claim: Raudeberg is also located on the northeastern edge of the island of Silda, on the shore of the bay of Silda.

Evidence: [[[null, null, ""Raudeberg"", ""1""]]]",,,,,0.0,,,,0.0,,fever,500426,"Raudeberg is also located on the northeastern edge of the island of Silda, on the shore of the bay of Silda.","[[[null, null, ""Raudeberg"", ""1""]]]",dev
427,,,,SUPPORTS,"Claim: There is a Japanese television drama series based on a manga series illustrated by Takeshi Obata, it is called Death Note.

Evidence: [[[205891, 214362, ""Death_Note_-LRB-2015_TV_series-RRB-"", 0], [205891, 214362, ""Takeshi_Obata"", 0], [205891, 214362, ""Takeshi_Obata"", 1]]]",,,,,0.0,,,,0.0,,fever,500427,"There is a Japanese television drama series based on a manga series illustrated by Takeshi Obata, it is called Death Note.","[[[205891, 214362, ""Death_Note_-LRB-2015_TV_series-RRB-"", 0], [205891, 214362, ""Takeshi_Obata"", 0], [205891, 214362, ""Takeshi_Obata"", 1]]]",dev
428,,,,NOT ENOUGH INFO,"Claim: There exists a 1964 American independent horror film, it goes by the name of Night of the Living Dead.

Evidence: [[[108919, null, null, null]]]",,,,,0.0,,,,0.0,,fever,500428,"There exists a 1964 American independent horror film, it goes by the name of Night of the Living Dead.","[[[108919, null, null, null]]]",dev
429,,,,NOT ENOUGH INFO,"Claim: Asylum Records is an American record label founded between 1970 and 1972 by David Geffen and musician Elliot Roberts.

Evidence: [[[217689, null, ""Elliot_Roberts"", -1]]]",,,,,0.0,,,,0.0,,fever,500429,Asylum Records is an American record label founded between 1970 and 1972 by David Geffen and musician Elliot Roberts.,"[[[217689, null, ""Elliot_Roberts"", -1]]]",dev
430,,,,SUPPORTS,"Claim: Elizabeth Cochran Seaman influenced Lois Lane

Evidence: [[[null, null, ""Nellie_Bly"", 0], [null, null, ""Lois_Lane"", 8]]]",,,,,0.0,,,,0.0,,fever,500430,Elizabeth Cochran Seaman influenced Lois Lane,"[[[null, null, ""Nellie_Bly"", 0], [null, null, ""Lois_Lane"", 8]]]",dev
431,,,,REFUTES,"Claim: There does not exist a businessman and was on television that goes by the name of The American actor that plays Chumlee.

Evidence: [[[24180, 29906, ""Chumlee"", 0]]]",,,,,0.0,,,,0.0,,fever,500431,There does not exist a businessman and was on television that goes by the name of The American actor that plays Chumlee.,"[[[24180, 29906, ""Chumlee"", 0]]]",dev
432,,,,SUPPORTS,"Claim: There exists a television series that goes by the name of Younger.

Evidence: [[[21699, 26667, ""Younger_-LRB-TV_series-RRB-"", 0]]]",,,,,0.0,,,,0.0,,fever,500432,There exists a television series that goes by the name of Younger.,"[[[21699, 26667, ""Younger_-LRB-TV_series-RRB-"", 0]]]",dev
433,,,,SUPPORTS,"Claim: A.C. Milan was founded before its former owner of 31 years was born.

Evidence: [[[0, 0, ""Silvio_Berlusconi"", 3], [0, 0, ""Silvio_Berlusconi"", 0], [0, 0, ""A.C._Milan"", 0]], [[0, 0, ""A.C._Milan"", 15], [0, 0, ""Silvio_Berlusconi"", 0], [0, 0, ""A.C._Milan"", 0]]]",,,,,0.0,,,,0.0,,fever,500433,A.C. Milan was founded before its former owner of 31 years was born.,"[[[0, 0, ""Silvio_Berlusconi"", 3], [0, 0, ""Silvio_Berlusconi"", 0], [0, 0, ""A.C._Milan"", 0]], [[0, 0, ""A.C._Milan"", 15], [0, 0, ""Silvio_Berlusconi"", 0], [0, 0, ""A.C._Milan"", 0]]]",dev
434,,,,NOT ENOUGH INFO,"Claim: There existed an Ionian Greek chemist, it was called Pythagoras.

Evidence: [[[205687, null, null, null]]]",,,,,0.0,,,,0.0,,fever,500434,"There existed an Ionian Greek chemist, it was called Pythagoras.","[[[205687, null, null, null]]]",dev
435,,,,NOT ENOUGH INFO,"Claim: The Year of the Death of Ricardo Reis is also an account of the Portuguese sovereign state, as well as of the history of the Cape Verde Peninsula in southwestern Europe.

Evidence: [[[null, null, null, null]]]",,,,,0.0,,,,0.0,,fever,500435,"The Year of the Death of Ricardo Reis is also an account of the Portuguese sovereign state, as well as of the history of the Cape Verde Peninsula in southwestern Europe.","[[[null, null, null, null]]]",dev
436,,,,REFUTES,"Claim: Norman Bates is from the novel Harry Potter and is main antagonist in Psycho.

Evidence: [[[187205, 198875, ""Norman_Bates"", 0]]]",,,,,0.0,,,,0.0,,fever,500436,Norman Bates is from the novel Harry Potter and is main antagonist in Psycho.,"[[[187205, 198875, ""Norman_Bates"", 0]]]",dev
437,,,,REFUTES,"Claim: Chumlee is played by actor that was a businessman and was on television that originated from outside the United States.

Evidence: [[[140067, 155071, ""Chumlee"", 0]]]",,,,,0.0,,,,0.0,,fever,500437,Chumlee is played by actor that was a businessman and was on television that originated from outside the United States.,"[[[140067, 155071, ""Chumlee"", 0]]]",dev
438,,,,REFUTES,"Claim: There exists a theory that consists of a city and its dependent territories called Vatican City.

Evidence: [[[86313, 98718, ""Vatican_City"", 0]]]",,,,,0.0,,,,0.0,,fever,500438,There exists a theory that consists of a city and its dependent territories called Vatican City.,"[[[86313, 98718, ""Vatican_City"", 0]]]",dev
439,,,,SUPPORTS,"Claim: March 14th, 1970 is some other time than when Simon Pegg was born.

Evidence: [[[84052, 96181, ""Simon_Pegg"", 0]]]",,,,,0.0,,,,0.0,,fever,500439,"March 14th, 1970 is some other time than when Simon Pegg was born.","[[[84052, 96181, ""Simon_Pegg"", 0]]]",dev
440,,,,REFUTES,"Claim: The heart beats at a resting rate near to 52 beats per minute

Evidence: [[[142356, 157554, ""Heart"", 18]]]",,,,,0.0,,,,0.0,,fever,500440,The heart beats at a resting rate near to 52 beats per minute,"[[[142356, 157554, ""Heart"", 18]]]",dev
441,,,,NOT ENOUGH INFO,"Claim: Matteo Renzi served as President of a country that enclaves microstates of Vatican City and San Marino.

Evidence: [[[null, null, ""Starrcade"", -1]]]",,,,,0.0,,,,0.0,,fever,500441,Matteo Renzi served as President of a country that enclaves microstates of Vatican City and San Marino.,"[[[null, null, ""Starrcade"", -1]]]",dev
442,,,,REFUTES,"Claim: Syracuse, New York, had a sparse metropolitan population of three hundred fifty 3 years before 2013.

Evidence: [[[198037, 207981, ""Syracuse,_New_York"", 2]]]",,,,,0.0,,,,0.0,,fever,500442,"Syracuse, New York, had a sparse metropolitan population of three hundred fifty 3 years before 2013.","[[[198037, 207981, ""Syracuse,_New_York"", 2]]]",dev
443,,,,REFUTES,"Claim: James, Viscount Severn has no relation to the youngest of four children and the third son of Queen Elizabeth II and Prince Philip, Duke of Edinburgh.

Evidence: [[[null, null, ""James,_Viscount_Severn"", 0], [null, null, ""Prince_Edward,_Earl_of_Wessex"", 0]]]",,,,,0.0,,,,0.0,,fever,500443,"James, Viscount Severn has no relation to the youngest of four children and the third son of Queen Elizabeth II and Prince Philip, Duke of Edinburgh.","[[[null, null, ""James,_Viscount_Severn"", 0], [null, null, ""Prince_Edward,_Earl_of_Wessex"", 0]]]",dev
444,,,,SUPPORTS,"Claim: Betsy Hodges wasn't a senator from Minneapolis.

Evidence: [[[178759, 191310, ""Betsy_Hodges"", 0]]]",,,,,0.0,,,,0.0,,fever,500444,Betsy Hodges wasn't a senator from Minneapolis.,"[[[178759, 191310, ""Betsy_Hodges"", 0]]]",dev
445,,,,NOT ENOUGH INFO,"Claim: Stanisław Murzynowski became a member of the state council and divided administrative subdivisions of Poland, covering most of the territory with mostly rural population.

Evidence: [[[null, null, null, null]]]",,,,,0.0,,,,0.0,,fever,500445,"Stanisław Murzynowski became a member of the state council and divided administrative subdivisions of Poland, covering most of the territory with mostly rural population.","[[[null, null, null, null]]]",dev
446,,,,REFUTES,"Claim: There exists no unit called Weill Cornell Medicine.

Evidence: [[[296450, 288291, ""Weill_Cornell_Medicine"", 0]], [[298036, 289588, ""Weill_Cornell_Medicine"", 0]], [[298037, 289589, ""Weill_Cornell_Medicine"", 0]], [[343255, 327070, ""Weill_Cornell_Medicine"", 0]], [[343864, 327519, ""Weill_Cornell_Medicine"", 0]]]",,,,,0.0,,,,0.0,,fever,500446,There exists no unit called Weill Cornell Medicine.,"[[[296450, 288291, ""Weill_Cornell_Medicine"", 0]], [[298036, 289588, ""Weill_Cornell_Medicine"", 0]], [[298037, 289589, ""Weill_Cornell_Medicine"", 0]], [[343255, 327070, ""Weill_Cornell_Medicine"", 0]], [[343864, 327519, ""Weill_Cornell_Medicine"", 0]]]",dev
447,,,,REFUTES,"Claim: There is not a play adaptation called Caesar.

Evidence: [[[58465, 68749, ""Caesar_-LRB-Mercury_Theatre-RRB-"", 0]]]",,,,,0.0,,,,0.0,,fever,500447,There is not a play adaptation called Caesar.,"[[[58465, 68749, ""Caesar_-LRB-Mercury_Theatre-RRB-"", 0]]]",dev
448,,,,SUPPORTS,"Claim: There exists a work of music, it goes by the name of The Monster.

Evidence: [[[247212, 247519, ""The_Monster_-LRB-song-RRB-"", 0]], [[247212, 247520, ""The_Monster_-LRB-song-RRB-"", 1]], [[247212, 247521, ""The_Monster_-LRB-song-RRB-"", 4]], [[247212, 247522, ""The_Monster_-LRB-song-RRB-"", 7]], [[247212, 247523, ""The_Monster_-LRB-song-RRB-"", 8]], [[247212, 247524, ""The_Monster_-LRB-song-RRB-"", 9]], [[247212, 247525, ""The_Monster_-LRB-song-RRB-"", 14]]]",,,,,0.0,,,,0.0,,fever,500448,"There exists a work of music, it goes by the name of The Monster.","[[[247212, 247519, ""The_Monster_-LRB-song-RRB-"", 0]], [[247212, 247520, ""The_Monster_-LRB-song-RRB-"", 1]], [[247212, 247521, ""The_Monster_-LRB-song-RRB-"", 4]], [[247212, 247522, ""The_Monster_-LRB-song-RRB-"", 7]], [[247212, 247523, ""The_Monster_-LRB-song-RRB-"", 8]], [[247212, 247524, ""The_Monster_-LRB-song-RRB-"", 9]], [[247212, 247525, ""The_Monster_-LRB-song-RRB-"", 14]]]",dev
449,,,,NOT ENOUGH INFO,"Claim: There exists a location where chainsaws are assembled before use called A staging area.

Evidence: [[[225570, null, null, null]]]",,,,,0.0,,,,0.0,,fever,500449,There exists a location where chainsaws are assembled before use called A staging area.,"[[[225570, null, null, null]]]",dev
450,,,,REFUTES,"Claim: John Frusciante is musician that originated from outside the United States.

Evidence: [[[150878, 165715, ""John_Frusciante"", 0]]]",,,,,0.0,,,,0.0,,fever,500450,John Frusciante is musician that originated from outside the United States.,"[[[150878, 165715, ""John_Frusciante"", 0]]]",dev
451,,,,NOT ENOUGH INFO,"Claim: There exists a vegan and an atheist called Ted Cruz.

Evidence: [[[263300, null, null, null]]]",,,,,0.0,,,,0.0,,fever,500451,There exists a vegan and an atheist called Ted Cruz.,"[[[263300, null, null, null]]]",dev
452,,,,REFUTES,"Claim: Stomp the Yard is not a film.

Evidence: [[[24966, 30831, ""Stomp_the_Yard"", 0]]]",,,,,0.0,,,,0.0,,fever,500452,Stomp the Yard is not a film.,"[[[24966, 30831, ""Stomp_the_Yard"", 0]]]",dev
453,,,,NOT ENOUGH INFO,"Claim: Muscarinic acetylcholine receptors are known as cellphone receptors

Evidence: [[[157168, 171722, ""Muscarinic_acetylcholine_receptor"", 0]]]",,,,,0.0,,,,0.0,,fever,500453,Muscarinic acetylcholine receptors are known as cellphone receptors,"[[[157168, 171722, ""Muscarinic_acetylcholine_receptor"", 0]]]",dev
454,,,,SUPPORTS,"Claim: Margaret Thatcher was the most senior politician within the Conservative Party in the UK in the 1970s.

Evidence: [[[176557, 189509, ""Margaret_Thatcher"", 0], [176557, 189509, ""Leader_of_the_Conservative_Party_-LRB-UK-RRB-"", 0]]]",,,,,0.0,,,,0.0,,fever,500454,Margaret Thatcher was the most senior politician within the Conservative Party in the UK in the 1970s.,"[[[176557, 189509, ""Margaret_Thatcher"", 0], [176557, 189509, ""Leader_of_the_Conservative_Party_-LRB-UK-RRB-"", 0]]]",dev
455,,,,NOT ENOUGH INFO,"Claim: Keith Urban was released by a person whose singles Locked Out of Heaven and When I Was Your Man, reached number one on the US Billboard Hot 100 chart.

Evidence: [[[null, null, ""Starrcade"", -1]]]",,,,,0.0,,,,0.0,,fever,500455,"Keith Urban was released by a person whose singles Locked Out of Heaven and When I Was Your Man, reached number one on the US Billboard Hot 100 chart.","[[[null, null, ""Starrcade"", -1]]]",dev
456,,,,NOT ENOUGH INFO,"Claim: Camden, New Jersey is the home of a school that was founded as the South Jersey Law School between 1925 and 1927, which was the only law school founded in the 1920s around the world.

Evidence: [[[23725, null, ""Camden,_New_Jersey"", -1]]]",,,,,0.0,,,,0.0,,fever,500456,"Camden, New Jersey is the home of a school that was founded as the South Jersey Law School between 1925 and 1927, which was the only law school founded in the 1920s around the world.","[[[23725, null, ""Camden,_New_Jersey"", -1]]]",dev
457,,,,REFUTES,"Claim: Chris Bosh won his first NBA Finals title before 2000 against Oklahoma City Thunder.

Evidence: [[[125912, 140317, ""Chris_Bosh"", 8]]]",,,,,0.0,,,,0.0,,fever,500457,Chris Bosh won his first NBA Finals title before 2000 against Oklahoma City Thunder.,"[[[125912, 140317, ""Chris_Bosh"", 8]]]",dev
458,,,,REFUTES,"Claim: London is some place other than where the person William Blackstone was born.

Evidence: [[[296944, 288663, ""William_Blackstone"", 2]], [[298605, 290069, ""William_Blackstone"", 0], [298605, 290069, ""William_Blackstone"", 2]], [[300705, 291823, ""William_Blackstone"", 2]], [[344368, 327906, ""William_Blackstone"", 2]], [[344536, 328035, ""William_Blackstone"", 2]]]",,,,,0.0,,,,0.0,,fever,500458,London is some place other than where the person William Blackstone was born.,"[[[296944, 288663, ""William_Blackstone"", 2]], [[298605, 290069, ""William_Blackstone"", 0], [298605, 290069, ""William_Blackstone"", 2]], [[300705, 291823, ""William_Blackstone"", 2]], [[344368, 327906, ""William_Blackstone"", 2]], [[344536, 328035, ""William_Blackstone"", 2]]]",dev
459,,,,REFUTES,"Claim: There exists a volleyball player called Laura Robson.

Evidence: [[[139212, 154265, ""Laura_Robson"", 0]]]",,,,,0.0,,,,0.0,,fever,500459,There exists a volleyball player called Laura Robson.,"[[[139212, 154265, ""Laura_Robson"", 0]]]",dev
460,,,,REFUTES,"Claim: There exists a suburban borough that goes by the name of Birmingham.

Evidence: [[[87368, 99843, ""Birmingham"", 0]]]",,,,,0.0,,,,0.0,,fever,500460,There exists a suburban borough that goes by the name of Birmingham.,"[[[87368, 99843, ""Birmingham"", 0]]]",dev
461,,,,REFUTES,"Claim: Cary Elwes is not a writer.

Evidence: [[[209719, 217508, ""Cary_Elwes"", 0]]]",,,,,0.0,,,,0.0,,fever,500461,Cary Elwes is not a writer.,"[[[209719, 217508, ""Cary_Elwes"", 0]]]",dev
462,,,,REFUTES,"Claim: Death Note is certainly not a Japanese television drama series based on a manga series illustrated by Takeshi Obata.

Evidence: [[[205891, 214362, ""Death_Note_-LRB-2015_TV_series-RRB-"", 0], [205891, 214362, ""Takeshi_Obata"", 0], [205891, 214362, ""Takeshi_Obata"", 1]]]",,,,,0.0,,,,0.0,,fever,500462,Death Note is certainly not a Japanese television drama series based on a manga series illustrated by Takeshi Obata.,"[[[205891, 214362, ""Death_Note_-LRB-2015_TV_series-RRB-"", 0], [205891, 214362, ""Takeshi_Obata"", 0], [205891, 214362, ""Takeshi_Obata"", 1]]]",dev
463,,,,SUPPORTS,"Claim: The current Duke of York has remained unmarried since his 1996 divorce

Evidence: [[[11126, 14009, ""Duke_of_York"", 12], [11126, 14009, ""Prince_Andrew,_Duke_of_York"", 0]]]",,,,,0.0,,,,0.0,,fever,500463,The current Duke of York has remained unmarried since his 1996 divorce,"[[[11126, 14009, ""Duke_of_York"", 12], [11126, 14009, ""Prince_Andrew,_Duke_of_York"", 0]]]",dev
464,,,,Not Enough Info,"Claim: The area of Ballinloughan is larger than the area of Manfran.

Evidence: [[[199, 438, null, null]]]",,,,,0.0,,,,0.0,,fever,500464,The area of Ballinloughan is larger than the area of Manfran.,"[[[199, 438, null, null]]]",dev
465,,,,NOT ENOUGH INFO,"Claim: Benjamin Franklin was a spokesman and was highly regarded and was born on April 17th, 1790.

Evidence: [[[null, null, null, null]]]",,,,,0.0,,,,0.0,,fever,500465,"Benjamin Franklin was a spokesman and was highly regarded and was born on April 17th, 1790.","[[[null, null, null, null]]]",dev
466,,,,SUPPORTS,"Claim: The area of Mashonaland West Province is larger than the area of Sắc Tứ Tam Bảo Temple.

Evidence: [[[114, 235, ""Mashonaland_West_Province"", 1], [114, 236, ""Ki\u00ean_Giang_Province"", 3], [114, 237, ""S\u1eafc_T\u1ee9_Tam_B\u1ea3o_Temple"", 0]]]",,,,,0.0,,,,0.0,,fever,500466,The area of Mashonaland West Province is larger than the area of Sắc Tứ Tam Bảo Temple.,"[[[114, 235, ""Mashonaland_West_Province"", 1], [114, 236, ""Ki\u00ean_Giang_Province"", 3], [114, 237, ""S\u1eafc_T\u1ee9_Tam_B\u1ea3o_Temple"", 0]]]",dev
467,,,,NOT ENOUGH INFO,"Claim: Palo Alto, California is 50 miles from the state which shares its border with Oregon

Evidence: [[[null, null, ""Starrcade"", -1]]]",,,,,0.0,,,,0.0,,fever,500467,"Palo Alto, California is 50 miles from the state which shares its border with Oregon","[[[null, null, ""Starrcade"", -1]]]",dev
468,,,,SUPPORTS,"Claim: Keith Urban was liberated by a United States based record label

Evidence: [[[223818, 228750, ""Keith_Urban_-LRB-1999_album-RRB-"", 0], [223818, 228750, ""Capitol_Records_Nashville"", 0]]]",,,,,0.0,,,,0.0,,fever,500468,Keith Urban was liberated by a United States based record label,"[[[223818, 228750, ""Keith_Urban_-LRB-1999_album-RRB-"", 0], [223818, 228750, ""Capitol_Records_Nashville"", 0]]]",dev
469,,,,REFUTES,"Claim: The Cry of the Owl is based on a book by an American novelist's publication in 1872

Evidence: [[[203339, 212379, ""The_Cry_of_the_Owl_-LRB-2009_film-RRB-"", 0]]]",,,,,0.0,,,,0.0,,fever,500469,The Cry of the Owl is based on a book by an American novelist's publication in 1872,"[[[203339, 212379, ""The_Cry_of_the_Owl_-LRB-2009_film-RRB-"", 0]]]",dev
470,,,,NOT ENOUGH INFO,"Claim: There is a 4D bicycle, it is called Tangled.

Evidence: [[[145901, null, null, null]]]",,,,,0.0,,,,0.0,,fever,500470,"There is a 4D bicycle, it is called Tangled.","[[[145901, null, null, null]]]",dev
471,,,,SUPPORTS,"Claim: The Challenge XXX: Dirty 30 is not a season of an Australian TV show.

Evidence: [[[172445, 185753, ""The_Challenge_XXX-COLON-_Dirty_30"", 0], [172445, 185753, ""MTV"", 0]]]",,,,,0.0,,,,0.0,,fever,500471,The Challenge XXX: Dirty 30 is not a season of an Australian TV show.,"[[[172445, 185753, ""The_Challenge_XXX-COLON-_Dirty_30"", 0], [172445, 185753, ""MTV"", 0]]]",dev
472,,,,REFUTES,"Claim: One Dance reached number one in the Netherlands between 2006 and 2014.

Evidence: [[[222928, 228038, ""One_Dance"", 0]], [[222928, 228039, ""One_Dance"", 17]], [[225540, 230170, ""One_Dance"", 0]], [[225540, 230171, ""One_Dance"", 6]], [[225540, 230172, ""One_Dance"", 21]], [[225540, 230173, ""One_Dance"", 17]], [[225540, 230174, ""One_Dance"", 14]], [[317983, 306995, ""One_Dance"", 0]], [[317983, 306996, ""One_Dance"", 6]], [[317988, 306998, ""One_Dance"", 0]], [[317988, 306999, ""One_Dance"", 6]]]",,,,,0.0,,,,0.0,,fever,500472,One Dance reached number one in the Netherlands between 2006 and 2014.,"[[[222928, 228038, ""One_Dance"", 0]], [[222928, 228039, ""One_Dance"", 17]], [[225540, 230170, ""One_Dance"", 0]], [[225540, 230171, ""One_Dance"", 6]], [[225540, 230172, ""One_Dance"", 21]], [[225540, 230173, ""One_Dance"", 17]], [[225540, 230174, ""One_Dance"", 14]], [[317983, 306995, ""One_Dance"", 0]], [[317983, 306996, ""One_Dance"", 6]], [[317988, 306998, ""One_Dance"", 0]], [[317988, 306999, ""One_Dance"", 6]]]",dev
473,,,,SUPPORTS,"Claim: Uranium has isotopes of mass number 233, 234, 235, 236, 237 and 238 respectively.

Evidence: [[[null, null, ""Uranium"", ""3""], [null, null, ""Isotope"", ""7""]]]",,,,,0.0,,,,0.0,,fever,500473,"Uranium has isotopes of mass number 233, 234, 235, 236, 237 and 238 respectively.","[[[null, null, ""Uranium"", ""3""], [null, null, ""Isotope"", ""7""]]]",dev
474,,,,REFUTES,"Claim: Linkin Park hit the Billboard Top 200 for the first time 3 years after 2004.

Evidence: [[[136080, 150916, ""Linkin_Park"", 2]]]",,,,,0.0,,,,0.0,,fever,500474,Linkin Park hit the Billboard Top 200 for the first time 3 years after 2004.,"[[[136080, 150916, ""Linkin_Park"", 2]]]",dev
475,,,,REFUTES,"Claim: Ian Gillan writes songs and is a producer.

Evidence: [[[104467, 117888, ""Ian_Gillan"", 0]]]",,,,,0.0,,,,0.0,,fever,500475,Ian Gillan writes songs and is a producer.,"[[[104467, 117888, ""Ian_Gillan"", 0]]]",dev
476,,,,REFUTES,"Claim: There does not exist a biographical romantic drama film called A United Kingdom.

Evidence: [[[265220, 262465, ""A_United_Kingdom"", 0]]]",,,,,0.0,,,,0.0,,fever,500476,There does not exist a biographical romantic drama film called A United Kingdom.,"[[[265220, 262465, ""A_United_Kingdom"", 0]]]",dev
477,,,,SUPPORTS,"Claim: Patrick Stewart was a London merchant

Evidence: [[[49192, 58517, ""Patrick_Maxwell_Stewart"", 0]]]",,,,,0.0,,,,0.0,,fever,500477,Patrick Stewart was a London merchant,"[[[49192, 58517, ""Patrick_Maxwell_Stewart"", 0]]]",dev
478,,,,NOT ENOUGH INFO,"Claim: The 34th governor of New Jersey formed the belief system Wilsonianism.

Evidence: [[[null, null, ""Starrcade"", -1]]]",,,,,0.0,,,,0.0,,fever,500478,The 34th governor of New Jersey formed the belief system Wilsonianism.,"[[[null, null, ""Starrcade"", -1]]]",dev
479,,,,SUPPORTS,"Claim: Freddie Highmore is an actor on  an American psychological horror drama television series developed by Carlton Cuse, Kerry Ehrin, and Anthony Cipriano.

Evidence: [[[null, null, ""Freddie_Highmore"", 5], [null, null, ""Bates_Motel_-LRB-TV_series-RRB-"", 0], [null, null, ""Bates_Motel_-LRB-TV_series-RRB-"", 1]], [[null, null, ""Bates_Motel_-LRB-TV_series-RRB-"", 4], [null, null, ""Bates_Motel_-LRB-TV_series-RRB-"", 0], [null, null, ""Bates_Motel_-LRB-TV_series-RRB-"", 1]]]",,,,,0.0,,,,0.0,,fever,500479,"Freddie Highmore is an actor on  an American psychological horror drama television series developed by Carlton Cuse, Kerry Ehrin, and Anthony Cipriano.","[[[null, null, ""Freddie_Highmore"", 5], [null, null, ""Bates_Motel_-LRB-TV_series-RRB-"", 0], [null, null, ""Bates_Motel_-LRB-TV_series-RRB-"", 1]], [[null, null, ""Bates_Motel_-LRB-TV_series-RRB-"", 4], [null, null, ""Bates_Motel_-LRB-TV_series-RRB-"", 0], [null, null, ""Bates_Motel_-LRB-TV_series-RRB-"", 1]]]",dev
480,,,,SUPPORTS,"Claim: Rachel Green is one of the six paramount characters in the sitcom Friends

Evidence: [[[25499, 31430, ""Rachel_Green"", 0]]]",,,,,0.0,,,,0.0,,fever,500480,Rachel Green is one of the six paramount characters in the sitcom Friends,"[[[25499, 31430, ""Rachel_Green"", 0]]]",dev
481,,,,NOT ENOUGH INFO,"Claim: An American singer who sung the best selling single Tik Tok was born on March 1st, 1987 in a Pasadena, California.

Evidence: [[[null, null, ""Starrcade"", -1]]]",,,,,0.0,,,,0.0,,fever,500481,"An American singer who sung the best selling single Tik Tok was born on March 1st, 1987 in a Pasadena, California.","[[[null, null, ""Starrcade"", -1]]]",dev
482,,,,SUPPORTS,"Claim: Peyton Manning was drafted before his brother.

Evidence: [[[0, 0, ""Peyton_Manning"", 3], [0, 0, ""Peyton_Manning"", 6], [0, 0, ""Eli_Manning"", 2]], [[0, 0, ""Eli_Manning"", 3], [0, 0, ""Peyton_Manning"", 6], [0, 0, ""Eli_Manning"", 2]]]",,,,,0.0,,,,0.0,,fever,500482,Peyton Manning was drafted before his brother.,"[[[0, 0, ""Peyton_Manning"", 3], [0, 0, ""Peyton_Manning"", 6], [0, 0, ""Eli_Manning"", 2]], [[0, 0, ""Eli_Manning"", 3], [0, 0, ""Peyton_Manning"", 6], [0, 0, ""Eli_Manning"", 2]]]",dev
483,,,,SUPPORTS,"Claim: Onepiece is a brand of clothing .

Evidence: [[[49192, 58517, ""Onepiece"", 0]]]",,,,,0.0,,,,0.0,,fever,500483,Onepiece is a brand of clothing .,"[[[49192, 58517, ""Onepiece"", 0]]]",dev
484,,,,NOT ENOUGH INFO,"Claim: There exists a place, Mordor, that is where the person Shannon Lee started living.

Evidence: [[[148883, null, null, null]]]",,,,,0.0,,,,0.0,,fever,500484,"There exists a place, Mordor, that is where the person Shannon Lee started living.","[[[148883, null, null, null]]]",dev
485,,,,NOT ENOUGH INFO,"Claim: There exists an Italian professional footballer from New jersey, it goes by the name of Andrea Pirlo.

Evidence: [[[234886, null, null, null]]]",,,,,0.0,,,,0.0,,fever,500485,"There exists an Italian professional footballer from New jersey, it goes by the name of Andrea Pirlo.","[[[234886, null, null, null]]]",dev
486,,,,SUPPORTS,"Claim: Santa Lucía is a city in the province of Corrientes

Evidence: [[[49192, 58517, ""Santa_Luc\u00eda,_Corrientes"", 0]]]",,,,,0.0,,,,0.0,,fever,500486,Santa Lucía is a city in the province of Corrientes,"[[[49192, 58517, ""Santa_Luc\u00eda,_Corrientes"", 0]]]",dev
487,,,,SUPPORTS,"Claim: March 12, 1991 is not the approximate time at which the person Keith Stanfield started living.

Evidence: [[[180161, 192697, ""Keith_Stanfield"", 0]]]",,,,,0.0,,,,0.0,,fever,500487,"March 12, 1991 is not the approximate time at which the person Keith Stanfield started living.","[[[180161, 192697, ""Keith_Stanfield"", 0]]]",dev
488,,,,NOT ENOUGH INFO,"Claim: There is a father called Dawood Ibrahim.

Evidence: [[[207523, null, null, null]]]",,,,,0.0,,,,0.0,,fever,500488,There is a father called Dawood Ibrahim.,"[[[207523, null, null, null]]]",dev
489,,,,REFUTES,"Claim: There does not exist a slasher film that goes by the name of Scream 2.

Evidence: [[[198869, 208574, ""Scream_2"", 0]]]",,,,,0.0,,,,0.0,,fever,500489,There does not exist a slasher film that goes by the name of Scream 2.,"[[[198869, 208574, ""Scream_2"", 0]]]",dev
490,,,,SUPPORTS,"Claim: There existed no sibling duo called Sonny & Cher.

Evidence: [[[90643, 103372, ""Sonny_&_Cher"", 0]]]",,,,,0.0,,,,0.0,,fever,500490,There existed no sibling duo called Sonny & Cher.,"[[[90643, 103372, ""Sonny_&_Cher"", 0]]]",dev
491,,,,SUPPORTS,"Claim: Southampton F.C. came in second in the First Division 4 years before 1987 -- 1984.

Evidence: [[[267307, 264032, ""Southampton_F.C."", 9]]]",,,,,0.0,,,,0.0,,fever,500491,Southampton F.C. came in second in the First Division 4 years before 1987 -- 1984.,"[[[267307, 264032, ""Southampton_F.C."", 9]]]",dev
492,,,,SUPPORTS,"Claim: There is not a thought process that goes by the name of The Hunger Games.

Evidence: [[[56773, 67000, ""The_Hunger_Games_-LRB-novel-RRB-"", 0]], [[56773, 67001, ""The_Hunger_Games_-LRB-novel-RRB-"", 9]], [[56773, 67002, ""The_Hunger_Games_-LRB-novel-RRB-"", 13]], [[56773, 67003, ""The_Hunger_Games_-LRB-novel-RRB-"", 12]], [[56773, 67004, ""The_Hunger_Games_-LRB-novel-RRB-"", 14]], [[56773, 67005, ""The_Hunger_Games_-LRB-novel-RRB-"", 16]]]",,,,,0.0,,,,0.0,,fever,500492,There is not a thought process that goes by the name of The Hunger Games.,"[[[56773, 67000, ""The_Hunger_Games_-LRB-novel-RRB-"", 0]], [[56773, 67001, ""The_Hunger_Games_-LRB-novel-RRB-"", 9]], [[56773, 67002, ""The_Hunger_Games_-LRB-novel-RRB-"", 13]], [[56773, 67003, ""The_Hunger_Games_-LRB-novel-RRB-"", 12]], [[56773, 67004, ""The_Hunger_Games_-LRB-novel-RRB-"", 14]], [[56773, 67005, ""The_Hunger_Games_-LRB-novel-RRB-"", 16]]]",dev
493,,,,NOT ENOUGH INFO,"Claim: Meteora is an album by a band from a country which lies to the north of United States.

Evidence: [[[null, null, ""Starrcade"", -1]]]",,,,,0.0,,,,0.0,,fever,500493,Meteora is an album by a band from a country which lies to the north of United States.,"[[[null, null, ""Starrcade"", -1]]]",dev
494,,,,NOT ENOUGH INFO,"Claim: There exists a religious discipline called Physics.

Evidence: [[[75237, null, null, null]]]",,,,,0.0,,,,0.0,,fever,500494,There exists a religious discipline called Physics.,"[[[75237, null, null, null]]]",dev
495,,,,NOT ENOUGH INFO,"Claim: There existed a queen that went by the name of Sejong the Great.

Evidence: [[[270486, null, null, null]]]",,,,,0.0,,,,0.0,,fever,500495,There existed a queen that went by the name of Sejong the Great.,"[[[270486, null, null, null]]]",dev
496,,,,NOT ENOUGH INFO,"Claim: UNESCO's City of Literature program is part of its Creative Cities Network, founded after 1980.

Evidence: [[[73132, null, ""City_of_Literature"", -1]]]",,,,,0.0,,,,0.0,,fever,500496,"UNESCO's City of Literature program is part of its Creative Cities Network, founded after 1980.","[[[73132, null, ""City_of_Literature"", -1]]]",dev
497,,,,NOT ENOUGH INFO,"Claim: Chris Bosh enjoys playing against Oklahoma City Thunder and won his first NBA Finals title between 2010 and 2014.

Evidence: [[[125912, null, ""Chris_Bosh"", -1]]]",,,,,0.0,,,,0.0,,fever,500497,Chris Bosh enjoys playing against Oklahoma City Thunder and won his first NBA Finals title between 2010 and 2014.,"[[[125912, null, ""Chris_Bosh"", -1]]]",dev
498,,,,SUPPORTS,"Claim: There existed a politician called Gaius Julius Caesar.

Evidence: [[[242366, 243763, ""Gaius_Julius_Caesar_-LRB-proconsul-RRB-"", 0]], [[242366, 243764, ""Gaius_Julius_Caesar_-LRB-proconsul-RRB-"", 8]]]",,,,,0.0,,,,0.0,,fever,500498,There existed a politician called Gaius Julius Caesar.,"[[[242366, 243763, ""Gaius_Julius_Caesar_-LRB-proconsul-RRB-"", 0]], [[242366, 243764, ""Gaius_Julius_Caesar_-LRB-proconsul-RRB-"", 8]]]",dev
499,,,,SUPPORTS,"Claim: There exists a film that goes by the name of Resident Evil.

Evidence: [[[249992, 250055, ""Resident_Evil_-LRB-film-RRB-"", 0]]]",,,,,0.0,,,,0.0,,fever,500499,There exists a film that goes by the name of Resident Evil.,"[[[249992, 250055, ""Resident_Evil_-LRB-film-RRB-"", 0]]]",dev
500,,,,SUPPORTS,"Claim: There existed a horror film, it was called The Invisible Man.

Evidence: [[[119197, 133137, ""The_Invisible_Man_-LRB-film-RRB-"", 0]]]",,,,,0.0,,,,0.0,,fever,500500,"There existed a horror film, it was called The Invisible Man.","[[[119197, 133137, ""The_Invisible_Man_-LRB-film-RRB-"", 0]]]",dev
501,,,,SUPPORTS,"Claim: Taylor Lautner appeared on television sitcoms when he was a adolescent

Evidence: [[[155133, 169848, ""Taylor_Lautner"", 4]], [[155134, 169849, ""Taylor_Lautner"", 4]]]",,,,,0.0,,,,0.0,,fever,500501,Taylor Lautner appeared on television sitcoms when he was a adolescent,"[[[155133, 169848, ""Taylor_Lautner"", 4]], [[155134, 169849, ""Taylor_Lautner"", 4]]]",dev
502,,,,SUPPORTS,"Claim: It is not true that the novel ""Ulysses"" is written in 1833 by the Victorian poet, Alfred Tennyson (1809-1892), and published in 1842 in his well-received second volume of poetry.

Evidence: [[[null, null, ""Ulysses_-LRB-novel-RRB-"", ""0""]]]",,,,,0.0,,,,0.0,,fever,500502,"It is not true that the novel ""Ulysses"" is written in 1833 by the Victorian poet, Alfred Tennyson (1809-1892), and published in 1842 in his well-received second volume of poetry.","[[[null, null, ""Ulysses_-LRB-novel-RRB-"", ""0""]]]",dev
503,,,,NOT ENOUGH INFO,"Claim: Mercedes Benz is partly of a company from Germany

Evidence: [[[87898, 100417, ""Mercedes-Benz"", 0]]]",,,,,0.0,,,,0.0,,fever,500503,Mercedes Benz is partly of a company from Germany,"[[[87898, 100417, ""Mercedes-Benz"", 0]]]",dev
504,,,,REFUTES,"Claim: The Woman in Black was abandoned by Hammer Film Productions in the second-decade of the twenty-first century in favor of working on Freddie vs. Jason.

Evidence: [[[195186, 205506, ""Hammer_Film_Productions"", 17]], [[195189, 205508, ""Hammer_Film_Productions"", 17]], [[195217, 205530, ""Hammer_Film_Productions"", 17]]]",,,,,0.0,,,,0.0,,fever,500504,The Woman in Black was abandoned by Hammer Film Productions in the second-decade of the twenty-first century in favor of working on Freddie vs. Jason.,"[[[195186, 205506, ""Hammer_Film_Productions"", 17]], [[195189, 205508, ""Hammer_Film_Productions"", 17]], [[195217, 205530, ""Hammer_Film_Productions"", 17]]]",dev
505,,,,REFUTES,"Claim: Mamata Banerjee is not an Indian politician in West Bengal.

Evidence: [[[184849, 196725, ""Mamata_Banerjee"", 0]]]",,,,,0.0,,,,0.0,,fever,500505,Mamata Banerjee is not an Indian politician in West Bengal.,"[[[184849, 196725, ""Mamata_Banerjee"", 0]]]",dev
506,,,,NOT ENOUGH INFO,"Claim: There existed an inept ruler, it went by the name of Henry III of France.

Evidence: [[[213527, null, null, null]]]",,,,,0.0,,,,0.0,,fever,500506,"There existed an inept ruler, it went by the name of Henry III of France.","[[[213527, null, null, null]]]",dev
507,,,,NOT ENOUGH INFO,"Claim: A 2012 American film directed by Jeff Nichols has Matthew McConaughey as its lead.

Evidence: [[[null, null, ""Starrcade"", -1]]]",,,,,0.0,,,,0.0,,fever,500507,A 2012 American film directed by Jeff Nichols has Matthew McConaughey as its lead.,"[[[null, null, ""Starrcade"", -1]]]",dev
508,,,,SUPPORTS,"Claim: There exists no theory that consists of a city and its dependent territories called Vatican City.

Evidence: [[[86313, 98718, ""Vatican_City"", 0]]]",,,,,0.0,,,,0.0,,fever,500508,There exists no theory that consists of a city and its dependent territories called Vatican City.,"[[[86313, 98718, ""Vatican_City"", 0]]]",dev
509,,,,NOT ENOUGH INFO,"Claim: There is a an American retailer based out of NYC, they are called Foot Locker.

Evidence: [[[220227, null, null, null]]]",,,,,0.0,,,,0.0,,fever,500509,"There is a an American retailer based out of NYC, they are called Foot Locker.","[[[220227, null, null, null]]]",dev
510,,,,SUPPORTS,"Claim: There does not exist a Mexican band called Scandal.

Evidence: [[[135107, 150018, ""Scandal_-LRB-American_band-RRB-"", 0]], [[135149, 150075, ""Scandal_-LRB-American_band-RRB-"", 0]], [[135150, 150076, ""Scandal_-LRB-American_band-RRB-"", 0]], [[135151, 150077, ""Scandal_-LRB-American_band-RRB-"", 0]], [[135152, 150078, ""Scandal_-LRB-American_band-RRB-"", 0]], [[135153, 150079, ""Scandal_-LRB-American_band-RRB-"", 0]], [[135154, 150080, ""Scandal_-LRB-American_band-RRB-"", 0]], [[135156, 150082, ""Scandal_-LRB-American_band-RRB-"", 0]], [[135157, 150083, ""Scandal_-LRB-American_band-RRB-"", 0]], [[135158, 150084, ""Scandal_-LRB-American_band-RRB-"", 0]], [[135159, 150085, ""Scandal_-LRB-American_band-RRB-"", 0]], [[135160, 150086, ""Scandal_-LRB-American_band-RRB-"", 0]], [[135162, 150087, ""Scandal_-LRB-American_band-RRB-"", 0]], [[135163, 150088, ""Scandal_-LRB-American_band-RRB-"", 0]], [[135164, 150089, ""Scandal_-LRB-American_band-RRB-"", 0]], [[135165, 150090, ""Scandal_-LRB-American_band-RRB-"", 0]]]",,,,,0.0,,,,0.0,,fever,500510,There does not exist a Mexican band called Scandal.,"[[[135107, 150018, ""Scandal_-LRB-American_band-RRB-"", 0]], [[135149, 150075, ""Scandal_-LRB-American_band-RRB-"", 0]], [[135150, 150076, ""Scandal_-LRB-American_band-RRB-"", 0]], [[135151, 150077, ""Scandal_-LRB-American_band-RRB-"", 0]], [[135152, 150078, ""Scandal_-LRB-American_band-RRB-"", 0]], [[135153, 150079, ""Scandal_-LRB-American_band-RRB-"", 0]], [[135154, 150080, ""Scandal_-LRB-American_band-RRB-"", 0]], [[135156, 150082, ""Scandal_-LRB-American_band-RRB-"", 0]], [[135157, 150083, ""Scandal_-LRB-American_band-RRB-"", 0]], [[135158, 150084, ""Scandal_-LRB-American_band-RRB-"", 0]], [[135159, 150085, ""Scandal_-LRB-American_band-RRB-"", 0]], [[135160, 150086, ""Scandal_-LRB-American_band-RRB-"", 0]], [[135162, 150087, ""Scandal_-LRB-American_band-RRB-"", 0]], [[135163, 150088, ""Scandal_-LRB-American_band-RRB-"", 0]], [[135164, 150089, ""Scandal_-LRB-American_band-RRB-"", 0]], [[135165, 150090, ""Scandal_-LRB-American_band-RRB-"", 0]]]",dev
511,,,,NOT ENOUGH INFO,"Claim: There is a well-known performance, it is called The Gettysburg Address.

Evidence: [[[142685, null, null, null]]]",,,,,0.0,,,,0.0,,fever,500511,"There is a well-known performance, it is called The Gettysburg Address.","[[[142685, null, null, null]]]",dev
512,,,,SUPPORTS,"Claim: There existed a director of a movie featuring Akshay Kumar in a starring role called Sabbir Khan.

Evidence: [[[34970, 42402, ""Sabbir_Khan"", 1]]]",,,,,0.0,,,,0.0,,fever,500512,There existed a director of a movie featuring Akshay Kumar in a starring role called Sabbir Khan.,"[[[34970, 42402, ""Sabbir_Khan"", 1]]]",dev
513,,,,REFUTES,"Claim: George W. Bush is the only president of US to graduate from university in Connecticut.

Evidence: [[[22, 45, ""Yale_University"", 0], [22, 46, ""Yale_University"", 23]]]",,,,,0.0,,,,0.0,,fever,500513,George W. Bush is the only president of US to graduate from university in Connecticut.,"[[[22, 45, ""Yale_University"", 0], [22, 46, ""Yale_University"", 23]]]",dev
514,,,,REFUTES,"Claim: A View to a Kill is the third James Bond film directed by John Glen and released in the first-decade of the twenty-first century.

Evidence: [[[148970, 164011, ""A_View_to_a_Kill"", 6], [148970, 164011, ""A_View_to_a_Kill"", 0]]]",,,,,0.0,,,,0.0,,fever,500514,A View to a Kill is the third James Bond film directed by John Glen and released in the first-decade of the twenty-first century.,"[[[148970, 164011, ""A_View_to_a_Kill"", 6], [148970, 164011, ""A_View_to_a_Kill"", 0]]]",dev
515,,,,NOT ENOUGH INFO,"Claim: Tye Kayle Sheridan  is an American actor and playwright.

Evidence: [[[null, null, ""Onepiece"", -1]]]",,,,,0.0,,,,0.0,,fever,500515,Tye Kayle Sheridan  is an American actor and playwright.,"[[[null, null, ""Onepiece"", -1]]]",dev
516,,,,NOT ENOUGH INFO,"Claim: There exists a sports comedy theater play that goes by the name of DodgeBall: A True Underdog Story.

Evidence: [[[114824, null, null, null]]]",,,,,0.0,,,,0.0,,fever,500516,There exists a sports comedy theater play that goes by the name of DodgeBall: A True Underdog Story.,"[[[114824, null, null, null]]]",dev
517,,,,SUPPORTS,"Claim: The area of Madhya Pradesh is larger than the area of Chegutu.

Evidence: [[[81, 136, ""Madhya_Pradesh"", 5], [81, 137, ""Mashonaland_West_Province"", 1], [81, 138, ""Chegutu"", 0]]]",,,,,0.0,,,,0.0,,fever,500517,The area of Madhya Pradesh is larger than the area of Chegutu.,"[[[81, 136, ""Madhya_Pradesh"", 5], [81, 137, ""Mashonaland_West_Province"", 1], [81, 138, ""Chegutu"", 0]]]",dev
518,,,,Not Enough Info,"Claim: An aerial telescope was first invented by Christiaan Huygens and his brother.

Evidence: [[[66, 105, null, null]]]",,,,,0.0,,,,0.0,,fever,500518,An aerial telescope was first invented by Christiaan Huygens and his brother.,"[[[66, 105, null, null]]]",dev
519,,,,NOT ENOUGH INFO,"Claim: There exists an Australian producer called Yvonne Strahovski.

Evidence: [[[53489, null, null, null]]]",,,,,0.0,,,,0.0,,fever,500519,There exists an Australian producer called Yvonne Strahovski.,"[[[53489, null, null, null]]]",dev
520,,,,REFUTES,"Claim: There is a season of American Ninja Warrior called The Challenge: Rivals III.

Evidence: [[[90063, 102736, ""The_Challenge-COLON-_Rivals_III"", 0]]]",,,,,0.0,,,,0.0,,fever,500520,There is a season of American Ninja Warrior called The Challenge: Rivals III.,"[[[90063, 102736, ""The_Challenge-COLON-_Rivals_III"", 0]]]",dev
521,,,,NOT ENOUGH INFO,"Claim: There existed a poet that went by the name of Benjamin Franklin.

Evidence: [[[146711, null, null, null]]]",,,,,0.0,,,,0.0,,fever,500521,There existed a poet that went by the name of Benjamin Franklin.,"[[[146711, null, null, null]]]",dev
522,,,,REFUTES,"Claim: There exists a store called Spider-Man 2.

Evidence: [[[23145, 28497, ""Spider-Man_2"", 0]], [[23145, 28498, ""Spider-Man_2"", 1]], [[23145, 28499, ""Spider-Man_2"", 11]], [[23146, 28500, ""Spider-Man_2"", 0]], [[23146, 28501, ""Spider-Man_2"", 1]], [[23146, 28502, ""Spider-Man_2"", 11]]]",,,,,0.0,,,,0.0,,fever,500522,There exists a store called Spider-Man 2.,"[[[23145, 28497, ""Spider-Man_2"", 0]], [[23145, 28498, ""Spider-Man_2"", 1]], [[23145, 28499, ""Spider-Man_2"", 11]], [[23146, 28500, ""Spider-Man_2"", 0]], [[23146, 28501, ""Spider-Man_2"", 1]], [[23146, 28502, ""Spider-Man_2"", 11]]]",dev
523,,,,SUPPORTS,"Claim: SpongeBob SquarePants is definitely not a documentary series.

Evidence: [[[11799, 14800, ""SpongeBob_SquarePants"", 0]]]",,,,,0.0,,,,0.0,,fever,500523,SpongeBob SquarePants is definitely not a documentary series.,"[[[11799, 14800, ""SpongeBob_SquarePants"", 0]]]",dev
524,,,,NOT ENOUGH INFO,"Claim: There exists a father called Dawood Ibrahim.

Evidence: [[[207523, null, null, null]]]",,,,,0.0,,,,0.0,,fever,500524,There exists a father called Dawood Ibrahim.,"[[[207523, null, null, null]]]",dev
525,,,,REFUTES,"Claim: Boeing 787 Dreamliner has permanently had the same name

Evidence: [[[61685, 72172, ""Boeing_787_Dreamliner"", 8]]]",,,,,0.0,,,,0.0,,fever,500525,Boeing 787 Dreamliner has permanently had the same name,"[[[61685, 72172, ""Boeing_787_Dreamliner"", 8]]]",dev
526,,,,SUPPORTS,"Claim: February 14th, 1860 is some other time than when Simon Pegg was born.

Evidence: [[[12036, 15081, ""Simon_Pegg"", 0]]]",,,,,0.0,,,,0.0,,fever,500526,"February 14th, 1860 is some other time than when Simon Pegg was born.","[[[12036, 15081, ""Simon_Pegg"", 0]]]",dev
527,,,,SUPPORTS,"Claim: Goosebumps (film) was directed by someone who co-directed and co-wrote Shark Tale.

Evidence: [[[null, null, ""Goosebumps_-LRB-film-RRB-"", 1], [null, null, ""Rob_Letterman"", 3]]]",,,,,0.0,,,,0.0,,fever,500527,Goosebumps (film) was directed by someone who co-directed and co-wrote Shark Tale.,"[[[null, null, ""Goosebumps_-LRB-film-RRB-"", 1], [null, null, ""Rob_Letterman"", 3]]]",dev
528,,,,REFUTES,"Claim: Battle of the Bastards is certainly not a Game of Thrones episode.

Evidence: [[[107388, 120833, ""Battle_of_the_Bastards"", 0]], [[107388, 120834, ""Battle_of_the_Bastards"", 16]]]",,,,,0.0,,,,0.0,,fever,500528,Battle of the Bastards is certainly not a Game of Thrones episode.,"[[[107388, 120833, ""Battle_of_the_Bastards"", 0]], [[107388, 120834, ""Battle_of_the_Bastards"", 16]]]",dev
529,,,,SUPPORTS,"Claim: The area of Madhya Pradesh is larger than the area of Akkalkuwa.

Evidence: [[[84, 145, ""Madhya_Pradesh"", 5], [84, 146, ""Nandurbar_district"", 3], [84, 147, ""Akkalkuwa"", 0]]]",,,,,0.0,,,,0.0,,fever,500529,The area of Madhya Pradesh is larger than the area of Akkalkuwa.,"[[[84, 145, ""Madhya_Pradesh"", 5], [84, 146, ""Nandurbar_district"", 3], [84, 147, ""Akkalkuwa"", 0]]]",dev
530,,,,SUPPORTS,"Claim: Starrcade was eventually broadcast via charge per view television

Evidence: [[[122533, 136829, ""Starrcade"", 0]], [[122533, 136830, ""Starrcade"", 16]]]",,,,,0.0,,,,0.0,,fever,500530,Starrcade was eventually broadcast via charge per view television,"[[[122533, 136829, ""Starrcade"", 0]], [[122533, 136830, ""Starrcade"", 16]]]",dev
531,,,,NOT ENOUGH INFO,"Claim: There exists a 2008 American newspaper called Milk.

Evidence: [[[206140, null, null, null]]]",,,,,0.0,,,,0.0,,fever,500531,There exists a 2008 American newspaper called Milk.,"[[[206140, null, null, null]]]",dev
532,,,,NOT ENOUGH INFO,"Claim: There exists an EP called See.SZA.Run.

Evidence: [[[251084, null, null, null]]]",,,,,0.0,,,,0.0,,fever,500532,There exists an EP called See.SZA.Run.,"[[[251084, null, null, null]]]",dev
533,,,,REFUTES,"Claim: Pakistan's semi industrialized economy is the 20th biggest in the globe in buying power parity

Evidence: [[[126562, 140958, ""Pakistan"", 22]]]",,,,,0.0,,,,0.0,,fever,500533,Pakistan's semi industrialized economy is the 20th biggest in the globe in buying power parity,"[[[126562, 140958, ""Pakistan"", 22]]]",dev
534,,,,REFUTES,"Claim: Camden, New Jersey is the home of a school that was founded as the South Jersey Law School 4 years before 1926.

Evidence: [[[79985, 91755, ""Camden,_New_Jersey"", 40]]]",,,,,0.0,,,,0.0,,fever,500534,"Camden, New Jersey is the home of a school that was founded as the South Jersey Law School 4 years before 1926.","[[[79985, 91755, ""Camden,_New_Jersey"", 40]]]",dev
535,,,,NOT ENOUGH INFO,"Claim: There existed a stand-up comedian called Estelle Getty.

Evidence: [[[213584, null, null, null]]]",,,,,0.0,,,,0.0,,fever,500535,There existed a stand-up comedian called Estelle Getty.,"[[[213584, null, null, null]]]",dev
536,,,,NOT ENOUGH INFO,"Claim: Fist of Legend is a remake of a film starring a person who is considered as one of the best boxers to have ever lived.

Evidence: [[[null, null, ""Starrcade"", -1]]]",,,,,0.0,,,,0.0,,fever,500536,Fist of Legend is a remake of a film starring a person who is considered as one of the best boxers to have ever lived.,"[[[null, null, ""Starrcade"", -1]]]",dev
537,,,,REFUTES,"Claim: Flaco was originally known as the coach of Rayo Vallecano International from 1986 to 1990.

Evidence: [[[null, null, ""Flaco"", ""2""]]]",,,,,0.0,,,,0.0,,fever,500537,Flaco was originally known as the coach of Rayo Vallecano International from 1986 to 1990.,"[[[null, null, ""Flaco"", ""2""]]]",dev
538,,,,SUPPORTS,"Claim: The area of Adıyaman Province is larger than the area of Sắc Tứ Tam Bảo Temple.

Evidence: [[[91, 166, ""Ad\u0131yaman_Province"", 2], [91, 167, ""Ki\u00ean_Giang_Province"", 3], [91, 168, ""S\u1eafc_T\u1ee9_Tam_B\u1ea3o_Temple"", 0]]]",,,,,0.0,,,,0.0,,fever,500538,The area of Adıyaman Province is larger than the area of Sắc Tứ Tam Bảo Temple.,"[[[91, 166, ""Ad\u0131yaman_Province"", 2], [91, 167, ""Ki\u00ean_Giang_Province"", 3], [91, 168, ""S\u1eafc_T\u1ee9_Tam_B\u1ea3o_Temple"", 0]]]",dev
539,,,,SUPPORTS,"Claim: There is an actress called Emilia Clarke.

Evidence: [[[39896, 47992, ""Emilia_Clarke"", 0]], [[39896, 47993, ""Emilia_Clarke"", 4]], [[39896, 47994, ""Emilia_Clarke"", 5]], [[39896, 47995, ""Emilia_Clarke"", 6]], [[39896, 47996, ""Emilia_Clarke"", 9]], [[39896, 47997, ""Emilia_Clarke"", 11]], [[39896, 47998, ""Emilia_Clarke"", 10]], [[39896, 47999, ""Emilia_Clarke"", 14]], [[39896, 48000, ""Emilia_Clarke"", 17]], [[39896, 48001, ""Emilia_Clarke"", 16]]]",,,,,0.0,,,,0.0,,fever,500539,There is an actress called Emilia Clarke.,"[[[39896, 47992, ""Emilia_Clarke"", 0]], [[39896, 47993, ""Emilia_Clarke"", 4]], [[39896, 47994, ""Emilia_Clarke"", 5]], [[39896, 47995, ""Emilia_Clarke"", 6]], [[39896, 47996, ""Emilia_Clarke"", 9]], [[39896, 47997, ""Emilia_Clarke"", 11]], [[39896, 47998, ""Emilia_Clarke"", 10]], [[39896, 47999, ""Emilia_Clarke"", 14]], [[39896, 48000, ""Emilia_Clarke"", 17]], [[39896, 48001, ""Emilia_Clarke"", 16]]]",dev
540,,,,REFUTES,"Claim: Ekta Kapoor is not a producer of an Indian soap opera.

Evidence: [[[86831, 99290, ""Ekta_Kapoor"", 0], [86831, 99290, ""Ekta_Kapoor"", 7]]]",,,,,0.0,,,,0.0,,fever,500540,Ekta Kapoor is not a producer of an Indian soap opera.,"[[[86831, 99290, ""Ekta_Kapoor"", 0], [86831, 99290, ""Ekta_Kapoor"", 7]]]",dev
541,,,,REFUTES,"Claim: There exists a Australian politician that goes by the name of Mamata Banerjee.

Evidence: [[[153823, 168672, ""Mamata_Banerjee"", 0]], [[153824, 168673, ""Mamata_Banerjee"", 0]]]",,,,,0.0,,,,0.0,,fever,500541,There exists a Australian politician that goes by the name of Mamata Banerjee.,"[[[153823, 168672, ""Mamata_Banerjee"", 0]], [[153824, 168673, ""Mamata_Banerjee"", 0]]]",dev
542,,,,REFUTES,"Claim: Artpop debuted at number one on the United States Billboard 200 between 1994 and 2004.

Evidence: [[[201852, 211209, ""Artpop"", 0]]]",,,,,0.0,,,,0.0,,fever,500542,Artpop debuted at number one on the United States Billboard 200 between 1994 and 2004.,"[[[201852, 211209, ""Artpop"", 0]]]",dev
543,,,,NOT ENOUGH INFO,"Claim: There exists a Buddist called Amancio Ortega.

Evidence: [[[120902, null, null, null]]]",,,,,0.0,,,,0.0,,fever,500543,There exists a Buddist called Amancio Ortega.,"[[[120902, null, null, null]]]",dev
544,,,,REFUTES,"Claim: The area of Badia del Vallès is larger than the area of Cunene Province.

Evidence: [[[141, 316, ""Cunene_Province"", 1], [141, 317, ""Province_of_Barcelona"", 2], [141, 318, ""Badia_del_Vall\u00e8s"", 0]]]",,,,,0.0,,,,0.0,,fever,500544,The area of Badia del Vallès is larger than the area of Cunene Province.,"[[[141, 316, ""Cunene_Province"", 1], [141, 317, ""Province_of_Barcelona"", 2], [141, 318, ""Badia_del_Vall\u00e8s"", 0]]]",dev
545,,,,REFUTES,"Claim: Darris Love was created by creator/executive producer/composer/musician, David S. Goyer, in conjunction with the production company, Whedon Productions.

Evidence: [[[null, null, ""Darris_Love"", ""0""]]]",,,,,0.0,,,,0.0,,fever,500545,"Darris Love was created by creator/executive producer/composer/musician, David S. Goyer, in conjunction with the production company, Whedon Productions.","[[[null, null, ""Darris_Love"", ""0""]]]",dev
546,,,,REFUTES,"Claim: One Dance was Drake's first number one single in the 1990s.

Evidence: [[[170335, 183898, ""One_Dance"", 6]]]",,,,,0.0,,,,0.0,,fever,500546,One Dance was Drake's first number one single in the 1990s.,"[[[170335, 183898, ""One_Dance"", 6]]]",dev
547,,,,REFUTES,"Claim: Watertown, Massachusetts is not a city in Middlesex County.

Evidence: [[[48799, 58125, ""Watertown,_Massachusetts"", 0]]]",,,,,0.0,,,,0.0,,fever,500547,"Watertown, Massachusetts is not a city in Middlesex County.","[[[48799, 58125, ""Watertown,_Massachusetts"", 0]]]",dev
548,,,,SUPPORTS,"Claim: There exists an American comedy-drama called Hannah and Her Sisters.

Evidence: [[[65718, 76589, ""Hannah_and_Her_Sisters"", 0]]]",,,,,0.0,,,,0.0,,fever,500548,There exists an American comedy-drama called Hannah and Her Sisters.,"[[[65718, 76589, ""Hannah_and_Her_Sisters"", 0]]]",dev
549,,,,NOT ENOUGH INFO,"Claim: Côme Isaïe Rinfret was also a lawyer, serving as a justice of the peace, county councillor, and county sheriff.

Evidence: [[[null, null, null, null]]]",,,,,0.0,,,,0.0,,fever,500549,"Côme Isaïe Rinfret was also a lawyer, serving as a justice of the peace, county councillor, and county sheriff.","[[[null, null, null, null]]]",dev
550,,,,REFUTES,"Claim: There is not an interior designer called Faye Resnick.

Evidence: [[[38264, 46195, ""Faye_Resnick"", 0]]]",,,,,0.0,,,,0.0,,fever,500550,There is not an interior designer called Faye Resnick.,"[[[38264, 46195, ""Faye_Resnick"", 0]]]",dev
551,,,,NOT ENOUGH INFO,"Claim: There existed a producer for the Grateful Dead, it went by the name of Tom Constanten.

Evidence: [[[101566, null, null, null]]]",,,,,0.0,,,,0.0,,fever,500551,"There existed a producer for the Grateful Dead, it went by the name of Tom Constanten.","[[[101566, null, null, null]]]",dev
552,,,,NOT ENOUGH INFO,"Claim: There is a classic slasher film called Scream 2.

Evidence: [[[198878, null, null, null]]]",,,,,0.0,,,,0.0,,fever,500552,There is a classic slasher film called Scream 2.,"[[[198878, null, null, null]]]",dev
553,,,,SUPPORTS,"Claim: Wisława Szymborska and Pope John Paul II graduated from the Jagiellonian University.

Evidence: [[[null, null, ""Jagiellonian_University"", ""4""]]]",,,,,0.0,,,,0.0,,fever,500553,Wisława Szymborska and Pope John Paul II graduated from the Jagiellonian University.,"[[[null, null, ""Jagiellonian_University"", ""4""]]]",dev
554,,,,REFUTES,"Claim: There exists no federal parliamentary republic called Pakistan.

Evidence: [[[35569, 43092, ""Pakistan"", 0]]]",,,,,0.0,,,,0.0,,fever,500554,There exists no federal parliamentary republic called Pakistan.,"[[[35569, 43092, ""Pakistan"", 0]]]",dev
555,,,,NOT ENOUGH INFO,"Claim: Bea Arthur was married to a person who won the 1966 Tony Award for Best Featured Actress in a Musical for playing Vera Charles in Mame.

Evidence: [[[null, null, ""Starrcade"", -1]]]",,,,,0.0,,,,0.0,,fever,500555,Bea Arthur was married to a person who won the 1966 Tony Award for Best Featured Actress in a Musical for playing Vera Charles in Mame.,"[[[null, null, ""Starrcade"", -1]]]",dev
556,,,,SUPPORTS,"Claim: Overexposed is definitely not a car.

Evidence: [[[139085, 154157, ""Overexposed_-LRB-album-RRB-"", 0]]]",,,,,0.0,,,,0.0,,fever,500556,Overexposed is definitely not a car.,"[[[139085, 154157, ""Overexposed_-LRB-album-RRB-"", 0]]]",dev
557,,,,REFUTES,"Claim: Andrew Kevin Walker was born on August 14, 1864 and is a screenwriter.

Evidence: [[[94636, 107611, ""Andrew_Kevin_Walker"", 0]]]",,,,,0.0,,,,0.0,,fever,500557,"Andrew Kevin Walker was born on August 14, 1864 and is a screenwriter.","[[[94636, 107611, ""Andrew_Kevin_Walker"", 0]]]",dev
558,,,,SUPPORTS,"Claim: Yandex operates in the world's largest landlocked country

Evidence: [[[null, null, ""Yandex"", 9], [null, null, ""Kazakhstan"", 5]]]",,,,,0.0,,,,0.0,,fever,500558,Yandex operates in the world's largest landlocked country,"[[[null, null, ""Yandex"", 9], [null, null, ""Kazakhstan"", 5]]]",dev
559,,,,REFUTES,"Claim: There is a unit of individual differences, it is called Personality.

Evidence: [[[165783, 179769, ""Personality"", 0]]]",,,,,0.0,,,,0.0,,fever,500559,"There is a unit of individual differences, it is called Personality.","[[[165783, 179769, ""Personality"", 0]]]",dev
560,,,,REFUTES,"Claim: Spider-Man 2 is not a film.

Evidence: [[[23165, 28523, ""Spider-Man_2"", 0]], [[23165, 28524, ""Spider-Man_2"", 1]], [[23165, 28525, ""Spider-Man_2"", 5]], [[23165, 28526, ""Spider-Man_2"", 10]], [[23165, 28527, ""Spider-Man_2"", 11]], [[23165, 28528, ""Spider-Man_2"", 12]]]",,,,,0.0,,,,0.0,,fever,500560,Spider-Man 2 is not a film.,"[[[23165, 28523, ""Spider-Man_2"", 0]], [[23165, 28524, ""Spider-Man_2"", 1]], [[23165, 28525, ""Spider-Man_2"", 5]], [[23165, 28526, ""Spider-Man_2"", 10]], [[23165, 28527, ""Spider-Man_2"", 11]], [[23165, 28528, ""Spider-Man_2"", 12]]]",dev
561,,,,REFUTES,"Claim: One Dance was Drake's first number one single in the ninties of the twentieth century.

Evidence: [[[170335, 183898, ""One_Dance"", 6]]]",,,,,0.0,,,,0.0,,fever,500561,One Dance was Drake's first number one single in the ninties of the twentieth century.,"[[[170335, 183898, ""One_Dance"", 6]]]",dev
562,,,,SUPPORTS,"Claim: There is a philosopher, who thought his work has the same impact on philosophy as the publication of De revolutionibus orbium coelestium had on science.

Evidence: [[[null, null, ""Immanuel_Kant"", ""2""], [null, null, ""Nicolaus_Copernicus"", ""3""]]]",,,,,0.0,,,,0.0,,fever,500562,"There is a philosopher, who thought his work has the same impact on philosophy as the publication of De revolutionibus orbium coelestium had on science.","[[[null, null, ""Immanuel_Kant"", ""2""], [null, null, ""Nicolaus_Copernicus"", ""3""]]]",dev
563,,,,SUPPORTS,"Claim: Robert Siegel was an American poet and novelist. 

Evidence: [[[49192, 58517, ""Robert_Siegel_-LRB-author-RRB-"", 0]]]",,,,,0.0,,,,0.0,,fever,500563,Robert Siegel was an American poet and novelist. ,"[[[49192, 58517, ""Robert_Siegel_-LRB-author-RRB-"", 0]]]",dev
564,,,,NOT ENOUGH INFO,"Claim: A US-based women's apparel company known for tomboyish style was destroyed in Portland, Oregon.

Evidence: [[[null, null, ""Starrcade"", -1]]]",,,,,0.0,,,,0.0,,fever,500564,"A US-based women's apparel company known for tomboyish style was destroyed in Portland, Oregon.","[[[null, null, ""Starrcade"", -1]]]",dev
565,,,,REFUTES,"Claim: There is a division of BMW called Mercedes-Benz.

Evidence: [[[169060, 182741, ""Mercedes-Benz"", 0]]]",,,,,0.0,,,,0.0,,fever,500565,There is a division of BMW called Mercedes-Benz.,"[[[169060, 182741, ""Mercedes-Benz"", 0]]]",dev
566,,,,SUPPORTS,"Claim: Scipio Africanus  was a slave born to unknown parents from West Africa

Evidence: [[[49192, 58517, ""Scipio_Africanus_-LRB-slave-RRB-"", 0]]]",,,,,0.0,,,,0.0,,fever,500566,Scipio Africanus  was a slave born to unknown parents from West Africa,"[[[49192, 58517, ""Scipio_Africanus_-LRB-slave-RRB-"", 0]]]",dev
567,,,,REFUTES,"Claim: No one ever had a higher rank than Dwight D. Eisenhower in United States Armed Forces.

Evidence: [[[27, 54, ""General_of_the_Armies"", 0], [27, 55, ""General_of_the_Armies"", 2]]]",,,,,0.0,,,,0.0,,fever,500567,No one ever had a higher rank than Dwight D. Eisenhower in United States Armed Forces.,"[[[27, 54, ""General_of_the_Armies"", 0], [27, 55, ""General_of_the_Armies"", 2]]]",dev
568,,,,NOT ENOUGH INFO,"Claim: The Prowler was created by Stan Lee, John Buscema, and Jim Mooney before 1980.

Evidence: [[[116286, null, ""List_of_Marvel_Comics_people"", -1]]]",,,,,0.0,,,,0.0,,fever,500568,"The Prowler was created by Stan Lee, John Buscema, and Jim Mooney before 1980.","[[[116286, null, ""List_of_Marvel_Comics_people"", -1]]]",dev
569,,,,SUPPORTS,"Claim: Skopje wasn't a main city from 972 and 992.

Evidence: [[[306811, 297417, ""Skopje"", 8]]]",,,,,0.0,,,,0.0,,fever,500569,Skopje wasn't a main city from 972 and 992.,"[[[306811, 297417, ""Skopje"", 8]]]",dev
570,,,,REFUTES,"Claim: Southampton F.C. came in second in the First Division after 1990 -- 1984.

Evidence: [[[267307, 264032, ""Southampton_F.C."", 9]]]",,,,,0.0,,,,0.0,,fever,500570,Southampton F.C. came in second in the First Division after 1990 -- 1984.,"[[[267307, 264032, ""Southampton_F.C."", 9]]]",dev
571,,,,SUPPORTS,"Claim: There is a director, Sean Baker, who was not involved in the production of A United Kingdom.

Evidence: [[[265240, 262478, ""A_United_Kingdom"", 0]]]",,,,,0.0,,,,0.0,,fever,500571,"There is a director, Sean Baker, who was not involved in the production of A United Kingdom.","[[[265240, 262478, ""A_United_Kingdom"", 0]]]",dev
572,,,,SUPPORTS,"Claim: John Anniston played the role of Victor Kiriakis before his daughter started Echo Films.

Evidence: [[[0, 0, ""Jennifer_Aniston"", 1], [0, 0, ""Jennifer_Aniston"", 10], [0, 0, ""John_Aniston"", 1]], [[0, 0, ""John_Aniston"", 2], [0, 0, ""Jennifer_Aniston"", 10], [0, 0, ""John_Aniston"", 1]]]",,,,,0.0,,,,0.0,,fever,500572,John Anniston played the role of Victor Kiriakis before his daughter started Echo Films.,"[[[0, 0, ""Jennifer_Aniston"", 1], [0, 0, ""Jennifer_Aniston"", 10], [0, 0, ""John_Aniston"", 1]], [[0, 0, ""John_Aniston"", 2], [0, 0, ""Jennifer_Aniston"", 10], [0, 0, ""John_Aniston"", 1]]]",dev
573,,,,REFUTES,"Claim: During an uprising that began on 10 March 1959 , when a revolt erupted in Lhasa , the 14th Dalai Lama fled to Bangladesh

Evidence: [[[null, null, ""14th_Dalai_Lama"", 10], [null, null, ""1959_Tibetan_uprising"", 0]]]",,,,,0.0,,,,0.0,,fever,500573,"During an uprising that began on 10 March 1959 , when a revolt erupted in Lhasa , the 14th Dalai Lama fled to Bangladesh","[[[null, null, ""14th_Dalai_Lama"", 10], [null, null, ""1959_Tibetan_uprising"", 0]]]",dev
574,,,,Not Enough Info,"Claim: Nazarenes has no direct connection to Samuel Heinrich FrÃ¶hlich.

Evidence: [[[46, 85, null, null]]]",,,,,0.0,,,,0.0,,fever,500574,Nazarenes has no direct connection to Samuel Heinrich FrÃ¶hlich.,"[[[46, 85, null, null]]]",dev
575,,,,NOT ENOUGH INFO,"Claim: There exists a destination for American tourists, it goes by the name of Cyprus.

Evidence: [[[113388, null, null, null]]]",,,,,0.0,,,,0.0,,fever,500575,"There exists a destination for American tourists, it goes by the name of Cyprus.","[[[113388, null, null, null]]]",dev
576,,,,NOT ENOUGH INFO,"Claim: There exists a location where lumber is assembled before use called A staging area.

Evidence: [[[225560, null, null, null]]]",,,,,0.0,,,,0.0,,fever,500576,There exists a location where lumber is assembled before use called A staging area.,"[[[225560, null, null, null]]]",dev
577,,,,SUPPORTS,"Claim: There exists a person, it goes by the name of Sebastian Vettel.

Evidence: [[[85285, 97586, ""Sebastian_Vettel"", 0]], [[85285, 97587, ""Sebastian_Vettel"", 2]], [[85285, 97588, ""Sebastian_Vettel"", 3]], [[85285, 97589, ""Sebastian_Vettel"", 6]], [[85285, 97590, ""Sebastian_Vettel"", 7]], [[85285, 97591, ""Sebastian_Vettel"", 10]], [[85285, 97592, ""Sebastian_Vettel"", 17]], [[85285, 97593, ""Sebastian_Vettel"", 22]]]",,,,,0.0,,,,0.0,,fever,500577,"There exists a person, it goes by the name of Sebastian Vettel.","[[[85285, 97586, ""Sebastian_Vettel"", 0]], [[85285, 97587, ""Sebastian_Vettel"", 2]], [[85285, 97588, ""Sebastian_Vettel"", 3]], [[85285, 97589, ""Sebastian_Vettel"", 6]], [[85285, 97590, ""Sebastian_Vettel"", 7]], [[85285, 97591, ""Sebastian_Vettel"", 10]], [[85285, 97592, ""Sebastian_Vettel"", 17]], [[85285, 97593, ""Sebastian_Vettel"", 22]]]",dev
578,,,,SUPPORTS,"Claim: There is not a computer game that goes by the name of Firefox.

Evidence: [[[71795, 82793, ""Firefox"", 0], [71795, 82793, ""Web_browser"", 0]], [[71796, 82794, ""Firefox"", 0]]]",,,,,0.0,,,,0.0,,fever,500578,There is not a computer game that goes by the name of Firefox.,"[[[71795, 82793, ""Firefox"", 0], [71795, 82793, ""Web_browser"", 0]], [[71796, 82794, ""Firefox"", 0]]]",dev
579,,,,SUPPORTS,"Claim: January 27, 1960 is not the approximate time at which the person Loretta Sanchez was born.

Evidence: [[[71503, 82480, ""Loretta_Sanchez"", 0]], [[71504, 82481, ""Loretta_Sanchez"", 0]]]",,,,,0.0,,,,0.0,,fever,500579,"January 27, 1960 is not the approximate time at which the person Loretta Sanchez was born.","[[[71503, 82480, ""Loretta_Sanchez"", 0]], [[71504, 82481, ""Loretta_Sanchez"", 0]]]",dev
580,,,,REFUTES,"Claim: Weill Cornell Medicine has not tales of being tied to the field of education

Evidence: [[[183689, 195682, ""Weill_Cornell_Medicine"", 0], [183689, 195682, ""Medical_school"", 0]], [[183689, 195683, ""Weill_Cornell_Medicine"", 4], [183689, 195683, ""Medical_school"", 0]]]",,,,,0.0,,,,0.0,,fever,500580,Weill Cornell Medicine has not tales of being tied to the field of education,"[[[183689, 195682, ""Weill_Cornell_Medicine"", 0], [183689, 195682, ""Medical_school"", 0]], [[183689, 195683, ""Weill_Cornell_Medicine"", 4], [183689, 195683, ""Medical_school"", 0]]]",dev
581,,,,NOT ENOUGH INFO,"Claim: There exists an Italian professional footballer from New jersey called Andrea Pirlo.

Evidence: [[[234886, null, null, null]]]",,,,,0.0,,,,0.0,,fever,500581,There exists an Italian professional footballer from New jersey called Andrea Pirlo.,"[[[234886, null, null, null]]]",dev
582,,,,REFUTES,"Claim: The Woman in Black was abandoned by Hammer Film Productions between 2010 and 2014 in favor of working on Freddie vs. Jason.

Evidence: [[[195186, 205506, ""Hammer_Film_Productions"", 17]], [[195189, 205508, ""Hammer_Film_Productions"", 17]], [[195217, 205530, ""Hammer_Film_Productions"", 17]]]",,,,,0.0,,,,0.0,,fever,500582,The Woman in Black was abandoned by Hammer Film Productions between 2010 and 2014 in favor of working on Freddie vs. Jason.,"[[[195186, 205506, ""Hammer_Film_Productions"", 17]], [[195189, 205508, ""Hammer_Film_Productions"", 17]], [[195217, 205530, ""Hammer_Film_Productions"", 17]]]",dev
583,,,,REFUTES,"Claim: There did not exist a fashion designer that goes by the name of Augutus Prew's mother.

Evidence: [[[221800, 227355, ""Augustus_Prew"", 5]]]",,,,,0.0,,,,0.0,,fever,500583,There did not exist a fashion designer that goes by the name of Augutus Prew's mother.,"[[[221800, 227355, ""Augustus_Prew"", 5]]]",dev
584,,,,SUPPORTS,"Claim: The Little Prince (2015 film) is definitely not directed by Peter Jackson.

Evidence: [[[242320, 243728, ""The_Little_Prince_-LRB-2015_film-RRB-"", 0]]]",,,,,0.0,,,,0.0,,fever,500584,The Little Prince (2015 film) is definitely not directed by Peter Jackson.,"[[[242320, 243728, ""The_Little_Prince_-LRB-2015_film-RRB-"", 0]]]",dev
585,,,,SUPPORTS,"Claim: An American animation studio that is a subsidiary of Universal Pictures produced Trollhunters.

Evidence: [[[null, null, ""Trollhunters"", 0], [null, null, ""DreamWorks_Animation"", 0]]]",,,,,0.0,,,,0.0,,fever,500585,An American animation studio that is a subsidiary of Universal Pictures produced Trollhunters.,"[[[null, null, ""Trollhunters"", 0], [null, null, ""DreamWorks_Animation"", 0]]]",dev
586,,,,NOT ENOUGH INFO,"Claim: Amy Winehouse died of whiskey poisoning on 23 July 2011.

Evidence: [[[null, null, ""Onepiece"", -1]]]",,,,,0.0,,,,0.0,,fever,500586,Amy Winehouse died of whiskey poisoning on 23 July 2011.,"[[[null, null, ""Onepiece"", -1]]]",dev
587,,,,REFUTES,"Claim: There did not exist an investigation into the causes of difficulties between guards and prisoners that goes by the name of The Stanford prison experiment.

Evidence: [[[38115, 46030, ""Stanford_prison_experiment"", 2]]]",,,,,0.0,,,,0.0,,fever,500587,There did not exist an investigation into the causes of difficulties between guards and prisoners that goes by the name of The Stanford prison experiment.,"[[[38115, 46030, ""Stanford_prison_experiment"", 2]]]",dev
588,,,,REFUTES,"Claim: There did not exist a web browser called Netscape Navigator.

Evidence: [[[39442, 47489, ""Netscape_Navigator"", 0]], [[39442, 47490, ""Netscape_Navigator"", 1]], [[39442, 47491, ""Netscape_Navigator"", 9]], [[39442, 47492, ""Netscape_Navigator"", 16]]]",,,,,0.0,,,,0.0,,fever,500588,There did not exist a web browser called Netscape Navigator.,"[[[39442, 47489, ""Netscape_Navigator"", 0]], [[39442, 47490, ""Netscape_Navigator"", 1]], [[39442, 47491, ""Netscape_Navigator"", 9]], [[39442, 47492, ""Netscape_Navigator"", 16]]]",dev
589,,,,SUPPORTS,"Claim: There exists a television series called Younger.

Evidence: [[[21699, 26667, ""Younger_-LRB-TV_series-RRB-"", 0]]]",,,,,0.0,,,,0.0,,fever,500589,There exists a television series called Younger.,"[[[21699, 26667, ""Younger_-LRB-TV_series-RRB-"", 0]]]",dev
590,,,,REFUTES,"Claim: The Dodo has been represented with a grey and red head

Evidence: [[[76660, 87979, ""Dodo"", 10]]]",,,,,0.0,,,,0.0,,fever,500590,The Dodo has been represented with a grey and red head,"[[[76660, 87979, ""Dodo"", 10]]]",dev
591,,,,REFUTES,"Claim: There is not a solid that goes by the name of Granite.

Evidence: [[[71902, 82884, ""Granite"", 0]]]",,,,,0.0,,,,0.0,,fever,500591,There is not a solid that goes by the name of Granite.,"[[[71902, 82884, ""Granite"", 0]]]",dev
592,,,,NOT ENOUGH INFO,"Claim: There exists a giant actress that goes by the name of Aubrey Anderson-Emmons.

Evidence: [[[173606, null, null, null]]]",,,,,0.0,,,,0.0,,fever,500592,There exists a giant actress that goes by the name of Aubrey Anderson-Emmons.,"[[[173606, null, null, null]]]",dev
593,,,,SUPPORTS,"Claim: The Silver Surfer is definitely not a fictional super villain.

Evidence: [[[152025, 166780, ""Silver_Surfer"", 0]], [[152028, 166782, ""Silver_Surfer"", 0]], [[152028, 166783, ""Silver_Surfer"", 13]]]",,,,,0.0,,,,0.0,,fever,500593,The Silver Surfer is definitely not a fictional super villain.,"[[[152025, 166780, ""Silver_Surfer"", 0]], [[152028, 166782, ""Silver_Surfer"", 0]], [[152028, 166783, ""Silver_Surfer"", 13]]]",dev
594,,,,REFUTES,"Claim: The Quiet is a 2005 American drama thriller film directed by an Indian.

Evidence: [[[null, null, ""The_Quiet"", 0], [null, null, ""Jamie_Babbit"", 0]]]",,,,,0.0,,,,0.0,,fever,500594,The Quiet is a 2005 American drama thriller film directed by an Indian.,"[[[null, null, ""The_Quiet"", 0], [null, null, ""Jamie_Babbit"", 0]]]",dev
595,,,,REFUTES,"Claim: There does not exist a 2010 biopic that goes by the name of Temple Grandin.

Evidence: [[[50269, 59841, ""Temple_Grandin_-LRB-film-RRB-"", 0]]]",,,,,0.0,,,,0.0,,fever,500595,There does not exist a 2010 biopic that goes by the name of Temple Grandin.,"[[[50269, 59841, ""Temple_Grandin_-LRB-film-RRB-"", 0]]]",dev
596,,,,NOT ENOUGH INFO,"Claim: Superhuman abilities may result from human enhancement by genetic modification using CRISPR technology and abilities may result from human enhancement by nanotechnology.

Evidence: [[[null, null, null, null]]]",,,,,0.0,,,,0.0,,fever,500596,Superhuman abilities may result from human enhancement by genetic modification using CRISPR technology and abilities may result from human enhancement by nanotechnology.,"[[[null, null, null, null]]]",dev
597,,,,REFUTES,"Claim: There is a German film, it is called Scream 2.

Evidence: [[[198898, 208590, ""Scream_2"", 0]]]",,,,,0.0,,,,0.0,,fever,500597,"There is a German film, it is called Scream 2.","[[[198898, 208590, ""Scream_2"", 0]]]",dev
598,,,,SUPPORTS,"Claim: Swordfish is a film that is about a somebody who is targeted for a crime conspiracy

Evidence: [[[209589, 217384, ""Swordfish_-LRB-film-RRB-"", 1]], [[209596, 217390, ""Swordfish_-LRB-film-RRB-"", 1], [209596, 217390, ""Bank_robbery"", 0], [209596, 217390, ""Bank_robbery"", 2]]]",,,,,0.0,,,,0.0,,fever,500598,Swordfish is a film that is about a somebody who is targeted for a crime conspiracy,"[[[209589, 217384, ""Swordfish_-LRB-film-RRB-"", 1]], [[209596, 217390, ""Swordfish_-LRB-film-RRB-"", 1], [209596, 217390, ""Bank_robbery"", 0], [209596, 217390, ""Bank_robbery"", 2]]]",dev
599,,,,SUPPORTS,"Claim: Ingushetia was baptized after Chechen Ingush ASSR division into two

Evidence: [[[126373, 140774, ""Ingushetia"", 5]]]",,,,,0.0,,,,0.0,,fever,500599,Ingushetia was baptized after Chechen Ingush ASSR division into two,"[[[126373, 140774, ""Ingushetia"", 5]]]",dev
600,,,,NOT ENOUGH INFO,"Claim: Blue Jasmine was filmed in a city where the Golden Gate Bridge is located.

Evidence: [[[null, null, ""Starrcade"", -1]]]",,,,,0.0,,,,0.0,,fever,500600,Blue Jasmine was filmed in a city where the Golden Gate Bridge is located.,"[[[null, null, ""Starrcade"", -1]]]",dev
601,,,,SUPPORTS,"Claim: Keith Urban is the second studio album by Keith Urban and was released 5 years before 2004.

Evidence: [[[223870, 228789, ""Keith_Urban_-LRB-1999_album-RRB-"", 0]]]",,,,,0.0,,,,0.0,,fever,500601,Keith Urban is the second studio album by Keith Urban and was released 5 years before 2004.,"[[[223870, 228789, ""Keith_Urban_-LRB-1999_album-RRB-"", 0]]]",dev
602,,,,REFUTES,"Claim: Mary Kate Olsen and Ashley Olsen were birthed on June 11th 1999

Evidence: [[[251916, 251692, ""Mary-Kate_and_Ashley_Olsen"", 0]]]",,,,,0.0,,,,0.0,,fever,500602,Mary Kate Olsen and Ashley Olsen were birthed on June 11th 1999,"[[[251916, 251692, ""Mary-Kate_and_Ashley_Olsen"", 0]]]",dev
603,,,,REFUTES,"Claim: Vera Wang is not a fashion designer from the United States.

Evidence: [[[214604, 221593, ""Vera_Wang"", 0]]]",,,,,0.0,,,,0.0,,fever,500603,Vera Wang is not a fashion designer from the United States.,"[[[214604, 221593, ""Vera_Wang"", 0]]]",dev
604,,,,SUPPORTS,"Claim: Sofia Coppol is in the same relation to Francis Ford Coppola as Maciej Stuhr to Jerzy Stuhr.   

Evidence: [[[null, null, ""Sofia_Coppola"", ""1""], [null, null, ""Maciej_Stuhr"", ""4""]]]",,,,,0.0,,,,0.0,,fever,500604,Sofia Coppol is in the same relation to Francis Ford Coppola as Maciej Stuhr to Jerzy Stuhr.   ,"[[[null, null, ""Sofia_Coppola"", ""1""], [null, null, ""Maciej_Stuhr"", ""4""]]]",dev
605,,,,REFUTES,"Claim: Hannah and Her Sisters is written and directed by someone  who began performing as a stand-up comedian , emphasizing monologues rather than traditional jokes in early 1940s

Evidence: [[[null, null, ""Woody_Allen"", 4], [null, null, ""Hannah_and_Her_Sisters"", 0]]]",,,,,0.0,,,,0.0,,fever,500605,"Hannah and Her Sisters is written and directed by someone  who began performing as a stand-up comedian , emphasizing monologues rather than traditional jokes in early 1940s","[[[null, null, ""Woody_Allen"", 4], [null, null, ""Hannah_and_Her_Sisters"", 0]]]",dev
606,,,,NOT ENOUGH INFO,"Claim: One of Macklemore's singles was number one in Canada after 2000.

Evidence: [[[179017, null, ""Macklemore_&_Ryan_Lewis"", -1]]]",,,,,0.0,,,,0.0,,fever,500606,One of Macklemore's singles was number one in Canada after 2000.,"[[[179017, null, ""Macklemore_&_Ryan_Lewis"", -1]]]",dev
607,,,,SUPPORTS,"Claim: Tehran was a British  racehorse who raced during World War II

Evidence: [[[49192, 58517, ""Tehran_-LRB-horse-RRB-"", 0]]]",,,,,0.0,,,,0.0,,fever,500607,Tehran was a British  racehorse who raced during World War II,"[[[49192, 58517, ""Tehran_-LRB-horse-RRB-"", 0]]]",dev
608,,,,SUPPORTS,"Claim: Jason Bourne is certainly not a famous army general.

Evidence: [[[122657, 136971, ""Jason_Bourne_-LRB-film-RRB-"", 0]]]",,,,,0.0,,,,0.0,,fever,500608,Jason Bourne is certainly not a famous army general.,"[[[122657, 136971, ""Jason_Bourne_-LRB-film-RRB-"", 0]]]",dev
609,,,,REFUTES,"Claim: Ralph Fults was associated with the musical body the Barrow Gang

Evidence: [[[266598, 263532, ""Ralph_Fults"", 0], [266598, 263532, ""Barrow_Gang"", 0]]]",,,,,0.0,,,,0.0,,fever,500609,Ralph Fults was associated with the musical body the Barrow Gang,"[[[266598, 263532, ""Ralph_Fults"", 0], [266598, 263532, ""Barrow_Gang"", 0]]]",dev
610,,,,REFUTES,"Claim: EA Black Box was founded in 1998 and was closed in 1998.

Evidence: [[[74226, 85448, ""EA_Black_Box"", 0]], [[74226, 85450, ""EA_Black_Box"", 2]]]",,,,,0.0,,,,0.0,,fever,500610,EA Black Box was founded in 1998 and was closed in 1998.,"[[[74226, 85448, ""EA_Black_Box"", 0]], [[74226, 85450, ""EA_Black_Box"", 2]]]",dev
611,,,,SUPPORTS,"Claim: Hezbollah received a type of training from the second-largest country in the Middle East and the 18th-largest in the world

Evidence: [[[null, null, ""Hezbollah"", 7], [null, null, ""Iran"", 2]], [[null, null, ""Hezbollah"", 17], [null, null, ""Iran"", 2]]]",,,,,0.0,,,,0.0,,fever,500611,Hezbollah received a type of training from the second-largest country in the Middle East and the 18th-largest in the world,"[[[null, null, ""Hezbollah"", 7], [null, null, ""Iran"", 2]], [[null, null, ""Hezbollah"", 17], [null, null, ""Iran"", 2]]]",dev
612,,,,SUPPORTS,"Claim: A staging area is a location where before use, motors are assembled

Evidence: [[[225559, 230184, ""Staging_area"", 0]]]",,,,,0.0,,,,0.0,,fever,500612,"A staging area is a location where before use, motors are assembled","[[[225559, 230184, ""Staging_area"", 0]]]",dev
613,,,,SUPPORTS,"Claim: There existed a Lucha Libre wrestler, it went by the name of Gory Guerrero.

Evidence: [[[251524, 251358, ""Gory_Guerrero"", 0]], [[251524, 251359, ""Gory_Guerrero"", 1]]]",,,,,0.0,,,,0.0,,fever,500613,"There existed a Lucha Libre wrestler, it went by the name of Gory Guerrero.","[[[251524, 251358, ""Gory_Guerrero"", 0]], [[251524, 251359, ""Gory_Guerrero"", 1]]]",dev
614,,,,REFUTES,"Claim: In United States presidential election of 1996, the candidate ran effectively unopposed.

Evidence: [[[30, 61, ""United_States_presidential_election,_1820"", 4]]]",,,,,0.0,,,,0.0,,fever,500614,"In United States presidential election of 1996, the candidate ran effectively unopposed.","[[[30, 61, ""United_States_presidential_election,_1820"", 4]]]",dev
615,,,,REFUTES,"Claim: The Beguiled is based on a novel set in the Canadian South.

Evidence: [[[41313, 49648, ""The_Beguiled_-LRB-1971_film-RRB-"", 1], [41313, 49648, ""Southern_Gothic"", 0]]]",,,,,0.0,,,,0.0,,fever,500615,The Beguiled is based on a novel set in the Canadian South.,"[[[41313, 49648, ""The_Beguiled_-LRB-1971_film-RRB-"", 1], [41313, 49648, ""Southern_Gothic"", 0]]]",dev
616,,,,REFUTES,"Claim: Mamata Banerjee is not an Indian politician.

Evidence: [[[153821, 168670, ""Mamata_Banerjee"", 0]]]",,,,,0.0,,,,0.0,,fever,500616,Mamata Banerjee is not an Indian politician.,"[[[153821, 168670, ""Mamata_Banerjee"", 0]]]",dev
617,,,,NOT ENOUGH INFO,"Claim: There exists a director, it goes by the name of Simon Pegg.

Evidence: [[[107476, null, null, null]]]",,,,,0.0,,,,0.0,,fever,500617,"There exists a director, it goes by the name of Simon Pegg.","[[[107476, null, null, null]]]",dev
618,,,,REFUTES,"Claim: The first annual Africa Cup of Nations occurred 3 years after 2012.

Evidence: [[[150492, 165372, ""Africa_Cup_of_Nations"", 1]]]",,,,,0.0,,,,0.0,,fever,500618,The first annual Africa Cup of Nations occurred 3 years after 2012.,"[[[150492, 165372, ""Africa_Cup_of_Nations"", 1]]]",dev
619,,,,SUPPORTS,"Claim: The Fukushima Daiichi nuclear disaster happened after the Chernobyl accident.

Evidence: [[[null, null, ""Chernobyl_disaster"", ""1""], [null, null, ""Chernobyl_disaster"", ""16""]]]",,,,,0.0,,,,0.0,,fever,500619,The Fukushima Daiichi nuclear disaster happened after the Chernobyl accident.,"[[[null, null, ""Chernobyl_disaster"", ""1""], [null, null, ""Chernobyl_disaster"", ""16""]]]",dev
620,,,,NOT ENOUGH INFO,"Claim: Bessie Smith is a blues and jazz singer

Evidence: [[[null, null, ""Onepiece"", -1]]]",,,,,0.0,,,,0.0,,fever,500620,Bessie Smith is a blues and jazz singer,"[[[null, null, ""Onepiece"", -1]]]",dev
621,,,,REFUTES,"Claim: There does not exist a member of the Group of 15 called Chile.

Evidence: [[[263099, 260872, ""Group_of_15"", 4]]]",,,,,0.0,,,,0.0,,fever,500621,There does not exist a member of the Group of 15 called Chile.,"[[[263099, 260872, ""Group_of_15"", 4]]]",dev
622,,,,Not Enough Info,"Claim: Dikir barat is originated from Malaysia.

Evidence: [[[63, 102, null, null]]]",,,,,0.0,,,,0.0,,fever,500622,Dikir barat is originated from Malaysia.,"[[[63, 102, null, null]]]",dev
623,,,,NOT ENOUGH INFO,"Claim: Asylum Records is an American record label founded in the seventies of the twentieth century by David Geffen and musician Elliot Roberts.

Evidence: [[[217689, null, ""Elliot_Roberts"", -1]]]",,,,,0.0,,,,0.0,,fever,500623,Asylum Records is an American record label founded in the seventies of the twentieth century by David Geffen and musician Elliot Roberts.,"[[[217689, null, ""Elliot_Roberts"", -1]]]",dev
624,,,,SUPPORTS,"Claim: Quay had its first public exhibition in Manhattan

Evidence: [[[91272, 103976, ""Quay_-LRB-film-RRB-"", 1], [91272, 103976, ""Film_Forum"", 0]]]",,,,,0.0,,,,0.0,,fever,500624,Quay had its first public exhibition in Manhattan,"[[[91272, 103976, ""Quay_-LRB-film-RRB-"", 1], [91272, 103976, ""Film_Forum"", 0]]]",dev
625,,,,NOT ENOUGH INFO,"Claim: There is a vegan, they are called Ted Cruz.

Evidence: [[[263309, null, null, null]]]",,,,,0.0,,,,0.0,,fever,500625,"There is a vegan, they are called Ted Cruz.","[[[263309, null, null, null]]]",dev
626,,,,SUPPORTS,"Claim: The SpongeBob SquarePants Movie was directed by someone

Evidence: [[[170806, 184372, ""The_SpongeBob_SquarePants_Movie"", 1], [170806, 184372, ""Stephen_Hillenburg"", 0], [170806, 184372, ""The_SpongeBob_SquarePants_Movie"", 0]]]",,,,,0.0,,,,0.0,,fever,500626,The SpongeBob SquarePants Movie was directed by someone,"[[[170806, 184372, ""The_SpongeBob_SquarePants_Movie"", 1], [170806, 184372, ""Stephen_Hillenburg"", 0], [170806, 184372, ""The_SpongeBob_SquarePants_Movie"", 0]]]",dev
627,,,,REFUTES,"Claim: NRG Recording Studios was brought to life by a Mexican record producer, engineer and mixer

Evidence: [[[80159, 91957, ""NRG_Recording_Studios"", 0], [80159, 91957, ""Jay_Baumgardner"", 0]]]",,,,,0.0,,,,0.0,,fever,500627,"NRG Recording Studios was brought to life by a Mexican record producer, engineer and mixer","[[[80159, 91957, ""NRG_Recording_Studios"", 0], [80159, 91957, ""Jay_Baumgardner"", 0]]]",dev
628,,,,SUPPORTS,"Claim: Delino DeShields played major league baseball before his son was born.

Evidence: [[[0, 0, ""Delino_DeShields_Jr."", 1], [0, 0, ""Delino_DeShields_Jr."", 0], [0, 0, ""Delino_DeShields"", 1]]]",,,,,0.0,,,,0.0,,fever,500628,Delino DeShields played major league baseball before his son was born.,"[[[0, 0, ""Delino_DeShields_Jr."", 1], [0, 0, ""Delino_DeShields_Jr."", 0], [0, 0, ""Delino_DeShields"", 1]]]",dev
629,,,,REFUTES,"Claim: The area of Aurangabad, Maharashtra is larger than the area of Denizli Province.

Evidence: [[[130, 283, ""Denizli_Province"", 3], [130, 284, ""Aurangabad_district,_Maharashtra"", 3], [130, 285, ""Aurangabad,_Maharashtra"", 0]]]",,,,,0.0,,,,0.0,,fever,500629,"The area of Aurangabad, Maharashtra is larger than the area of Denizli Province.","[[[130, 283, ""Denizli_Province"", 3], [130, 284, ""Aurangabad_district,_Maharashtra"", 3], [130, 285, ""Aurangabad,_Maharashtra"", 0]]]",dev
630,,,,REFUTES,"Claim: Prague's historic center was first included in the UNESCO list of World Heritage Sites before 1940.

Evidence: [[[91552, 104297, ""Prague"", 16]]]",,,,,0.0,,,,0.0,,fever,500630,Prague's historic center was first included in the UNESCO list of World Heritage Sites before 1940.,"[[[91552, 104297, ""Prague"", 16]]]",dev
631,,,,REFUTES,"Claim: Jiang Wen is a Chinese cuisine and is a film actor.

Evidence: [[[197906, 207834, ""Jiang_Wen"", 0]]]",,,,,0.0,,,,0.0,,fever,500631,Jiang Wen is a Chinese cuisine and is a film actor.,"[[[197906, 207834, ""Jiang_Wen"", 0]]]",dev
632,,,,NOT ENOUGH INFO,"Claim: Bongwater follows the story of a person born in the country where Columbia university is located.

Evidence: []",,,,,0.0,,,,0.0,,fever,500632,Bongwater follows the story of a person born in the country where Columbia university is located.,[],dev
633,,,,NOT ENOUGH INFO,"Claim: Tangled is a musical and is a 4D bicycle.

Evidence: [[[null, null, null, null]]]",,,,,0.0,,,,0.0,,fever,500633,Tangled is a musical and is a 4D bicycle.,"[[[null, null, null, null]]]",dev
634,,,,REFUTES,"Claim: The creator of an American animated television series was a marine biologist  and not fascinated with ocean as a child.

Evidence: [[[null, null, ""Stephen_Hillenburg"", 4], [null, null, ""SpongeBob_SquarePants"", 0]]]",,,,,0.0,,,,0.0,,fever,500634,The creator of an American animated television series was a marine biologist  and not fascinated with ocean as a child.,"[[[null, null, ""Stephen_Hillenburg"", 4], [null, null, ""SpongeBob_SquarePants"", 0]]]",dev
635,,,,Not Enough Info,"Claim: The area of Kalhar is larger than the area of Ngalue.

Evidence: [[[183, 422, null, null]]]",,,,,0.0,,,,0.0,,fever,500635,The area of Kalhar is larger than the area of Ngalue.,"[[[183, 422, null, null]]]",dev
636,,,,REFUTES,"Claim: Curiosa is a member of the rock band the Cure.

Evidence: [[[null, null, ""Curiosa"", ""3""]]]",,,,,0.0,,,,0.0,,fever,500636,Curiosa is a member of the rock band the Cure.,"[[[null, null, ""Curiosa"", ""3""]]]",dev
637,,,,REFUTES,"Claim: A View to a Kill is the third James Bond film directed by John Glen and released after 1990.

Evidence: [[[148970, 164011, ""A_View_to_a_Kill"", 6], [148970, 164011, ""A_View_to_a_Kill"", 0]]]",,,,,0.0,,,,0.0,,fever,500637,A View to a Kill is the third James Bond film directed by John Glen and released after 1990.,"[[[148970, 164011, ""A_View_to_a_Kill"", 6], [148970, 164011, ""A_View_to_a_Kill"", 0]]]",dev
638,,,,SUPPORTS,"Claim: The Paper isn't directed by Barack Obama.

Evidence: [[[73706, 84954, ""The_Paper_-LRB-film-RRB-"", 0]]]",,,,,0.0,,,,0.0,,fever,500638,The Paper isn't directed by Barack Obama.,"[[[73706, 84954, ""The_Paper_-LRB-film-RRB-"", 0]]]",dev
639,,,,REFUTES,"Claim: The flux linkage is simply an alternative term for total flux.

Evidence: [[[17, 37, ""Flux_linkage"", 25], [17, 38, ""Flux_linkage"", 26]]]",,,,,0.0,,,,0.0,,fever,500639,The flux linkage is simply an alternative term for total flux.,"[[[17, 37, ""Flux_linkage"", 25], [17, 38, ""Flux_linkage"", 26]]]",dev
640,,,,REFUTES,"Claim: There exists no musical composition by Minogue called 2 Hearts.

Evidence: [[[225394, 230056, ""2_Hearts_-LRB-Kylie_Minogue_song-RRB-"", 0]], [[317953, 306972, ""2_Hearts_-LRB-Kylie_Minogue_song-RRB-"", 0]], [[319638, 308345, ""2_Hearts_-LRB-Kylie_Minogue_song-RRB-"", 0]], [[319643, 308348, ""2_Hearts_-LRB-Kylie_Minogue_song-RRB-"", 0]]]",,,,,0.0,,,,0.0,,fever,500640,There exists no musical composition by Minogue called 2 Hearts.,"[[[225394, 230056, ""2_Hearts_-LRB-Kylie_Minogue_song-RRB-"", 0]], [[317953, 306972, ""2_Hearts_-LRB-Kylie_Minogue_song-RRB-"", 0]], [[319638, 308345, ""2_Hearts_-LRB-Kylie_Minogue_song-RRB-"", 0]], [[319643, 308348, ""2_Hearts_-LRB-Kylie_Minogue_song-RRB-"", 0]]]",dev
641,,,,SUPPORTS,"Claim: Cruzeiro Esporte Clube is a  Brazilian football club.

Evidence: [[[49192, 58517, ""Cruzeiro_Esporte_Clube_-LRB-PB-RRB-"", 0]]]",,,,,0.0,,,,0.0,,fever,500641,Cruzeiro Esporte Clube is a  Brazilian football club.,"[[[49192, 58517, ""Cruzeiro_Esporte_Clube_-LRB-PB-RRB-"", 0]]]",dev
642,,,,REFUTES,"Claim: There exists a genre of music called Benzodiazepine.

Evidence: [[[56517, 66715, ""Benzodiazepine"", 0]]]",,,,,0.0,,,,0.0,,fever,500642,There exists a genre of music called Benzodiazepine.,"[[[56517, 66715, ""Benzodiazepine"", 0]]]",dev
643,,,,SUPPORTS,"Claim: There does not exist an unofficial language of the European Union called The Maltese language.

Evidence: [[[76091, 87396, ""Maltese_language"", 0]]]",,,,,0.0,,,,0.0,,fever,500643,There does not exist an unofficial language of the European Union called The Maltese language.,"[[[76091, 87396, ""Maltese_language"", 0]]]",dev
644,,,,REFUTES,"Claim: There is not an American that goes by the name of Vic Mensa.

Evidence: [[[208746, 216723, ""Vic_Mensa"", 0]]]",,,,,0.0,,,,0.0,,fever,500644,There is not an American that goes by the name of Vic Mensa.,"[[[208746, 216723, ""Vic_Mensa"", 0]]]",dev
645,,,,SUPPORTS,"Claim: John S. McCain Jr. was raised in the capital of the United States of America.

Evidence: [[[null, null, ""Washington,_D.C."", 0], [null, null, ""The_Nice_Guys"", 0]]]",,,,,0.0,,,,0.0,,fever,500645,John S. McCain Jr. was raised in the capital of the United States of America.,"[[[null, null, ""Washington,_D.C."", 0], [null, null, ""The_Nice_Guys"", 0]]]",dev
646,,,,SUPPORTS,"Claim: Roger Federer

Evidence: [[[null, null, ""Roger_Federer"", ""9""]]]",,,,,0.0,,,,0.0,,fever,500646,Roger Federer,"[[[null, null, ""Roger_Federer"", ""9""]]]",dev
647,,,,REFUTES,"Claim: The portrayor of a character that is based on Tim Canterbury from the original version of The Office was born on October 2, 1979

Evidence: [[[null, null, ""Jim_Halpert"", 0], [null, null, ""Jim_Halpert"", 1], [null, null, ""John_Krasinski"", 0]]]",,,,,0.0,,,,0.0,,fever,500647,"The portrayor of a character that is based on Tim Canterbury from the original version of The Office was born on October 2, 1979","[[[null, null, ""Jim_Halpert"", 0], [null, null, ""Jim_Halpert"", 1], [null, null, ""John_Krasinski"", 0]]]",dev
648,,,,NOT ENOUGH INFO,"Claim: The Boeing 767 is an airliner first made between 1981 and 1991.

Evidence: [[[194666, null, ""Boeing_767"", -1]]]",,,,,0.0,,,,0.0,,fever,500648,The Boeing 767 is an airliner first made between 1981 and 1991.,"[[[194666, null, ""Boeing_767"", -1]]]",dev
649,,,,SUPPORTS,"Claim: The ruins of the ancient Roman town of Herculaneum lie near the regional capital of Campania

Evidence: [[[null, null, ""Naples"", 0], [null, null, ""Naples"", 34]]]",,,,,0.0,,,,0.0,,fever,500649,The ruins of the ancient Roman town of Herculaneum lie near the regional capital of Campania,"[[[null, null, ""Naples"", 0], [null, null, ""Naples"", 34]]]",dev
650,,,,SUPPORTS,"Claim: There exists a location where secret and technologically advanced airplanes were produced during the cold war called Burbank, California.

Evidence: [[[332096, 318502, ""Burbank,_California"", 7], [332096, 318502, ""Cold_War"", 1]]]",,,,,0.0,,,,0.0,,fever,500650,"There exists a location where secret and technologically advanced airplanes were produced during the cold war called Burbank, California.","[[[332096, 318502, ""Burbank,_California"", 7], [332096, 318502, ""Cold_War"", 1]]]",dev
651,,,,SUPPORTS,"Claim: There is a movie called The Little Prince (2015 film) which wasn't directed by Michael Bay only.

Evidence: [[[242309, 243710, ""The_Little_Prince_-LRB-2015_film-RRB-"", 0]]]",,,,,0.0,,,,0.0,,fever,500651,There is a movie called The Little Prince (2015 film) which wasn't directed by Michael Bay only.,"[[[242309, 243710, ""The_Little_Prince_-LRB-2015_film-RRB-"", 0]]]",dev
652,,,,NOT ENOUGH INFO,"Claim: Ares is a church figure of Greek mythology

Evidence: [[[53204, 63171, ""Ares"", 0], [53204, 63171, ""List_of_Greek_mythological_figures"", 0]], [[53204, 63172, ""Ares"", 1], [53204, 63172, ""Twelve_Olympians"", 0]], [[53204, 63173, ""Ares"", 6], [53204, 63173, ""Enyo"", 0]], [[53204, 63174, ""Ares"", 18], [53204, 63174, ""Mars_-LRB-mythology-RRB-"", 5]], [[53204, 63175, ""Ares"", 12], [53204, 63175, ""Ares"", 9]]]",,,,,0.0,,,,0.0,,fever,500652,Ares is a church figure of Greek mythology,"[[[53204, 63171, ""Ares"", 0], [53204, 63171, ""List_of_Greek_mythological_figures"", 0]], [[53204, 63172, ""Ares"", 1], [53204, 63172, ""Twelve_Olympians"", 0]], [[53204, 63173, ""Ares"", 6], [53204, 63173, ""Enyo"", 0]], [[53204, 63174, ""Ares"", 18], [53204, 63174, ""Mars_-LRB-mythology-RRB-"", 5]], [[53204, 63175, ""Ares"", 12], [53204, 63175, ""Ares"", 9]]]",dev
653,,,,REFUTES,"Claim: The 66th Primetime Emmy Awards was hosted by an Iraqi comedian born before 1930.

Evidence: [[[267088, 263878, ""66th_Primetime_Emmy_Awards"", 2], [267088, 263878, ""Seth_Meyers"", 0]]]",,,,,0.0,,,,0.0,,fever,500653,The 66th Primetime Emmy Awards was hosted by an Iraqi comedian born before 1930.,"[[[267088, 263878, ""66th_Primetime_Emmy_Awards"", 2], [267088, 263878, ""Seth_Meyers"", 0]]]",dev
654,,,,NOT ENOUGH INFO,"Claim: There is a stage director, they are called Catherine Hardwicke.

Evidence: [[[233413, null, null, null]]]",,,,,0.0,,,,0.0,,fever,500654,"There is a stage director, they are called Catherine Hardwicke.","[[[233413, null, null, null]]]",dev
655,,,,REFUTES,"Claim: There exists a website called The Times.

Evidence: [[[71396, 82346, ""The_Times"", 0]], [[71396, 82347, ""The_Times"", 2], [71396, 82347, ""Sister_paper"", 0]], [[71396, 82348, ""The_Times"", 9]], [[71396, 82349, ""The_Times"", 15]], [[71396, 82350, ""The_Times"", 21], [71396, 82350, ""Broadsheet"", 0]]]",,,,,0.0,,,,0.0,,fever,500655,There exists a website called The Times.,"[[[71396, 82346, ""The_Times"", 0]], [[71396, 82347, ""The_Times"", 2], [71396, 82347, ""Sister_paper"", 0]], [[71396, 82348, ""The_Times"", 9]], [[71396, 82349, ""The_Times"", 15]], [[71396, 82350, ""The_Times"", 21], [71396, 82350, ""Broadsheet"", 0]]]",dev
656,,,,SUPPORTS,"Claim: There is a location, it is called A staging area.

Evidence: [[[225574, 230195, ""Staging_area"", 0]]]",,,,,0.0,,,,0.0,,fever,500656,"There is a location, it is called A staging area.","[[[225574, 230195, ""Staging_area"", 0]]]",dev
657,,,,SUPPORTS,"Claim: The 67th United States Secretary of State after graduating from Yale Law became a Senator for New York, where Fort Nassau was built a few hundred years earlier.

Evidence: [[[0, 0, ""Hillary_Clinton"", 0], [0, 0, ""Hillary_Clinton"", 3], [0, 0, ""New_York"", 27]]]",,,,,0.0,,,,0.0,,fever,500657,"The 67th United States Secretary of State after graduating from Yale Law became a Senator for New York, where Fort Nassau was built a few hundred years earlier.","[[[0, 0, ""Hillary_Clinton"", 0], [0, 0, ""Hillary_Clinton"", 3], [0, 0, ""New_York"", 27]]]",dev
658,,,,NOT ENOUGH INFO,"Claim: There is a Dutch screenwriter, they are called Carey Hayes.

Evidence: [[[189069, null, null, null]]]",,,,,0.0,,,,0.0,,fever,500658,"There is a Dutch screenwriter, they are called Carey Hayes.","[[[189069, null, null, null]]]",dev
659,,,,SUPPORTS,"Claim: The Monster is definitely not an EP.

Evidence: [[[247307, 247615, ""The_Monster_-LRB-song-RRB-"", 0]]]",,,,,0.0,,,,0.0,,fever,500659,The Monster is definitely not an EP.,"[[[247307, 247615, ""The_Monster_-LRB-song-RRB-"", 0]]]",dev
660,,,,SUPPORTS,"Claim: Agent Raghav – Crime Branch is certainly not a television serial.

Evidence: [[[45376, 54159, ""Agent_Raghav_\u2013_Crime_Branch"", 0]]]",,,,,0.0,,,,0.0,,fever,500660,Agent Raghav – Crime Branch is certainly not a television serial.,"[[[45376, 54159, ""Agent_Raghav_\u2013_Crime_Branch"", 0]]]",dev
661,,,,NOT ENOUGH INFO,"Claim: There exists a security guard called Chris Paul.

Evidence: [[[25440, null, null, null], [300012, null, null, null]]]",,,,,0.0,,,,0.0,,fever,500661,There exists a security guard called Chris Paul.,"[[[25440, null, null, null], [300012, null, null, null]]]",dev
662,,,,SUPPORTS,"Claim: There was a presenter of game shows in the United States called Richard Dawson.

Evidence: [[[180187, 192723, ""Richard_Dawson"", 0]]]",,,,,0.0,,,,0.0,,fever,500662,There was a presenter of game shows in the United States called Richard Dawson.,"[[[180187, 192723, ""Richard_Dawson"", 0]]]",dev
663,,,,REFUTES,"Claim: Chanpurū itself is a constituent part of the traditional speech, which has been independently developed by the Okinawan language.

Evidence: [[[null, null, ""Chanpur\u016b"", ""0""]]]",,,,,0.0,,,,0.0,,fever,500663,"Chanpurū itself is a constituent part of the traditional speech, which has been independently developed by the Okinawan language.","[[[null, null, ""Chanpur\u016b"", ""0""]]]",dev
664,,,,NOT ENOUGH INFO,"Claim: Men in Black II stars an American actor born in Texas.

Evidence: [[[null, null, ""Onepiece"", -1]]]",,,,,0.0,,,,0.0,,fever,500664,Men in Black II stars an American actor born in Texas.,"[[[null, null, ""Onepiece"", -1]]]",dev
665,,,,NOT ENOUGH INFO,"Claim: There existed a theoretical mathematician that went by the name of Charles Howard Hinton.

Evidence: [[[11519, null, null, null]]]",,,,,0.0,,,,0.0,,fever,500665,There existed a theoretical mathematician that went by the name of Charles Howard Hinton.,"[[[11519, null, null, null]]]",dev
666,,,,Not Enough Info,"Claim: Alice applied for U.S. citizenship several times.

Evidence: [[[39, 78, null, null]]]",,,,,0.0,,,,0.0,,fever,500666,Alice applied for U.S. citizenship several times.,"[[[39, 78, null, null]]]",dev
667,,,,REFUTES,"Claim: An actress who was praised for her film An Education was never in a movie with someone who debuted as the Marvel Comics antihero Magneto in X-Men : First Class.

Evidence: [[[null, null, ""Carey_Mulligan"", 7], [null, null, ""Shame_-LRB-2011_film-RRB-"", 0], [null, null, ""Michael_Fassbender"", 6]]]",,,,,0.0,,,,0.0,,fever,500667,An actress who was praised for her film An Education was never in a movie with someone who debuted as the Marvel Comics antihero Magneto in X-Men : First Class.,"[[[null, null, ""Carey_Mulligan"", 7], [null, null, ""Shame_-LRB-2011_film-RRB-"", 0], [null, null, ""Michael_Fassbender"", 6]]]",dev
668,,,,SUPPORTS,"Claim: Miracle at St. Anna mainly takes place in Italy.

Evidence: [[[null, null, ""Miracle_at_St._Anna"", 2], [null, null, ""Tuscany"", 0]]]",,,,,0.0,,,,0.0,,fever,500668,Miracle at St. Anna mainly takes place in Italy.,"[[[null, null, ""Miracle_at_St._Anna"", 2], [null, null, ""Tuscany"", 0]]]",dev
669,,,,REFUTES,"Claim: There does not exist an American male called Ted Cruz.

Evidence: [[[263315, 261025, ""Ted_Cruz"", 0], [263315, 261025, ""Ted_Cruz"", 1], [263315, 261025, ""Ted_Cruz"", 5], [263315, 261025, ""Ted_Cruz"", 9], [263315, 261025, ""Ted_Cruz"", 10], [263315, 261025, ""Ted_Cruz"", 14], [263315, 261025, ""Ted_Cruz"", 15], [263315, 261025, ""Ted_Cruz"", 16], [263315, 261025, ""Ted_Cruz"", 17], [263315, 261025, ""Ted_Cruz"", 21], [263315, 261025, ""Ted_Cruz"", 25], [263315, 261025, ""Ted_Cruz"", 26]]]",,,,,0.0,,,,0.0,,fever,500669,There does not exist an American male called Ted Cruz.,"[[[263315, 261025, ""Ted_Cruz"", 0], [263315, 261025, ""Ted_Cruz"", 1], [263315, 261025, ""Ted_Cruz"", 5], [263315, 261025, ""Ted_Cruz"", 9], [263315, 261025, ""Ted_Cruz"", 10], [263315, 261025, ""Ted_Cruz"", 14], [263315, 261025, ""Ted_Cruz"", 15], [263315, 261025, ""Ted_Cruz"", 16], [263315, 261025, ""Ted_Cruz"", 17], [263315, 261025, ""Ted_Cruz"", 21], [263315, 261025, ""Ted_Cruz"", 25], [263315, 261025, ""Ted_Cruz"", 26]]]",dev
670,,,,REFUTES,"Claim: The area of Caumbo is larger than the area of Madhya Pradesh.

Evidence: [[[131, 286, ""Madhya_Pradesh"", 5], [131, 287, ""Lunda_Norte_Province"", 1], [131, 288, ""Caumbo"", 0]]]",,,,,0.0,,,,0.0,,fever,500670,The area of Caumbo is larger than the area of Madhya Pradesh.,"[[[131, 286, ""Madhya_Pradesh"", 5], [131, 287, ""Lunda_Norte_Province"", 1], [131, 288, ""Caumbo"", 0]]]",dev
671,,,,SUPPORTS,"Claim: Babur was born at some other time than May 14, 1783.

Evidence: [[[220066, 225935, ""Babur"", 0]], [[220915, 226692, ""Babur"", 0]], [[317526, 306572, ""Babur"", 0]], [[317531, 306576, ""Babur"", 0]], [[317534, 306583, ""Babur"", 0]], [[317535, 306584, ""Babur"", 0]], [[317536, 306585, ""Babur"", 0]], [[317569, 306602, ""Babur"", 0]]]",,,,,0.0,,,,0.0,,fever,500671,"Babur was born at some other time than May 14, 1783.","[[[220066, 225935, ""Babur"", 0]], [[220915, 226692, ""Babur"", 0]], [[317526, 306572, ""Babur"", 0]], [[317531, 306576, ""Babur"", 0]], [[317534, 306583, ""Babur"", 0]], [[317535, 306584, ""Babur"", 0]], [[317536, 306585, ""Babur"", 0]], [[317569, 306602, ""Babur"", 0]]]",dev
672,,,,SUPPORTS,"Claim: There is a film director, they are called Ed Decter.

Evidence: [[[80595, 92437, ""Ed_Decter"", 0]]]",,,,,0.0,,,,0.0,,fever,500672,"There is a film director, they are called Ed Decter.","[[[80595, 92437, ""Ed_Decter"", 0]]]",dev
673,,,,NOT ENOUGH INFO,"Claim: There existed a German writer, it went by the name of Charles Howard Hinton.

Evidence: [[[175435, null, null, null]]]",,,,,0.0,,,,0.0,,fever,500673,"There existed a German writer, it went by the name of Charles Howard Hinton.","[[[175435, null, null, null]]]",dev
674,,,,SUPPORTS,"Claim: Maximum Overdrive's screenwriter was an American author of horror , supernatural fiction , suspense , science fiction , and fantasy born on September 21, 1947

Evidence: [[[null, null, ""Maximum_Overdrive"", 0], [null, null, ""Stephen_King"", 0]]]",,,,,0.0,,,,0.0,,fever,500674,"Maximum Overdrive's screenwriter was an American author of horror , supernatural fiction , suspense , science fiction , and fantasy born on September 21, 1947","[[[null, null, ""Maximum_Overdrive"", 0], [null, null, ""Stephen_King"", 0]]]",dev
675,,,,Not Enough Info,"Claim: The area of Sèkèrè is larger than the area of Comatrana.

Evidence: [[[180, 419, null, null]]]",,,,,0.0,,,,0.0,,fever,500675,The area of Sèkèrè is larger than the area of Comatrana.,"[[[180, 419, null, null]]]",dev
676,,,,NOT ENOUGH INFO,"Claim: There exists an entity that services people that goes by the name of The Icelandic Coast Guard.

Evidence: [[[281284, null, null, null], [328906, null, null, null]]]",,,,,0.0,,,,0.0,,fever,500676,There exists an entity that services people that goes by the name of The Icelandic Coast Guard.,"[[[281284, null, null, null], [328906, null, null, null]]]",dev
677,,,,REFUTES,"Claim: The area of Shorapur is larger than the area of Siirt Province.

Evidence: [[[170, 403, ""Siirt_Province"", 2], [170, 404, ""Yadgir_district"", 3], [170, 405, ""Shorapur"", 0]]]",,,,,0.0,,,,0.0,,fever,500677,The area of Shorapur is larger than the area of Siirt Province.,"[[[170, 403, ""Siirt_Province"", 2], [170, 404, ""Yadgir_district"", 3], [170, 405, ""Shorapur"", 0]]]",dev
678,,,,NOT ENOUGH INFO,"Claim: There existed a Presbyterian called Charles de Gaulle.

Evidence: [[[105567, null, null, null]]]",,,,,0.0,,,,0.0,,fever,500678,There existed a Presbyterian called Charles de Gaulle.,"[[[105567, null, null, null]]]",dev
679,,,,NOT ENOUGH INFO,"Claim: There existed a vegan, it was called Gaius Julius Caesar.

Evidence: [[[242341, null, null, null]]]",,,,,0.0,,,,0.0,,fever,500679,"There existed a vegan, it was called Gaius Julius Caesar.","[[[242341, null, null, null]]]",dev
680,,,,SUPPORTS,"Claim: You Only Live Twice had a male British director.

Evidence: [[[215778, 222559, ""You_Only_Live_Twice_-LRB-film-RRB-"", 12], [215778, 222559, ""Lewis_Gilbert"", 0]]]",,,,,0.0,,,,0.0,,fever,500680,You Only Live Twice had a male British director.,"[[[215778, 222559, ""You_Only_Live_Twice_-LRB-film-RRB-"", 12], [215778, 222559, ""Lewis_Gilbert"", 0]]]",dev
681,,,,NOT ENOUGH INFO,"Claim: There existed a president called David Lloyd George.

Evidence: [[[269073, null, null, null], [269076, null, null, null]]]",,,,,0.0,,,,0.0,,fever,500681,There existed a president called David Lloyd George.,"[[[269073, null, null, null], [269076, null, null, null]]]",dev
682,,,,NOT ENOUGH INFO,"Claim: There exists an American writer called Zoey Deutch.

Evidence: [[[140045, null, null, null]]]",,,,,0.0,,,,0.0,,fever,500682,There exists an American writer called Zoey Deutch.,"[[[140045, null, null, null]]]",dev
683,,,,NOT ENOUGH INFO,"Claim: There existed a Presbyterian, it went by the name of Charles de Gaulle.

Evidence: [[[105567, null, null, null]]]",,,,,0.0,,,,0.0,,fever,500683,"There existed a Presbyterian, it went by the name of Charles de Gaulle.","[[[105567, null, null, null]]]",dev
684,,,,REFUTES,"Claim: Mutiny on the Bounty is not a film.

Evidence: [[[26725, 32802, ""Mutiny_on_the_Bounty_-LRB-1962_film-RRB-"", 0]], [[26725, 32803, ""Mutiny_on_the_Bounty_-LRB-1962_film-RRB-"", 3]], [[26725, 32804, ""Mutiny_on_the_Bounty_-LRB-1962_film-RRB-"", 4]], [[26725, 32805, ""Mutiny_on_the_Bounty_-LRB-1962_film-RRB-"", 12]], [[26725, 32806, ""Mutiny_on_the_Bounty_-LRB-1962_film-RRB-"", 15]], [[26725, 32807, ""Mutiny_on_the_Bounty_-LRB-1962_film-RRB-"", 18]], [[26725, 32808, ""Mutiny_on_the_Bounty_-LRB-1962_film-RRB-"", 19]]]",,,,,0.0,,,,0.0,,fever,500684,Mutiny on the Bounty is not a film.,"[[[26725, 32802, ""Mutiny_on_the_Bounty_-LRB-1962_film-RRB-"", 0]], [[26725, 32803, ""Mutiny_on_the_Bounty_-LRB-1962_film-RRB-"", 3]], [[26725, 32804, ""Mutiny_on_the_Bounty_-LRB-1962_film-RRB-"", 4]], [[26725, 32805, ""Mutiny_on_the_Bounty_-LRB-1962_film-RRB-"", 12]], [[26725, 32806, ""Mutiny_on_the_Bounty_-LRB-1962_film-RRB-"", 15]], [[26725, 32807, ""Mutiny_on_the_Bounty_-LRB-1962_film-RRB-"", 18]], [[26725, 32808, ""Mutiny_on_the_Bounty_-LRB-1962_film-RRB-"", 19]]]",dev
685,,,,NOT ENOUGH INFO,"Claim: Colin Kaepernick did not become a starter during the 49ers 63rd season in the National Football League and is a person who plays football.

Evidence: [[[null, null, null, null]]]",,,,,0.0,,,,0.0,,fever,500685,Colin Kaepernick did not become a starter during the 49ers 63rd season in the National Football League and is a person who plays football.,"[[[null, null, null, null]]]",dev
686,,,,SUPPORTS,"Claim: American Potash and Chemical Company started by producing sodium borate.

Evidence: [[[0, 0, ""American_Potash_and_Chemical_Company"", 5], [0, 1, ""Borax"", 0]]]",,,,,0.0,,,,0.0,,fever,500686,American Potash and Chemical Company started by producing sodium borate.,"[[[0, 0, ""American_Potash_and_Chemical_Company"", 5], [0, 1, ""Borax"", 0]]]",dev
687,,,,REFUTES,"Claim: Sherilyn_Fenn never starred in a 1992 American period drama film based on John Steinbeck 's 1937 novella of the same name

Evidence: [[[null, null, ""Sherilyn_Fenn"", 2], [null, null, ""Of_Mice_and_Men_-LRB-1992_film-RRB-"", 0]]]",,,,,0.0,,,,0.0,,fever,500687,Sherilyn_Fenn never starred in a 1992 American period drama film based on John Steinbeck 's 1937 novella of the same name,"[[[null, null, ""Sherilyn_Fenn"", 2], [null, null, ""Of_Mice_and_Men_-LRB-1992_film-RRB-"", 0]]]",dev
688,,,,SUPPORTS,"Claim: The area of Burdur Province is larger than the area of Ranala.

Evidence: [[[119, 250, ""Burdur_Province"", 1], [119, 251, ""Nandurbar_district"", 3], [119, 252, ""Ranala"", 0]]]",,,,,0.0,,,,0.0,,fever,500688,The area of Burdur Province is larger than the area of Ranala.,"[[[119, 250, ""Burdur_Province"", 1], [119, 251, ""Nandurbar_district"", 3], [119, 252, ""Ranala"", 0]]]",dev
689,,,,SUPPORTS,"Claim: There is not a character in a JRR Tolkein series called Daenerys Targaryen.

Evidence: [[[34001, 41233, ""Daenerys_Targaryen"", 0]], [[34001, 41234, ""Daenerys_Targaryen"", 14], [34001, 41234, ""Iron_Throne_-LRB-A_Song_of_Ice_and_Fire-RRB-"", 0]], [[34001, 41235, ""Daenerys_Targaryen"", 12], [34001, 41235, ""Khal_Drogo"", 0]], [[34001, 41236, ""Daenerys_Targaryen"", 11], [34001, 41236, ""Viserys_Targaryen"", 0]], [[34001, 41237, ""Daenerys_Targaryen"", 10], [34001, 41237, ""World_of_A_Song_of_Ice_and_Fire"", 0]], [[34001, 41238, ""Daenerys_Targaryen"", 7], [34001, 41238, ""A_Dance_with_Dragons"", 0]], [[34001, 41239, ""Daenerys_Targaryen"", 6], [34001, 41239, ""A_Clash_of_Kings"", 0]], [[34001, 41240, ""Daenerys_Targaryen"", 5], [34001, 41240, ""A_Game_of_Thrones"", 0]]]",,,,,0.0,,,,0.0,,fever,500689,There is not a character in a JRR Tolkein series called Daenerys Targaryen.,"[[[34001, 41233, ""Daenerys_Targaryen"", 0]], [[34001, 41234, ""Daenerys_Targaryen"", 14], [34001, 41234, ""Iron_Throne_-LRB-A_Song_of_Ice_and_Fire-RRB-"", 0]], [[34001, 41235, ""Daenerys_Targaryen"", 12], [34001, 41235, ""Khal_Drogo"", 0]], [[34001, 41236, ""Daenerys_Targaryen"", 11], [34001, 41236, ""Viserys_Targaryen"", 0]], [[34001, 41237, ""Daenerys_Targaryen"", 10], [34001, 41237, ""World_of_A_Song_of_Ice_and_Fire"", 0]], [[34001, 41238, ""Daenerys_Targaryen"", 7], [34001, 41238, ""A_Dance_with_Dragons"", 0]], [[34001, 41239, ""Daenerys_Targaryen"", 6], [34001, 41239, ""A_Clash_of_Kings"", 0]], [[34001, 41240, ""Daenerys_Targaryen"", 5], [34001, 41240, ""A_Game_of_Thrones"", 0]]]",dev
690,,,,SUPPORTS,"Claim: The grandson of Henry Purcell was a chorister in the Chapel Royal after Baroque style began in Italy.

Evidence: [[[0, 0, ""Edward_Henry_Purcell"", 0], [0, 0, ""Edward_Henry_Purcell"", 1], [0, 0, ""Baroque"", 1]]]",,,,,0.0,,,,0.0,,fever,500690,The grandson of Henry Purcell was a chorister in the Chapel Royal after Baroque style began in Italy.,"[[[0, 0, ""Edward_Henry_Purcell"", 0], [0, 0, ""Edward_Henry_Purcell"", 1], [0, 0, ""Baroque"", 1]]]",dev
691,,,,SUPPORTS,"Claim: There is not a boat that goes by the name of See You on the Other Side.

Evidence: [[[110304, 123905, ""See_You_on_the_Other_Side_-LRB-Korn_album-RRB-"", 0]]]",,,,,0.0,,,,0.0,,fever,500691,There is not a boat that goes by the name of See You on the Other Side.,"[[[110304, 123905, ""See_You_on_the_Other_Side_-LRB-Korn_album-RRB-"", 0]]]",dev
692,,,,SUPPORTS,"Claim: More than 20 people were excuted in Republic of Ireland.

Evidence: [[[37, 76, ""Michael_Manning_-LRB-murderer-RRB-"", 0]]]",,,,,0.0,,,,0.0,,fever,500692,More than 20 people were excuted in Republic of Ireland.,"[[[37, 76, ""Michael_Manning_-LRB-murderer-RRB-"", 0]]]",dev
693,,,,SUPPORTS,"Claim: There was a professional athlete called Gory Guerrero.

Evidence: [[[251591, 251409, ""Gory_Guerrero"", 0], [251591, 251409, ""Professional_wrestling"", 0]]]",,,,,0.0,,,,0.0,,fever,500693,There was a professional athlete called Gory Guerrero.,"[[[251591, 251409, ""Gory_Guerrero"", 0], [251591, 251409, ""Professional_wrestling"", 0]]]",dev
694,,,,REFUTES,"Claim: Bessie Smith was a heavy metal singer and was a blues singer.

Evidence: [[[178417, 191005, ""Bessie_Smith"", 0]]]",,,,,0.0,,,,0.0,,fever,500694,Bessie Smith was a heavy metal singer and was a blues singer.,"[[[178417, 191005, ""Bessie_Smith"", 0]]]",dev
695,,,,NOT ENOUGH INFO,"Claim: A United Kingdom was directed by Amma Asante in 2015 and is a biographical romantic drama film.

Evidence: [[[null, null, null, null]]]",,,,,0.0,,,,0.0,,fever,500695,A United Kingdom was directed by Amma Asante in 2015 and is a biographical romantic drama film.,"[[[null, null, null, null]]]",dev
696,,,,SUPPORTS,"Claim: Since 1960, no person was executed for his crime in Republic of Ireland.

Evidence: [[[36, 74, ""Michael_Manning_-LRB-murderer-RRB-"", 0], [36, 75, ""Michael_Manning_-LRB-murderer-RRB-"", 8]]]",,,,,0.0,,,,0.0,,fever,500696,"Since 1960, no person was executed for his crime in Republic of Ireland.","[[[36, 74, ""Michael_Manning_-LRB-murderer-RRB-"", 0], [36, 75, ""Michael_Manning_-LRB-murderer-RRB-"", 8]]]",dev
697,,,,REFUTES,"Claim: Hindu Kush is a geographic feature and is a romance movie.

Evidence: [[[49951, 59452, ""Hindu_Kush"", 0]]]",,,,,0.0,,,,0.0,,fever,500697,Hindu Kush is a geographic feature and is a romance movie.,"[[[49951, 59452, ""Hindu_Kush"", 0]]]",dev
698,,,,NOT ENOUGH INFO,"Claim: There exists a tennis player called Chris Bosh.

Evidence: [[[204439, null, null, null], [206850, null, null, null], [315615, null, null, null]]]",,,,,0.0,,,,0.0,,fever,500698,There exists a tennis player called Chris Bosh.,"[[[204439, null, null, null], [206850, null, null, null], [315615, null, null, null]]]",dev
699,,,,REFUTES,"Claim: Chris Bosh won his first NBA Finals title 4 years after 2009.

Evidence: [[[112956, 126801, ""Chris_Bosh"", 8]], [[112956, 126802, ""Chris_Bosh"", 9]]]",,,,,0.0,,,,0.0,,fever,500699,Chris Bosh won his first NBA Finals title 4 years after 2009.,"[[[112956, 126801, ""Chris_Bosh"", 8]], [[112956, 126802, ""Chris_Bosh"", 9]]]",dev
700,,,,SUPPORTS,"Claim: There did not exist a sibling duo called Sonny & Cher.

Evidence: [[[90643, 103372, ""Sonny_&_Cher"", 0]]]",,,,,0.0,,,,0.0,,fever,500700,There did not exist a sibling duo called Sonny & Cher.,"[[[90643, 103372, ""Sonny_&_Cher"", 0]]]",dev
701,,,,NOT ENOUGH INFO,"Claim: There is a city in debt called Lyon.

Evidence: [[[271678, null, null, null]]]",,,,,0.0,,,,0.0,,fever,500701,There is a city in debt called Lyon.,"[[[271678, null, null, null]]]",dev
702,,,,REFUTES,"Claim: Manchester by the Sea is not a movie.

Evidence: [[[296097, 288039, ""Manchester_by_the_Sea_-LRB-film-RRB-"", 0]], [[296097, 288040, ""Manchester_by_the_Sea_-LRB-film-RRB-"", 4]], [[296097, 288041, ""Manchester_by_the_Sea_-LRB-film-RRB-"", 5]], [[296097, 288042, ""Manchester_by_the_Sea_-LRB-film-RRB-"", 8]], [[296097, 288043, ""Manchester_by_the_Sea_-LRB-film-RRB-"", 10]], [[296097, 288044, ""Manchester_by_the_Sea_-LRB-film-RRB-"", 11]], [[297677, 289292, ""Manchester_by_the_Sea_-LRB-film-RRB-"", 0]], [[297677, 289293, ""Manchester_by_the_Sea_-LRB-film-RRB-"", 4]], [[297677, 289294, ""Manchester_by_the_Sea_-LRB-film-RRB-"", 10]], [[297677, 289295, ""Manchester_by_the_Sea_-LRB-film-RRB-"", 8]], [[299773, 291158, ""Manchester_by_the_Sea_-LRB-film-RRB-"", 0]], [[299773, 291159, ""Manchester_by_the_Sea_-LRB-film-RRB-"", 8]], [[299773, 291160, ""Manchester_by_the_Sea_-LRB-film-RRB-"", 10]], [[299773, 291161, ""Manchester_by_the_Sea_-LRB-film-RRB-"", 11], [299773, 291161, ""Golden_Globe_Award_for_Best_Actor_\u2013_Motion_Picture_Drama"", 0]], [[299773, 291162, ""Manchester_by_the_Sea_-LRB-film-RRB-"", 4]], [[342237, 326327, ""Manchester_by_the_Sea_-LRB-film-RRB-"", 0]], [[342270, 326346, ""Manchester_by_the_Sea_-LRB-film-RRB-"", 0]], [[342283, 326355, ""Manchester_by_the_Sea_-LRB-film-RRB-"", 0]], [[342283, 326356, ""Manchester_by_the_Sea_-LRB-film-RRB-"", 4]], [[342283, 326357, ""Manchester_by_the_Sea_-LRB-film-RRB-"", 10]]]",,,,,0.0,,,,0.0,,fever,500702,Manchester by the Sea is not a movie.,"[[[296097, 288039, ""Manchester_by_the_Sea_-LRB-film-RRB-"", 0]], [[296097, 288040, ""Manchester_by_the_Sea_-LRB-film-RRB-"", 4]], [[296097, 288041, ""Manchester_by_the_Sea_-LRB-film-RRB-"", 5]], [[296097, 288042, ""Manchester_by_the_Sea_-LRB-film-RRB-"", 8]], [[296097, 288043, ""Manchester_by_the_Sea_-LRB-film-RRB-"", 10]], [[296097, 288044, ""Manchester_by_the_Sea_-LRB-film-RRB-"", 11]], [[297677, 289292, ""Manchester_by_the_Sea_-LRB-film-RRB-"", 0]], [[297677, 289293, ""Manchester_by_the_Sea_-LRB-film-RRB-"", 4]], [[297677, 289294, ""Manchester_by_the_Sea_-LRB-film-RRB-"", 10]], [[297677, 289295, ""Manchester_by_the_Sea_-LRB-film-RRB-"", 8]], [[299773, 291158, ""Manchester_by_the_Sea_-LRB-film-RRB-"", 0]], [[299773, 291159, ""Manchester_by_the_Sea_-LRB-film-RRB-"", 8]], [[299773, 291160, ""Manchester_by_the_Sea_-LRB-film-RRB-"", 10]], [[299773, 291161, ""Manchester_by_the_Sea_-LRB-film-RRB-"", 11], [299773, 291161, ""Golden_Globe_Award_for_Best_Actor_\u2013_Motion_Picture_Drama"", 0]], [[299773, 291162, ""Manchester_by_the_Sea_-LRB-film-RRB-"", 4]], [[342237, 326327, ""Manchester_by_the_Sea_-LRB-film-RRB-"", 0]], [[342270, 326346, ""Manchester_by_the_Sea_-LRB-film-RRB-"", 0]], [[342283, 326355, ""Manchester_by_the_Sea_-LRB-film-RRB-"", 0]], [[342283, 326356, ""Manchester_by_the_Sea_-LRB-film-RRB-"", 4]], [[342283, 326357, ""Manchester_by_the_Sea_-LRB-film-RRB-"", 10]]]",dev
703,,,,REFUTES,"Claim: The Latvian Soviet Socialist Republic was a republic of the Soviet Union 5 years after 2007.

Evidence: [[[241233, 242778, ""Latvian_Soviet_Socialist_Republic"", 11], [241233, 242778, ""Dissolution_of_the_Soviet_Union"", 0]], [[241233, 242779, ""Latvian_Soviet_Socialist_Republic"", 12]]]",,,,,0.0,,,,0.0,,fever,500703,The Latvian Soviet Socialist Republic was a republic of the Soviet Union 5 years after 2007.,"[[[241233, 242778, ""Latvian_Soviet_Socialist_Republic"", 11], [241233, 242778, ""Dissolution_of_the_Soviet_Union"", 0]], [[241233, 242779, ""Latvian_Soviet_Socialist_Republic"", 12]]]",dev
704,,,,REFUTES,"Claim: The actress playing Jackie Kennedy in Jackie (2016 film) has ciizenship only from one country

Evidence: [[[null, null, ""Natalie_Portman"", 0], [null, null, ""Jackie_-LRB-2016_film-RRB-"", 0]]]",,,,,0.0,,,,0.0,,fever,500704,The actress playing Jackie Kennedy in Jackie (2016 film) has ciizenship only from one country,"[[[null, null, ""Natalie_Portman"", 0], [null, null, ""Jackie_-LRB-2016_film-RRB-"", 0]]]",dev
705,,,,REFUTES,"Claim: There is not a synthetic element called Moscovium.

Evidence: [[[21087, 25883, ""Moscovium"", 0]]]",,,,,0.0,,,,0.0,,fever,500705,There is not a synthetic element called Moscovium.,"[[[21087, 25883, ""Moscovium"", 0]]]",dev
706,,,,NOT ENOUGH INFO,"Claim: Stomp the Yard stars an American actress born in an hospital on the 8th of August ,1981.

Evidence: [[[null, null, ""Onepiece"", -1]]]",,,,,0.0,,,,0.0,,fever,500706,"Stomp the Yard stars an American actress born in an hospital on the 8th of August ,1981.","[[[null, null, ""Onepiece"", -1]]]",dev
707,,,,REFUTES,"Claim: The area of Marondera High School is larger than the area of Spain.

Evidence: [[[166, 391, ""Geography_of_Spain"", 4], [166, 392, ""Mashonaland_East_Province"", 1], [166, 393, ""Marondera_High_School"", 0]]]",,,,,0.0,,,,0.0,,fever,500707,The area of Marondera High School is larger than the area of Spain.,"[[[166, 391, ""Geography_of_Spain"", 4], [166, 392, ""Mashonaland_East_Province"", 1], [166, 393, ""Marondera_High_School"", 0]]]",dev
708,,,,REFUTES,"Claim: The Brat Pack is certainly not a nickname given to a group of young actors who appeared together in films during the 1980s.

Evidence: [[[196117, 206262, ""Brat_Pack_-LRB-actors-RRB-"", 0]]]",,,,,0.0,,,,0.0,,fever,500708,The Brat Pack is certainly not a nickname given to a group of young actors who appeared together in films during the 1980s.,"[[[196117, 206262, ""Brat_Pack_-LRB-actors-RRB-"", 0]]]",dev
709,,,,NOT ENOUGH INFO,"Claim: Kellyanne Conway did not publicly endorsed the daughter of the 45th president of The United States of America.

Evidence: [[[null, null, ""Starrcade"", -1]]]",,,,,0.0,,,,0.0,,fever,500709,Kellyanne Conway did not publicly endorsed the daughter of the 45th president of The United States of America.,"[[[null, null, ""Starrcade"", -1]]]",dev
710,,,,SUPPORTS,"Claim: There is an embodiment of conservative moral order, it is called Sacre-Coeur, Paris.

Evidence: [[[224783, 229560, ""Sacre\u0301-C\u0153ur,_Paris"", 2]]]",,,,,0.0,,,,0.0,,fever,500710,"There is an embodiment of conservative moral order, it is called Sacre-Coeur, Paris.","[[[224783, 229560, ""Sacre\u0301-C\u0153ur,_Paris"", 2]]]",dev
711,,,,SUPPORTS,"Claim: The Second World War started 21 years after World War I had finished.

Evidence: [[[null, null, ""World_War_II"", ""0""], [null, null, ""World_War_I"", ""0""]]]",,,,,0.0,,,,0.0,,fever,500711,The Second World War started 21 years after World War I had finished.,"[[[null, null, ""World_War_II"", ""0""], [null, null, ""World_War_I"", ""0""]]]",dev
712,,,,REFUTES,"Claim: Leslie Alexander is certainly not a former bond trader.

Evidence: [[[56253, 66435, ""Leslie_Alexander_-LRB-businessman-RRB-"", 1]]]",,,,,0.0,,,,0.0,,fever,500712,Leslie Alexander is certainly not a former bond trader.,"[[[56253, 66435, ""Leslie_Alexander_-LRB-businessman-RRB-"", 1]]]",dev
713,,,,NOT ENOUGH INFO,"Claim: Sayyeshaa was in a movie directed by a person whose film Tagore was screened at the 2006 IIFA Awards held in Dubai.

Evidence: [[[null, null, ""Starrcade"", -1]]]",,,,,0.0,,,,0.0,,fever,500713,Sayyeshaa was in a movie directed by a person whose film Tagore was screened at the 2006 IIFA Awards held in Dubai.,"[[[null, null, ""Starrcade"", -1]]]",dev
714,,,,Not Enough Info,"Claim: The area of Inishcoo is larger than the area of Gomparou.

Evidence: [[[184, 423, null, null]]]",,,,,0.0,,,,0.0,,fever,500714,The area of Inishcoo is larger than the area of Gomparou.,"[[[184, 423, null, null]]]",dev
715,,,,SUPPORTS,"Claim: The MVP of the 1976 Canada Cup tournament was born before the tournament was first held.

Evidence: [[[0, 0, ""Bobby_Orr"", 23], [0, 0, ""Bobby_Orr"", 0], [0, 0, ""1976_Canada_Cup"", 1]], [[0, 0, ""1976_Canada_Cup"", 5], [0, 0, ""Bobby_Orr"", 0], [0, 0, ""1976_Canada_Cup"", 1]]]",,,,,0.0,,,,0.0,,fever,500715,The MVP of the 1976 Canada Cup tournament was born before the tournament was first held.,"[[[0, 0, ""Bobby_Orr"", 23], [0, 0, ""Bobby_Orr"", 0], [0, 0, ""1976_Canada_Cup"", 1]], [[0, 0, ""1976_Canada_Cup"", 5], [0, 0, ""Bobby_Orr"", 0], [0, 0, ""1976_Canada_Cup"", 1]]]",dev
716,,,,NOT ENOUGH INFO,"Claim: There is an Italian professional footballer from New jersey, they are called Andrea Pirlo.

Evidence: [[[234886, null, null, null]]]",,,,,0.0,,,,0.0,,fever,500716,"There is an Italian professional footballer from New jersey, they are called Andrea Pirlo.","[[[234886, null, null, null]]]",dev
717,,,,SUPPORTS,"Claim: There does not exist a squid that goes by the name of Pink.

Evidence: [[[40143, 48301, ""Pink_-LRB-singer-RRB-"", 0]]]",,,,,0.0,,,,0.0,,fever,500717,There does not exist a squid that goes by the name of Pink.,"[[[40143, 48301, ""Pink_-LRB-singer-RRB-"", 0]]]",dev
718,,,,SUPPORTS,"Claim: The governor of Novgorod Oblast who took office in 1991 was a member of the Supreme Soviet of the USSR before it's dissolution.

Evidence: [[[0, 0, ""Mikhail_Prusak"", 0], [0, 0, ""Mikhail_Prusak"", 2], [0, 0, ""Russia"", 23]]]",,,,,0.0,,,,0.0,,fever,500718,The governor of Novgorod Oblast who took office in 1991 was a member of the Supreme Soviet of the USSR before it's dissolution.,"[[[0, 0, ""Mikhail_Prusak"", 0], [0, 0, ""Mikhail_Prusak"", 2], [0, 0, ""Russia"", 23]]]",dev
719,,,,SUPPORTS,"Claim: Steven Spielberg co-drafted the 1974 crime film The Sugarland Express

Evidence: [[[240273, 241915, ""The_Sugarland_Express"", 3]]]",,,,,0.0,,,,0.0,,fever,500719,Steven Spielberg co-drafted the 1974 crime film The Sugarland Express,"[[[240273, 241915, ""The_Sugarland_Express"", 3]]]",dev
720,,,,REFUTES,"Claim: There is not a work called The Giver.

Evidence: [[[148703, 163739, ""The_Giver_-LRB-film-RRB-"", 0]], [[148703, 163740, ""The_Giver_-LRB-film-RRB-"", 1]], [[148703, 163741, ""The_Giver_-LRB-film-RRB-"", 4]], [[148703, 163742, ""The_Giver_-LRB-film-RRB-"", 5]]]",,,,,0.0,,,,0.0,,fever,500720,There is not a work called The Giver.,"[[[148703, 163739, ""The_Giver_-LRB-film-RRB-"", 0]], [[148703, 163740, ""The_Giver_-LRB-film-RRB-"", 1]], [[148703, 163741, ""The_Giver_-LRB-film-RRB-"", 4]], [[148703, 163742, ""The_Giver_-LRB-film-RRB-"", 5]]]",dev
721,,,,SUPPORTS,"Claim: The Brat Pack is a type of name given to a panel

Evidence: [[[196096, 206245, ""Brat_Pack_-LRB-actors-RRB-"", 0]]]",,,,,0.0,,,,0.0,,fever,500721,The Brat Pack is a type of name given to a panel,"[[[196096, 206245, ""Brat_Pack_-LRB-actors-RRB-"", 0]]]",dev
722,,,,REFUTES,"Claim: Artpop was Gaga's second consecutive number-one record in the United States 4 years after 2005.

Evidence: [[[201862, 211218, ""Artpop"", 1]]]",,,,,0.0,,,,0.0,,fever,500722,Artpop was Gaga's second consecutive number-one record in the United States 4 years after 2005.,"[[[201862, 211218, ""Artpop"", 1]]]",dev
723,,,,NOT ENOUGH INFO,"Claim: There exists a public school that goes by the name of PBS.

Evidence: [[[255823, null, null, null]]]",,,,,0.0,,,,0.0,,fever,500723,There exists a public school that goes by the name of PBS.,"[[[255823, null, null, null]]]",dev
724,,,,REFUTES,"Claim: There was a minor ice sheet called Cordilleran Ice Sheet.

Evidence: [[[119718, 133838, ""Cordilleran_Ice_Sheet"", 0]]]",,,,,0.0,,,,0.0,,fever,500724,There was a minor ice sheet called Cordilleran Ice Sheet.,"[[[119718, 133838, ""Cordilleran_Ice_Sheet"", 0]]]",dev
725,,,,SUPPORTS,"Claim: Chris Bosh won his first NBA Finals title in the 2010s against Oklahoma City Thunder.

Evidence: [[[125912, 140317, ""Chris_Bosh"", 8]]]",,,,,0.0,,,,0.0,,fever,500725,Chris Bosh won his first NBA Finals title in the 2010s against Oklahoma City Thunder.,"[[[125912, 140317, ""Chris_Bosh"", 8]]]",dev
726,,,,NOT ENOUGH INFO,"Claim: Asylum Records is the most profitable American record label of the twentieth century founded by two people.

Evidence: [[[217680, null, ""Asylum_Records"", -1]]]",,,,,0.0,,,,0.0,,fever,500726,Asylum Records is the most profitable American record label of the twentieth century founded by two people.,"[[[217680, null, ""Asylum_Records"", -1]]]",dev
727,,,,REFUTES,"Claim: There exists no Spanish city called Melilla.

Evidence: [[[38488, 46439, ""Melilla"", 0]], [[38488, 46440, ""Melilla"", 1]]]",,,,,0.0,,,,0.0,,fever,500727,There exists no Spanish city called Melilla.,"[[[38488, 46439, ""Melilla"", 0]], [[38488, 46440, ""Melilla"", 1]]]",dev
728,,,,REFUTES,"Claim: Prague's historic center was first included in the UNESCO list of World Heritage Sites in the thirties of the twentieth century.

Evidence: [[[91552, 104297, ""Prague"", 16]]]",,,,,0.0,,,,0.0,,fever,500728,Prague's historic center was first included in the UNESCO list of World Heritage Sites in the thirties of the twentieth century.,"[[[91552, 104297, ""Prague"", 16]]]",dev
729,,,,SUPPORTS,"Claim: Shanghai is a Indian Political thriller.

Evidence: [[[49192, 58517, ""Shanghai_-LRB-2012_film-RRB-"", 0]]]",,,,,0.0,,,,0.0,,fever,500729,Shanghai is a Indian Political thriller.,"[[[49192, 58517, ""Shanghai_-LRB-2012_film-RRB-"", 0]]]",dev
730,,,,REFUTES,"Claim: There exists a live action film called Toy Story 2.

Evidence: [[[58935, 69246, ""Toy_Story_2"", 0]], [[58935, 69247, ""Toy_Story_2"", 17]]]",,,,,0.0,,,,0.0,,fever,500730,There exists a live action film called Toy Story 2.,"[[[58935, 69246, ""Toy_Story_2"", 0]], [[58935, 69247, ""Toy_Story_2"", 17]]]",dev
731,,,,REFUTES,"Claim: There is a movie called Barbarella which is not directed by Roger Vadim.

Evidence: [[[58712, 69011, ""Barbarella_-LRB-film-RRB-"", 0]], [[61462, 71978, ""Barbarella_-LRB-film-RRB-"", 0]], [[63775, 74515, ""Barbarella_-LRB-film-RRB-"", 0]], [[303345, 294315, ""Barbarella_-LRB-film-RRB-"", 0]], [[305280, 296114, ""Barbarella_-LRB-film-RRB-"", 0]]]",,,,,0.0,,,,0.0,,fever,500731,There is a movie called Barbarella which is not directed by Roger Vadim.,"[[[58712, 69011, ""Barbarella_-LRB-film-RRB-"", 0]], [[61462, 71978, ""Barbarella_-LRB-film-RRB-"", 0]], [[63775, 74515, ""Barbarella_-LRB-film-RRB-"", 0]], [[303345, 294315, ""Barbarella_-LRB-film-RRB-"", 0]], [[305280, 296114, ""Barbarella_-LRB-film-RRB-"", 0]]]",dev
732,,,,SUPPORTS,"Claim: Brie Larson is actress that originated from the United States.

Evidence: [[[146480, 161460, ""Brie_Larson"", 0]]]",,,,,0.0,,,,0.0,,fever,500732,Brie Larson is actress that originated from the United States.,"[[[146480, 161460, ""Brie_Larson"", 0]]]",dev
733,,,,NOT ENOUGH INFO,"Claim: Fortunes of War spotlights a person who starred in two BBC TV series, Tutti Frutti and Fortunes of War.

Evidence: [[[null, null, ""Starrcade"", -1]]]",,,,,0.0,,,,0.0,,fever,500733,"Fortunes of War spotlights a person who starred in two BBC TV series, Tutti Frutti and Fortunes of War.","[[[null, null, ""Starrcade"", -1]]]",dev
734,,,,SUPPORTS,"Claim: There exists an American actress called Uta Hagan.

Evidence: [[[244095, 245187, ""Uta_Hagen"", 0]], [[244095, 245188, ""Uta_Hagen"", 3], [244095, 245188, ""Hollywood_blacklist"", 0]]]",,,,,0.0,,,,0.0,,fever,500734,There exists an American actress called Uta Hagan.,"[[[244095, 245187, ""Uta_Hagen"", 0]], [[244095, 245188, ""Uta_Hagen"", 3], [244095, 245188, ""Hollywood_blacklist"", 0]]]",dev
735,,,,NOT ENOUGH INFO,"Claim: Darryl Herrod was a high school teacher at the town and later worked as a teacher in the town.

Evidence: [[[null, null, null, null]]]",,,,,0.0,,,,0.0,,fever,500735,Darryl Herrod was a high school teacher at the town and later worked as a teacher in the town.,"[[[null, null, null, null]]]",dev
736,,,,SUPPORTS,"Claim: There existed a film where Josh Hutcherson was in a lead role that went by the name of There.

Evidence: [[[161885, 176300, ""Josh_Hutcherson"", 7]], [[161885, 176301, ""Josh_Hutcherson"", 6]]]",,,,,0.0,,,,0.0,,fever,500736,There existed a film where Josh Hutcherson was in a lead role that went by the name of There.,"[[[161885, 176300, ""Josh_Hutcherson"", 7]], [[161885, 176301, ""Josh_Hutcherson"", 6]]]",dev
737,,,,NOT ENOUGH INFO,"Claim: Ballycumber town has a well populated housing area that lie within the boundary of the actual area of Leamonaghan.

Evidence: [[[null, null, null, null]]]",,,,,0.0,,,,0.0,,fever,500737,Ballycumber town has a well populated housing area that lie within the boundary of the actual area of Leamonaghan.,"[[[null, null, null, null]]]",dev
738,,,,REFUTES,"Claim: A Good Day to Die Hard is not a piece of the Die Hard franchise.

Evidence: [[[163292, 177489, ""A_Good_Day_to_Die_Hard"", 0]], [[163297, 177494, ""A_Good_Day_to_Die_Hard"", 0], [163297, 177494, ""Die_Hard"", 12]], [[163311, 177502, ""A_Good_Day_to_Die_Hard"", 0]]]",,,,,0.0,,,,0.0,,fever,500738,A Good Day to Die Hard is not a piece of the Die Hard franchise.,"[[[163292, 177489, ""A_Good_Day_to_Die_Hard"", 0]], [[163297, 177494, ""A_Good_Day_to_Die_Hard"", 0], [163297, 177494, ""Die_Hard"", 12]], [[163311, 177502, ""A_Good_Day_to_Die_Hard"", 0]]]",dev
739,,,,SUPPORTS,"Claim: There is not a Canadian child actor that goes by the name of Jack Dylan Grazer.

Evidence: [[[123369, 137824, ""Jack_Dylan_Grazer"", 0]]]",,,,,0.0,,,,0.0,,fever,500739,There is not a Canadian child actor that goes by the name of Jack Dylan Grazer.,"[[[123369, 137824, ""Jack_Dylan_Grazer"", 0]]]",dev
740,,,,NOT ENOUGH INFO,"Claim: There exists a 2000 page novel called The Winds of Winter.

Evidence: [[[108283, null, null, null]]]",,,,,0.0,,,,0.0,,fever,500740,There exists a 2000 page novel called The Winds of Winter.,"[[[108283, null, null, null]]]",dev
741,,,,SUPPORTS,"Claim: My Old Kentucky Home is an American romance film directed by Lambert Hillyer

Evidence: [[[null, null, ""My_Old_Kentucky_Home_-LRB-1938_film-RRB-"", 0]]]",,,,,0.0,,,,0.0,,fever,500741,My Old Kentucky Home is an American romance film directed by Lambert Hillyer,"[[[null, null, ""My_Old_Kentucky_Home_-LRB-1938_film-RRB-"", 0]]]",dev
742,,,,REFUTES,"Claim: Adam Lambert's album premiered at number one on the U.S. Billboard 200 chart 4 years after 2001.

Evidence: [[[224781, 229559, ""Adam_Lambert"", 5], [224781, 229559, ""For_Your_Entertainment_-LRB-album-RRB-"", 1]]]",,,,,0.0,,,,0.0,,fever,500742,Adam Lambert's album premiered at number one on the U.S. Billboard 200 chart 4 years after 2001.,"[[[224781, 229559, ""Adam_Lambert"", 5], [224781, 229559, ""For_Your_Entertainment_-LRB-album-RRB-"", 1]]]",dev
743,,,,SUPPORTS,"Claim: There is tendency to assume realistic possibility that Nirvanas singer's death was not his choice.

Evidence: [[[null, null, ""Suicide_of_Kurt_Cobain"", ""7""]]]",,,,,0.0,,,,0.0,,fever,500743,There is tendency to assume realistic possibility that Nirvanas singer's death was not his choice.,"[[[null, null, ""Suicide_of_Kurt_Cobain"", ""7""]]]",dev
744,,,,SUPPORTS,"Claim: Chris Bosh won his first NBA Finals title after 2000.

Evidence: [[[34411, 41725, ""Chris_Bosh"", 8]]]",,,,,0.0,,,,0.0,,fever,500744,Chris Bosh won his first NBA Finals title after 2000.,"[[[34411, 41725, ""Chris_Bosh"", 8]]]",dev
745,,,,REFUTES,"Claim: Wildfang was founded in Portland, Oregon 5 years after 1996.

Evidence: [[[41540, 49949, ""Wildfang"", 1]]]",,,,,0.0,,,,0.0,,fever,500745,"Wildfang was founded in Portland, Oregon 5 years after 1996.","[[[41540, 49949, ""Wildfang"", 1]]]",dev
746,,,,REFUTES,"Claim: There is not a tourist attraction called The Prague Castle.

Evidence: [[[266220, 263262, ""Prague_Castle"", 7]]]",,,,,0.0,,,,0.0,,fever,500746,There is not a tourist attraction called The Prague Castle.,"[[[266220, 263262, ""Prague_Castle"", 7]]]",dev
747,,,,SUPPORTS,"Claim: There exists a European island called Therasia.

Evidence: [[[182138, 194407, ""Therasia"", 0], [182138, 194407, ""Greece"", 0]]]",,,,,0.0,,,,0.0,,fever,500747,There exists a European island called Therasia.,"[[[182138, 194407, ""Therasia"", 0], [182138, 194407, ""Greece"", 0]]]",dev
748,,,,REFUTES,"Claim: An actress who was praised for her film An Education was never in a movie with  Michael Fassbender.

Evidence: [[[null, null, ""Carey_Mulligan"", 7], [null, null, ""Shame_-LRB-2011_film-RRB-"", 0]]]",,,,,0.0,,,,0.0,,fever,500748,An actress who was praised for her film An Education was never in a movie with  Michael Fassbender.,"[[[null, null, ""Carey_Mulligan"", 7], [null, null, ""Shame_-LRB-2011_film-RRB-"", 0]]]",dev
749,,,,REFUTES,"Claim: A United Kingdom is definitely not directed by Amma Asante.

Evidence: [[[265229, 262470, ""A_United_Kingdom"", 0]]]",,,,,0.0,,,,0.0,,fever,500749,A United Kingdom is definitely not directed by Amma Asante.,"[[[265229, 262470, ""A_United_Kingdom"", 0]]]",dev
750,,,,SUPPORTS,"Claim: Dasyuromorphia includes Tasmanian tiger.

Evidence: [[[6, 13, ""Dasyuromorphia"", 0], [6, 14, ""Thylacine"", 3]]]",,,,,0.0,,,,0.0,,fever,500750,Dasyuromorphia includes Tasmanian tiger.,"[[[6, 13, ""Dasyuromorphia"", 0], [6, 14, ""Thylacine"", 3]]]",dev
751,,,,Not Enough Info,"Claim: Matthews records the song Cranken Rhyme after he met John Davey.

Evidence: [[[42, 81, null, null]]]",,,,,0.0,,,,0.0,,fever,500751,Matthews records the song Cranken Rhyme after he met John Davey.,"[[[42, 81, null, null]]]",dev
752,,,,NOT ENOUGH INFO,"Claim: There existed a landscape painter, it was called Bob Ross.

Evidence: [[[91104, null, null, null]]]",,,,,0.0,,,,0.0,,fever,500752,"There existed a landscape painter, it was called Bob Ross.","[[[91104, null, null, null]]]",dev
753,,,,NOT ENOUGH INFO,"Claim: Ex-wife of a person who founded eBay appeared in St Trinian's.

Evidence: [[[null, null, ""Starrcade"", -1]]]",,,,,0.0,,,,0.0,,fever,500753,Ex-wife of a person who founded eBay appeared in St Trinian's.,"[[[null, null, ""Starrcade"", -1]]]",dev
754,,,,NOT ENOUGH INFO,"Claim: The National Film Award for Best Director has been awarded to a person who made his debut with the film Ram Sethu.

Evidence: [[[null, null, ""Starrcade"", -1]]]",,,,,0.0,,,,0.0,,fever,500754,The National Film Award for Best Director has been awarded to a person who made his debut with the film Ram Sethu.,"[[[null, null, ""Starrcade"", -1]]]",dev
755,,,,SUPPORTS,"Claim: The Saturn Award for Best Fantasy Film is given to the best imaginary cinematography

Evidence: [[[42664, 51311, ""Saturn_Award_for_Best_Fantasy_Film"", 0]]]",,,,,0.0,,,,0.0,,fever,500755,The Saturn Award for Best Fantasy Film is given to the best imaginary cinematography,"[[[42664, 51311, ""Saturn_Award_for_Best_Fantasy_Film"", 0]]]",dev
756,,,,NOT ENOUGH INFO,"Claim: The White Paper was directed by a person who was inducted into the Television Hall of Fame in 2013.

Evidence: [[[null, null, ""Starrcade"", -1]]]",,,,,0.0,,,,0.0,,fever,500756,The White Paper was directed by a person who was inducted into the Television Hall of Fame in 2013.,"[[[null, null, ""Starrcade"", -1]]]",dev
757,,,,NOT ENOUGH INFO,"Claim: Johan Cruyff is widely regarded as the greatest player of football history.

Evidence: [[[177961, null, ""Johan_Cruyff"", -1]]]",,,,,0.0,,,,0.0,,fever,500757,Johan Cruyff is widely regarded as the greatest player of football history.,"[[[177961, null, ""Johan_Cruyff"", -1]]]",dev
758,,,,REFUTES,"Claim: Gordon Churchill's political career began in the residential schools, legal education, and historical studies.

Evidence: [[[null, null, ""Gordon_Churchill"", ""19""]]]",,,,,0.0,,,,0.0,,fever,500758,"Gordon Churchill's political career began in the residential schools, legal education, and historical studies.","[[[null, null, ""Gordon_Churchill"", ""19""]]]",dev
759,,,,NOT ENOUGH INFO,"Claim: There exists a film editor called Ann Biderman.

Evidence: [[[196202, null, null, null]]]",,,,,0.0,,,,0.0,,fever,500759,There exists a film editor called Ann Biderman.,"[[[196202, null, null, null]]]",dev
760,,,,REFUTES,"Claim: There is a political leader, they are called Anthony Scaramucci.

Evidence: [[[141673, 156917, ""Anthony_Scaramucci"", 0]]]",,,,,0.0,,,,0.0,,fever,500760,"There is a political leader, they are called Anthony Scaramucci.","[[[141673, 156917, ""Anthony_Scaramucci"", 0]]]",dev
761,,,,NOT ENOUGH INFO,"Claim: Roswell is an American TV series with 61 episodes.

Evidence: [[[null, null, ""Onepiece"", -1]]]",,,,,0.0,,,,0.0,,fever,500761,Roswell is an American TV series with 61 episodes.,"[[[null, null, ""Onepiece"", -1]]]",dev
762,,,,REFUTES,"Claim: 1970 is some other time than when Ted Cruz was born.

Evidence: [[[263317, 261026, ""Ted_Cruz"", 0]]]",,,,,0.0,,,,0.0,,fever,500762,1970 is some other time than when Ted Cruz was born.,"[[[263317, 261026, ""Ted_Cruz"", 0]]]",dev
763,,,,NOT ENOUGH INFO,"Claim: Johan Cruyff is widely regarded as the greatest player of the past century.

Evidence: [[[177961, null, ""Johan_Cruyff"", -1]]]",,,,,0.0,,,,0.0,,fever,500763,Johan Cruyff is widely regarded as the greatest player of the past century.,"[[[177961, null, ""Johan_Cruyff"", -1]]]",dev
764,,,,SUPPORTS,"Claim: The Challenge XXX: Dirty 30 is certainly not a season in a television series from the United States.

Evidence: [[[76877, 88258, ""The_Challenge_XXX-COLON-_Dirty_30"", 1]]]",,,,,0.0,,,,0.0,,fever,500764,The Challenge XXX: Dirty 30 is certainly not a season in a television series from the United States.,"[[[76877, 88258, ""The_Challenge_XXX-COLON-_Dirty_30"", 1]]]",dev
765,,,,NOT ENOUGH INFO,"Claim: There is a private broadcaster called PBS.

Evidence: [[[255660, null, null, null]]]",,,,,0.0,,,,0.0,,fever,500765,There is a private broadcaster called PBS.,"[[[255660, null, null, null]]]",dev
766,,,,REFUTES,"Claim: There does not exist a school as part of a university called Weill Cornell Medicine.

Evidence: [[[183677, 195673, ""Weill_Cornell_Medicine"", 0]]]",,,,,0.0,,,,0.0,,fever,500766,There does not exist a school as part of a university called Weill Cornell Medicine.,"[[[183677, 195673, ""Weill_Cornell_Medicine"", 0]]]",dev
767,,,,SUPPORTS,"Claim: There does not exist a founding member of the Group of 15 that goes by the name of Iran.

Evidence: [[[263050, 260847, ""Group_of_15"", 4]], [[263051, 260848, ""Group_of_15"", 4]]]",,,,,0.0,,,,0.0,,fever,500767,There does not exist a founding member of the Group of 15 that goes by the name of Iran.,"[[[263050, 260847, ""Group_of_15"", 4]], [[263051, 260848, ""Group_of_15"", 4]]]",dev
768,,,,NOT ENOUGH INFO,"Claim: Sausage Party was directed by Greg Tiernan and Conrad Vernon in the 2010s.

Evidence: [[[121345, null, ""Greg_Tiernan"", -1]]]",,,,,0.0,,,,0.0,,fever,500768,Sausage Party was directed by Greg Tiernan and Conrad Vernon in the 2010s.,"[[[121345, null, ""Greg_Tiernan"", -1]]]",dev
769,,,,SUPPORTS,"Claim: There was not a science fiction horror television series called The Invisible Man.

Evidence: [[[142215, 157425, ""The_Invisible_Man_-LRB-film-RRB-"", 0]]]",,,,,0.0,,,,0.0,,fever,500769,There was not a science fiction horror television series called The Invisible Man.,"[[[142215, 157425, ""The_Invisible_Man_-LRB-film-RRB-"", 0]]]",dev
770,,,,SUPPORTS,"Claim: Physics is one of the older academic disciplines

Evidence: [[[18899, 23146, ""Physics"", 4]]]",,,,,0.0,,,,0.0,,fever,500770,Physics is one of the older academic disciplines,"[[[18899, 23146, ""Physics"", 4]]]",dev
771,,,,NOT ENOUGH INFO,"Claim: Sonny Bono was freedom fighter that originated from the United States.

Evidence: [[[125706, null, null, null]]]",,,,,0.0,,,,0.0,,fever,500771,Sonny Bono was freedom fighter that originated from the United States.,"[[[125706, null, null, null]]]",dev
772,,,,REFUTES,"Claim: There exists an original work that goes by the name of The Beguiled.

Evidence: [[[94859, 107836, ""The_Beguiled_-LRB-1971_film-RRB-"", 1]], [[97006, 110160, ""The_Beguiled_-LRB-1971_film-RRB-"", 1], [97006, 110160, ""The_Beguiled_-LRB-1971_film-RRB-"", 0]], [[306643, 297266, ""The_Beguiled_-LRB-1971_film-RRB-"", 1]]]",,,,,0.0,,,,0.0,,fever,500772,There exists an original work that goes by the name of The Beguiled.,"[[[94859, 107836, ""The_Beguiled_-LRB-1971_film-RRB-"", 1]], [[97006, 110160, ""The_Beguiled_-LRB-1971_film-RRB-"", 1], [97006, 110160, ""The_Beguiled_-LRB-1971_film-RRB-"", 0]], [[306643, 297266, ""The_Beguiled_-LRB-1971_film-RRB-"", 1]]]",dev
773,,,,NOT ENOUGH INFO,"Claim: There exists a racket and shuttlecock sport, it goes by the name of Golf.

Evidence: [[[166453, null, null, null]]]",,,,,0.0,,,,0.0,,fever,500773,"There exists a racket and shuttlecock sport, it goes by the name of Golf.","[[[166453, null, null, null]]]",dev
774,,,,NOT ENOUGH INFO,"Claim: The Battle of France 5 years after 1928 is also known as the Fall of France.

Evidence: [[[111590, null, ""List_of_bomber_aircraft"", -1]]]",,,,,0.0,,,,0.0,,fever,500774,The Battle of France 5 years after 1928 is also known as the Fall of France.,"[[[111590, null, ""List_of_bomber_aircraft"", -1]]]",dev
775,,,,REFUTES,"Claim: There exists a subsidiary of Warner Bros Pictures that goes by the name of Legendary Entertainment.

Evidence: [[[125127, 139461, ""Legendary_Entertainment"", 1]]]",,,,,0.0,,,,0.0,,fever,500775,There exists a subsidiary of Warner Bros Pictures that goes by the name of Legendary Entertainment.,"[[[125127, 139461, ""Legendary_Entertainment"", 1]]]",dev
776,,,,SUPPORTS,"Claim: There exists a writer, it goes by the name of Mike Friedrich.

Evidence: [[[227488, 231852, ""Mike_Friedrich"", 0]], [[227495, 231858, ""Mike_Friedrich"", 0]]]",,,,,0.0,,,,0.0,,fever,500776,"There exists a writer, it goes by the name of Mike Friedrich.","[[[227488, 231852, ""Mike_Friedrich"", 0]], [[227495, 231858, ""Mike_Friedrich"", 0]]]",dev
777,,,,REFUTES,"Claim: The area of Aliero is larger than the area of Madhya Pradesh.

Evidence: [[[127, 274, ""Madhya_Pradesh"", 5], [127, 275, ""Kebbi_State"", 3], [127, 276, ""Aliero"", 0]]]",,,,,0.0,,,,0.0,,fever,500777,The area of Aliero is larger than the area of Madhya Pradesh.,"[[[127, 274, ""Madhya_Pradesh"", 5], [127, 275, ""Kebbi_State"", 3], [127, 276, ""Aliero"", 0]]]",dev
778,,,,REFUTES,"Claim: There exists a member of the largest dog species called The Bengal tiger.

Evidence: [[[91816, 104621, ""Bengal_tiger"", 0]]]",,,,,0.0,,,,0.0,,fever,500778,There exists a member of the largest dog species called The Bengal tiger.,"[[[91816, 104621, ""Bengal_tiger"", 0]]]",dev
779,,,,REFUTES,"Claim: Grease wasn't a cinematic work.

Evidence: [[[200211, 209787, ""Grease_-LRB-film-RRB-"", 0]], [[200211, 209788, ""Grease_-LRB-film-RRB-"", 1]], [[200211, 209789, ""Grease_-LRB-film-RRB-"", 2]], [[200211, 209790, ""Grease_-LRB-film-RRB-"", 4], [200211, 209790, ""Grease-COLON-_The_Original_Soundtrack_from_the_Motion_Picture"", 0]], [[299144, 290514, ""Grease_-LRB-film-RRB-"", 0]], [[299144, 290515, ""Grease_-LRB-film-RRB-"", 2], [299144, 290515, ""Randal_Kleiser"", 0]]]",,,,,0.0,,,,0.0,,fever,500779,Grease wasn't a cinematic work.,"[[[200211, 209787, ""Grease_-LRB-film-RRB-"", 0]], [[200211, 209788, ""Grease_-LRB-film-RRB-"", 1]], [[200211, 209789, ""Grease_-LRB-film-RRB-"", 2]], [[200211, 209790, ""Grease_-LRB-film-RRB-"", 4], [200211, 209790, ""Grease-COLON-_The_Original_Soundtrack_from_the_Motion_Picture"", 0]], [[299144, 290514, ""Grease_-LRB-film-RRB-"", 0]], [[299144, 290515, ""Grease_-LRB-film-RRB-"", 2], [299144, 290515, ""Randal_Kleiser"", 0]]]",dev
780,,,,REFUTES,"Claim: Pilularia globulifera and R. globulifera are the only species in the order Pilula that both produce and release microsporangia and microsporangia in a heterosporous fashion.

Evidence: [[[null, null, ""Pilularia_globulifera"", ""0""], [null, null, ""Pilula"", ""0""]]]",,,,,0.0,,,,0.0,,fever,500780,Pilularia globulifera and R. globulifera are the only species in the order Pilula that both produce and release microsporangia and microsporangia in a heterosporous fashion.,"[[[null, null, ""Pilularia_globulifera"", ""0""], [null, null, ""Pilula"", ""0""]]]",dev
781,,,,REFUTES,"Claim: Uganda definitely was not a protectorate.

Evidence: [[[70721, 81598, ""Uganda"", 11]]]",,,,,0.0,,,,0.0,,fever,500781,Uganda definitely was not a protectorate.,"[[[70721, 81598, ""Uganda"", 11]]]",dev
782,,,,REFUTES,"Claim: There was not a racecar driver in Formula One called Sebastian Vettel.

Evidence: [[[72292, 83319, ""Sebastian_Vettel"", 1]], [[72292, 83320, ""Sebastian_Vettel"", 3]], [[72292, 83321, ""Sebastian_Vettel"", 6]], [[72292, 83322, ""Sebastian_Vettel"", 12]]]",,,,,0.0,,,,0.0,,fever,500782,There was not a racecar driver in Formula One called Sebastian Vettel.,"[[[72292, 83319, ""Sebastian_Vettel"", 1]], [[72292, 83320, ""Sebastian_Vettel"", 3]], [[72292, 83321, ""Sebastian_Vettel"", 6]], [[72292, 83322, ""Sebastian_Vettel"", 12]]]",dev
783,,,,SUPPORTS,"Claim: All India Trinamool Congress was founded on 1 January 1998, by Mamata Banerjee who was conceived on January 5th, 1955

Evidence: [[[null, null, ""Mamata_Banerjee"", 0], [null, null, ""All_India_Trinamool_Congress"", 1]]]",,,,,0.0,,,,0.0,,fever,500783,"All India Trinamool Congress was founded on 1 January 1998, by Mamata Banerjee who was conceived on January 5th, 1955","[[[null, null, ""Mamata_Banerjee"", 0], [null, null, ""All_India_Trinamool_Congress"", 1]]]",dev
784,,,,NOT ENOUGH INFO,"Claim: There was a founding member of the Blue Man Group, it was called Ukrainian Soviet Socialist Republic.

Evidence: [[[188466, null, null, null]]]",,,,,0.0,,,,0.0,,fever,500784,"There was a founding member of the Blue Man Group, it was called Ukrainian Soviet Socialist Republic.","[[[188466, null, null, null]]]",dev
785,,,,REFUTES,"Claim: Sebastian Vettel is not a person.

Evidence: [[[85285, 97586, ""Sebastian_Vettel"", 0]], [[85285, 97587, ""Sebastian_Vettel"", 2]], [[85285, 97588, ""Sebastian_Vettel"", 3]], [[85285, 97589, ""Sebastian_Vettel"", 6]], [[85285, 97590, ""Sebastian_Vettel"", 7]], [[85285, 97591, ""Sebastian_Vettel"", 10]], [[85285, 97592, ""Sebastian_Vettel"", 17]], [[85285, 97593, ""Sebastian_Vettel"", 22]]]",,,,,0.0,,,,0.0,,fever,500785,Sebastian Vettel is not a person.,"[[[85285, 97586, ""Sebastian_Vettel"", 0]], [[85285, 97587, ""Sebastian_Vettel"", 2]], [[85285, 97588, ""Sebastian_Vettel"", 3]], [[85285, 97589, ""Sebastian_Vettel"", 6]], [[85285, 97590, ""Sebastian_Vettel"", 7]], [[85285, 97591, ""Sebastian_Vettel"", 10]], [[85285, 97592, ""Sebastian_Vettel"", 17]], [[85285, 97593, ""Sebastian_Vettel"", 22]]]",dev
786,,,,REFUTES,"Claim: To Pimp a Butterfly was a creative work and refused to sell any copies in America until 2017.

Evidence: [[[189350, 200633, ""To_Pimp_a_Butterfly"", 12]]]",,,,,0.0,,,,0.0,,fever,500786,To Pimp a Butterfly was a creative work and refused to sell any copies in America until 2017.,"[[[189350, 200633, ""To_Pimp_a_Butterfly"", 12]]]",dev
787,,,,REFUTES,"Claim: Kim Jeong-ho was arrested by Daewongun and Daedongyeojido had been destroyed.

Evidence: [[[15, 33, ""Kim_Jeong-ho"", 9], [15, 34, ""Kim_Jeong-ho"", 12]]]",,,,,0.0,,,,0.0,,fever,500787,Kim Jeong-ho was arrested by Daewongun and Daedongyeojido had been destroyed.,"[[[15, 33, ""Kim_Jeong-ho"", 9], [15, 34, ""Kim_Jeong-ho"", 12]]]",dev
788,,,,REFUTES,"Claim: There is not a publication that goes by the name of The Times.

Evidence: [[[127022, 141521, ""The_Times"", 0]], [[127022, 141522, ""The_Times"", 2], [127022, 141522, ""Sister_paper"", 0]]]",,,,,0.0,,,,0.0,,fever,500788,There is not a publication that goes by the name of The Times.,"[[[127022, 141521, ""The_Times"", 0]], [[127022, 141522, ""The_Times"", 2], [127022, 141522, ""Sister_paper"", 0]]]",dev
789,,,,REFUTES,"Claim: Artpop debuted at number one on the United States Billboard 200 2 years before 2001.

Evidence: [[[201852, 211209, ""Artpop"", 0]]]",,,,,0.0,,,,0.0,,fever,500789,Artpop debuted at number one on the United States Billboard 200 2 years before 2001.,"[[[201852, 211209, ""Artpop"", 0]]]",dev
790,,,,NOT ENOUGH INFO,"Claim: There is a vegan, they are called Mike Friedrich.

Evidence: [[[227467, null, null, null], [227468, null, null, null], [227477, null, null, null]]]",,,,,0.0,,,,0.0,,fever,500790,"There is a vegan, they are called Mike Friedrich.","[[[227467, null, null, null], [227468, null, null, null], [227477, null, null, null]]]",dev
791,,,,REFUTES,"Claim: A&E has permanently been called A&E

Evidence: [[[263242, 260971, ""A&E_-LRB-TV_channel-RRB-"", 0]]]",,,,,0.0,,,,0.0,,fever,500791,A&E has permanently been called A&E,"[[[263242, 260971, ""A&E_-LRB-TV_channel-RRB-"", 0]]]",dev
792,,,,NOT ENOUGH INFO,"Claim: There is a director, a Swede, who was involved in the production of A United Kingdom.

Evidence: [[[265239, null, null, null]]]",,,,,0.0,,,,0.0,,fever,500792,"There is a director, a Swede, who was involved in the production of A United Kingdom.","[[[265239, null, null, null]]]",dev
793,,,,NOT ENOUGH INFO,"Claim: Alvin and the Chipmunks is an American parody comedy film.

Evidence: [[[null, null, ""Onepiece"", -1]]]",,,,,0.0,,,,0.0,,fever,500793,Alvin and the Chipmunks is an American parody comedy film.,"[[[null, null, ""Onepiece"", -1]]]",dev
794,,,,REFUTES,"Claim: There is a German politician called Nawaz Sharif.

Evidence: [[[207479, 215734, ""Nawaz_Sharif"", 0]]]",,,,,0.0,,,,0.0,,fever,500794,There is a German politician called Nawaz Sharif.,"[[[207479, 215734, ""Nawaz_Sharif"", 0]]]",dev
795,,,,SUPPORTS,"Claim: Bongwater follows the story of a medication dealer

Evidence: [[[269556, 265856, ""Bongwater_-LRB-film-RRB-"", 1]]]",,,,,0.0,,,,0.0,,fever,500795,Bongwater follows the story of a medication dealer,"[[[269556, 265856, ""Bongwater_-LRB-film-RRB-"", 1]]]",dev
796,,,,REFUTES,"Claim: The fourth king of a Korean kingdom founded by Yi Seonggye died in 1430

Evidence: [[[null, null, ""Sejong_the_Great"", 0], [null, null, ""Joseon"", 0]], [[null, null, ""Sejong_the_Great"", 13], [null, null, ""Joseon"", 0]]]",,,,,0.0,,,,0.0,,fever,500796,The fourth king of a Korean kingdom founded by Yi Seonggye died in 1430,"[[[null, null, ""Sejong_the_Great"", 0], [null, null, ""Joseon"", 0]], [[null, null, ""Sejong_the_Great"", 13], [null, null, ""Joseon"", 0]]]",dev
797,,,,NOT ENOUGH INFO,"Claim: There exists a co-official language of Buffalo Wild Wings that goes by the name of The Maltese language.

Evidence: [[[176792, null, null, null], [176793, null, null, null]]]",,,,,0.0,,,,0.0,,fever,500797,There exists a co-official language of Buffalo Wild Wings that goes by the name of The Maltese language.,"[[[176792, null, null, null], [176793, null, null, null]]]",dev
798,,,,SUPPORTS,"Claim: Bastille Day is a 1933 French romantic comedy film 

Evidence: [[[49192, 58517, ""Bastille_Day_-LRB-1933_film-RRB-"", 0]]]",,,,,0.0,,,,0.0,,fever,500798,Bastille Day is a 1933 French romantic comedy film ,"[[[49192, 58517, ""Bastille_Day_-LRB-1933_film-RRB-"", 0]]]",dev
799,,,,NOT ENOUGH INFO,"Claim: There exists a destination for American tourists that goes by the name of Cyprus.

Evidence: [[[113388, null, null, null]]]",,,,,0.0,,,,0.0,,fever,500799,There exists a destination for American tourists that goes by the name of Cyprus.,"[[[113388, null, null, null]]]",dev
800,,,,SUPPORTS,"Claim: There is not a section of a car company that involves several countries that goes by the name of Mercedes-Benz.

Evidence: [[[106903, 120301, ""Mercedes-Benz"", 0]]]",,,,,0.0,,,,0.0,,fever,500800,There is not a section of a car company that involves several countries that goes by the name of Mercedes-Benz.,"[[[106903, 120301, ""Mercedes-Benz"", 0]]]",dev
801,,,,REFUTES,"Claim: There existed an American Civil War battle that went by the name of The Battle of the Trebia.

Evidence: [[[152041, 166790, ""Battle_of_the_Trebia"", 0], [152041, 166790, ""Second_Punic_War"", 0]]]",,,,,0.0,,,,0.0,,fever,500801,There existed an American Civil War battle that went by the name of The Battle of the Trebia.,"[[[152041, 166790, ""Battle_of_the_Trebia"", 0], [152041, 166790, ""Second_Punic_War"", 0]]]",dev
802,,,,NOT ENOUGH INFO,"Claim: There is a Fortune 500 company, it is called Firefox.

Evidence: [[[29699, null, null, null]]]",,,,,0.0,,,,0.0,,fever,500802,"There is a Fortune 500 company, it is called Firefox.","[[[29699, null, null, null]]]",dev
803,,,,NOT ENOUGH INFO,"Claim: The Prowler was created by Stan Lee, John Buscema, and Jim Mooney between 1967 and 1977.

Evidence: [[[116286, null, ""List_of_Marvel_Comics_people"", -1]]]",,,,,0.0,,,,0.0,,fever,500803,"The Prowler was created by Stan Lee, John Buscema, and Jim Mooney between 1967 and 1977.","[[[116286, null, ""List_of_Marvel_Comics_people"", -1]]]",dev
804,,,,NOT ENOUGH INFO,"Claim: There exists an Indian movie which grossed 11 million dollars that goes by the name of Raja Hindustani.

Evidence: [[[29338, null, null, null]]]",,,,,0.0,,,,0.0,,fever,500804,There exists an Indian movie which grossed 11 million dollars that goes by the name of Raja Hindustani.,"[[[29338, null, null, null]]]",dev
805,,,,REFUTES,"Claim: There is not a song that was written in reply to Neil Young's song Alabama called Sweet Home Alabama.

Evidence: [[[234998, 237760, ""Sweet_Home_Alabama"", 4]]]",,,,,0.0,,,,0.0,,fever,500805,There is not a song that was written in reply to Neil Young's song Alabama called Sweet Home Alabama.,"[[[234998, 237760, ""Sweet_Home_Alabama"", 4]]]",dev
806,,,,SUPPORTS,"Claim: Tinker Tailor Soldier Spy stars an actor who director David Lynch described him as simply the greatest actor in the world

Evidence: [[[null, null, ""Tinker_Tailor_Soldier_Spy_-LRB-film-RRB-"", 2], [null, null, ""John_Hurt"", 1]]]",,,,,0.0,,,,0.0,,fever,500806,Tinker Tailor Soldier Spy stars an actor who director David Lynch described him as simply the greatest actor in the world,"[[[null, null, ""Tinker_Tailor_Soldier_Spy_-LRB-film-RRB-"", 2], [null, null, ""John_Hurt"", 1]]]",dev
807,,,,REFUTES,"Claim: The director of a 2005 American neo-western romantic drama film  produced by Diana Ossana and James Schamus was born on 23 October 1974

Evidence: [[[null, null, ""Ang_Lee"", 0], [null, null, ""Brokeback_Mountain"", 0]]]",,,,,0.0,,,,0.0,,fever,500807,The director of a 2005 American neo-western romantic drama film  produced by Diana Ossana and James Schamus was born on 23 October 1974,"[[[null, null, ""Ang_Lee"", 0], [null, null, ""Brokeback_Mountain"", 0]]]",dev
808,,,,SUPPORTS,"Claim: Wolfgang Amadeus Mozart was born in Salzburg in 1756

Evidence: [[[248484, 248657, ""Wolfgang_Amadeus_Mozart"", 0], [248484, 248657, ""Wolfgang_Amadeus_Mozart"", 3]], [[250650, 250646, ""Wolfgang_Amadeus_Mozart"", 3], [250650, 250646, ""Wolfgang_Amadeus_Mozart"", 0]], [[252004, 251794, ""Wolfgang_Amadeus_Mozart"", 3], [252004, 251794, ""Wolfgang_Amadeus_Mozart"", 0]], [[319521, 308260, ""Wolfgang_Amadeus_Mozart"", 3], [319521, 308260, ""Wolfgang_Amadeus_Mozart"", 0]], [[320669, 309215, ""Wolfgang_Amadeus_Mozart"", 0], [320669, 309215, ""Wolfgang_Amadeus_Mozart"", 3]], [[320673, 309234, ""Wolfgang_Amadeus_Mozart"", 0], [320673, 309234, ""Wolfgang_Amadeus_Mozart"", 3]]]",,,,,0.0,,,,0.0,,fever,500808,Wolfgang Amadeus Mozart was born in Salzburg in 1756,"[[[248484, 248657, ""Wolfgang_Amadeus_Mozart"", 0], [248484, 248657, ""Wolfgang_Amadeus_Mozart"", 3]], [[250650, 250646, ""Wolfgang_Amadeus_Mozart"", 3], [250650, 250646, ""Wolfgang_Amadeus_Mozart"", 0]], [[252004, 251794, ""Wolfgang_Amadeus_Mozart"", 3], [252004, 251794, ""Wolfgang_Amadeus_Mozart"", 0]], [[319521, 308260, ""Wolfgang_Amadeus_Mozart"", 3], [319521, 308260, ""Wolfgang_Amadeus_Mozart"", 0]], [[320669, 309215, ""Wolfgang_Amadeus_Mozart"", 0], [320669, 309215, ""Wolfgang_Amadeus_Mozart"", 3]], [[320673, 309234, ""Wolfgang_Amadeus_Mozart"", 0], [320673, 309234, ""Wolfgang_Amadeus_Mozart"", 3]]]",dev
809,,,,SUPPORTS,"Claim: Sancho Panza is a character in  a Spanish novel by Miguel de Cervantes.

Evidence: [[[null, null, ""Sancho_Panza"", 0], [null, null, ""Don_Quixote"", 0]]]",,,,,0.0,,,,0.0,,fever,500809,Sancho Panza is a character in  a Spanish novel by Miguel de Cervantes.,"[[[null, null, ""Sancho_Panza"", 0], [null, null, ""Don_Quixote"", 0]]]",dev
810,,,,SUPPORTS,"Claim: The Invisible Man came out since execution of the Motion Picture Production Code censorship guidelines took effect

Evidence: [[[93766, 106705, ""The_Invisible_Man_-LRB-film-RRB-"", 0], [93766, 106705, ""Pre-Code_Hollywood"", 0]]]",,,,,0.0,,,,0.0,,fever,500810,The Invisible Man came out since execution of the Motion Picture Production Code censorship guidelines took effect,"[[[93766, 106705, ""The_Invisible_Man_-LRB-film-RRB-"", 0], [93766, 106705, ""Pre-Code_Hollywood"", 0]]]",dev
811,,,,SUPPORTS,"Claim: There exists a English-language film, it goes by the name of The Little Prince (2015 film).

Evidence: [[[242286, 243694, ""The_Little_Prince_-LRB-2015_film-RRB-"", 0]]]",,,,,0.0,,,,0.0,,fever,500811,"There exists a English-language film, it goes by the name of The Little Prince (2015 film).","[[[242286, 243694, ""The_Little_Prince_-LRB-2015_film-RRB-"", 0]]]",dev
812,,,,REFUTES,"Claim: Prague's historic center was first included in the UNESCO list of World Heritage Sites 2 years before 1939.

Evidence: [[[91552, 104297, ""Prague"", 16]]]",,,,,0.0,,,,0.0,,fever,500812,Prague's historic center was first included in the UNESCO list of World Heritage Sites 2 years before 1939.,"[[[91552, 104297, ""Prague"", 16]]]",dev
813,,,,NOT ENOUGH INFO,"Claim: There is a Christian called Ed Decter.

Evidence: [[[109991, null, null, null]]]",,,,,0.0,,,,0.0,,fever,500813,There is a Christian called Ed Decter.,"[[[109991, null, null, null]]]",dev
814,,,,SUPPORTS,"Claim: Prague's historic center was first included in the UNESCO list of World Heritage Sites between 1991 and 1993.

Evidence: [[[40412, 48631, ""Prague"", 16]], [[43474, 52117, ""Prague"", 16]], [[45690, 54557, ""Prague"", 16]], [[302099, 293153, ""Prague"", 16]], [[302100, 293154, ""Prague"", 16]], [[304710, 295516, ""Prague"", 16]]]",,,,,0.0,,,,0.0,,fever,500814,Prague's historic center was first included in the UNESCO list of World Heritage Sites between 1991 and 1993.,"[[[40412, 48631, ""Prague"", 16]], [[43474, 52117, ""Prague"", 16]], [[45690, 54557, ""Prague"", 16]], [[302099, 293153, ""Prague"", 16]], [[302100, 293154, ""Prague"", 16]], [[304710, 295516, ""Prague"", 16]]]",dev
815,,,,SUPPORTS,"Claim: There was not a United States unitary government complex that went by the name of The Alfred P. Murrah Federal Building.

Evidence: [[[202232, 211558, ""Alfred_P._Murrah_Federal_Building"", 0]]]",,,,,0.0,,,,0.0,,fever,500815,There was not a United States unitary government complex that went by the name of The Alfred P. Murrah Federal Building.,"[[[202232, 211558, ""Alfred_P._Murrah_Federal_Building"", 0]]]",dev
816,,,,SUPPORTS,"Claim: James Brolin was born at some other time than 1944.

Evidence: [[[72076, 83067, ""James_Brolin"", 0]]]",,,,,0.0,,,,0.0,,fever,500816,James Brolin was born at some other time than 1944.,"[[[72076, 83067, ""James_Brolin"", 0]]]",dev
817,,,,NOT ENOUGH INFO,"Claim: There exists a hypothetical type of substance that has mass and takes up space called Dark matter.

Evidence: [[[20543, null, null, null]]]",,,,,0.0,,,,0.0,,fever,500817,There exists a hypothetical type of substance that has mass and takes up space called Dark matter.,"[[[20543, null, null, null]]]",dev
818,,,,SUPPORTS,"Claim: Franklin D. Roosevelt and Theodore Roosevelt attendted the same school.

Evidence: [[[26, 52, ""Theodore_Roosevelt"", 8], [26, 53, ""Franklin_D._Roosevelt"", 8]]]",,,,,0.0,,,,0.0,,fever,500818,Franklin D. Roosevelt and Theodore Roosevelt attendted the same school.,"[[[26, 52, ""Theodore_Roosevelt"", 8], [26, 53, ""Franklin_D._Roosevelt"", 8]]]",dev
819,,,,NOT ENOUGH INFO,"Claim: There is a karate fighter, they are called Shannon Lee.

Evidence: [[[62363, null, null, null], [62370, null, null, null]]]",,,,,0.0,,,,0.0,,fever,500819,"There is a karate fighter, they are called Shannon Lee.","[[[62363, null, null, null], [62370, null, null, null]]]",dev
820,,,,NOT ENOUGH INFO,"Claim: There existed a dancer called Estelle Getty.

Evidence: [[[213580, null, null, null]]]",,,,,0.0,,,,0.0,,fever,500820,There existed a dancer called Estelle Getty.,"[[[213580, null, null, null]]]",dev
821,,,,NOT ENOUGH INFO,"Claim: There exists a UK National Committee that goes by the name of UNICEF UK.

Evidence: [[[267457, null, null, null]]]",,,,,0.0,,,,0.0,,fever,500821,There exists a UK National Committee that goes by the name of UNICEF UK.,"[[[267457, null, null, null]]]",dev
822,,,,SUPPORTS,"Claim: There is a television series, it is called Younger.

Evidence: [[[21699, 26667, ""Younger_-LRB-TV_series-RRB-"", 0]]]",,,,,0.0,,,,0.0,,fever,500822,"There is a television series, it is called Younger.","[[[21699, 26667, ""Younger_-LRB-TV_series-RRB-"", 0]]]",dev
823,,,,NOT ENOUGH INFO,"Claim: Milk is an American film which was banned in India for portraying gay rights movement.

Evidence: [[[null, null, ""Onepiece"", -1]]]",,,,,0.0,,,,0.0,,fever,500823,Milk is an American film which was banned in India for portraying gay rights movement.,"[[[null, null, ""Onepiece"", -1]]]",dev
824,,,,SUPPORTS,"Claim: Camden, New Jersey is the home of a university that was founded as the South Jersey Law School before 1930.

Evidence: [[[67637, 78465, ""Camden,_New_Jersey"", 40]], [[67704, 78533, ""Camden,_New_Jersey"", 40]]]",,,,,0.0,,,,0.0,,fever,500824,"Camden, New Jersey is the home of a university that was founded as the South Jersey Law School before 1930.","[[[67637, 78465, ""Camden,_New_Jersey"", 40]], [[67704, 78533, ""Camden,_New_Jersey"", 40]]]",dev
825,,,,REFUTES,"Claim: There is a director, Lewis Gilbert, who was not involved in the production of You Only Live Twice.

Evidence: [[[215769, 222555, ""You_Only_Live_Twice_-LRB-film-RRB-"", 12]]]",,,,,0.0,,,,0.0,,fever,500825,"There is a director, Lewis Gilbert, who was not involved in the production of You Only Live Twice.","[[[215769, 222555, ""You_Only_Live_Twice_-LRB-film-RRB-"", 12]]]",dev
826,,,,SUPPORTS,"Claim: There is a person involved in the movie industry, Michael Bay only, who was not the director of The Little Prince (2015 film).

Evidence: [[[242309, 243710, ""The_Little_Prince_-LRB-2015_film-RRB-"", 0]]]",,,,,0.0,,,,0.0,,fever,500826,"There is a person involved in the movie industry, Michael Bay only, who was not the director of The Little Prince (2015 film).","[[[242309, 243710, ""The_Little_Prince_-LRB-2015_film-RRB-"", 0]]]",dev
827,,,,SUPPORTS,"Claim: Chris Bosh won his first NBA Finals title between 2007 and 2017 against Oklahoma City Thunder.

Evidence: [[[125912, 140317, ""Chris_Bosh"", 8]]]",,,,,0.0,,,,0.0,,fever,500827,Chris Bosh won his first NBA Finals title between 2007 and 2017 against Oklahoma City Thunder.,"[[[125912, 140317, ""Chris_Bosh"", 8]]]",dev
828,,,,NOT ENOUGH INFO,"Claim: The Hanford Site hosts the LIGO Hanford Observatory which detects gravitational tides

Evidence: [[[259726, 258279, ""Hanford_Site"", 23], [259726, 258279, ""LIGO"", 0]]]",,,,,0.0,,,,0.0,,fever,500828,The Hanford Site hosts the LIGO Hanford Observatory which detects gravitational tides,"[[[259726, 258279, ""Hanford_Site"", 23], [259726, 258279, ""LIGO"", 0]]]",dev
829,,,,REFUTES,"Claim: One Dance was Drake's first number one single 2 years after 1996.

Evidence: [[[170335, 183898, ""One_Dance"", 6]]]",,,,,0.0,,,,0.0,,fever,500829,One Dance was Drake's first number one single 2 years after 1996.,"[[[170335, 183898, ""One_Dance"", 6]]]",dev
830,,,,REFUTES,"Claim: Cunetio Hoard Caesar was invaded by Britain and conquered by Britain as part of his war with Britain's enemies.

Evidence: [[[null, null, ""Cunetio_Hoard"", ""2""]]]",,,,,0.0,,,,0.0,,fever,500830,Cunetio Hoard Caesar was invaded by Britain and conquered by Britain as part of his war with Britain's enemies.,"[[[null, null, ""Cunetio_Hoard"", ""2""]]]",dev
831,,,,NOT ENOUGH INFO,"Claim: There exists a drag race racing team called Red Bull Racing.

Evidence: [[[201718, null, null, null], [201830, null, null, null]]]",,,,,0.0,,,,0.0,,fever,500831,There exists a drag race racing team called Red Bull Racing.,"[[[201718, null, null, null], [201830, null, null, null]]]",dev
832,,,,NOT ENOUGH INFO,"Claim: Aestheticism has as subjects fine art documentaries and music

Evidence: [[[62897, 73574, ""Aestheticism"", 0]]]",,,,,0.0,,,,0.0,,fever,500832,Aestheticism has as subjects fine art documentaries and music,"[[[62897, 73574, ""Aestheticism"", 0]]]",dev
833,,,,REFUTES,"Claim: The area of Talode is larger than the area of Udon Thani Province.

Evidence: [[[167, 394, ""Udon_Thani_Province"", 2], [167, 395, ""Nandurbar_district"", 3], [167, 396, ""Talode"", 0]]]",,,,,0.0,,,,0.0,,fever,500833,The area of Talode is larger than the area of Udon Thani Province.,"[[[167, 394, ""Udon_Thani_Province"", 2], [167, 395, ""Nandurbar_district"", 3], [167, 396, ""Talode"", 0]]]",dev
834,,,,SUPPORTS,"Claim: There existed a Greek philosopher that went by the name of Pythagoras.

Evidence: [[[205688, 214181, ""Pythagoras"", 0]], [[205688, 214182, ""Pythagoras"", 7]], [[205688, 214183, ""Pythagoras"", 6]]]",,,,,0.0,,,,0.0,,fever,500834,There existed a Greek philosopher that went by the name of Pythagoras.,"[[[205688, 214181, ""Pythagoras"", 0]], [[205688, 214182, ""Pythagoras"", 7]], [[205688, 214183, ""Pythagoras"", 6]]]",dev
835,,,,REFUTES,"Claim: There is a 1969 American independent horror film, it is called Night of the Living Dead.

Evidence: [[[133034, 147913, ""Night_of_the_Living_Dead"", 0]]]",,,,,0.0,,,,0.0,,fever,500835,"There is a 1969 American independent horror film, it is called Night of the Living Dead.","[[[133034, 147913, ""Night_of_the_Living_Dead"", 0]]]",dev
836,,,,SUPPORTS,"Claim: There exists a producer, it goes by the name of Simon Pegg.

Evidence: [[[107477, 120944, ""Simon_Pegg"", 0]]]",,,,,0.0,,,,0.0,,fever,500836,"There exists a producer, it goes by the name of Simon Pegg.","[[[107477, 120944, ""Simon_Pegg"", 0]]]",dev
837,,,,SUPPORTS,"Claim: There exists a fictional character called The Silver Surfer.

Evidence: [[[38710, 46687, ""Silver_Surfer"", 0]]]",,,,,0.0,,,,0.0,,fever,500837,There exists a fictional character called The Silver Surfer.,"[[[38710, 46687, ""Silver_Surfer"", 0]]]",dev
838,,,,REFUTES,"Claim: No university has more than 5 alumni who became U.S. presidents.

Evidence: [[[24, 50, ""Harvard_University"", 18]]]",,,,,0.0,,,,0.0,,fever,500838,No university has more than 5 alumni who became U.S. presidents.,"[[[24, 50, ""Harvard_University"", 18]]]",dev
839,,,,NOT ENOUGH INFO,"Claim: There exists a book, it goes by the name of Reanimation.

Evidence: [[[189887, null, null, null], [192942, null, null, null], [314935, null, null, null]]]",,,,,0.0,,,,0.0,,fever,500839,"There exists a book, it goes by the name of Reanimation.","[[[189887, null, null, null], [192942, null, null, null], [314935, null, null, null]]]",dev
840,,,,SUPPORTS,"Claim: There was not an unreleased by the band the New Kids on the Block called The Block (album).

Evidence: [[[263448, 261118, ""The_Block_-LRB-album-RRB-"", 2]], [[263448, 261119, ""The_Block_-LRB-album-RRB-"", 1]]]",,,,,0.0,,,,0.0,,fever,500840,There was not an unreleased by the band the New Kids on the Block called The Block (album).,"[[[263448, 261118, ""The_Block_-LRB-album-RRB-"", 2]], [[263448, 261119, ""The_Block_-LRB-album-RRB-"", 1]]]",dev
841,,,,REFUTES,"Claim: Lazze Ohlyz are a musical duo consisting of two instruments, an instrumental and a classical jazz quartet.

Evidence: [[[null, null, ""Lazze_Ohlyz"", ""0""]]]",,,,,0.0,,,,0.0,,fever,500841,"Lazze Ohlyz are a musical duo consisting of two instruments, an instrumental and a classical jazz quartet.","[[[null, null, ""Lazze_Ohlyz"", ""0""]]]",dev
842,,,,SUPPORTS,"Claim: Vic Mensa who is signed to an American entertainment company founded by Jay Z in 2008 has date of birth was June 6, 1993.

Evidence: [[[null, null, ""Vic_Mensa"", 0], [null, null, ""Vic_Mensa"", 1], [null, null, ""Roc_Nation"", 1]]]",,,,,0.0,,,,0.0,,fever,500842,"Vic Mensa who is signed to an American entertainment company founded by Jay Z in 2008 has date of birth was June 6, 1993.","[[[null, null, ""Vic_Mensa"", 0], [null, null, ""Vic_Mensa"", 1], [null, null, ""Roc_Nation"", 1]]]",dev
843,,,,REFUTES,"Claim: Bob Ross certainly was not an artist.

Evidence: [[[269541, 265843, ""Bob_Ross"", 0]], [[272637, 268292, ""Bob_Ross"", 0]], [[273921, 269243, ""Bob_Ross"", 0]], [[322019, 310361, ""Bob_Ross"", 0]], [[322019, 310362, ""Bob_Ross"", 1], [322019, 310362, ""The_Joy_of_Painting"", 0]], [[322020, 310363, ""Bob_Ross"", 0]], [[322022, 310364, ""Bob_Ross"", 0]]]",,,,,0.0,,,,0.0,,fever,500843,Bob Ross certainly was not an artist.,"[[[269541, 265843, ""Bob_Ross"", 0]], [[272637, 268292, ""Bob_Ross"", 0]], [[273921, 269243, ""Bob_Ross"", 0]], [[322019, 310361, ""Bob_Ross"", 0]], [[322019, 310362, ""Bob_Ross"", 1], [322019, 310362, ""The_Joy_of_Painting"", 0]], [[322020, 310363, ""Bob_Ross"", 0]], [[322022, 310364, ""Bob_Ross"", 0]]]",dev
844,,,,REFUTES,"Claim: There does not exist a citizen of the United States that goes by the name of Jed Whedon.

Evidence: [[[41711, 50152, ""Jed_Whedon"", 0]]]",,,,,0.0,,,,0.0,,fever,500844,There does not exist a citizen of the United States that goes by the name of Jed Whedon.,"[[[41711, 50152, ""Jed_Whedon"", 0]]]",dev
845,,,,REFUTES,"Claim: Southampton F.C. came in second in the First Division between 1987 and 1991 -- 1984.

Evidence: [[[267307, 264032, ""Southampton_F.C."", 9]]]",,,,,0.0,,,,0.0,,fever,500845,Southampton F.C. came in second in the First Division between 1987 and 1991 -- 1984.,"[[[267307, 264032, ""Southampton_F.C."", 9]]]",dev
846,,,,REFUTES,"Claim: Mary McGee was the first woman to compete in the Baja 1000, 4 years after 1971.

Evidence: [[[267494, 264191, ""Baja_1000"", 14]]]",,,,,0.0,,,,0.0,,fever,500846,"Mary McGee was the first woman to compete in the Baja 1000, 4 years after 1971.","[[[267494, 264191, ""Baja_1000"", 14]]]",dev
847,,,,NOT ENOUGH INFO,"Claim: There is a 1998 TV series called Practical Magic.

Evidence: [[[265355, null, null, null]]]",,,,,0.0,,,,0.0,,fever,500847,There is a 1998 TV series called Practical Magic.,"[[[265355, null, null, null]]]",dev
848,,,,Not Enough Info,"Claim: The area of Segboroué is larger than the area of Salehieh.

Evidence: [[[182, 421, null, null]]]",,,,,0.0,,,,0.0,,fever,500848,The area of Segboroué is larger than the area of Salehieh.,"[[[182, 421, null, null]]]",dev
849,,,,REFUTES,"Claim: 1920 is the approximate time at which the person Ricardo Montalbán took their final breath.

Evidence: [[[51395, 61117, ""Ricardo_Montalba\u0301n"", 0]], [[51395, 61118, ""Ricardo_Montalba\u0301n"", 4]], [[51395, 61119, ""Ricardo_Montalba\u0301n"", 5]], [[51395, 61120, ""Ricardo_Montalba\u0301n"", 7]]]",,,,,0.0,,,,0.0,,fever,500849,1920 is the approximate time at which the person Ricardo Montalbán took their final breath.,"[[[51395, 61117, ""Ricardo_Montalba\u0301n"", 0]], [[51395, 61118, ""Ricardo_Montalba\u0301n"", 4]], [[51395, 61119, ""Ricardo_Montalba\u0301n"", 5]], [[51395, 61120, ""Ricardo_Montalba\u0301n"", 7]]]",dev
850,,,,REFUTES,"Claim: There is not a company focused on entertainment called Syco.

Evidence: [[[82200, 93982, ""Syco"", 0]]]",,,,,0.0,,,,0.0,,fever,500850,There is not a company focused on entertainment called Syco.,"[[[82200, 93982, ""Syco"", 0]]]",dev
851,,,,SUPPORTS,"Claim: Hoosier State is an Amtrak passenger train

Evidence: [[[49192, 58517, ""Hoosier_State_-LRB-train-RRB-"", 0]]]",,,,,0.0,,,,0.0,,fever,500851,Hoosier State is an Amtrak passenger train,"[[[49192, 58517, ""Hoosier_State_-LRB-train-RRB-"", 0]]]",dev
852,,,,NOT ENOUGH INFO,"Claim: There exists a set of seven cinematic works about zombies called Night of the Living Dead.

Evidence: [[[76533, null, null, null]]]",,,,,0.0,,,,0.0,,fever,500852,There exists a set of seven cinematic works about zombies called Night of the Living Dead.,"[[[76533, null, null, null]]]",dev
853,,,,SUPPORTS,"Claim: There exists a businessman and was on television that goes by the name of The American actor that plays Chumlee.

Evidence: [[[24180, 29906, ""Chumlee"", 0]]]",,,,,0.0,,,,0.0,,fever,500853,There exists a businessman and was on television that goes by the name of The American actor that plays Chumlee.,"[[[24180, 29906, ""Chumlee"", 0]]]",dev
854,,,,NOT ENOUGH INFO,"Claim: Coins of the Swiss franc can be used just outside of Switzerland

Evidence: [[[227505, 231866, ""Coins_of_the_Swiss_franc"", 0]]]",,,,,0.0,,,,0.0,,fever,500854,Coins of the Swiss franc can be used just outside of Switzerland,"[[[227505, 231866, ""Coins_of_the_Swiss_franc"", 0]]]",dev
855,,,,NOT ENOUGH INFO,"Claim: There exists a novel writer called Ann Biderman.

Evidence: [[[196219, null, null, null]]]",,,,,0.0,,,,0.0,,fever,500855,There exists a novel writer called Ann Biderman.,"[[[196219, null, null, null]]]",dev
856,,,,REFUTES,"Claim: Artpop was Gaga's second consecutive number-one record in the United States in the first-decade of the twenty-first century.

Evidence: [[[201862, 211218, ""Artpop"", 1]]]",,,,,0.0,,,,0.0,,fever,500856,Artpop was Gaga's second consecutive number-one record in the United States in the first-decade of the twenty-first century.,"[[[201862, 211218, ""Artpop"", 1]]]",dev
857,,,,REFUTES,"Claim: James, Viscount Severn has no relation to Edward Antony Richard Louis

Evidence: [[[null, null, ""James,_Viscount_Severn"", 0], [null, null, ""Prince_Edward,_Earl_of_Wessex"", 0]]]",,,,,0.0,,,,0.0,,fever,500857,"James, Viscount Severn has no relation to Edward Antony Richard Louis","[[[null, null, ""James,_Viscount_Severn"", 0], [null, null, ""Prince_Edward,_Earl_of_Wessex"", 0]]]",dev
858,,,,SUPPORTS,"Claim: The area of Tete Province is larger than the area of Xangongo.

Evidence: [[[100, 193, ""Tete_Province"", 1], [100, 194, ""Cunene_Province"", 1], [100, 195, ""Xangongo"", 0]]]",,,,,0.0,,,,0.0,,fever,500858,The area of Tete Province is larger than the area of Xangongo.,"[[[100, 193, ""Tete_Province"", 1], [100, 194, ""Cunene_Province"", 1], [100, 195, ""Xangongo"", 0]]]",dev
859,,,,SUPPORTS,"Claim: Simon Pegg is not a cat.

Evidence: [[[102110, 115365, ""Simon_Pegg"", 0]]]",,,,,0.0,,,,0.0,,fever,500859,Simon Pegg is not a cat.,"[[[102110, 115365, ""Simon_Pegg"", 0]]]",dev
860,,,,REFUTES,"Claim: There is not a type of storm that goes by the name of A thunderstorm.

Evidence: [[[237272, 239519, ""Thunderstorm"", 0]]]",,,,,0.0,,,,0.0,,fever,500860,There is not a type of storm that goes by the name of A thunderstorm.,"[[[237272, 239519, ""Thunderstorm"", 0]]]",dev
861,,,,NOT ENOUGH INFO,"Claim: One True Thing was directed by an American producer and singer.

Evidence: [[[null, null, ""Onepiece"", -1]]]",,,,,0.0,,,,0.0,,fever,500861,One True Thing was directed by an American producer and singer.,"[[[null, null, ""Onepiece"", -1]]]",dev
862,,,,SUPPORTS,"Claim: Kanha Tiger Reserve has a significant population of swamp deer.

Evidence: [[[5, 11, ""Kanha_Tiger_Reserve"", 9], [5, 12, ""Barasingha"", 0]]]",,,,,0.0,,,,0.0,,fever,500862,Kanha Tiger Reserve has a significant population of swamp deer.,"[[[5, 11, ""Kanha_Tiger_Reserve"", 9], [5, 12, ""Barasingha"", 0]]]",dev
863,,,,NOT ENOUGH INFO,"Claim: French Indochina was previously spelled as French Indo-China 5 years after 2000.

Evidence: [[[177961, null, ""French_Indochina"", -1]]]",,,,,0.0,,,,0.0,,fever,500863,French Indochina was previously spelled as French Indo-China 5 years after 2000.,"[[[177961, null, ""French_Indochina"", -1]]]",dev
864,,,,NOT ENOUGH INFO,"Claim: Colombiana is a French film shot in Paris.

Evidence: [[[null, null, ""Onepiece"", -1]]]",,,,,0.0,,,,0.0,,fever,500864,Colombiana is a French film shot in Paris.,"[[[null, null, ""Onepiece"", -1]]]",dev
865,,,,REFUTES,"Claim: Sherilyn_Fenn came to attention for her performance as Audrey Horne created by Christopher Nolan

Evidence: [[[null, null, ""Sherilyn_Fenn"", 1], [null, null, ""Audrey_Horne"", 1]]]",,,,,0.0,,,,0.0,,fever,500865,Sherilyn_Fenn came to attention for her performance as Audrey Horne created by Christopher Nolan,"[[[null, null, ""Sherilyn_Fenn"", 1], [null, null, ""Audrey_Horne"", 1]]]",dev
866,,,,REFUTES,"Claim: Māya Love was Harrison's most successful release in ancient Indian literature, as it achieved extraordinary popularity as a song and as the subject of a book, The Art of the Wisdom of the World.

Evidence: [[[null, null, ""M\u0101ya_Love"", ""0""]]]",,,,,0.0,,,,0.0,,fever,500866,"Māya Love was Harrison's most successful release in ancient Indian literature, as it achieved extraordinary popularity as a song and as the subject of a book, The Art of the Wisdom of the World.","[[[null, null, ""M\u0101ya_Love"", ""0""]]]",dev
867,,,,REFUTES,"Claim: There is not a Charles Dicken's novel that goes by the name of Little Dorrit.

Evidence: [[[171785, 185264, ""Little_Dorrit"", 0]]]",,,,,0.0,,,,0.0,,fever,500867,There is not a Charles Dicken's novel that goes by the name of Little Dorrit.,"[[[171785, 185264, ""Little_Dorrit"", 0]]]",dev
868,,,,SUPPORTS,"Claim: Neither light nor particles can escape from a black hole.

Evidence: [[[null, null, ""Black_hole"", ""0""]]]",,,,,0.0,,,,0.0,,fever,500868,Neither light nor particles can escape from a black hole.,"[[[null, null, ""Black_hole"", ""0""]]]",dev
869,,,,SUPPORTS,"Claim: Calendula genus members are in the same family that plants which generic name came from the word meaning ""hedgehog"".

Evidence: [[[null, null, ""Calendula"", ""0""], [null, null, ""Echinacea"", ""4""], [null, null, ""Asteraceae"", ""19""]]]",,,,,0.0,,,,0.0,,fever,500869,"Calendula genus members are in the same family that plants which generic name came from the word meaning ""hedgehog"".","[[[null, null, ""Calendula"", ""0""], [null, null, ""Echinacea"", ""4""], [null, null, ""Asteraceae"", ""19""]]]",dev
870,,,,SUPPORTS,"Claim: December is some other time than when The American actor that plays Chumlee was born.

Evidence: [[[78404, 89937, ""Chumlee"", 0]]]",,,,,0.0,,,,0.0,,fever,500870,December is some other time than when The American actor that plays Chumlee was born.,"[[[78404, 89937, ""Chumlee"", 0]]]",dev
871,,,,REFUTES,"Claim: The Office (US) was filmed in front of living viewers

Evidence: [[[243504, 244715, ""The_Office_-LRB-U.S._TV_series-RRB-"", 8]], [[243505, 244716, ""The_Office_-LRB-U.S._TV_series-RRB-"", 8]], [[243506, 244717, ""The_Office_-LRB-U.S._TV_series-RRB-"", 8]]]",,,,,0.0,,,,0.0,,fever,500871,The Office (US) was filmed in front of living viewers,"[[[243504, 244715, ""The_Office_-LRB-U.S._TV_series-RRB-"", 8]], [[243505, 244716, ""The_Office_-LRB-U.S._TV_series-RRB-"", 8]], [[243506, 244717, ""The_Office_-LRB-U.S._TV_series-RRB-"", 8]]]",dev
872,,,,REFUTES,"Claim: 2009 FIFA Confederations Cup Group B-Brazil, Peru, Chile, and Paraguay administered by the Brazilian Football Federation (Federação Brasileira de Futebol).

Evidence: [[[null, null, ""2009_FIFA_Confederations_Cup_Group_B"", ""1""]]]",,,,,0.0,,,,0.0,,fever,500872,"2009 FIFA Confederations Cup Group B-Brazil, Peru, Chile, and Paraguay administered by the Brazilian Football Federation (Federação Brasileira de Futebol).","[[[null, null, ""2009_FIFA_Confederations_Cup_Group_B"", ""1""]]]",dev
873,,,,NOT ENOUGH INFO,"Claim: There exists an EP that goes by the name of See.SZA.Run.

Evidence: [[[251084, null, null, null]]]",,,,,0.0,,,,0.0,,fever,500873,There exists an EP that goes by the name of See.SZA.Run.,"[[[251084, null, null, null]]]",dev
874,,,,REFUTES,"Claim: Taarak Mehta was an Indian columnist, humorist, writer and playwright who is best known for the column Duniya Ne Undha Chasma based on which the show Taarak Mehta Ka Ooltah Chashmah aired.

Evidence: [[[null, null, ""Taarak_Mehta_Ka_Ooltah_Chashmah"", 6], [null, null, ""Taarak_Mehta"", 0]]]",,,,,0.0,,,,0.0,,fever,500874,"Taarak Mehta was an Indian columnist, humorist, writer and playwright who is best known for the column Duniya Ne Undha Chasma based on which the show Taarak Mehta Ka Ooltah Chashmah aired.","[[[null, null, ""Taarak_Mehta_Ka_Ooltah_Chashmah"", 6], [null, null, ""Taarak_Mehta"", 0]]]",dev
875,,,,SUPPORTS,"Claim: The area of Province of Huelva is larger than the area of Anandapur.

Evidence: [[[99, 190, ""Province_of_Huelva"", 5], [99, 191, ""Kendujhar_district"", 4], [99, 192, ""Anandapur"", 0]]]",,,,,0.0,,,,0.0,,fever,500875,The area of Province of Huelva is larger than the area of Anandapur.,"[[[99, 190, ""Province_of_Huelva"", 5], [99, 191, ""Kendujhar_district"", 4], [99, 192, ""Anandapur"", 0]]]",dev
876,,,,SUPPORTS,"Claim: There exists no movie called SpongeBob SquarePants.

Evidence: [[[170028, 183618, ""SpongeBob_SquarePants"", 0]], [[170028, 183619, ""SpongeBob_SquarePants"", 2]], [[170028, 183620, ""SpongeBob_SquarePants"", 12]], [[170028, 183621, ""SpongeBob_SquarePants"", 14]], [[170028, 183622, ""SpongeBob_SquarePants"", 16]], [[170028, 183623, ""SpongeBob_SquarePants"", 17]], [[170028, 183624, ""SpongeBob_SquarePants"", 21]]]",,,,,0.0,,,,0.0,,fever,500876,There exists no movie called SpongeBob SquarePants.,"[[[170028, 183618, ""SpongeBob_SquarePants"", 0]], [[170028, 183619, ""SpongeBob_SquarePants"", 2]], [[170028, 183620, ""SpongeBob_SquarePants"", 12]], [[170028, 183621, ""SpongeBob_SquarePants"", 14]], [[170028, 183622, ""SpongeBob_SquarePants"", 16]], [[170028, 183623, ""SpongeBob_SquarePants"", 17]], [[170028, 183624, ""SpongeBob_SquarePants"", 21]]]",dev
877,,,,NOT ENOUGH INFO,"Claim: Rob Sheridan is an American  wildlife photographer.

Evidence: [[[null, null, ""Onepiece"", -1]]]",,,,,0.0,,,,0.0,,fever,500877,Rob Sheridan is an American  wildlife photographer.,"[[[null, null, ""Onepiece"", -1]]]",dev
878,,,,NOT ENOUGH INFO,"Claim: There exists a corrupt cult, it goes by the name of The Icelandic Coast Guard.

Evidence: [[[134088, null, null, null]]]",,,,,0.0,,,,0.0,,fever,500878,"There exists a corrupt cult, it goes by the name of The Icelandic Coast Guard.","[[[134088, null, null, null]]]",dev
879,,,,NOT ENOUGH INFO,"Claim: Cambodia national football team won the football championship of the world and in the world championships.

Evidence: [[[null, null, null, null]]]",,,,,0.0,,,,0.0,,fever,500879,Cambodia national football team won the football championship of the world and in the world championships.,"[[[null, null, null, null]]]",dev
880,,,,REFUTES,"Claim: A View to a Kill is the third James Bond film directed by John Glen and released in the 2000s.

Evidence: [[[148970, 164011, ""A_View_to_a_Kill"", 6], [148970, 164011, ""A_View_to_a_Kill"", 0]]]",,,,,0.0,,,,0.0,,fever,500880,A View to a Kill is the third James Bond film directed by John Glen and released in the 2000s.,"[[[148970, 164011, ""A_View_to_a_Kill"", 6], [148970, 164011, ""A_View_to_a_Kill"", 0]]]",dev
881,,,,SUPPORTS,"Claim: There existed a person called Elizabeth of York.

Evidence: [[[33521, 40684, ""Elizabeth_of_York"", 0]]]",,,,,0.0,,,,0.0,,fever,500881,There existed a person called Elizabeth of York.,"[[[33521, 40684, ""Elizabeth_of_York"", 0]]]",dev
882,,,,SUPPORTS,"Claim: 1790 is not the approximate time at which the person Benjamin Franklin started living.

Evidence: [[[180184, 192711, ""Benjamin_Franklin"", 0], [180184, 192711, ""Founding_Fathers_of_the_United_States"", 6]], [[180184, 192712, ""Benjamin_Franklin"", 3], [180184, 192712, ""Franklin_stove"", 0]], [[180184, 192713, ""Benjamin_Franklin"", 8], [180184, 192713, ""United_States_Ambassador_to_France"", 2]], [[180184, 192714, ""Benjamin_Franklin"", 14], [180184, 192714, ""Pennsylvania_Gazette"", 0]], [[180184, 192715, ""Benjamin_Franklin"", 16]], [[180184, 192716, ""Benjamin_Franklin"", 19]], [[180184, 192717, ""Benjamin_Franklin"", 20]], [[180184, 192718, ""Benjamin_Franklin"", 26]], [[180184, 192719, ""Benjamin_Franklin"", 27], [180184, 192719, ""United_States_Postmaster_General"", 2]], [[180184, 192720, ""Benjamin_Franklin"", 29]], [[180184, 192721, ""Benjamin_Franklin"", 30]]]",,,,,0.0,,,,0.0,,fever,500882,1790 is not the approximate time at which the person Benjamin Franklin started living.,"[[[180184, 192711, ""Benjamin_Franklin"", 0], [180184, 192711, ""Founding_Fathers_of_the_United_States"", 6]], [[180184, 192712, ""Benjamin_Franklin"", 3], [180184, 192712, ""Franklin_stove"", 0]], [[180184, 192713, ""Benjamin_Franklin"", 8], [180184, 192713, ""United_States_Ambassador_to_France"", 2]], [[180184, 192714, ""Benjamin_Franklin"", 14], [180184, 192714, ""Pennsylvania_Gazette"", 0]], [[180184, 192715, ""Benjamin_Franklin"", 16]], [[180184, 192716, ""Benjamin_Franklin"", 19]], [[180184, 192717, ""Benjamin_Franklin"", 20]], [[180184, 192718, ""Benjamin_Franklin"", 26]], [[180184, 192719, ""Benjamin_Franklin"", 27], [180184, 192719, ""United_States_Postmaster_General"", 2]], [[180184, 192720, ""Benjamin_Franklin"", 29]], [[180184, 192721, ""Benjamin_Franklin"", 30]]]",dev
883,,,,SUPPORTS,"Claim: The human brain contains a part called hypothalamus which is responsible for superhero like abilities

Evidence: [[[null, null, ""Starrcade"", -1]]]",,,,,0.0,,,,0.0,,fever,500883,The human brain contains a part called hypothalamus which is responsible for superhero like abilities,"[[[null, null, ""Starrcade"", -1]]]",dev
884,,,,SUPPORTS,"Claim: Heaven Can Wait was shot after Here Comes Mr Jordan

Evidence: [[[88959, 101592, ""Heaven_Can_Wait_-LRB-1978_film-RRB-"", 1]]]",,,,,0.0,,,,0.0,,fever,500884,Heaven Can Wait was shot after Here Comes Mr Jordan,"[[[88959, 101592, ""Heaven_Can_Wait_-LRB-1978_film-RRB-"", 1]]]",dev
885,,,,REFUTES,"Claim: Camp Flog Gnaw was created before 2010 by Tyler, The Creator and Odd Future.

Evidence: [[[118727, 132567, ""Camp_Flog_Gnaw"", 0], [118727, 132567, ""Camp_Flog_Gnaw"", 2]]]",,,,,0.0,,,,0.0,,fever,500885,"Camp Flog Gnaw was created before 2010 by Tyler, The Creator and Odd Future.","[[[118727, 132567, ""Camp_Flog_Gnaw"", 0], [118727, 132567, ""Camp_Flog_Gnaw"", 2]]]",dev
886,,,,REFUTES,"Claim: There is a 2012 film, it is called Brick Mansions.

Evidence: [[[205754, 214239, ""Brick_Mansions"", 0]]]",,,,,0.0,,,,0.0,,fever,500886,"There is a 2012 film, it is called Brick Mansions.","[[[205754, 214239, ""Brick_Mansions"", 0]]]",dev
887,,,,SUPPORTS,"Claim: The area of Province of Salamanca is larger than the area of Joda.

Evidence: [[[113, 232, ""Province_of_Salamanca"", 2], [113, 233, ""Kendujhar_district"", 4], [113, 234, ""Joda"", 0]]]",,,,,0.0,,,,0.0,,fever,500887,The area of Province of Salamanca is larger than the area of Joda.,"[[[113, 232, ""Province_of_Salamanca"", 2], [113, 233, ""Kendujhar_district"", 4], [113, 234, ""Joda"", 0]]]",dev
888,,,,SUPPORTS,"Claim: Macklemore's song ""Thrift Shop"" was number one in America in the 2010s.

Evidence: [[[61851, 72332, ""Macklemore"", 6]]]",,,,,0.0,,,,0.0,,fever,500888,"Macklemore's song ""Thrift Shop"" was number one in America in the 2010s.","[[[61851, 72332, ""Macklemore"", 6]]]",dev
889,,,,SUPPORTS,"Claim: There does not exist a 3D animated television show called The Little Prince (2015 film).

Evidence: [[[242312, 243713, ""The_Little_Prince_-LRB-2015_film-RRB-"", 0]]]",,,,,0.0,,,,0.0,,fever,500889,There does not exist a 3D animated television show called The Little Prince (2015 film).,"[[[242312, 243713, ""The_Little_Prince_-LRB-2015_film-RRB-"", 0]]]",dev
890,,,,NOT ENOUGH INFO,"Claim: There is an Episcopalian called James Brolin.

Evidence: [[[64059, null, null, null]]]",,,,,0.0,,,,0.0,,fever,500890,There is an Episcopalian called James Brolin.,"[[[64059, null, null, null]]]",dev
891,,,,NOT ENOUGH INFO,"Claim: The first inauguration of Bill Clinton made him the 50th chief minister of a country which is a super power.

Evidence: [[[null, null, ""Starrcade"", -1]]]",,,,,0.0,,,,0.0,,fever,500891,The first inauguration of Bill Clinton made him the 50th chief minister of a country which is a super power.,"[[[null, null, ""Starrcade"", -1]]]",dev
892,,,,NOT ENOUGH INFO,"Claim: There exists an American romantic comedy film from 1958, it goes by the name of Practical Magic.

Evidence: [[[265369, null, null, null]]]",,,,,0.0,,,,0.0,,fever,500892,"There exists an American romantic comedy film from 1958, it goes by the name of Practical Magic.","[[[265369, null, null, null]]]",dev
893,,,,NOT ENOUGH INFO,"Claim: There exists a form of armed combat called Brazilian jiu-jitsu.

Evidence: [[[117798, null, null, null]]]",,,,,0.0,,,,0.0,,fever,500893,There exists a form of armed combat called Brazilian jiu-jitsu.,"[[[117798, null, null, null]]]",dev
894,,,,REFUTES,"Claim: A View to a Kill is the third James Bond film directed by John Glen and released 4 years before 2006.

Evidence: [[[148970, 164011, ""A_View_to_a_Kill"", 6], [148970, 164011, ""A_View_to_a_Kill"", 0]]]",,,,,0.0,,,,0.0,,fever,500894,A View to a Kill is the third James Bond film directed by John Glen and released 4 years before 2006.,"[[[148970, 164011, ""A_View_to_a_Kill"", 6], [148970, 164011, ""A_View_to_a_Kill"", 0]]]",dev
895,,,,Not Enough Info,"Claim: The wonhwa, a class of cadets in 6th-century Silla, actually rarely fought in battles.

Evidence: [[[64, 103, null, null]]]",,,,,0.0,,,,0.0,,fever,500895,"The wonhwa, a class of cadets in 6th-century Silla, actually rarely fought in battles.","[[[64, 103, null, null]]]",dev
896,,,,NOT ENOUGH INFO,"Claim: Sector 16 Stadium was also the venue where India's first Cricket World Cup match was played in the format of a double-header format.

Evidence: [[[null, null, null, null]]]",,,,,0.0,,,,0.0,,fever,500896,Sector 16 Stadium was also the venue where India's first Cricket World Cup match was played in the format of a double-header format.,"[[[null, null, null, null]]]",dev
897,,,,REFUTES,"Claim: Hollow Man has a direct-to-video sequel called Hollow Man 2 and has a prequel called Iron Man released in 2006.

Evidence: [[[33228, 40308, ""Hollow_Man"", 15]]]",,,,,0.0,,,,0.0,,fever,500897,Hollow Man has a direct-to-video sequel called Hollow Man 2 and has a prequel called Iron Man released in 2006.,"[[[33228, 40308, ""Hollow_Man"", 15]]]",dev
898,,,,NOT ENOUGH INFO,"Claim: John Deighton was forced to pursue work and worked a parcel of land that had gold.

Evidence: [[[null, null, null, null]]]",,,,,0.0,,,,0.0,,fever,500898,John Deighton was forced to pursue work and worked a parcel of land that had gold.,"[[[null, null, null, null]]]",dev
899,,,,SUPPORTS,"Claim: Viola Davis has played supporting and insignificant roles in films and television series

Evidence: [[[28317, 34633, ""Viola_Davis"", 6]]]",,,,,0.0,,,,0.0,,fever,500899,Viola Davis has played supporting and insignificant roles in films and television series,"[[[28317, 34633, ""Viola_Davis"", 6]]]",dev
900,,,,REFUTES,"Claim: The Winds of Winter is an epic fantasy novel and is the eighth book in a series.

Evidence: [[[112325, 126175, ""The_Winds_of_Winter"", 0]]]",,,,,0.0,,,,0.0,,fever,500900,The Winds of Winter is an epic fantasy novel and is the eighth book in a series.,"[[[112325, 126175, ""The_Winds_of_Winter"", 0]]]",dev
901,,,,SUPPORTS,"Claim: Spider-Man 2 is not directed by Steven Spielberg.

Evidence: [[[46865, 55895, ""Spider-Man_2"", 0]]]",,,,,0.0,,,,0.0,,fever,500901,Spider-Man 2 is not directed by Steven Spielberg.,"[[[46865, 55895, ""Spider-Man_2"", 0]]]",dev
902,,,,NOT ENOUGH INFO,"Claim: Ed and Lorraine Warren were married in Tuscany.

Evidence: [[[null, null, ""Onepiece"", -1]]]",,,,,0.0,,,,0.0,,fever,500902,Ed and Lorraine Warren were married in Tuscany.,"[[[null, null, ""Onepiece"", -1]]]",dev
903,,,,REFUTES,"Claim: The writer of a 1995 American neo-noir crime thriller film directed by David Fincher is only Chinese.

Evidence: [[[null, null, ""Andrew_Kevin_Walker"", 0], [null, null, ""Seven_-LRB-1995_film-RRB-"", 0], [null, null, ""Andrew_Kevin_Walker"", 1]], [[null, null, ""Andrew_Kevin_Walker"", 0], [null, null, ""Seven_-LRB-1995_film-RRB-"", 0], [null, null, ""Seven_-LRB-1995_film-RRB-"", 1]]]",,,,,0.0,,,,0.0,,fever,500903,The writer of a 1995 American neo-noir crime thriller film directed by David Fincher is only Chinese.,"[[[null, null, ""Andrew_Kevin_Walker"", 0], [null, null, ""Seven_-LRB-1995_film-RRB-"", 0], [null, null, ""Andrew_Kevin_Walker"", 1]], [[null, null, ""Andrew_Kevin_Walker"", 0], [null, null, ""Seven_-LRB-1995_film-RRB-"", 0], [null, null, ""Seven_-LRB-1995_film-RRB-"", 1]]]",dev
904,,,,REFUTES,"Claim: Live Nation Entertainment formed from the merger of Live Nation and Ticketmaster 4 years before 2003.

Evidence: [[[225318, 229995, ""Live_Nation_Entertainment"", 0], [225318, 229995, ""Live_Nation_Entertainment"", 8], [225318, 229995, ""Live_Nation_Entertainment"", 9], [225318, 229995, ""Live_Nation_Entertainment"", 10], [225318, 229995, ""Live_Nation_Entertainment"", 11]]]",,,,,0.0,,,,0.0,,fever,500904,Live Nation Entertainment formed from the merger of Live Nation and Ticketmaster 4 years before 2003.,"[[[225318, 229995, ""Live_Nation_Entertainment"", 0], [225318, 229995, ""Live_Nation_Entertainment"", 8], [225318, 229995, ""Live_Nation_Entertainment"", 9], [225318, 229995, ""Live_Nation_Entertainment"", 10], [225318, 229995, ""Live_Nation_Entertainment"", 11]]]",dev
905,,,,NOT ENOUGH INFO,"Claim: There was an American singer, most famous for his album 'Graduation', it was called Sonny Bono.

Evidence: [[[84723, null, null, null], [84724, null, null, null]]]",,,,,0.0,,,,0.0,,fever,500905,"There was an American singer, most famous for his album 'Graduation', it was called Sonny Bono.","[[[84723, null, null, null], [84724, null, null, null]]]",dev
906,,,,SUPPORTS,"Claim: There existed a service that operated under the military that went by the name of The KGB.

Evidence: [[[180574, 193004, ""KGB"", 7]]]",,,,,0.0,,,,0.0,,fever,500906,There existed a service that operated under the military that went by the name of The KGB.,"[[[180574, 193004, ""KGB"", 7]]]",dev
907,,,,REFUTES,"Claim: Laura Ingalls Wilder's book The Ninth Four Years was published in 1972.

Evidence: [[[38, 77, ""The_First_Four_Years_-LRB-novel-RRB-"", 0]]]",,,,,0.0,,,,0.0,,fever,500907,Laura Ingalls Wilder's book The Ninth Four Years was published in 1972.,"[[[38, 77, ""The_First_Four_Years_-LRB-novel-RRB-"", 0]]]",dev
908,,,,NOT ENOUGH INFO,"Claim: There exists a location where lumber is assembled before use called A staging area.

Evidence: [[[225560, null, null, null]]]",,,,,0.0,,,,0.0,,fever,500908,There exists a location where lumber is assembled before use called A staging area.,"[[[225560, null, null, null]]]",dev
909,,,,REFUTES,"Claim: There is a novel, it is called The Big Country.

Evidence: [[[69599, 80419, ""The_Big_Country"", 0]], [[69599, 80420, ""The_Big_Country"", 1]], [[69599, 80421, ""The_Big_Country"", 5]]]",,,,,0.0,,,,0.0,,fever,500909,"There is a novel, it is called The Big Country.","[[[69599, 80419, ""The_Big_Country"", 0]], [[69599, 80420, ""The_Big_Country"", 1]], [[69599, 80421, ""The_Big_Country"", 5]]]",dev
910,,,,SUPPORTS,"Claim: The area of Aurangabad district, Maharashtra is larger than the area of Ranala.

Evidence: [[[103, 202, ""Aurangabad_district,_Maharashtra"", 3], [103, 203, ""Nandurbar_district"", 3], [103, 204, ""Ranala"", 0]]]",,,,,0.0,,,,0.0,,fever,500910,"The area of Aurangabad district, Maharashtra is larger than the area of Ranala.","[[[103, 202, ""Aurangabad_district,_Maharashtra"", 3], [103, 203, ""Nandurbar_district"", 3], [103, 204, ""Ranala"", 0]]]",dev
911,,,,REFUTES,"Claim: Microbiologist research challenges information found in immunology and research typically will promote information that can studied in molecular biology.

Evidence: [[[99184, 112318, ""Microbiologist"", 14]]]",,,,,0.0,,,,0.0,,fever,500911,Microbiologist research challenges information found in immunology and research typically will promote information that can studied in molecular biology.,"[[[99184, 112318, ""Microbiologist"", 14]]]",dev
912,,,,REFUTES,"Claim: Nymphomaniac is written and directed by an American

Evidence: [[[null, null, ""Nymphomaniac_-LRB-film-RRB-"", 0], [null, null, ""Lars_von_Trier"", 0]]]",,,,,0.0,,,,0.0,,fever,500912,Nymphomaniac is written and directed by an American,"[[[null, null, ""Nymphomaniac_-LRB-film-RRB-"", 0], [null, null, ""Lars_von_Trier"", 0]]]",dev
913,,,,REFUTES,"Claim: There existed a republic of the Soviet Union in 2012 called The Latvian Soviet Socialist Republic.

Evidence: [[[241233, 242778, ""Latvian_Soviet_Socialist_Republic"", 11], [241233, 242778, ""Dissolution_of_the_Soviet_Union"", 0]], [[241233, 242779, ""Latvian_Soviet_Socialist_Republic"", 12]]]",,,,,0.0,,,,0.0,,fever,500913,There existed a republic of the Soviet Union in 2012 called The Latvian Soviet Socialist Republic.,"[[[241233, 242778, ""Latvian_Soviet_Socialist_Republic"", 11], [241233, 242778, ""Dissolution_of_the_Soviet_Union"", 0]], [[241233, 242779, ""Latvian_Soviet_Socialist_Republic"", 12]]]",dev
914,,,,REFUTES,"Claim: There is a bar called The Catcher in the Rye.

Evidence: [[[32746, 39810, ""The_Catcher_in_the_Rye"", 0]], [[32746, 39811, ""The_Catcher_in_the_Rye"", 5]], [[32746, 39812, ""The_Catcher_in_the_Rye"", 6]], [[32746, 39813, ""The_Catcher_in_the_Rye"", 9]], [[32746, 39814, ""The_Catcher_in_the_Rye"", 10], [32746, 39814, ""The_Big_Read"", 0]]]",,,,,0.0,,,,0.0,,fever,500914,There is a bar called The Catcher in the Rye.,"[[[32746, 39810, ""The_Catcher_in_the_Rye"", 0]], [[32746, 39811, ""The_Catcher_in_the_Rye"", 5]], [[32746, 39812, ""The_Catcher_in_the_Rye"", 6]], [[32746, 39813, ""The_Catcher_in_the_Rye"", 9]], [[32746, 39814, ""The_Catcher_in_the_Rye"", 10], [32746, 39814, ""The_Big_Read"", 0]]]",dev
915,,,,REFUTES,"Claim: Sejong the Great is still alive

Evidence: [[[270491, 266523, ""Sejong_the_Great"", 0]]]",,,,,0.0,,,,0.0,,fever,500915,Sejong the Great is still alive,"[[[270491, 266523, ""Sejong_the_Great"", 0]]]",dev
916,,,,SUPPORTS,"Claim: The 7th round of the 2011 Superbike World Championship took place during the 24th season of the Superbike World Championship.

Evidence: [[[0, 0, ""2011_Aragon_Superbike_World_Championship_round"", 0], [0, 0, ""2011_Aragon_Superbike_World_Championship_round"", 1], [0, 0, ""2011_Superbike_World_Championship"", 0]]]",,,,,0.0,,,,0.0,,fever,500916,The 7th round of the 2011 Superbike World Championship took place during the 24th season of the Superbike World Championship.,"[[[0, 0, ""2011_Aragon_Superbike_World_Championship_round"", 0], [0, 0, ""2011_Aragon_Superbike_World_Championship_round"", 1], [0, 0, ""2011_Superbike_World_Championship"", 0]]]",dev
917,,,,NOT ENOUGH INFO,"Claim: Louis Malle worked in the French film industry as director , screenwriter , producer ,cinematographer.

Evidence: [[[null, null, ""Onepiece"", -1]]]",,,,,0.0,,,,0.0,,fever,500917,"Louis Malle worked in the French film industry as director , screenwriter , producer ,cinematographer.","[[[null, null, ""Onepiece"", -1]]]",dev
918,,,,NOT ENOUGH INFO,"Claim: Johan Cruyff is widely regarded as the greatest player of second half of the past century.

Evidence: [[[177961, null, ""Johan_Cruyff"", -1]]]",,,,,0.0,,,,0.0,,fever,500918,Johan Cruyff is widely regarded as the greatest player of second half of the past century.,"[[[177961, null, ""Johan_Cruyff"", -1]]]",dev
919,,,,REFUTES,"Claim: The area of Nerva, Spain is larger than the area of Manica Province.

Evidence: [[[135, 298, ""Manica_Province"", 1], [135, 299, ""Province_of_Huelva"", 5], [135, 300, ""Nerva,_Spain"", 0]]]",,,,,0.0,,,,0.0,,fever,500919,"The area of Nerva, Spain is larger than the area of Manica Province.","[[[135, 298, ""Manica_Province"", 1], [135, 299, ""Province_of_Huelva"", 5], [135, 300, ""Nerva,_Spain"", 0]]]",dev
920,,,,NOT ENOUGH INFO,"Claim: There exists a nickname given to a group of young actors who appeared together in newspapers, it goes by the name of The Brat Pack.

Evidence: [[[196115, null, null, null]]]",,,,,0.0,,,,0.0,,fever,500920,"There exists a nickname given to a group of young actors who appeared together in newspapers, it goes by the name of The Brat Pack.","[[[196115, null, null, null]]]",dev
921,,,,REFUTES,"Claim: Mikhail Prokhorov is not the past chairman of a gold producer

Evidence: [[[171944, 185383, ""Mikhail_Prokhorov"", 3]]]",,,,,0.0,,,,0.0,,fever,500921,Mikhail Prokhorov is not the past chairman of a gold producer,"[[[171944, 185383, ""Mikhail_Prokhorov"", 3]]]",dev
922,,,,REFUTES,"Claim: There exists a sedative called Levoamphetamine.

Evidence: [[[184513, 196397, ""Levoamphetamine"", 0]]]",,,,,0.0,,,,0.0,,fever,500922,There exists a sedative called Levoamphetamine.,"[[[184513, 196397, ""Levoamphetamine"", 0]]]",dev
923,,,,SUPPORTS,"Claim: Jean-Jacques Dessalines was the first ruler of independent Hati before 1810.

Evidence: [[[193509, 204002, ""Jean-Jacques_Dessalines"", 0]]]",,,,,0.0,,,,0.0,,fever,500923,Jean-Jacques Dessalines was the first ruler of independent Hati before 1810.,"[[[193509, 204002, ""Jean-Jacques_Dessalines"", 0]]]",dev
924,,,,NOT ENOUGH INFO,"Claim: Andrew Moray led an uprising against profession in 1297

Evidence: [[[32030, 38888, ""Andrew_Moray"", 1]]]",,,,,0.0,,,,0.0,,fever,500924,Andrew Moray led an uprising against profession in 1297,"[[[32030, 38888, ""Andrew_Moray"", 1]]]",dev
925,,,,NOT ENOUGH INFO,"Claim: There exists an embodiment of cultism called Sacre-Coeur, Paris.

Evidence: [[[224811, null, null, null]]]",,,,,0.0,,,,0.0,,fever,500925,"There exists an embodiment of cultism called Sacre-Coeur, Paris.","[[[224811, null, null, null]]]",dev
926,,,,Not Enough Info,"Claim: The cause of death of Joop van Oosterom was kept secret because it is related to illegal activity.

Evidence: [[[71, 110, null, null]]]",,,,,0.0,,,,0.0,,fever,500926,The cause of death of Joop van Oosterom was kept secret because it is related to illegal activity.,"[[[71, 110, null, null]]]",dev
927,,,,SUPPORTS,"Claim: Henry III of France was succeeded by the first French emperor of the House of Bourbon

Evidence: [[[213534, 220757, ""Henry_III_of_France"", 23]]]",,,,,0.0,,,,0.0,,fever,500927,Henry III of France was succeeded by the first French emperor of the House of Bourbon,"[[[213534, 220757, ""Henry_III_of_France"", 23]]]",dev
928,,,,NOT ENOUGH INFO,"Claim: There is an athletic competition, it is called NXT Tag Team Championship.

Evidence: [[[20607, null, null, null]]]",,,,,0.0,,,,0.0,,fever,500928,"There is an athletic competition, it is called NXT Tag Team Championship.","[[[20607, null, null, null]]]",dev
929,,,,REFUTES,"Claim: There does not exist a politician that goes by the name of William Cohen.

Evidence: [[[220626, 226449, ""William_Cohen"", 0]]]",,,,,0.0,,,,0.0,,fever,500929,There does not exist a politician that goes by the name of William Cohen.,"[[[220626, 226449, ""William_Cohen"", 0]]]",dev
930,,,,REFUTES,"Claim: Stephen Fellows is an English rock band, has composed music for several singers and has produced music employing the band's own vocalist.

Evidence: [[[null, null, ""Stephen_Fellows"", ""0""]]]",,,,,0.0,,,,0.0,,fever,500930,"Stephen Fellows is an English rock band, has composed music for several singers and has produced music employing the band's own vocalist.","[[[null, null, ""Stephen_Fellows"", ""0""]]]",dev
931,,,,SUPPORTS,"Claim: The horse was spoken of as a Eohippus when it had multiple fingers

Evidence: [[[148575, 163593, ""Horse"", 2]]]",,,,,0.0,,,,0.0,,fever,500931,The horse was spoken of as a Eohippus when it had multiple fingers,"[[[148575, 163593, ""Horse"", 2]]]",dev
932,,,,NOT ENOUGH INFO,"Claim: There exists a liberal art called Brazilian jiu-jitsu.

Evidence: [[[145215, null, null, null]]]",,,,,0.0,,,,0.0,,fever,500932,There exists a liberal art called Brazilian jiu-jitsu.,"[[[145215, null, null, null]]]",dev
933,,,,REFUTES,"Claim: There was not a spokesman that went by the name of Benjamin Franklin.

Evidence: [[[30105, 36669, ""Benjamin_Franklin"", 1]]]",,,,,0.0,,,,0.0,,fever,500933,There was not a spokesman that went by the name of Benjamin Franklin.,"[[[30105, 36669, ""Benjamin_Franklin"", 1]]]",dev
934,,,,REFUTES,"Claim: Warren Beatty had no collaboration with a two time academic winner.

Evidence: [[[null, null, ""Buck_Henry"", 2], [null, null, ""Heaven_Can_Wait_-LRB-1978_film-RRB-"", 0]]]",,,,,0.0,,,,0.0,,fever,500934,Warren Beatty had no collaboration with a two time academic winner.,"[[[null, null, ""Buck_Henry"", 2], [null, null, ""Heaven_Can_Wait_-LRB-1978_film-RRB-"", 0]]]",dev
935,,,,SUPPORTS,"Claim: Simi Valley, California, reported a median household income of $87,894 5 years after 2007.

Evidence: [[[215905, 222659, ""Simi_Valley,_California"", 13], [215905, 222659, ""Simi_Valley,_California"", 0]]]",,,,,0.0,,,,0.0,,fever,500935,"Simi Valley, California, reported a median household income of $87,894 5 years after 2007.","[[[215905, 222659, ""Simi_Valley,_California"", 13], [215905, 222659, ""Simi_Valley,_California"", 0]]]",dev
936,,,,SUPPORTS,"Claim: The area of Manica Province is larger than the area of Nerva, Spain.

Evidence: [[[90, 163, ""Manica_Province"", 1], [90, 164, ""Province_of_Huelva"", 5], [90, 165, ""Nerva,_Spain"", 0]]]",,,,,0.0,,,,0.0,,fever,500936,"The area of Manica Province is larger than the area of Nerva, Spain.","[[[90, 163, ""Manica_Province"", 1], [90, 164, ""Province_of_Huelva"", 5], [90, 165, ""Nerva,_Spain"", 0]]]",dev
937,,,,REFUTES,"Claim: Prague's historic center was first included in the UNESCO list of World Heritage Sites after 1999.

Evidence: [[[91552, 104297, ""Prague"", 16]]]",,,,,0.0,,,,0.0,,fever,500937,Prague's historic center was first included in the UNESCO list of World Heritage Sites after 1999.,"[[[91552, 104297, ""Prague"", 16]]]",dev
938,,,,SUPPORTS,"Claim: The area of Lunda Norte Province is larger than the area of Chegutu.

Evidence: [[[97, 184, ""Lunda_Norte_Province"", 1], [97, 185, ""Mashonaland_West_Province"", 1], [97, 186, ""Chegutu"", 0]]]",,,,,0.0,,,,0.0,,fever,500938,The area of Lunda Norte Province is larger than the area of Chegutu.,"[[[97, 184, ""Lunda_Norte_Province"", 1], [97, 185, ""Mashonaland_West_Province"", 1], [97, 186, ""Chegutu"", 0]]]",dev
939,,,,NOT ENOUGH INFO,"Claim: There was a structural failure called Vampire Academy.

Evidence: [[[267610, null, null, null]]]",,,,,0.0,,,,0.0,,fever,500939,There was a structural failure called Vampire Academy.,"[[[267610, null, null, null]]]",dev
940,,,,REFUTES,"Claim: French Indochina was a grouping of French colonial territories in Southeast Asia in the ninties of the twentieth century.

Evidence: [[[148713, 163755, ""French_Indochina"", 0], [148713, 163755, ""French_Indochina"", 9], [148713, 163755, ""French_Indochina"", 16]]]",,,,,0.0,,,,0.0,,fever,500940,French Indochina was a grouping of French colonial territories in Southeast Asia in the ninties of the twentieth century.,"[[[148713, 163755, ""French_Indochina"", 0], [148713, 163755, ""French_Indochina"", 9], [148713, 163755, ""French_Indochina"", 16]]]",dev
941,,,,NOT ENOUGH INFO,"Claim: There exists a Baby Boomer, it goes by the name of Shannon Lee was born in 1969 and.

Evidence: [[[11423, null, null, null]]]",,,,,0.0,,,,0.0,,fever,500941,"There exists a Baby Boomer, it goes by the name of Shannon Lee was born in 1969 and.","[[[11423, null, null, null]]]",dev
942,,,,NOT ENOUGH INFO,"Claim: There exists a song that was written for a promotion benefiting Alabama's tourism industry that goes by the name of Sweet Home Alabama.

Evidence: [[[235009, null, null, null]]]",,,,,0.0,,,,0.0,,fever,500942,There exists a song that was written for a promotion benefiting Alabama's tourism industry that goes by the name of Sweet Home Alabama.,"[[[235009, null, null, null]]]",dev
943,,,,SUPPORTS,"Claim: There existed a contribution to the discovery of the remains of King Richard III by the University of Leicester, it went by the name of There.

Evidence: [[[232334, 235563, ""University_of_Leicester"", 11]]]",,,,,0.0,,,,0.0,,fever,500943,"There existed a contribution to the discovery of the remains of King Richard III by the University of Leicester, it went by the name of There.","[[[232334, 235563, ""University_of_Leicester"", 11]]]",dev
944,,,,NOT ENOUGH INFO,"Claim: Raees (film) stars an Indian actor who is married to Gauri Khan

Evidence: [[[null, null, ""Onepiece"", -1]]]",,,,,0.0,,,,0.0,,fever,500944,Raees (film) stars an Indian actor who is married to Gauri Khan,"[[[null, null, ""Onepiece"", -1]]]",dev
945,,,,SUPPORTS,"Claim: Only two nuclear energy accidents were given the maximum classification on the International Nuclear Event Scale.

Evidence: [[[null, null, ""Chernobyl_disaster"", ""16""]]]",,,,,0.0,,,,0.0,,fever,500945,Only two nuclear energy accidents were given the maximum classification on the International Nuclear Event Scale.,"[[[null, null, ""Chernobyl_disaster"", ""16""]]]",dev
946,,,,NOT ENOUGH INFO,"Claim: Sidse Babett Knudsen refuses to work in theater and is a director.

Evidence: [[[null, null, null, null]]]",,,,,0.0,,,,0.0,,fever,500946,Sidse Babett Knudsen refuses to work in theater and is a director.,"[[[null, null, null, null]]]",dev
947,,,,REFUTES,"Claim: There is a car, it is called Annie.

Evidence: [[[296989, 288703, ""Annie_-LRB-2014_film-RRB-"", 0]], [[296989, 288704, ""Annie_-LRB-2014_film-RRB-"", 1]], [[296989, 288705, ""Annie_-LRB-2014_film-RRB-"", 2]], [[296989, 288706, ""Annie_-LRB-2014_film-RRB-"", 5]], [[296989, 288707, ""Annie_-LRB-2014_film-RRB-"", 6]], [[298651, 290106, ""Annie_-LRB-2014_film-RRB-"", 0]], [[298651, 290107, ""Annie_-LRB-2014_film-RRB-"", 6]], [[298651, 290108, ""Annie_-LRB-2014_film-RRB-"", 5]], [[344459, 327975, ""Annie_-LRB-2014_film-RRB-"", 0]], [[344460, 327976, ""Annie_-LRB-2014_film-RRB-"", 0]], [[344461, 327977, ""Annie_-LRB-2014_film-RRB-"", 0]]]",,,,,0.0,,,,0.0,,fever,500947,"There is a car, it is called Annie.","[[[296989, 288703, ""Annie_-LRB-2014_film-RRB-"", 0]], [[296989, 288704, ""Annie_-LRB-2014_film-RRB-"", 1]], [[296989, 288705, ""Annie_-LRB-2014_film-RRB-"", 2]], [[296989, 288706, ""Annie_-LRB-2014_film-RRB-"", 5]], [[296989, 288707, ""Annie_-LRB-2014_film-RRB-"", 6]], [[298651, 290106, ""Annie_-LRB-2014_film-RRB-"", 0]], [[298651, 290107, ""Annie_-LRB-2014_film-RRB-"", 6]], [[298651, 290108, ""Annie_-LRB-2014_film-RRB-"", 5]], [[344459, 327975, ""Annie_-LRB-2014_film-RRB-"", 0]], [[344460, 327976, ""Annie_-LRB-2014_film-RRB-"", 0]], [[344461, 327977, ""Annie_-LRB-2014_film-RRB-"", 0]]]",dev
948,,,,REFUTES,"Claim: Buffy Summers is not related to an American television series created by Joss Whedon under his production tag , Mutant Enemy Productions 

Evidence: [[[null, null, ""Buffy_Summers"", 0], [null, null, ""Buffy_the_Vampire_Slayer"", 0]]]",,,,,0.0,,,,0.0,,fever,500948,"Buffy Summers is not related to an American television series created by Joss Whedon under his production tag , Mutant Enemy Productions ","[[[null, null, ""Buffy_Summers"", 0], [null, null, ""Buffy_the_Vampire_Slayer"", 0]]]",dev
949,,,,NOT ENOUGH INFO,"Claim: Billboard Dad stars Robin Wright and is a motion picture.

Evidence: [[[null, null, null, null]]]",,,,,0.0,,,,0.0,,fever,500949,Billboard Dad stars Robin Wright and is a motion picture.,"[[[null, null, null, null]]]",dev
950,,,,SUPPORTS,"Claim: Mutiny on the Bounty is based of a novel

Evidence: [[[67763, 78601, ""Mutiny_on_the_Bounty_-LRB-1962_film-RRB-"", 0]], [[67763, 78602, ""Mutiny_on_the_Bounty_-LRB-1962_film-RRB-"", 4]]]",,,,,0.0,,,,0.0,,fever,500950,Mutiny on the Bounty is based of a novel,"[[[67763, 78601, ""Mutiny_on_the_Bounty_-LRB-1962_film-RRB-"", 0]], [[67763, 78602, ""Mutiny_on_the_Bounty_-LRB-1962_film-RRB-"", 4]]]",dev
951,,,,REFUTES,"Claim: Artpop was Gaga's second consecutive number-one record in the United States between 2008 and 2010.

Evidence: [[[201862, 211218, ""Artpop"", 1]]]",,,,,0.0,,,,0.0,,fever,500951,Artpop was Gaga's second consecutive number-one record in the United States between 2008 and 2010.,"[[[201862, 211218, ""Artpop"", 1]]]",dev
952,,,,NOT ENOUGH INFO,"Claim: There existed a slave-holding state called Tennessee.

Evidence: [[[138016, null, null, null], [140824, null, null, null], [142603, null, null, null], [310239, null, null, null]]]",,,,,0.0,,,,0.0,,fever,500952,There existed a slave-holding state called Tennessee.,"[[[138016, null, null, null], [140824, null, null, null], [142603, null, null, null], [310239, null, null, null]]]",dev
953,,,,SUPPORTS,"Claim: Zoid is found in maidenhair tree.

Evidence: [[[1, 2, ""Zoid"", 4], [1, 3, ""Ginkgo_biloba"", 0]]]",,,,,0.0,,,,0.0,,fever,500953,Zoid is found in maidenhair tree.,"[[[1, 2, ""Zoid"", 4], [1, 3, ""Ginkgo_biloba"", 0]]]",dev
954,,,,SUPPORTS,"Claim: There is a fashion house with a word meaning 'sweet' in its name.

Evidence: [[[null, null, ""Dolce_&_Gabbana"", ""0""], [null, null, ""Dolce"", ""0""]]]",,,,,0.0,,,,0.0,,fever,500954,There is a fashion house with a word meaning 'sweet' in its name.,"[[[null, null, ""Dolce_&_Gabbana"", ""0""], [null, null, ""Dolce"", ""0""]]]",dev
955,,,,NOT ENOUGH INFO,"Claim: There was a stand-up comedian called Estelle Getty.

Evidence: [[[213584, null, null, null]]]",,,,,0.0,,,,0.0,,fever,500955,There was a stand-up comedian called Estelle Getty.,"[[[213584, null, null, null]]]",dev
956,,,,SUPPORTS,"Claim: There exists no episode of a TV series called The Challenge XXX: Dirty 30.

Evidence: [[[69297, 80076, ""The_Challenge_XXX-COLON-_Dirty_30"", 0]]]",,,,,0.0,,,,0.0,,fever,500956,There exists no episode of a TV series called The Challenge XXX: Dirty 30.,"[[[69297, 80076, ""The_Challenge_XXX-COLON-_Dirty_30"", 0]]]",dev
957,,,,Not Enough Info,"Claim: William Bell who was 14th-century Bishop of St Andrews orignally from Glasgow.

Evidence: [[[68, 107, null, null]]]",,,,,0.0,,,,0.0,,fever,500957,William Bell who was 14th-century Bishop of St Andrews orignally from Glasgow.,"[[[68, 107, null, null]]]",dev
958,,,,REFUTES,"Claim: Pocahontas was not the daughter of the main chief of Wahunsenacah

Evidence: [[[29730, 36233, ""Pocahontas"", 1], [29730, 36233, ""Powhatan_-LRB-Native_American_leader-RRB-"", 0]]]",,,,,0.0,,,,0.0,,fever,500958,Pocahontas was not the daughter of the main chief of Wahunsenacah,"[[[29730, 36233, ""Pocahontas"", 1], [29730, 36233, ""Powhatan_-LRB-Native_American_leader-RRB-"", 0]]]",dev
959,,,,NOT ENOUGH INFO,"Claim: There is a season of a documentary called The Challenge XXX: Dirty 30.

Evidence: [[[66987, null, null, null]]]",,,,,0.0,,,,0.0,,fever,500959,There is a season of a documentary called The Challenge XXX: Dirty 30.,"[[[66987, null, null, null]]]",dev
960,,,,SUPPORTS,"Claim: Dennis Edwards is a former American college and professional football player 

Evidence: [[[49192, 58517, ""Dennis_Edwards_-LRB-American_football-RRB-"", 0]]]",,,,,0.0,,,,0.0,,fever,500960,Dennis Edwards is a former American college and professional football player ,"[[[49192, 58517, ""Dennis_Edwards_-LRB-American_football-RRB-"", 0]]]",dev
961,,,,NOT ENOUGH INFO,"Claim: There existed a British photographer called Augustus Prew's father.

Evidence: [[[221813, null, null, null]]]",,,,,0.0,,,,0.0,,fever,500961,There existed a British photographer called Augustus Prew's father.,"[[[221813, null, null, null]]]",dev
962,,,,Not Enough Info,"Claim: Alan Unwin endorsed the Reform Party in 1997.

Evidence: [[[59, 98, null, null]]]",,,,,0.0,,,,0.0,,fever,500962,Alan Unwin endorsed the Reform Party in 1997.,"[[[59, 98, null, null]]]",dev
963,,,,REFUTES,"Claim: Chris Bosh won his first NBA Finals title between 2013 and 2018.

Evidence: [[[112956, 126801, ""Chris_Bosh"", 8]], [[112956, 126802, ""Chris_Bosh"", 9]]]",,,,,0.0,,,,0.0,,fever,500963,Chris Bosh won his first NBA Finals title between 2013 and 2018.,"[[[112956, 126801, ""Chris_Bosh"", 8]], [[112956, 126802, ""Chris_Bosh"", 9]]]",dev
964,,,,REFUTES,"Claim: One Dance was Drake's first number one single 5 years before 2003.

Evidence: [[[170335, 183898, ""One_Dance"", 6]]]",,,,,0.0,,,,0.0,,fever,500964,One Dance was Drake's first number one single 5 years before 2003.,"[[[170335, 183898, ""One_Dance"", 6]]]",dev
965,,,,SUPPORTS,"Claim: Honeymoon is a major-label record by Elizabeth Woolridge Grant.

Evidence: [[[null, null, ""Honeymoon_-LRB-Lana_Del_Rey_album-RRB-"", 0], [null, null, ""Lana_Del_Rey"", 0]]]",,,,,0.0,,,,0.0,,fever,500965,Honeymoon is a major-label record by Elizabeth Woolridge Grant.,"[[[null, null, ""Honeymoon_-LRB-Lana_Del_Rey_album-RRB-"", 0], [null, null, ""Lana_Del_Rey"", 0]]]",dev
966,,,,NOT ENOUGH INFO,"Claim: Tijuana is landlocked and is in Northwestern Mexico.

Evidence: [[[null, null, null, null]]]",,,,,0.0,,,,0.0,,fever,500966,Tijuana is landlocked and is in Northwestern Mexico.,"[[[null, null, null, null]]]",dev
967,,,,SUPPORTS,"Claim: The First World War, also known as the Great War, started in Europe and lasted for 4 years.

Evidence: [[[null, null, ""World_War_I"", ""0""]]]",,,,,0.0,,,,0.0,,fever,500967,"The First World War, also known as the Great War, started in Europe and lasted for 4 years.","[[[null, null, ""World_War_I"", ""0""]]]",dev
968,,,,NOT ENOUGH INFO,"Claim: A person who wrote The Intertidal Zone, an informative comic book about tide-pool animals was fascinated with Seaside, Oregon as a child.

Evidence: [[[null, null, ""Starrcade"", -1]]]",,,,,0.0,,,,0.0,,fever,500968,"A person who wrote The Intertidal Zone, an informative comic book about tide-pool animals was fascinated with Seaside, Oregon as a child.","[[[null, null, ""Starrcade"", -1]]]",dev
969,,,,REFUTES,"Claim: Firefox is not a browser.

Evidence: [[[180593, 193020, ""Firefox"", 0]], [[180593, 193021, ""Firefox"", 13]], [[180593, 193022, ""Firefox"", 15]], [[180593, 193023, ""Firefox"", 14]]]",,,,,0.0,,,,0.0,,fever,500969,Firefox is not a browser.,"[[[180593, 193020, ""Firefox"", 0]], [[180593, 193021, ""Firefox"", 13]], [[180593, 193022, ""Firefox"", 15]], [[180593, 193023, ""Firefox"", 14]]]",dev
970,,,,SUPPORTS,"Claim: There is not a character in a JRR Tolkein series that goes by the name of Daenerys Targaryen.

Evidence: [[[34001, 41233, ""Daenerys_Targaryen"", 0]], [[34001, 41234, ""Daenerys_Targaryen"", 14], [34001, 41234, ""Iron_Throne_-LRB-A_Song_of_Ice_and_Fire-RRB-"", 0]], [[34001, 41235, ""Daenerys_Targaryen"", 12], [34001, 41235, ""Khal_Drogo"", 0]], [[34001, 41236, ""Daenerys_Targaryen"", 11], [34001, 41236, ""Viserys_Targaryen"", 0]], [[34001, 41237, ""Daenerys_Targaryen"", 10], [34001, 41237, ""World_of_A_Song_of_Ice_and_Fire"", 0]], [[34001, 41238, ""Daenerys_Targaryen"", 7], [34001, 41238, ""A_Dance_with_Dragons"", 0]], [[34001, 41239, ""Daenerys_Targaryen"", 6], [34001, 41239, ""A_Clash_of_Kings"", 0]], [[34001, 41240, ""Daenerys_Targaryen"", 5], [34001, 41240, ""A_Game_of_Thrones"", 0]]]",,,,,0.0,,,,0.0,,fever,500970,There is not a character in a JRR Tolkein series that goes by the name of Daenerys Targaryen.,"[[[34001, 41233, ""Daenerys_Targaryen"", 0]], [[34001, 41234, ""Daenerys_Targaryen"", 14], [34001, 41234, ""Iron_Throne_-LRB-A_Song_of_Ice_and_Fire-RRB-"", 0]], [[34001, 41235, ""Daenerys_Targaryen"", 12], [34001, 41235, ""Khal_Drogo"", 0]], [[34001, 41236, ""Daenerys_Targaryen"", 11], [34001, 41236, ""Viserys_Targaryen"", 0]], [[34001, 41237, ""Daenerys_Targaryen"", 10], [34001, 41237, ""World_of_A_Song_of_Ice_and_Fire"", 0]], [[34001, 41238, ""Daenerys_Targaryen"", 7], [34001, 41238, ""A_Dance_with_Dragons"", 0]], [[34001, 41239, ""Daenerys_Targaryen"", 6], [34001, 41239, ""A_Clash_of_Kings"", 0]], [[34001, 41240, ""Daenerys_Targaryen"", 5], [34001, 41240, ""A_Game_of_Thrones"", 0]]]",dev
971,,,,REFUTES,"Claim: AMTOR is also used in the machines used in a later generation of computers to emulate a radio system.

Evidence: [[[null, null, ""AMTOR"", ""3""]]]",,,,,0.0,,,,0.0,,fever,500971,AMTOR is also used in the machines used in a later generation of computers to emulate a radio system.,"[[[null, null, ""AMTOR"", ""3""]]]",dev
972,,,,NOT ENOUGH INFO,"Claim: Margaret Thatcher was the most superior politician within the Conservative Party in the United Kingdom

Evidence: [[[63588, 74341, ""Margaret_Thatcher"", 8], [63588, 74341, ""Leader_of_the_Conservative_Party_-LRB-UK-RRB-"", 0]]]",,,,,0.0,,,,0.0,,fever,500972,Margaret Thatcher was the most superior politician within the Conservative Party in the United Kingdom,"[[[63588, 74341, ""Margaret_Thatcher"", 8], [63588, 74341, ""Leader_of_the_Conservative_Party_-LRB-UK-RRB-"", 0]]]",dev
973,,,,NOT ENOUGH INFO,"Claim: There was a firefighter in France called Richard Dawson.

Evidence: [[[182614, null, null, null]]]",,,,,0.0,,,,0.0,,fever,500973,There was a firefighter in France called Richard Dawson.,"[[[182614, null, null, null]]]",dev
974,,,,REFUTES,"Claim: The Latvian Soviet Socialist Republic was a republic of the Soviet Union between 2008 and 2016.

Evidence: [[[241233, 242778, ""Latvian_Soviet_Socialist_Republic"", 11], [241233, 242778, ""Dissolution_of_the_Soviet_Union"", 0]], [[241233, 242779, ""Latvian_Soviet_Socialist_Republic"", 12]]]",,,,,0.0,,,,0.0,,fever,500974,The Latvian Soviet Socialist Republic was a republic of the Soviet Union between 2008 and 2016.,"[[[241233, 242778, ""Latvian_Soviet_Socialist_Republic"", 11], [241233, 242778, ""Dissolution_of_the_Soviet_Union"", 0]], [[241233, 242779, ""Latvian_Soviet_Socialist_Republic"", 12]]]",dev
975,,,,REFUTES,"Claim: The area of Kolaras is larger than the area of Spain.

Evidence: [[[123, 262, ""Geography_of_Spain"", 4], [123, 263, ""Madhya_Pradesh"", 5], [123, 264, ""Kolaras"", 0]]]",,,,,0.0,,,,0.0,,fever,500975,The area of Kolaras is larger than the area of Spain.,"[[[123, 262, ""Geography_of_Spain"", 4], [123, 263, ""Madhya_Pradesh"", 5], [123, 264, ""Kolaras"", 0]]]",dev
976,,,,SUPPORTS,"Claim: Buffy the Vampire Slayer had more than one co-managerial producer

Evidence: [[[185110, 196926, ""Buffy_the_Vampire_Slayer"", 0]]]",,,,,0.0,,,,0.0,,fever,500976,Buffy the Vampire Slayer had more than one co-managerial producer,"[[[185110, 196926, ""Buffy_the_Vampire_Slayer"", 0]]]",dev
977,,,,SUPPORTS,"Claim: Down With Love is a 2003 sitcom film

Evidence: [[[240857, 242458, ""Down_with_Love"", 0]]]",,,,,0.0,,,,0.0,,fever,500977,Down With Love is a 2003 sitcom film,"[[[240857, 242458, ""Down_with_Love"", 0]]]",dev
978,,,,NOT ENOUGH INFO,"Claim: Connie Nielsen played the role of a person who became one of the most powerful politicians in the Roman Republic through a number of accomplishments, notably his victories in the Gallic Wars.

Evidence: [[[null, null, ""Starrcade"", -1]]]",,,,,0.0,,,,0.0,,fever,500978,"Connie Nielsen played the role of a person who became one of the most powerful politicians in the Roman Republic through a number of accomplishments, notably his victories in the Gallic Wars.","[[[null, null, ""Starrcade"", -1]]]",dev
979,,,,REFUTES,"Claim: Deepika Padukone has just played in one Indian film

Evidence: [[[202121, 211452, ""Deepika_Padukone"", 9], [202121, 211452, ""Housefull_-LRB-2010_film-RRB-"", 0], [202121, 211452, ""Love_Aaj_Kal"", 0]], [[202121, 211453, ""Deepika_Padukone"", 13], [202121, 211453, ""Chennai_Express"", 0], [202121, 211453, ""Yeh_Jawaani_Hai_Deewani"", 0]], [[202121, 211454, ""Deepika_Padukone"", 14], [202121, 211454, ""Goliyon_Ki_Raasleela_Ram-Leela"", 0], [202121, 211454, ""Piku"", 0]], [[204978, 213643, ""Deepika_Padukone"", 8], [204978, 213643, ""Om_Shanti_Om"", 0], [204978, 213643, ""Deepika_Padukone"", 9], [204978, 213643, ""Love_Aaj_Kal"", 0]], [[204978, 213644, ""Deepika_Padukone"", 13], [204978, 213644, ""Happy_New_Year_-LRB-2014_film-RRB-"", 0], [204978, 213644, ""Yeh_Jawaani_Hai_Deewani"", 0]], [[204978, 213645, ""Deepika_Padukone"", 14], [204978, 213645, ""Goliyon_Ki_Raasleela_Ram-Leela"", 0], [204978, 213645, ""Deepika_Padukone"", 12], [204978, 213645, ""Cocktail_-LRB-2012_film-RRB-"", 0]], [[207452, 215716, ""Deepika_Padukone"", 9], [207452, 215716, ""Bachna_Ae_Haseeno"", 0], [207452, 215716, ""Housefull_-LRB-2010_film-RRB-"", 0], [207452, 215716, ""Love_Aaj_Kal"", 0]], [[315689, 304931, ""Deepika_Padukone"", 9], [315689, 304931, ""Bachna_Ae_Haseeno"", 0], [315689, 304931, ""Housefull_-LRB-2010_film-RRB-"", 0], [315689, 304931, ""Love_Aaj_Kal"", 0]], [[315689, 304932, ""Deepika_Padukone"", 13], [315689, 304932, ""Bajirao_Mastani"", 0], [315689, 304932, ""Chennai_Express"", 0], [315689, 304932, ""Happy_New_Year_-LRB-2014_film-RRB-"", 0], [315689, 304932, ""Yeh_Jawaani_Hai_Deewani"", 0]], [[315689, 304933, ""Deepika_Padukone"", 14], [315689, 304933, ""Goliyon_Ki_Raasleela_Ram-Leela"", 0], [315689, 304933, ""Piku"", 0]], [[315701, 304944, ""Deepika_Padukone"", 9], [315701, 304944, ""Bachna_Ae_Haseeno"", 0], [315701, 304944, ""Housefull_-LRB-2010_film-RRB-"", 0]], [[315701, 304945, ""Deepika_Padukone"", 13], [315701, 304945, ""Bajirao_Mastani"", 0], [315701, 304945, ""Chennai_Express"", 0]]]",,,,,0.0,,,,0.0,,fever,500979,Deepika Padukone has just played in one Indian film,"[[[202121, 211452, ""Deepika_Padukone"", 9], [202121, 211452, ""Housefull_-LRB-2010_film-RRB-"", 0], [202121, 211452, ""Love_Aaj_Kal"", 0]], [[202121, 211453, ""Deepika_Padukone"", 13], [202121, 211453, ""Chennai_Express"", 0], [202121, 211453, ""Yeh_Jawaani_Hai_Deewani"", 0]], [[202121, 211454, ""Deepika_Padukone"", 14], [202121, 211454, ""Goliyon_Ki_Raasleela_Ram-Leela"", 0], [202121, 211454, ""Piku"", 0]], [[204978, 213643, ""Deepika_Padukone"", 8], [204978, 213643, ""Om_Shanti_Om"", 0], [204978, 213643, ""Deepika_Padukone"", 9], [204978, 213643, ""Love_Aaj_Kal"", 0]], [[204978, 213644, ""Deepika_Padukone"", 13], [204978, 213644, ""Happy_New_Year_-LRB-2014_film-RRB-"", 0], [204978, 213644, ""Yeh_Jawaani_Hai_Deewani"", 0]], [[204978, 213645, ""Deepika_Padukone"", 14], [204978, 213645, ""Goliyon_Ki_Raasleela_Ram-Leela"", 0], [204978, 213645, ""Deepika_Padukone"", 12], [204978, 213645, ""Cocktail_-LRB-2012_film-RRB-"", 0]], [[207452, 215716, ""Deepika_Padukone"", 9], [207452, 215716, ""Bachna_Ae_Haseeno"", 0], [207452, 215716, ""Housefull_-LRB-2010_film-RRB-"", 0], [207452, 215716, ""Love_Aaj_Kal"", 0]], [[315689, 304931, ""Deepika_Padukone"", 9], [315689, 304931, ""Bachna_Ae_Haseeno"", 0], [315689, 304931, ""Housefull_-LRB-2010_film-RRB-"", 0], [315689, 304931, ""Love_Aaj_Kal"", 0]], [[315689, 304932, ""Deepika_Padukone"", 13], [315689, 304932, ""Bajirao_Mastani"", 0], [315689, 304932, ""Chennai_Express"", 0], [315689, 304932, ""Happy_New_Year_-LRB-2014_film-RRB-"", 0], [315689, 304932, ""Yeh_Jawaani_Hai_Deewani"", 0]], [[315689, 304933, ""Deepika_Padukone"", 14], [315689, 304933, ""Goliyon_Ki_Raasleela_Ram-Leela"", 0], [315689, 304933, ""Piku"", 0]], [[315701, 304944, ""Deepika_Padukone"", 9], [315701, 304944, ""Bachna_Ae_Haseeno"", 0], [315701, 304944, ""Housefull_-LRB-2010_film-RRB-"", 0]], [[315701, 304945, ""Deepika_Padukone"", 13], [315701, 304945, ""Bajirao_Mastani"", 0], [315701, 304945, ""Chennai_Express"", 0]]]",dev
980,,,,SUPPORTS,"Claim: There exists a hierarchy of leagues that goes by the name of Minor League Baseball.

Evidence: [[[134896, 149792, ""Minor_League_Baseball"", 0]]]",,,,,0.0,,,,0.0,,fever,500980,There exists a hierarchy of leagues that goes by the name of Minor League Baseball.,"[[[134896, 149792, ""Minor_League_Baseball"", 0]]]",dev
981,,,,NOT ENOUGH INFO,"Claim: Daggering was perfected in the third-largest island of the Greater Antilles and the fourth-largest island country in the Caribbean.

Evidence: [[[null, null, ""Starrcade"", -1]]]",,,,,0.0,,,,0.0,,fever,500981,Daggering was perfected in the third-largest island of the Greater Antilles and the fourth-largest island country in the Caribbean.,"[[[null, null, ""Starrcade"", -1]]]",dev
982,,,,REFUTES,"Claim: The Latvian Soviet Socialist Republic was a republic of the Soviet Union in the 2010s.

Evidence: [[[241233, 242778, ""Latvian_Soviet_Socialist_Republic"", 11], [241233, 242778, ""Dissolution_of_the_Soviet_Union"", 0]], [[241233, 242779, ""Latvian_Soviet_Socialist_Republic"", 12]]]",,,,,0.0,,,,0.0,,fever,500982,The Latvian Soviet Socialist Republic was a republic of the Soviet Union in the 2010s.,"[[[241233, 242778, ""Latvian_Soviet_Socialist_Republic"", 11], [241233, 242778, ""Dissolution_of_the_Soviet_Union"", 0]], [[241233, 242779, ""Latvian_Soviet_Socialist_Republic"", 12]]]",dev
983,,,,REFUTES,"Claim: There is not a work that goes by the name of The Giver.

Evidence: [[[148703, 163739, ""The_Giver_-LRB-film-RRB-"", 0]], [[148703, 163740, ""The_Giver_-LRB-film-RRB-"", 1]], [[148703, 163741, ""The_Giver_-LRB-film-RRB-"", 4]], [[148703, 163742, ""The_Giver_-LRB-film-RRB-"", 5]]]",,,,,0.0,,,,0.0,,fever,500983,There is not a work that goes by the name of The Giver.,"[[[148703, 163739, ""The_Giver_-LRB-film-RRB-"", 0]], [[148703, 163740, ""The_Giver_-LRB-film-RRB-"", 1]], [[148703, 163741, ""The_Giver_-LRB-film-RRB-"", 4]], [[148703, 163742, ""The_Giver_-LRB-film-RRB-"", 5]]]",dev
984,,,,SUPPORTS,"Claim: There is not a brand of hot dog called Sarah Hyland.

Evidence: [[[144576, 159587, ""Sarah_Hyland"", 0]], [[144576, 159588, ""Sarah_Hyland"", 1]], [[144576, 159589, ""Sarah_Hyland"", 2]]]",,,,,0.0,,,,0.0,,fever,500984,There is not a brand of hot dog called Sarah Hyland.,"[[[144576, 159587, ""Sarah_Hyland"", 0]], [[144576, 159588, ""Sarah_Hyland"", 1]], [[144576, 159589, ""Sarah_Hyland"", 2]]]",dev
985,,,,SUPPORTS,"Claim: Sleipnir appears in a body of myths of the North Germanic peoples, stemming from Norse paganism and continuing after the Christianization of Scandinavia, and into the Scandinavian folklore of the modern period.

Evidence: [[[null, null, ""Sleipnir"", 0], [null, null, ""Norse_mythology"", 0]]]",,,,,0.0,,,,0.0,,fever,500985,"Sleipnir appears in a body of myths of the North Germanic peoples, stemming from Norse paganism and continuing after the Christianization of Scandinavia, and into the Scandinavian folklore of the modern period.","[[[null, null, ""Sleipnir"", 0], [null, null, ""Norse_mythology"", 0]]]",dev
986,,,,SUPPORTS,"Claim: There exists a series called Younger.

Evidence: [[[81788, 93562, ""Younger_-LRB-TV_series-RRB-"", 0]]]",,,,,0.0,,,,0.0,,fever,500986,There exists a series called Younger.,"[[[81788, 93562, ""Younger_-LRB-TV_series-RRB-"", 0]]]",dev
987,,,,NOT ENOUGH INFO,"Claim: Home for the Holidays stars an actress born in Georgia,U.S.

Evidence: [[[null, null, ""Onepiece"", -1]]]",,,,,0.0,,,,0.0,,fever,500987,"Home for the Holidays stars an actress born in Georgia,U.S.","[[[null, null, ""Onepiece"", -1]]]",dev
988,,,,REFUTES,"Claim: The area of Allunhari is larger than the area of Udon Thani Province.

Evidence: [[[158, 367, ""Udon_Thani_Province"", 2], [158, 368, ""The_Gambia"", 5], [158, 369, ""Allunhari"", 0]]]",,,,,0.0,,,,0.0,,fever,500988,The area of Allunhari is larger than the area of Udon Thani Province.,"[[[158, 367, ""Udon_Thani_Province"", 2], [158, 368, ""The_Gambia"", 5], [158, 369, ""Allunhari"", 0]]]",dev
989,,,,NOT ENOUGH INFO,"Claim: There is a biomedical science staffed with frauds called Pharmacology.

Evidence: [[[41330, null, null, null]]]",,,,,0.0,,,,0.0,,fever,500989,There is a biomedical science staffed with frauds called Pharmacology.,"[[[41330, null, null, null]]]",dev
990,,,,SUPPORTS,"Claim: Heidelberg University, which is located in Germany, was established in the 14th century.

Evidence: [[[null, null, ""Heidelberg_University"", ""0""], [null, null, ""Heidelberg_University"", ""1""]]]",,,,,0.0,,,,0.0,,fever,500990,"Heidelberg University, which is located in Germany, was established in the 14th century.","[[[null, null, ""Heidelberg_University"", ""0""], [null, null, ""Heidelberg_University"", ""1""]]]",dev
991,,,,SUPPORTS,"Claim: The area of Muş Province is larger than the area of Shorapur.

Evidence: [[[73, 112, ""Mu\u015f_Province"", 1], [73, 113, ""Yadgir_district"", 3], [73, 114, ""Shorapur"", 0]]]",,,,,0.0,,,,0.0,,fever,500991,The area of Muş Province is larger than the area of Shorapur.,"[[[73, 112, ""Mu\u015f_Province"", 1], [73, 113, ""Yadgir_district"", 3], [73, 114, ""Shorapur"", 0]]]",dev
992,,,,SUPPORTS,"Claim: Bill Graham Civic Auditorium was crafted in 1915

Evidence: [[[182907, 195026, ""Bill_Graham_Civic_Auditorium"", 2]]]",,,,,0.0,,,,0.0,,fever,500992,Bill Graham Civic Auditorium was crafted in 1915,"[[[182907, 195026, ""Bill_Graham_Civic_Auditorium"", 2]]]",dev
993,,,,SUPPORTS,"Claim: There is a cinematographer called Ayananka Bose.

Evidence: [[[72293, 83323, ""Ayananka_Bose"", 0]], [[72293, 83324, ""Ayananka_Bose"", 2]]]",,,,,0.0,,,,0.0,,fever,500993,There is a cinematographer called Ayananka Bose.,"[[[72293, 83323, ""Ayananka_Bose"", 0]], [[72293, 83324, ""Ayananka_Bose"", 2]]]",dev
994,,,,NOT ENOUGH INFO,"Claim: There existed a structural failure called Vampire Academy.

Evidence: [[[267610, null, null, null]]]",,,,,0.0,,,,0.0,,fever,500994,There existed a structural failure called Vampire Academy.,"[[[267610, null, null, null]]]",dev
995,,,,REFUTES,"Claim: Musala is certainly not a certain amount of meters tall.

Evidence: [[[120449, 134667, ""Musala"", 0]], [[120449, 134669, ""Musala"", 2]], [[120450, 134668, ""Musala"", 0]], [[120450, 134670, ""Musala"", 2]]]",,,,,0.0,,,,0.0,,fever,500995,Musala is certainly not a certain amount of meters tall.,"[[[120449, 134667, ""Musala"", 0]], [[120449, 134669, ""Musala"", 2]], [[120450, 134668, ""Musala"", 0]], [[120450, 134670, ""Musala"", 2]]]",dev
996,,,,REFUTES,"Claim: Frank Murkowski first became a Senator before his daughter was born.

Evidence: [[[0, 0, ""Lisa_Murkowski"", 5], [0, 0, ""Lisa_Murkowski"", 0], [0, 0, ""Frank_Murkowski"", 1]]]",,,,,0.0,,,,0.0,,fever,500996,Frank Murkowski first became a Senator before his daughter was born.,"[[[0, 0, ""Lisa_Murkowski"", 5], [0, 0, ""Lisa_Murkowski"", 0], [0, 0, ""Frank_Murkowski"", 1]]]",dev
997,,,,NOT ENOUGH INFO,"Claim: There exists a director called Anneliese van der Pol.

Evidence: [[[122427, null, null, null]]]",,,,,0.0,,,,0.0,,fever,500997,There exists a director called Anneliese van der Pol.,"[[[122427, null, null, null]]]",dev
998,,,,NOT ENOUGH INFO,"Claim: The Battle of France before 1940 is also known as the Fall of France.

Evidence: [[[111590, null, ""List_of_bomber_aircraft"", -1]]]",,,,,0.0,,,,0.0,,fever,500998,The Battle of France before 1940 is also known as the Fall of France.,"[[[111590, null, ""List_of_bomber_aircraft"", -1]]]",dev
999,,,,REFUTES,"Claim: Southampton F.C. came in second in the First Division before 1970 -- 1984.

Evidence: [[[267307, 264032, ""Southampton_F.C."", 9]]]",,,,,0.0,,,,0.0,,fever,500999,Southampton F.C. came in second in the First Division before 1970 -- 1984.,"[[[267307, 264032, ""Southampton_F.C."", 9]]]",dev
1000,,,,REFUTES,"Claim: Chris Bosh won his first NBA Finals title after 2020.

Evidence: [[[34411, 41725, ""Chris_Bosh"", 8]]]",,,,,0.0,,,,0.0,,fever,501000,Chris Bosh won his first NBA Finals title after 2020.,"[[[34411, 41725, ""Chris_Bosh"", 8]]]",dev
1001,,,,NOT ENOUGH INFO,"Claim: Roberto Orci (a person who has collaborated with his longtime friend Alex Kurtzman) wrote Star Wars.

Evidence: [[[null, null, ""Starrcade"", -1]]]",,,,,0.0,,,,0.0,,fever,501001,Roberto Orci (a person who has collaborated with his longtime friend Alex Kurtzman) wrote Star Wars.,"[[[null, null, ""Starrcade"", -1]]]",dev
1002,,,,NOT ENOUGH INFO,"Claim: Spontaneous generation is also known as ""natural"" generation, or ""natural-born"" generation and may refer to them in some other contexts.

Evidence: [[[null, null, null, null]]]",,,,,0.0,,,,0.0,,fever,501002,"Spontaneous generation is also known as ""natural"" generation, or ""natural-born"" generation and may refer to them in some other contexts.","[[[null, null, null, null]]]",dev
1003,,,,SUPPORTS,"Claim: There exists an actor, it goes by the name of Simon Pegg.

Evidence: [[[13482, 16847, ""Simon_Pegg"", 0]], [[13482, 16848, ""Simon_Pegg"", 1]], [[13482, 16849, ""Simon_Pegg"", 2]], [[13482, 16850, ""Simon_Pegg"", 3]]]",,,,,0.0,,,,0.0,,fever,501003,"There exists an actor, it goes by the name of Simon Pegg.","[[[13482, 16847, ""Simon_Pegg"", 0]], [[13482, 16848, ""Simon_Pegg"", 1]], [[13482, 16849, ""Simon_Pegg"", 2]], [[13482, 16850, ""Simon_Pegg"", 3]]]",dev
1004,,,,SUPPORTS,"Claim: There exists an American film called Scream 2.

Evidence: [[[198870, 208575, ""Scream_2"", 0]]]",,,,,0.0,,,,0.0,,fever,501004,There exists an American film called Scream 2.,"[[[198870, 208575, ""Scream_2"", 0]]]",dev
1005,,,,REFUTES,"Claim: Hannah and Her Sisters is written and directed by  an American director , writer , actor , comedian , playwright , and musician whose career spans only for two decades.

Evidence: [[[null, null, ""Woody_Allen"", 0], [null, null, ""Hannah_and_Her_Sisters"", 0]]]",,,,,0.0,,,,0.0,,fever,501005,"Hannah and Her Sisters is written and directed by  an American director , writer , actor , comedian , playwright , and musician whose career spans only for two decades.","[[[null, null, ""Woody_Allen"", 0], [null, null, ""Hannah_and_Her_Sisters"", 0]]]",dev
1006,,,,SUPPORTS,"Claim: Celebrity Rehab with Dr Drew is a TV exhibition

Evidence: [[[267017, 263826, ""Celebrity_Rehab_with_Dr._Drew"", 0]]]",,,,,0.0,,,,0.0,,fever,501006,Celebrity Rehab with Dr Drew is a TV exhibition,"[[[267017, 263826, ""Celebrity_Rehab_with_Dr._Drew"", 0]]]",dev
1007,,,,SUPPORTS,"Claim: There exists a thespian, it goes by the name of Benjamin Walker (actor).

Evidence: [[[186558, 198347, ""Benjamin_Walker_-LRB-actor-RRB-"", 0]]]",,,,,0.0,,,,0.0,,fever,501007,"There exists a thespian, it goes by the name of Benjamin Walker (actor).","[[[186558, 198347, ""Benjamin_Walker_-LRB-actor-RRB-"", 0]]]",dev
1008,,,,NOT ENOUGH INFO,"Claim: There exists a member of The Rolling Stones that goes by the name of Richard Fortus.

Evidence: [[[79082, null, null, null]]]",,,,,0.0,,,,0.0,,fever,501008,There exists a member of The Rolling Stones that goes by the name of Richard Fortus.,"[[[79082, null, null, null]]]",dev
1009,,,,SUPPORTS,"Claim: There exists a 1986 science fiction action horror comedy film called Maximum Overdrive.

Evidence: [[[40716, 48976, ""Maximum_Overdrive"", 0]], [[43746, 52387, ""Maximum_Overdrive"", 0]], [[45971, 54912, ""Maximum_Overdrive"", 0]], [[302129, 293180, ""Maximum_Overdrive"", 0]], [[303787, 294698, ""Maximum_Overdrive"", 0]], [[304628, 295441, ""Maximum_Overdrive"", 0]]]",,,,,0.0,,,,0.0,,fever,501009,There exists a 1986 science fiction action horror comedy film called Maximum Overdrive.,"[[[40716, 48976, ""Maximum_Overdrive"", 0]], [[43746, 52387, ""Maximum_Overdrive"", 0]], [[45971, 54912, ""Maximum_Overdrive"", 0]], [[302129, 293180, ""Maximum_Overdrive"", 0]], [[303787, 294698, ""Maximum_Overdrive"", 0]], [[304628, 295441, ""Maximum_Overdrive"", 0]]]",dev
1010,,,,NOT ENOUGH INFO,"Claim: There exists an award-winning TV series that goes by the name of Louie (season 1).

Evidence: [[[22421, null, null, null]]]",,,,,0.0,,,,0.0,,fever,501010,There exists an award-winning TV series that goes by the name of Louie (season 1).,"[[[22421, null, null, null]]]",dev
1011,,,,NOT ENOUGH INFO,"Claim: There is a former Catholic, they are called Leslie Alexander.

Evidence: [[[209477, null, null, null], [212074, null, null, null], [214693, null, null, null], [316119, null, null, null], [316121, null, null, null]]]",,,,,0.0,,,,0.0,,fever,501011,"There is a former Catholic, they are called Leslie Alexander.","[[[209477, null, null, null], [212074, null, null, null], [214693, null, null, null], [316119, null, null, null], [316121, null, null, null]]]",dev
1012,,,,SUPPORTS,"Claim: There does not exist a religion called Birmingham.

Evidence: [[[181318, 193576, ""Birmingham"", 0]], [[181318, 193577, ""Birmingham"", 1]], [[181318, 193578, ""Birmingham"", 17]]]",,,,,0.0,,,,0.0,,fever,501012,There does not exist a religion called Birmingham.,"[[[181318, 193576, ""Birmingham"", 0]], [[181318, 193577, ""Birmingham"", 1]], [[181318, 193578, ""Birmingham"", 17]]]",dev
1013,,,,REFUTES,"Claim: Nawaz Sharif is not a current Pakistani politician.

Evidence: [[[207482, 215736, ""Nawaz_Sharif"", 0]]]",,,,,0.0,,,,0.0,,fever,501013,Nawaz Sharif is not a current Pakistani politician.,"[[[207482, 215736, ""Nawaz_Sharif"", 0]]]",dev
1014,,,,NOT ENOUGH INFO,"Claim: There exists a township that goes by the name of Birmingham.

Evidence: [[[111361, null, null, null]]]",,,,,0.0,,,,0.0,,fever,501014,There exists a township that goes by the name of Birmingham.,"[[[111361, null, null, null]]]",dev
1015,,,,SUPPORTS,"Claim: Pakistan's semi-industrialized economy is the 25th largest in the world in purchasing power parity.

Evidence: [[[45386, 54168, ""Pakistan"", 21], [45386, 54168, ""Economy_of_Pakistan"", 0]]]",,,,,0.0,,,,0.0,,fever,501015,Pakistan's semi-industrialized economy is the 25th largest in the world in purchasing power parity.,"[[[45386, 54168, ""Pakistan"", 21], [45386, 54168, ""Economy_of_Pakistan"", 0]]]",dev
1016,,,,REFUTES,"Claim: Artpop debuted at number one on the United States Billboard 200 before 2000.

Evidence: [[[201852, 211209, ""Artpop"", 0]]]",,,,,0.0,,,,0.0,,fever,501016,Artpop debuted at number one on the United States Billboard 200 before 2000.,"[[[201852, 211209, ""Artpop"", 0]]]",dev
1017,,,,Not Enough Info,"Claim: Abertijne Malcourt was at the cathedral of Ste. Gudule as choirmaster between 1494 and 1498, but didn't stay there long.

Evidence: [[[70, 109, null, null]]]",,,,,0.0,,,,0.0,,fever,501017,"Abertijne Malcourt was at the cathedral of Ste. Gudule as choirmaster between 1494 and 1498, but didn't stay there long.","[[[70, 109, null, null]]]",dev
1018,,,,REFUTES,"Claim: Charles de Gaulle was Prime Minister of the Fifth French Republic.

Evidence: [[[84535, 96727, ""Charles_de_Gaulle"", 2], [84535, 96727, ""French_Fifth_Republic"", 0], [84535, 96727, ""French_Fifth_Republic"", 1]]]",,,,,0.0,,,,0.0,,fever,501018,Charles de Gaulle was Prime Minister of the Fifth French Republic.,"[[[84535, 96727, ""Charles_de_Gaulle"", 2], [84535, 96727, ""French_Fifth_Republic"", 0], [84535, 96727, ""French_Fifth_Republic"", 1]]]",dev
1019,,,,REFUTES,"Claim: The Woman in Black was abandoned by Hammer Film Productions 4 years after 2008 in favor of working on Freddie vs. Jason.

Evidence: [[[195186, 205506, ""Hammer_Film_Productions"", 17]], [[195189, 205508, ""Hammer_Film_Productions"", 17]], [[195217, 205530, ""Hammer_Film_Productions"", 17]]]",,,,,0.0,,,,0.0,,fever,501019,The Woman in Black was abandoned by Hammer Film Productions 4 years after 2008 in favor of working on Freddie vs. Jason.,"[[[195186, 205506, ""Hammer_Film_Productions"", 17]], [[195189, 205508, ""Hammer_Film_Productions"", 17]], [[195217, 205530, ""Hammer_Film_Productions"", 17]]]",dev
1020,,,,NOT ENOUGH INFO,"Claim: Vatican City is a city that with its surrounding territory forms an independent state and isn't a political entity.

Evidence: [[[null, null, null, null]]]",,,,,0.0,,,,0.0,,fever,501020,Vatican City is a city that with its surrounding territory forms an independent state and isn't a political entity.,"[[[null, null, null, null]]]",dev
1021,,,,NOT ENOUGH INFO,"Claim: Jean Freeman's coaching style is the same as that of many coaches, taking advantage of the pools and the open-water pool.

Evidence: [[[null, null, null, null]]]",,,,,0.0,,,,0.0,,fever,501021,"Jean Freeman's coaching style is the same as that of many coaches, taking advantage of the pools and the open-water pool.","[[[null, null, null, null]]]",dev
1022,,,,NOT ENOUGH INFO,"Claim: Taran Killam is a comedian and is a stage actor.

Evidence: [[[null, null, null, null]]]",,,,,0.0,,,,0.0,,fever,501022,Taran Killam is a comedian and is a stage actor.,"[[[null, null, null, null]]]",dev
1023,,,,REFUTES,"Claim: William Mycroft represented Derbyshire at cricket during the period of his career and represents the club on a regular basis.

Evidence: [[[null, null, ""William_Mycroft"", ""41""]]]",,,,,0.0,,,,0.0,,fever,501023,William Mycroft represented Derbyshire at cricket during the period of his career and represents the club on a regular basis.,"[[[null, null, ""William_Mycroft"", ""41""]]]",dev
1024,,,,REFUTES,"Claim: There does not exist a drama that goes by the name of Exit the King.

Evidence: [[[39052, 47040, ""Exit_the_King"", 0]]]",,,,,0.0,,,,0.0,,fever,501024,There does not exist a drama that goes by the name of Exit the King.,"[[[39052, 47040, ""Exit_the_King"", 0]]]",dev
1025,,,,NOT ENOUGH INFO,"Claim: Brian Else also has produced many albums, most recently for bands such as the band, The Black Eyed Peas, as well as other artists as well as other bands and bands from all over the world...

Evidence: [[[null, null, null, null]]]",,,,,0.0,,,,0.0,,fever,501025,"Brian Else also has produced many albums, most recently for bands such as the band, The Black Eyed Peas, as well as other artists as well as other bands and bands from all over the world...","[[[null, null, null, null]]]",dev
1026,,,,Not Enough Info,"Claim: Artocarpus sericarpus is first discovered in 1959.

Evidence: [[[72, 111, null, null]]]",,,,,0.0,,,,0.0,,fever,501026,Artocarpus sericarpus is first discovered in 1959.,"[[[72, 111, null, null]]]",dev
1027,,,,SUPPORTS,"Claim: Antigua and Barbuda was named by Christopher Columbus after 1480.

Evidence: [[[91361, 104065, ""Antigua_and_Barbuda"", 6]]]",,,,,0.0,,,,0.0,,fever,501027,Antigua and Barbuda was named by Christopher Columbus after 1480.,"[[[91361, 104065, ""Antigua_and_Barbuda"", 6]]]",dev
1028,,,,REFUTES,"Claim: Linkin Park's second studio album, released before 2010, was Meteora.

Evidence: [[[125645, 140019, ""Linkin_Park"", 2], [125645, 140019, ""Meteora_-LRB-album-RRB-"", 1]], [[125645, 140020, ""Linkin_Park"", 10], [125645, 140020, ""Meteora_-LRB-album-RRB-"", 1]]]",,,,,0.0,,,,0.0,,fever,501028,"Linkin Park's second studio album, released before 2010, was Meteora.","[[[125645, 140019, ""Linkin_Park"", 2], [125645, 140019, ""Meteora_-LRB-album-RRB-"", 1]], [[125645, 140020, ""Linkin_Park"", 10], [125645, 140020, ""Meteora_-LRB-album-RRB-"", 1]]]",dev
1029,,,,SUPPORTS,"Claim: Nawaz Sharif is not a German politician.

Evidence: [[[207479, 215734, ""Nawaz_Sharif"", 0]]]",,,,,0.0,,,,0.0,,fever,501029,Nawaz Sharif is not a German politician.,"[[[207479, 215734, ""Nawaz_Sharif"", 0]]]",dev
1030,,,,SUPPORTS,"Claim: Marie Skłodowska Curie did not won a Nobel Prize in Physics in 1911. 

Evidence: [[[null, null, ""Marie_Curie"", ""9""]]]",,,,,0.0,,,,0.0,,fever,501030,Marie Skłodowska Curie did not won a Nobel Prize in Physics in 1911. ,"[[[null, null, ""Marie_Curie"", ""9""]]]",dev
1031,,,,REFUTES,"Claim: There exists a 1990 cinematic work from the United States called Night of the Living Dead.

Evidence: [[[126026, 140432, ""Night_of_the_Living_Dead"", 0]]]",,,,,0.0,,,,0.0,,fever,501031,There exists a 1990 cinematic work from the United States called Night of the Living Dead.,"[[[126026, 140432, ""Night_of_the_Living_Dead"", 0]]]",dev
1032,,,,REFUTES,"Claim: There is a battle called The Premier League Asia Trophy.

Evidence: [[[32415, 39386, ""Premier_League_Asia_Trophy"", 0]], [[32415, 39387, ""Premier_League_Asia_Trophy"", 1]], [[32415, 39388, ""Premier_League_Asia_Trophy"", 7]], [[32415, 39389, ""Premier_League_Asia_Trophy"", 6]], [[32415, 39390, ""Premier_League_Asia_Trophy"", 8], [32415, 39390, ""2017_Premier_League_Asia_Trophy"", 1]], [[32415, 39391, ""Premier_League_Asia_Trophy"", 12]], [[32415, 39392, ""Premier_League_Asia_Trophy"", 9]], [[32415, 39393, ""Premier_League_Asia_Trophy"", 14]], [[32415, 39394, ""Premier_League_Asia_Trophy"", 15]], [[32415, 39395, ""Premier_League_Asia_Trophy"", 16]], [[32415, 39396, ""Premier_League_Asia_Trophy"", 13], [32415, 39396, ""Premier_League"", 0]]]",,,,,0.0,,,,0.0,,fever,501032,There is a battle called The Premier League Asia Trophy.,"[[[32415, 39386, ""Premier_League_Asia_Trophy"", 0]], [[32415, 39387, ""Premier_League_Asia_Trophy"", 1]], [[32415, 39388, ""Premier_League_Asia_Trophy"", 7]], [[32415, 39389, ""Premier_League_Asia_Trophy"", 6]], [[32415, 39390, ""Premier_League_Asia_Trophy"", 8], [32415, 39390, ""2017_Premier_League_Asia_Trophy"", 1]], [[32415, 39391, ""Premier_League_Asia_Trophy"", 12]], [[32415, 39392, ""Premier_League_Asia_Trophy"", 9]], [[32415, 39393, ""Premier_League_Asia_Trophy"", 14]], [[32415, 39394, ""Premier_League_Asia_Trophy"", 15]], [[32415, 39395, ""Premier_League_Asia_Trophy"", 16]], [[32415, 39396, ""Premier_League_Asia_Trophy"", 13], [32415, 39396, ""Premier_League"", 0]]]",dev
1033,,,,NOT ENOUGH INFO,"Claim: Dawood Ibrahim was born in 1955 in Khar,Mumbai.

Evidence: [[[null, null, ""Onepiece"", -1]]]",,,,,0.0,,,,0.0,,fever,501033,"Dawood Ibrahim was born in 1955 in Khar,Mumbai.","[[[null, null, ""Onepiece"", -1]]]",dev
1034,,,,NOT ENOUGH INFO,"Claim: There is a movie called A United Kingdom which is directed by Amma Asante in 2015.

Evidence: [[[265236, null, null, null]]]",,,,,0.0,,,,0.0,,fever,501034,There is a movie called A United Kingdom which is directed by Amma Asante in 2015.,"[[[265236, null, null, null]]]",dev
1035,,,,NOT ENOUGH INFO,"Claim: There is a Democrat, they are called Dan Trachtenberg.

Evidence: [[[169044, null, null, null]]]",,,,,0.0,,,,0.0,,fever,501035,"There is a Democrat, they are called Dan Trachtenberg.","[[[169044, null, null, null]]]",dev
1036,,,,SUPPORTS,"Claim: The 67th United States Secretary of State after graduating from Wellesley College became a Senator for New York, which was annexed by the British a few centuries prior.

Evidence: [[[0, 0, ""Hillary_Clinton"", 0], [0, 0, ""Hillary_Clinton"", 3], [0, 0, ""New_York"", 27]]]",,,,,0.0,,,,0.0,,fever,501036,"The 67th United States Secretary of State after graduating from Wellesley College became a Senator for New York, which was annexed by the British a few centuries prior.","[[[0, 0, ""Hillary_Clinton"", 0], [0, 0, ""Hillary_Clinton"", 3], [0, 0, ""New_York"", 27]]]",dev
1037,,,,SUPPORTS,"Claim: George Harrison, one of the member of the Beatles, died at the age of 58.

Evidence: [[[null, null, ""George_Harrison"", ""0""]]]",,,,,0.0,,,,0.0,,fever,501037,"George Harrison, one of the member of the Beatles, died at the age of 58.","[[[null, null, ""George_Harrison"", ""0""]]]",dev
1038,,,,REFUTES,"Claim: Key & Peele has won a Peabody Award and has won two Primetime Emmy Awards as of 2004.

Evidence: [[[112634, 126455, ""Key_&_Peele"", 6]]]",,,,,0.0,,,,0.0,,fever,501038,Key & Peele has won a Peabody Award and has won two Primetime Emmy Awards as of 2004.,"[[[112634, 126455, ""Key_&_Peele"", 6]]]",dev
1039,,,,SUPPORTS,"Claim: There is not a TV show that goes by the name of The SpongeBob SquarePants Movie.

Evidence: [[[35597, 43126, ""The_SpongeBob_SquarePants_Movie"", 0]]]",,,,,0.0,,,,0.0,,fever,501039,There is not a TV show that goes by the name of The SpongeBob SquarePants Movie.,"[[[35597, 43126, ""The_SpongeBob_SquarePants_Movie"", 0]]]",dev
1040,,,,NOT ENOUGH INFO,"Claim: The former spouse of Demi Moore reacted in 2005.

Evidence: [[[null, null, ""Starrcade"", -1]]]",,,,,0.0,,,,0.0,,fever,501040,The former spouse of Demi Moore reacted in 2005.,"[[[null, null, ""Starrcade"", -1]]]",dev
1041,,,,SUPPORTS,"Claim: Sensitive Skin's first series aired on a network that is headquartered on Columbus Avenue and West 66th Street in Manhattan , New York City

Evidence: [[[null, null, ""Sensitive_Skin_-LRB-UK_TV_series-RRB-"", 3], [null, null, ""American_Broadcasting_Company"", 1]]]",,,,,0.0,,,,0.0,,fever,501041,"Sensitive Skin's first series aired on a network that is headquartered on Columbus Avenue and West 66th Street in Manhattan , New York City","[[[null, null, ""Sensitive_Skin_-LRB-UK_TV_series-RRB-"", 3], [null, null, ""American_Broadcasting_Company"", 1]]]",dev
1042,,,,NOT ENOUGH INFO,"Claim: Margaret Thatcher was the most respected politician within the Conservative Party in the UK between 1973 and 1977.

Evidence: [[[176557, null, ""Margaret_Thatcher"", -1], [176557, null, ""Leader_of_the_Conservative_Party_-LRB-UK-RRB-"", -1]]]",,,,,0.0,,,,0.0,,fever,501042,Margaret Thatcher was the most respected politician within the Conservative Party in the UK between 1973 and 1977.,"[[[176557, null, ""Margaret_Thatcher"", -1], [176557, null, ""Leader_of_the_Conservative_Party_-LRB-UK-RRB-"", -1]]]",dev
1043,,,,SUPPORTS,"Claim: Basal electrical rhythm is the collection of electrical activity related to a series of organs, such as the stomach or duodenum.

Evidence: [[[null, null, ""Basal_electrical_rhythm"", ""0""], [null, null, ""Basal_electrical_rhythm"", ""4""]]]",,,,,0.0,,,,0.0,,fever,501043,"Basal electrical rhythm is the collection of electrical activity related to a series of organs, such as the stomach or duodenum.","[[[null, null, ""Basal_electrical_rhythm"", ""0""], [null, null, ""Basal_electrical_rhythm"", ""4""]]]",dev
1044,,,,REFUTES,"Claim: The Originals (TV series) is based on English language broadcast television network that originated from the United States.

Evidence: [[[253266, 253156, ""The_Originals_-LRB-TV_series-RRB-"", 1]]]",,,,,0.0,,,,0.0,,fever,501044,The Originals (TV series) is based on English language broadcast television network that originated from the United States.,"[[[253266, 253156, ""The_Originals_-LRB-TV_series-RRB-"", 1]]]",dev
1045,,,,NOT ENOUGH INFO,"Claim: There exists a religious leader that goes by the name of William Cohen.

Evidence: [[[220632, null, null, null]]]",,,,,0.0,,,,0.0,,fever,501045,There exists a religious leader that goes by the name of William Cohen.,"[[[220632, null, null, null]]]",dev
1046,,,,REFUTES,"Claim: Elizabeth Olsen is a person and is a mayor.

Evidence: [[[161423, 175917, ""Elizabeth_Olsen"", 0]]]",,,,,0.0,,,,0.0,,fever,501046,Elizabeth Olsen is a person and is a mayor.,"[[[161423, 175917, ""Elizabeth_Olsen"", 0]]]",dev
1047,,,,NOT ENOUGH INFO,"Claim: French Indochina was a grouping of French colonial territories in the hottest years of the twentieth century.

Evidence: [[[125912, null, ""French_Indochina"", -1]]]",,,,,0.0,,,,0.0,,fever,501047,French Indochina was a grouping of French colonial territories in the hottest years of the twentieth century.,"[[[125912, null, ""French_Indochina"", -1]]]",dev
1048,,,,SUPPORTS,"Claim: The area of Siirt Province is larger than the area of Shorapur.

Evidence: [[[89, 160, ""Siirt_Province"", 2], [89, 161, ""Yadgir_district"", 3], [89, 162, ""Shorapur"", 0]]]",,,,,0.0,,,,0.0,,fever,501048,The area of Siirt Province is larger than the area of Shorapur.,"[[[89, 160, ""Siirt_Province"", 2], [89, 161, ""Yadgir_district"", 3], [89, 162, ""Shorapur"", 0]]]",dev
1049,,,,NOT ENOUGH INFO,"Claim: There exists a director of cinematography called Ayananka Bose.

Evidence: [[[146272, null, null, null]]]",,,,,0.0,,,,0.0,,fever,501049,There exists a director of cinematography called Ayananka Bose.,"[[[146272, null, null, null]]]",dev
1050,,,,NOT ENOUGH INFO,"Claim: There exists a unit that practices biological medicine called Weill Cornell Medicine.

Evidence: [[[183664, null, null, null]]]",,,,,0.0,,,,0.0,,fever,501050,There exists a unit that practices biological medicine called Weill Cornell Medicine.,"[[[183664, null, null, null]]]",dev
1051,,,,SUPPORTS,"Claim: The area of Lunda Norte Province is larger than the area of Teterow.

Evidence: [[[116, 241, ""Lunda_Norte_Province"", 1], [116, 242, ""Tete_Province"", 1], [116, 243, ""Teterow"", 0]]]",,,,,0.0,,,,0.0,,fever,501051,The area of Lunda Norte Province is larger than the area of Teterow.,"[[[116, 241, ""Lunda_Norte_Province"", 1], [116, 242, ""Tete_Province"", 1], [116, 243, ""Teterow"", 0]]]",dev
1052,,,,SUPPORTS,"Claim: 1934 is not the approximate time at which the person Dawood Ibrahim was born.

Evidence: [[[207528, 215774, ""Dawood_Ibrahim"", 0]]]",,,,,0.0,,,,0.0,,fever,501052,1934 is not the approximate time at which the person Dawood Ibrahim was born.,"[[[207528, 215774, ""Dawood_Ibrahim"", 0]]]",dev
1053,,,,REFUTES,"Claim: Email filtering output is capable of throwing messages away and output is capable of delivering unchanged frogs.

Evidence: [[[66708, 77530, ""Email_filtering"", 5]], [[66709, 77531, ""Email_filtering"", 5]]]",,,,,0.0,,,,0.0,,fever,501053,Email filtering output is capable of throwing messages away and output is capable of delivering unchanged frogs.,"[[[66708, 77530, ""Email_filtering"", 5]], [[66709, 77531, ""Email_filtering"", 5]]]",dev
1054,,,,NOT ENOUGH INFO,"Claim: There was a professional wrestler in Mexico called Gory Guerrero.

Evidence: [[[251607, null, null, null]]]",,,,,0.0,,,,0.0,,fever,501054,There was a professional wrestler in Mexico called Gory Guerrero.,"[[[251607, null, null, null]]]",dev
1055,,,,SUPPORTS,"Claim: The area of Lunda Norte Province is larger than the area of Nyamapanda.

Evidence: [[[117, 244, ""Lunda_Norte_Province"", 1], [117, 245, ""Mashonaland_East_Province"", 1], [117, 246, ""Nyamapanda"", 0]]]",,,,,0.0,,,,0.0,,fever,501055,The area of Lunda Norte Province is larger than the area of Nyamapanda.,"[[[117, 244, ""Lunda_Norte_Province"", 1], [117, 245, ""Mashonaland_East_Province"", 1], [117, 246, ""Nyamapanda"", 0]]]",dev
1056,,,,REFUTES,"Claim: Latz is the widely spoken German (co official) language of Germany, Switzerland, Austria, South Tyrol, and the Czech Republic.

Evidence: [[[null, null, ""Latz"", ""0""]]]",,,,,0.0,,,,0.0,,fever,501056,"Latz is the widely spoken German (co official) language of Germany, Switzerland, Austria, South Tyrol, and the Czech Republic.","[[[null, null, ""Latz"", ""0""]]]",dev
1057,,,,SUPPORTS,"Claim: All the Prussian duke from the Hohenzollern family have Albert in their names.

Evidence: [[[33, 67, ""Albert,_Duke_of_Prussia"", 1], [33, 68, ""Albert,_Duke_of_Prussia"", 5], [33, 69, ""Albert_Frederick,_Duke_of_Prussia"", 2]]]",,,,,0.0,,,,0.0,,fever,501057,All the Prussian duke from the Hohenzollern family have Albert in their names.,"[[[33, 67, ""Albert,_Duke_of_Prussia"", 1], [33, 68, ""Albert,_Duke_of_Prussia"", 5], [33, 69, ""Albert_Frederick,_Duke_of_Prussia"", 2]]]",dev
1058,,,,REFUTES,"Claim: Bacteriophage consists of two structural components, made of protein (the phagein) and a cell membrane (the phagein-like protein).

Evidence: [[[null, null, ""Bacteriophage"", ""2""]]]",,,,,0.0,,,,0.0,,fever,501058,"Bacteriophage consists of two structural components, made of protein (the phagein) and a cell membrane (the phagein-like protein).","[[[null, null, ""Bacteriophage"", ""2""]]]",dev
1059,,,,REFUTES,"Claim: Peyton Manning won the SEC Championship after his younger brother was drafted.

Evidence: [[[0, 0, ""Peyton_Manning"", 3], [0, 0, ""Peyton_Manning"", 2], [0, 0, ""Eli_Manning"", 2]], [[0, 0, ""Eli_Manning"", 3], [0, 0, ""Peyton_Manning"", 2], [0, 0, ""Eli_Manning"", 2]]]",,,,,0.0,,,,0.0,,fever,501059,Peyton Manning won the SEC Championship after his younger brother was drafted.,"[[[0, 0, ""Peyton_Manning"", 3], [0, 0, ""Peyton_Manning"", 2], [0, 0, ""Eli_Manning"", 2]], [[0, 0, ""Eli_Manning"", 3], [0, 0, ""Peyton_Manning"", 2], [0, 0, ""Eli_Manning"", 2]]]",dev
1060,,,,REFUTES,"Claim: There was not a Pre-Code film that went by the name of The Invisible Man.

Evidence: [[[82390, 94164, ""The_Invisible_Man_-LRB-film-RRB-"", 0]]]",,,,,0.0,,,,0.0,,fever,501060,There was not a Pre-Code film that went by the name of The Invisible Man.,"[[[82390, 94164, ""The_Invisible_Man_-LRB-film-RRB-"", 0]]]",dev
1061,,,,NOT ENOUGH INFO,"Claim: The Prowler was created by Stan Lee, John Buscema, and Jim Mooney after 1960.

Evidence: [[[116286, null, ""List_of_Marvel_Comics_people"", -1]]]",,,,,0.0,,,,0.0,,fever,501061,"The Prowler was created by Stan Lee, John Buscema, and Jim Mooney after 1960.","[[[116286, null, ""List_of_Marvel_Comics_people"", -1]]]",dev
1062,,,,SUPPORTS,"Claim: Chris Paul is definitely not a two-time Olympic silver winner.

Evidence: [[[64876, 75734, ""Chris_Paul"", 1]]]",,,,,0.0,,,,0.0,,fever,501062,Chris Paul is definitely not a two-time Olympic silver winner.,"[[[64876, 75734, ""Chris_Paul"", 1]]]",dev
1063,,,,SUPPORTS,"Claim: American Library Association is the most prodigious library association

Evidence: [[[224603, 229430, ""American_Library_Association"", 1]], [[224606, 229432, ""American_Library_Association"", 1]]]",,,,,0.0,,,,0.0,,fever,501063,American Library Association is the most prodigious library association,"[[[224603, 229430, ""American_Library_Association"", 1]], [[224606, 229432, ""American_Library_Association"", 1]]]",dev
1064,,,,Not Enough Info,"Claim: The area of Lissagurraun is larger than the area of Sangardo.

Evidence: [[[176, 415, null, null]]]",,,,,0.0,,,,0.0,,fever,501064,The area of Lissagurraun is larger than the area of Sangardo.,"[[[176, 415, null, null]]]",dev
1065,,,,REFUTES,"Claim: Prague's historic center was first included in the UNESCO list of World Heritage Sites 6 years after 1992.

Evidence: [[[40412, 48631, ""Prague"", 16]], [[43474, 52117, ""Prague"", 16]], [[45690, 54557, ""Prague"", 16]], [[302099, 293153, ""Prague"", 16]], [[302100, 293154, ""Prague"", 16]], [[304710, 295516, ""Prague"", 16]]]",,,,,0.0,,,,0.0,,fever,501065,Prague's historic center was first included in the UNESCO list of World Heritage Sites 6 years after 1992.,"[[[40412, 48631, ""Prague"", 16]], [[43474, 52117, ""Prague"", 16]], [[45690, 54557, ""Prague"", 16]], [[302099, 293153, ""Prague"", 16]], [[302100, 293154, ""Prague"", 16]], [[304710, 295516, ""Prague"", 16]]]",dev
1066,,,,REFUTES,"Claim: There does not exist a thespian called Benjamin Walker (actor).

Evidence: [[[186558, 198347, ""Benjamin_Walker_-LRB-actor-RRB-"", 0]]]",,,,,0.0,,,,0.0,,fever,501066,There does not exist a thespian called Benjamin Walker (actor).,"[[[186558, 198347, ""Benjamin_Walker_-LRB-actor-RRB-"", 0]]]",dev
1067,,,,REFUTES,"Claim: There is not an American hard rock band that goes by the name of Guns N' Roses.

Evidence: [[[69965, 80845, ""Guns_N'_Roses"", 0]], [[69965, 80846, ""Guns_N'_Roses"", 1], [69965, 80846, ""Slash_-LRB-musician-RRB-"", 1]], [[69965, 80847, ""Guns_N'_Roses"", 5], [69965, 80847, ""Appetite_for_Destruction"", 0]], [[69965, 80848, ""Guns_N'_Roses"", 8], [69965, 80848, ""Use_Your_Illusion_I"", 0]], [[69965, 80849, ""Guns_N'_Roses"", 13], [69965, 80849, ""Chinese_Democracy"", 0]]]",,,,,0.0,,,,0.0,,fever,501067,There is not an American hard rock band that goes by the name of Guns N' Roses.,"[[[69965, 80845, ""Guns_N'_Roses"", 0]], [[69965, 80846, ""Guns_N'_Roses"", 1], [69965, 80846, ""Slash_-LRB-musician-RRB-"", 1]], [[69965, 80847, ""Guns_N'_Roses"", 5], [69965, 80847, ""Appetite_for_Destruction"", 0]], [[69965, 80848, ""Guns_N'_Roses"", 8], [69965, 80848, ""Use_Your_Illusion_I"", 0]], [[69965, 80849, ""Guns_N'_Roses"", 13], [69965, 80849, ""Chinese_Democracy"", 0]]]",dev
1068,,,,SUPPORTS,"Claim: Jennifer Anniston appeared in Along Came Polly while her father was playing the role of Victor Kiriakis

Evidence: [[[0, 0, ""Jennifer_Aniston"", 1], [0, 0, ""Jennifer_Aniston"", 9], [0, 0, ""John_Aniston"", 1]], [[0, 0, ""John_Aniston"", 2], [0, 0, ""Jennifer_Aniston"", 9], [0, 0, ""John_Aniston"", 1]]]",,,,,0.0,,,,0.0,,fever,501068,Jennifer Anniston appeared in Along Came Polly while her father was playing the role of Victor Kiriakis,"[[[0, 0, ""Jennifer_Aniston"", 1], [0, 0, ""Jennifer_Aniston"", 9], [0, 0, ""John_Aniston"", 1]], [[0, 0, ""John_Aniston"", 2], [0, 0, ""Jennifer_Aniston"", 9], [0, 0, ""John_Aniston"", 1]]]",dev
1069,,,,NOT ENOUGH INFO,"Claim: Syed Anwar Ahmed was an initial cast member from North Indian television series, that aired on Plus One.

Evidence: [[[null, null, null, null]]]",,,,,0.0,,,,0.0,,fever,501069,"Syed Anwar Ahmed was an initial cast member from North Indian television series, that aired on Plus One.","[[[null, null, null, null]]]",dev
1070,,,,NOT ENOUGH INFO,"Claim: Stephen Moyer worked with Ron Perlman as his commander in Prince Valiant

Evidence: [[[219550, 225532, ""Stephen_Moyer"", 3]]]",,,,,0.0,,,,0.0,,fever,501070,Stephen Moyer worked with Ron Perlman as his commander in Prince Valiant,"[[[219550, 225532, ""Stephen_Moyer"", 3]]]",dev
1071,,,,Not Enough Info,"Claim: Thomas Jefferson is the first president of US to have college education.

Evidence: [[[21, 44, null, null]]]",,,,,0.0,,,,0.0,,fever,501071,Thomas Jefferson is the first president of US to have college education.,"[[[21, 44, null, null]]]",dev
1072,,,,REFUTES,"Claim: A staging area is not a location.

Evidence: [[[225574, 230195, ""Staging_area"", 0]]]",,,,,0.0,,,,0.0,,fever,501072,A staging area is not a location.,"[[[225574, 230195, ""Staging_area"", 0]]]",dev
1073,,,,NOT ENOUGH INFO,"Claim: Java is in Indonesia and was formed by volcanic eruptions Pleistocene Era.

Evidence: [[[null, null, null, null]]]",,,,,0.0,,,,0.0,,fever,501073,Java is in Indonesia and was formed by volcanic eruptions Pleistocene Era.,"[[[null, null, null, null]]]",dev
1074,,,,REFUTES,"Claim: See.SZA.Run is just impacted by soul

Evidence: [[[251097, 251041, ""See.SZA.Run"", 5]]]",,,,,0.0,,,,0.0,,fever,501074,See.SZA.Run is just impacted by soul,"[[[251097, 251041, ""See.SZA.Run"", 5]]]",dev
1075,,,,REFUTES,"Claim: One of the former owners of A.C. Milan was ranked in the top 200 richest people in the world at the same time that Milan hosted the Universal Exposition.

Evidence: [[[0, 0, ""Silvio_Berlusconi"", 3], [0, 0, ""Silvio_Berlusconi"", 5], [0, 0, ""Milan"", 20]]]",,,,,0.0,,,,0.0,,fever,501075,One of the former owners of A.C. Milan was ranked in the top 200 richest people in the world at the same time that Milan hosted the Universal Exposition.,"[[[0, 0, ""Silvio_Berlusconi"", 3], [0, 0, ""Silvio_Berlusconi"", 5], [0, 0, ""Milan"", 20]]]",dev
1076,,,,SUPPORTS,"Claim: There does not exist an exact adaptation of the video game series that goes by the name of Resident Evil.

Evidence: [[[250016, 250081, ""Resident_Evil_-LRB-film-RRB-"", 2]]]",,,,,0.0,,,,0.0,,fever,501076,There does not exist an exact adaptation of the video game series that goes by the name of Resident Evil.,"[[[250016, 250081, ""Resident_Evil_-LRB-film-RRB-"", 2]]]",dev
1077,,,,SUPPORTS,"Claim: There exists a division of a European company, it goes by the name of Mercedes-Benz.

Evidence: [[[151839, 166604, ""Mercedes-Benz"", 0]]]",,,,,0.0,,,,0.0,,fever,501077,"There exists a division of a European company, it goes by the name of Mercedes-Benz.","[[[151839, 166604, ""Mercedes-Benz"", 0]]]",dev
1078,,,,NOT ENOUGH INFO,"Claim: There exists a singer, it goes by the name of Eric Bana.

Evidence: [[[39464, null, null, null]]]",,,,,0.0,,,,0.0,,fever,501078,"There exists a singer, it goes by the name of Eric Bana.","[[[39464, null, null, null]]]",dev
1079,,,,SUPPORTS,"Claim: Simon Cowell was a part of a reality exhibition

Evidence: [[[176821, 189773, ""Simon_Cowell"", 1], [176821, 189773, ""Got_Talent"", 6]], [[176821, 189774, ""Simon_Cowell"", 0]], [[176821, 189775, ""Simon_Cowell"", 7], [176821, 189775, ""America's_Got_Talent_-LRB-season_11-RRB-"", 0]]]",,,,,0.0,,,,0.0,,fever,501079,Simon Cowell was a part of a reality exhibition,"[[[176821, 189773, ""Simon_Cowell"", 1], [176821, 189773, ""Got_Talent"", 6]], [[176821, 189774, ""Simon_Cowell"", 0]], [[176821, 189775, ""Simon_Cowell"", 7], [176821, 189775, ""America's_Got_Talent_-LRB-season_11-RRB-"", 0]]]",dev
1080,,,,NOT ENOUGH INFO,"Claim: Bhagat Singh was an Indian citizen born in Punjab.

Evidence: [[[null, null, ""Onepiece"", -1]]]",,,,,0.0,,,,0.0,,fever,501080,Bhagat Singh was an Indian citizen born in Punjab.,"[[[null, null, ""Onepiece"", -1]]]",dev
1081,,,,SUPPORTS,"Claim: Several awards have been given to Bala for his labor

Evidence: [[[229461, 233384, ""Bala_-LRB-director-RRB-"", 2]]]",,,,,0.0,,,,0.0,,fever,501081,Several awards have been given to Bala for his labor,"[[[229461, 233384, ""Bala_-LRB-director-RRB-"", 2]]]",dev
1082,,,,NOT ENOUGH INFO,"Claim: There is a form of cancer, it is called The United States dollar.

Evidence: [[[68207, null, null, null], [70295, null, null, null], [70968, null, null, null], [303838, null, null, null], [305528, null, null, null]]]",,,,,0.0,,,,0.0,,fever,501082,"There is a form of cancer, it is called The United States dollar.","[[[68207, null, null, null], [70295, null, null, null], [70968, null, null, null], [303838, null, null, null], [305528, null, null, null]]]",dev
1083,,,,NOT ENOUGH INFO,"Claim: James Earl Jones was a voice actor in a movie and was a member of the team.

Evidence: [[[null, null, null, null]]]",,,,,0.0,,,,0.0,,fever,501083,James Earl Jones was a voice actor in a movie and was a member of the team.,"[[[null, null, null, null]]]",dev
1084,,,,NOT ENOUGH INFO,"Claim: The singer of the song Despacito does not use his band's name on stage.

Evidence: [[[null, null, ""Starrcade"", -1]]]",,,,,0.0,,,,0.0,,fever,501084,The singer of the song Despacito does not use his band's name on stage.,"[[[null, null, ""Starrcade"", -1]]]",dev
1085,,,,NOT ENOUGH INFO,"Claim: There exists an Afroasiatic language called The Maltese language.

Evidence: [[[284725, null, null, null], [285501, null, null, null], [331064, null, null, null], [332128, null, null, null]]]",,,,,0.0,,,,0.0,,fever,501085,There exists an Afroasiatic language called The Maltese language.,"[[[284725, null, null, null], [285501, null, null, null], [331064, null, null, null], [332128, null, null, null]]]",dev
1086,,,,REFUTES,"Claim: There exists a bear that goes by the name of Jonah Hill.

Evidence: [[[161513, 175971, ""Jonah_Hill"", 0]]]",,,,,0.0,,,,0.0,,fever,501086,There exists a bear that goes by the name of Jonah Hill.,"[[[161513, 175971, ""Jonah_Hill"", 0]]]",dev
1087,,,,SUPPORTS,"Claim: Austin Lee Russells is the factual name of Chumlee

Evidence: [[[154865, 169615, ""Chumlee"", 0]]]",,,,,0.0,,,,0.0,,fever,501087,Austin Lee Russells is the factual name of Chumlee,"[[[154865, 169615, ""Chumlee"", 0]]]",dev
1088,,,,NOT ENOUGH INFO,"Claim: There is a public school called PBS.

Evidence: [[[255823, null, null, null]]]",,,,,0.0,,,,0.0,,fever,501088,There is a public school called PBS.,"[[[255823, null, null, null]]]",dev
1089,,,,SUPPORTS,"Claim: Prague's historic center was first included in the UNESCO list of World Heritage Sites 3 years after 1989.

Evidence: [[[40412, 48631, ""Prague"", 16]], [[43474, 52117, ""Prague"", 16]], [[45690, 54557, ""Prague"", 16]], [[302099, 293153, ""Prague"", 16]], [[302100, 293154, ""Prague"", 16]], [[304710, 295516, ""Prague"", 16]]]",,,,,0.0,,,,0.0,,fever,501089,Prague's historic center was first included in the UNESCO list of World Heritage Sites 3 years after 1989.,"[[[40412, 48631, ""Prague"", 16]], [[43474, 52117, ""Prague"", 16]], [[45690, 54557, ""Prague"", 16]], [[302099, 293153, ""Prague"", 16]], [[302100, 293154, ""Prague"", 16]], [[304710, 295516, ""Prague"", 16]]]",dev
1090,,,,SUPPORTS,"Claim: Papercut is a song by Russian-German DJ Zedd

Evidence: [[[49192, 58517, ""Papercut_-LRB-Zedd_song-RRB-"", 0]]]",,,,,0.0,,,,0.0,,fever,501090,Papercut is a song by Russian-German DJ Zedd,"[[[49192, 58517, ""Papercut_-LRB-Zedd_song-RRB-"", 0]]]",dev
1091,,,,REFUTES,"Claim: There does not exist a city in Middlesex County that goes by the name of Watertown, Massachusetts.

Evidence: [[[48799, 58125, ""Watertown,_Massachusetts"", 0]]]",,,,,0.0,,,,0.0,,fever,501091,"There does not exist a city in Middlesex County that goes by the name of Watertown, Massachusetts.","[[[48799, 58125, ""Watertown,_Massachusetts"", 0]]]",dev
1092,,,,SUPPORTS,"Claim: There is a novel by Charles Dickens written in the 1850s, they are called Little Dorrit.

Evidence: [[[34028, 41270, ""Little_Dorrit"", 0]]]",,,,,0.0,,,,0.0,,fever,501092,"There is a novel by Charles Dickens written in the 1850s, they are called Little Dorrit.","[[[34028, 41270, ""Little_Dorrit"", 0]]]",dev
1093,,,,SUPPORTS,"Claim: There does not exist a phone called Agent Raghav – Crime Branch.

Evidence: [[[279886, 274497, ""Agent_Raghav_\u2013_Crime_Branch"", 0]], [[281587, 275963, ""Agent_Raghav_\u2013_Crime_Branch"", 0]], [[328490, 315521, ""Agent_Raghav_\u2013_Crime_Branch"", 0]], [[329182, 316071, ""Agent_Raghav_\u2013_Crime_Branch"", 0]]]",,,,,0.0,,,,0.0,,fever,501093,There does not exist a phone called Agent Raghav – Crime Branch.,"[[[279886, 274497, ""Agent_Raghav_\u2013_Crime_Branch"", 0]], [[281587, 275963, ""Agent_Raghav_\u2013_Crime_Branch"", 0]], [[328490, 315521, ""Agent_Raghav_\u2013_Crime_Branch"", 0]], [[329182, 316071, ""Agent_Raghav_\u2013_Crime_Branch"", 0]]]",dev
1094,,,,SUPPORTS,"Claim: The Challenge XXX Dirty 30 is a season of an American TV exhibit

Evidence: [[[27860, 34144, ""The_Challenge_XXX-COLON-_Dirty_30"", 0], [27860, 34144, ""MTV"", 0]]]",,,,,0.0,,,,0.0,,fever,501094,The Challenge XXX Dirty 30 is a season of an American TV exhibit,"[[[27860, 34144, ""The_Challenge_XXX-COLON-_Dirty_30"", 0], [27860, 34144, ""MTV"", 0]]]",dev
1095,,,,SUPPORTS,"Claim: The controlling shareholder of Mediaset was ranked in the top 15 most powerful people after the company began broadcasting.

Evidence: [[[0, 0, ""Silvio_Berlusconi"", 3], [0, 0, ""Silvio_Berlusconi"", 6], [0, 0, ""Mediaset"", 5]], [[0, 0, ""Mediaset"", 1], [0, 0, ""Silvio_Berlusconi"", 6], [0, 0, ""Mediaset"", 5]]]",,,,,0.0,,,,0.0,,fever,501095,The controlling shareholder of Mediaset was ranked in the top 15 most powerful people after the company began broadcasting.,"[[[0, 0, ""Silvio_Berlusconi"", 3], [0, 0, ""Silvio_Berlusconi"", 6], [0, 0, ""Mediaset"", 5]], [[0, 0, ""Mediaset"", 1], [0, 0, ""Silvio_Berlusconi"", 6], [0, 0, ""Mediaset"", 5]]]",dev
1096,,,,NOT ENOUGH INFO,"Claim: Internet access is required to access Facebook and servers and access started in the United States of America.

Evidence: [[[null, null, null, null]]]",,,,,0.0,,,,0.0,,fever,501096,Internet access is required to access Facebook and servers and access started in the United States of America.,"[[[null, null, null, null]]]",dev
1097,,,,REFUTES,"Claim: Kevin Bacon acted in The Woodsman when he was 93 years old and appeared in a film Barry Levinson directed.

Evidence: [[[229170, 233195, ""Kevin_Bacon"", 2], [229170, 233195, ""The_Woodsman_-LRB-2004_film-RRB-"", 0], [229170, 233195, ""Kevin_Bacon"", 0]]]",,,,,0.0,,,,0.0,,fever,501097,Kevin Bacon acted in The Woodsman when he was 93 years old and appeared in a film Barry Levinson directed.,"[[[229170, 233195, ""Kevin_Bacon"", 2], [229170, 233195, ""The_Woodsman_-LRB-2004_film-RRB-"", 0], [229170, 233195, ""Kevin_Bacon"", 0]]]",dev
1098,,,,NOT ENOUGH INFO,"Claim: In the country Czech Republic Blank Space is on a superior 10 list

Evidence: [[[270791, 266792, ""Blank_Space"", 10]]]",,,,,0.0,,,,0.0,,fever,501098,In the country Czech Republic Blank Space is on a superior 10 list,"[[[270791, 266792, ""Blank_Space"", 10]]]",dev
1099,,,,REFUTES,"Claim: The Endless River is a the first studio album by a band founded in 1965 by  Syd Barrett and others

Evidence: [[[null, null, ""The_Endless_River"", 0], [null, null, ""Pink_Floyd"", 5]]]",,,,,0.0,,,,0.0,,fever,501099,The Endless River is a the first studio album by a band founded in 1965 by  Syd Barrett and others,"[[[null, null, ""The_Endless_River"", 0], [null, null, ""Pink_Floyd"", 5]]]",dev
1100,,,,NOT ENOUGH INFO,"Claim: There is a Latin word, it is called Aristocracy.

Evidence: [[[262100, null, null, null]]]",,,,,0.0,,,,0.0,,fever,501100,"There is a Latin word, it is called Aristocracy.","[[[262100, null, null, null]]]",dev
1101,,,,NOT ENOUGH INFO,"Claim: Chris Bosh was incapable of winning his first NFL Finals title in the year when Obama was first elected as a president.

Evidence: [[[null, null, ""Starrcade"", -1]]]",,,,,0.0,,,,0.0,,fever,501101,Chris Bosh was incapable of winning his first NFL Finals title in the year when Obama was first elected as a president.,"[[[null, null, ""Starrcade"", -1]]]",dev
1102,,,,REFUTES,"Claim: There exists a real person, it goes by the name of Daenerys Targaryen.

Evidence: [[[101378, 114606, ""Daenerys_Targaryen"", 0]], [[101378, 114607, ""Daenerys_Targaryen"", 5], [101378, 114607, ""A_Game_of_Thrones"", 0]], [[101378, 114608, ""Daenerys_Targaryen"", 6], [101378, 114608, ""A_Clash_of_Kings"", 0]], [[101378, 114609, ""Daenerys_Targaryen"", 7], [101378, 114609, ""A_Dance_with_Dragons"", 0]], [[101378, 114610, ""Daenerys_Targaryen"", 10], [101378, 114610, ""World_of_A_Song_of_Ice_and_Fire"", 0]], [[101378, 114611, ""Daenerys_Targaryen"", 11], [101378, 114611, ""Viserys_Targaryen"", 0]], [[101378, 114612, ""Daenerys_Targaryen"", 12], [101378, 114612, ""Khal_Drogo"", 0]], [[101378, 114613, ""Daenerys_Targaryen"", 14], [101378, 114613, ""Iron_Throne_-LRB-A_Song_of_Ice_and_Fire-RRB-"", 0]], [[101378, 114614, ""Daenerys_Targaryen"", 21]]]",,,,,0.0,,,,0.0,,fever,501102,"There exists a real person, it goes by the name of Daenerys Targaryen.","[[[101378, 114606, ""Daenerys_Targaryen"", 0]], [[101378, 114607, ""Daenerys_Targaryen"", 5], [101378, 114607, ""A_Game_of_Thrones"", 0]], [[101378, 114608, ""Daenerys_Targaryen"", 6], [101378, 114608, ""A_Clash_of_Kings"", 0]], [[101378, 114609, ""Daenerys_Targaryen"", 7], [101378, 114609, ""A_Dance_with_Dragons"", 0]], [[101378, 114610, ""Daenerys_Targaryen"", 10], [101378, 114610, ""World_of_A_Song_of_Ice_and_Fire"", 0]], [[101378, 114611, ""Daenerys_Targaryen"", 11], [101378, 114611, ""Viserys_Targaryen"", 0]], [[101378, 114612, ""Daenerys_Targaryen"", 12], [101378, 114612, ""Khal_Drogo"", 0]], [[101378, 114613, ""Daenerys_Targaryen"", 14], [101378, 114613, ""Iron_Throne_-LRB-A_Song_of_Ice_and_Fire-RRB-"", 0]], [[101378, 114614, ""Daenerys_Targaryen"", 21]]]",dev
1103,,,,REFUTES,"Claim: Charles Howard Hinton wasn't a math expert from Britain.

Evidence: [[[157569, 172167, ""Charles_Howard_Hinton"", 0]]]",,,,,0.0,,,,0.0,,fever,501103,Charles Howard Hinton wasn't a math expert from Britain.,"[[[157569, 172167, ""Charles_Howard_Hinton"", 0]]]",dev
1104,,,,NOT ENOUGH INFO,"Claim: There existed a critical failure with 20% on Rotten Tomatoes, it went by the name of Vampire Academy.

Evidence: [[[267609, null, null, null]]]",,,,,0.0,,,,0.0,,fever,501104,"There existed a critical failure with 20% on Rotten Tomatoes, it went by the name of Vampire Academy.","[[[267609, null, null, null]]]",dev
1105,,,,REFUTES,"Claim: The area of Khuldabad is larger than the area of Province of Huelva.

Evidence: [[[134, 295, ""Province_of_Huelva"", 5], [134, 296, ""Aurangabad_district,_Maharashtra"", 3], [134, 297, ""Khuldabad"", 0]]]",,,,,0.0,,,,0.0,,fever,501105,The area of Khuldabad is larger than the area of Province of Huelva.,"[[[134, 295, ""Province_of_Huelva"", 5], [134, 296, ""Aurangabad_district,_Maharashtra"", 3], [134, 297, ""Khuldabad"", 0]]]",dev
1106,,,,SUPPORTS,"Claim: Jean-Jacques Dessalines was the first ruler of independent Hati in the 1800s.

Evidence: [[[193509, 204002, ""Jean-Jacques_Dessalines"", 0]]]",,,,,0.0,,,,0.0,,fever,501106,Jean-Jacques Dessalines was the first ruler of independent Hati in the 1800s.,"[[[193509, 204002, ""Jean-Jacques_Dessalines"", 0]]]",dev
1107,,,,REFUTES,"Claim: You Only Live Twice is the first James Bond film directed by Lewis Gilbert in the 1970s.

Evidence: [[[215793, 222574, ""You_Only_Live_Twice_-LRB-film-RRB-"", 12], [215793, 222574, ""You_Only_Live_Twice_-LRB-film-RRB-"", 0]]]",,,,,0.0,,,,0.0,,fever,501107,You Only Live Twice is the first James Bond film directed by Lewis Gilbert in the 1970s.,"[[[215793, 222574, ""You_Only_Live_Twice_-LRB-film-RRB-"", 12], [215793, 222574, ""You_Only_Live_Twice_-LRB-film-RRB-"", 0]]]",dev
1108,,,,SUPPORTS,"Claim: There did not exist a documentary film about the death of Bruce Willis called A Good Day to Die Hard.

Evidence: [[[101742, 115002, ""A_Good_Day_to_Die_Hard"", 2]]]",,,,,0.0,,,,0.0,,fever,501108,There did not exist a documentary film about the death of Bruce Willis called A Good Day to Die Hard.,"[[[101742, 115002, ""A_Good_Day_to_Die_Hard"", 2]]]",dev
1109,,,,REFUTES,"Claim: The Woman in Black was abandoned by Hammer Film Productions before 2020 in favor of working on Freddie vs. Jason.

Evidence: [[[195186, 205506, ""Hammer_Film_Productions"", 17]], [[195189, 205508, ""Hammer_Film_Productions"", 17]], [[195217, 205530, ""Hammer_Film_Productions"", 17]]]",,,,,0.0,,,,0.0,,fever,501109,The Woman in Black was abandoned by Hammer Film Productions before 2020 in favor of working on Freddie vs. Jason.,"[[[195186, 205506, ""Hammer_Film_Productions"", 17]], [[195189, 205508, ""Hammer_Film_Productions"", 17]], [[195217, 205530, ""Hammer_Film_Productions"", 17]]]",dev
1110,,,,SUPPORTS,"Claim: There exists a publication of university rankings by Times Higher Education (THE) magazine called Times Higher Education World University Rankings.

Evidence: [[[145282, 160282, ""Times_Higher_Education_World_University_Rankings"", 0]], [[145285, 160285, ""Times_Higher_Education_World_University_Rankings"", 0]]]",,,,,0.0,,,,0.0,,fever,501110,There exists a publication of university rankings by Times Higher Education (THE) magazine called Times Higher Education World University Rankings.,"[[[145282, 160282, ""Times_Higher_Education_World_University_Rankings"", 0]], [[145285, 160285, ""Times_Higher_Education_World_University_Rankings"", 0]]]",dev
1111,,,,SUPPORTS,"Claim: Southampton F.C. came in second in the First Division before 1990 -- 1984.

Evidence: [[[267307, 264032, ""Southampton_F.C."", 9]]]",,,,,0.0,,,,0.0,,fever,501111,Southampton F.C. came in second in the First Division before 1990 -- 1984.,"[[[267307, 264032, ""Southampton_F.C."", 9]]]",dev
1112,,,,SUPPORTS,"Claim: Inside Llewyn Davis was screened for the festival which was named until 2002 as the International Film Festival

Evidence: [[[null, null, ""Inside_Llewyn_Davis"", 10], [null, null, ""Cannes_Film_Festival"", 0]]]",,,,,0.0,,,,0.0,,fever,501112,Inside Llewyn Davis was screened for the festival which was named until 2002 as the International Film Festival,"[[[null, null, ""Inside_Llewyn_Davis"", 10], [null, null, ""Cannes_Film_Festival"", 0]]]",dev
1113,,,,REFUTES,"Claim: There exists an episode of a TV series called The Challenge XXX: Dirty 30.

Evidence: [[[69297, 80076, ""The_Challenge_XXX-COLON-_Dirty_30"", 0]]]",,,,,0.0,,,,0.0,,fever,501113,There exists an episode of a TV series called The Challenge XXX: Dirty 30.,"[[[69297, 80076, ""The_Challenge_XXX-COLON-_Dirty_30"", 0]]]",dev
1114,,,,SUPPORTS,"Claim: Victor Frankenstein is not a piano tuning company.

Evidence: [[[91583, 104335, ""Victor_Frankenstein_-LRB-film-RRB-"", 0]], [[91583, 104336, ""Victor_Frankenstein_-LRB-film-RRB-"", 1], [91583, 104336, ""Paul_McGuigan_-LRB-filmmaker-RRB-"", 0], [91583, 104336, ""Max_Landis"", 0]], [[91583, 104337, ""Victor_Frankenstein_-LRB-film-RRB-"", 2]], [[91583, 104338, ""Victor_Frankenstein_-LRB-film-RRB-"", 5]], [[91583, 104339, ""Victor_Frankenstein_-LRB-film-RRB-"", 6]], [[91583, 104340, ""Victor_Frankenstein_-LRB-film-RRB-"", 7]], [[91583, 104341, ""Victor_Frankenstein_-LRB-film-RRB-"", 8]]]",,,,,0.0,,,,0.0,,fever,501114,Victor Frankenstein is not a piano tuning company.,"[[[91583, 104335, ""Victor_Frankenstein_-LRB-film-RRB-"", 0]], [[91583, 104336, ""Victor_Frankenstein_-LRB-film-RRB-"", 1], [91583, 104336, ""Paul_McGuigan_-LRB-filmmaker-RRB-"", 0], [91583, 104336, ""Max_Landis"", 0]], [[91583, 104337, ""Victor_Frankenstein_-LRB-film-RRB-"", 2]], [[91583, 104338, ""Victor_Frankenstein_-LRB-film-RRB-"", 5]], [[91583, 104339, ""Victor_Frankenstein_-LRB-film-RRB-"", 6]], [[91583, 104340, ""Victor_Frankenstein_-LRB-film-RRB-"", 7]], [[91583, 104341, ""Victor_Frankenstein_-LRB-film-RRB-"", 8]]]",dev
1115,,,,NOT ENOUGH INFO,"Claim: Colin Kaepernick is a person who plays soccer

Evidence: [[[155322, 170012, ""Colin_Kaepernick"", 0]], [[155322, 170013, ""Colin_Kaepernick"", 1]], [[155322, 170014, ""Colin_Kaepernick"", 2]], [[155322, 170015, ""Colin_Kaepernick"", 6]], [[155323, 170016, ""Colin_Kaepernick"", 0]], [[155323, 170017, ""Colin_Kaepernick"", 1]], [[155323, 170018, ""Colin_Kaepernick"", 2]], [[155323, 170019, ""Colin_Kaepernick"", 6]]]",,,,,0.0,,,,0.0,,fever,501115,Colin Kaepernick is a person who plays soccer,"[[[155322, 170012, ""Colin_Kaepernick"", 0]], [[155322, 170013, ""Colin_Kaepernick"", 1]], [[155322, 170014, ""Colin_Kaepernick"", 2]], [[155322, 170015, ""Colin_Kaepernick"", 6]], [[155323, 170016, ""Colin_Kaepernick"", 0]], [[155323, 170017, ""Colin_Kaepernick"", 1]], [[155323, 170018, ""Colin_Kaepernick"", 2]], [[155323, 170019, ""Colin_Kaepernick"", 6]]]",dev
1116,,,,SUPPORTS,"Claim: The Master Race is a 1944 American drama film.

Evidence: [[[49192, 58517, ""The_Master_Race_-LRB-film-RRB-"", 0]]]",,,,,0.0,,,,0.0,,fever,501116,The Master Race is a 1944 American drama film.,"[[[49192, 58517, ""The_Master_Race_-LRB-film-RRB-"", 0]]]",dev
1117,,,,NOT ENOUGH INFO,"Claim: Pristane is insoluble in water, but also soluble in methanol and ethanol.

Evidence: [[[null, null, null, null]]]",,,,,0.0,,,,0.0,,fever,501117,"Pristane is insoluble in water, but also soluble in methanol and ethanol.","[[[null, null, null, null]]]",dev
1118,,,,SUPPORTS,"Claim: The Adventures of Pluto Nash stars at least somebody that was born in the 20th century

Evidence: [[[66433, 77279, ""The_Adventures_of_Pluto_Nash"", 1], [66433, 77279, ""Randy_Quaid"", 0]]]",,,,,0.0,,,,0.0,,fever,501118,The Adventures of Pluto Nash stars at least somebody that was born in the 20th century,"[[[66433, 77279, ""The_Adventures_of_Pluto_Nash"", 1], [66433, 77279, ""Randy_Quaid"", 0]]]",dev
1119,,,,SUPPORTS,"Claim: There exists a song that Lynyrd Skynyrd wrote in reply to Neil Young's song Alabama, it goes by the name of Sweet Home Alabama.

Evidence: [[[235001, 237761, ""Sweet_Home_Alabama"", 4]], [[235001, 237762, ""Sweet_Home_Alabama"", 0]]]",,,,,0.0,,,,0.0,,fever,501119,"There exists a song that Lynyrd Skynyrd wrote in reply to Neil Young's song Alabama, it goes by the name of Sweet Home Alabama.","[[[235001, 237761, ""Sweet_Home_Alabama"", 4]], [[235001, 237762, ""Sweet_Home_Alabama"", 0]]]",dev
1120,,,,REFUTES,"Claim: The sympony written by Mykola Ovsianiko-Kulikovsky in 1809 contains Ukrainian folk songs.

Evidence: [[[13, 28, ""Mykola_Ovsianiko-Kulikovsky"", 3], [13, 29, ""Mykola_Ovsianiko-Kulikovsky"", 6], [13, 30, ""Mykola_Ovsianiko-Kulikovsky"", 7]]]",,,,,0.0,,,,0.0,,fever,501120,The sympony written by Mykola Ovsianiko-Kulikovsky in 1809 contains Ukrainian folk songs.,"[[[13, 28, ""Mykola_Ovsianiko-Kulikovsky"", 3], [13, 29, ""Mykola_Ovsianiko-Kulikovsky"", 6], [13, 30, ""Mykola_Ovsianiko-Kulikovsky"", 7]]]",dev
1121,,,,NOT ENOUGH INFO,"Claim: Uganda is north of Europe and was once under rule.

Evidence: [[[null, null, null, null]]]",,,,,0.0,,,,0.0,,fever,501121,Uganda is north of Europe and was once under rule.,"[[[null, null, null, null]]]",dev
1122,,,,NOT ENOUGH INFO,"Claim: There was a kingdom in the Caucasus and they are significant called Georgians arose from a place that.

Evidence: [[[94596, null, null, null]]]",,,,,0.0,,,,0.0,,fever,501122,There was a kingdom in the Caucasus and they are significant called Georgians arose from a place that.,"[[[94596, null, null, null]]]",dev
1123,,,,SUPPORTS,"Claim: There is a comedy, it is called Sausage Party.

Evidence: [[[96522, 109696, ""Sausage_Party"", 0]], [[96522, 109697, ""Sausage_Party"", 5]], [[96533, 109704, ""Sausage_Party"", 0]], [[96533, 109705, ""Sausage_Party"", 5]]]",,,,,0.0,,,,0.0,,fever,501123,"There is a comedy, it is called Sausage Party.","[[[96522, 109696, ""Sausage_Party"", 0]], [[96522, 109697, ""Sausage_Party"", 5]], [[96533, 109704, ""Sausage_Party"", 0]], [[96533, 109705, ""Sausage_Party"", 5]]]",dev
1124,,,,SUPPORTS,"Claim: Sweet Home Alabama was drafted in reply to Neil Young's song Southern Man

Evidence: [[[235007, 237766, ""Sweet_Home_Alabama"", 4]]]",,,,,0.0,,,,0.0,,fever,501124,Sweet Home Alabama was drafted in reply to Neil Young's song Southern Man,"[[[235007, 237766, ""Sweet_Home_Alabama"", 4]]]",dev
1125,,,,Not Enough Info,"Claim: The area of Ouassou is larger than the area of Musono.

Evidence: [[[187, 426, null, null]]]",,,,,0.0,,,,0.0,,fever,501125,The area of Ouassou is larger than the area of Musono.,"[[[187, 426, null, null]]]",dev
1126,,,,REFUTES,"Claim: Malta lies far to the south of the landmark Melita

Evidence: [[[293336, 285907, ""Malta"", 17]], [[337399, 322771, ""Malta"", 17]]]",,,,,0.0,,,,0.0,,fever,501126,Malta lies far to the south of the landmark Melita,"[[[293336, 285907, ""Malta"", 17]], [[337399, 322771, ""Malta"", 17]]]",dev
1127,,,,Not Enough Info,"Claim: The area of Chentang is larger than the area of Gougoudjé.

Evidence: [[[193, 432, null, null]]]",,,,,0.0,,,,0.0,,fever,501127,The area of Chentang is larger than the area of Gougoudjé.,"[[[193, 432, null, null]]]",dev
1128,,,,REFUTES,"Claim: There exists a Spanish dish that goes by the name of Mellila.

Evidence: [[[91812, 104616, ""Melilla"", 0]], [[91812, 104617, ""Melilla"", 1]], [[91812, 104618, ""Melilla"", 5]]]",,,,,0.0,,,,0.0,,fever,501128,There exists a Spanish dish that goes by the name of Mellila.,"[[[91812, 104616, ""Melilla"", 0]], [[91812, 104617, ""Melilla"", 1]], [[91812, 104618, ""Melilla"", 5]]]",dev
1129,,,,REFUTES,"Claim: Chen Jin made a breakthrough in microchip design in 2003.

Evidence: [[[10, 21, ""Chen_Jin_-LRB-computer_scientist-RRB-"", 9], [10, 22, ""Chen_Jin_-LRB-computer_scientist-RRB-"", 11]]]",,,,,0.0,,,,0.0,,fever,501129,Chen Jin made a breakthrough in microchip design in 2003.,"[[[10, 21, ""Chen_Jin_-LRB-computer_scientist-RRB-"", 9], [10, 22, ""Chen_Jin_-LRB-computer_scientist-RRB-"", 11]]]",dev
1130,,,,SUPPORTS,"Claim: There is a director, Steven Spielberg, who was not involved in the production of Spider-Man 2.

Evidence: [[[46865, 55895, ""Spider-Man_2"", 0]]]",,,,,0.0,,,,0.0,,fever,501130,"There is a director, Steven Spielberg, who was not involved in the production of Spider-Man 2.","[[[46865, 55895, ""Spider-Man_2"", 0]]]",dev
1131,,,,NOT ENOUGH INFO,"Claim: Smriti Mandhana is an Indian cricketer born in Mumbai.

Evidence: [[[null, null, ""Onepiece"", -1]]]",,,,,0.0,,,,0.0,,fever,501131,Smriti Mandhana is an Indian cricketer born in Mumbai.,"[[[null, null, ""Onepiece"", -1]]]",dev
1132,,,,REFUTES,"Claim: Varsity Blues (film) is not directed by someone who often collaborates with producer Michael Tollin

Evidence: [[[null, null, ""Varsity_Blues_-LRB-film-RRB-"", 0], [null, null, ""Brian_Robbins"", 1]]]",,,,,0.0,,,,0.0,,fever,501132,Varsity Blues (film) is not directed by someone who often collaborates with producer Michael Tollin,"[[[null, null, ""Varsity_Blues_-LRB-film-RRB-"", 0], [null, null, ""Brian_Robbins"", 1]]]",dev
1133,,,,REFUTES,"Claim: Efraim Diveroli had a five-year sentence and was sentenced to federal jail.

Evidence: [[[245236, 246101, ""Efraim_Diveroli"", 6]]]",,,,,0.0,,,,0.0,,fever,501133,Efraim Diveroli had a five-year sentence and was sentenced to federal jail.,"[[[245236, 246101, ""Efraim_Diveroli"", 6]]]",dev
1134,,,,SUPPORTS,"Claim: Raja Hindustani is not a tower in France.

Evidence: [[[82402, 94176, ""Raja_Hindustani"", 0]], [[82402, 94177, ""Raja_Hindustani"", 3]], [[82402, 94178, ""Raja_Hindustani"", 4], [82402, 94178, ""Nadeem\u2013Shravan"", 12]], [[82402, 94179, ""Raja_Hindustani"", 5]], [[82402, 94180, ""Raja_Hindustani"", 2], [82402, 94180, ""Aamir_Khan"", 9]], [[82402, 94181, ""Raja_Hindustani"", 8]], [[82402, 94182, ""Raja_Hindustani"", 9]], [[82402, 94183, ""Raja_Hindustani"", 12]], [[82402, 94184, ""Raja_Hindustani"", 13], [82402, 94184, ""Naanu_Naane"", 1]], [[82402, 94185, ""Raja_Hindustani"", 11], [82402, 94185, ""Karisma_Kapoor"", 12]], [[82410, 94190, ""Raja_Hindustani"", 0]], [[82410, 94191, ""Raja_Hindustani"", 2]], [[82410, 94192, ""Raja_Hindustani"", 3]], [[82410, 94193, ""Raja_Hindustani"", 4]], [[82410, 94194, ""Raja_Hindustani"", 5]], [[82410, 94195, ""Raja_Hindustani"", 8]], [[82410, 94196, ""Raja_Hindustani"", 9]], [[82410, 94197, ""Raja_Hindustani"", 10]], [[82410, 94198, ""Raja_Hindustani"", 13]], [[82410, 94199, ""Raja_Hindustani"", 14], [82410, 94199, ""Red_Chillies_Entertainment"", 0]]]",,,,,0.0,,,,0.0,,fever,501134,Raja Hindustani is not a tower in France.,"[[[82402, 94176, ""Raja_Hindustani"", 0]], [[82402, 94177, ""Raja_Hindustani"", 3]], [[82402, 94178, ""Raja_Hindustani"", 4], [82402, 94178, ""Nadeem\u2013Shravan"", 12]], [[82402, 94179, ""Raja_Hindustani"", 5]], [[82402, 94180, ""Raja_Hindustani"", 2], [82402, 94180, ""Aamir_Khan"", 9]], [[82402, 94181, ""Raja_Hindustani"", 8]], [[82402, 94182, ""Raja_Hindustani"", 9]], [[82402, 94183, ""Raja_Hindustani"", 12]], [[82402, 94184, ""Raja_Hindustani"", 13], [82402, 94184, ""Naanu_Naane"", 1]], [[82402, 94185, ""Raja_Hindustani"", 11], [82402, 94185, ""Karisma_Kapoor"", 12]], [[82410, 94190, ""Raja_Hindustani"", 0]], [[82410, 94191, ""Raja_Hindustani"", 2]], [[82410, 94192, ""Raja_Hindustani"", 3]], [[82410, 94193, ""Raja_Hindustani"", 4]], [[82410, 94194, ""Raja_Hindustani"", 5]], [[82410, 94195, ""Raja_Hindustani"", 8]], [[82410, 94196, ""Raja_Hindustani"", 9]], [[82410, 94197, ""Raja_Hindustani"", 10]], [[82410, 94198, ""Raja_Hindustani"", 13]], [[82410, 94199, ""Raja_Hindustani"", 14], [82410, 94199, ""Red_Chillies_Entertainment"", 0]]]",dev
1135,,,,REFUTES,"Claim: The cinematography of Far from the Madding Crowd was by an Indian film director.

Evidence: [[[null, null, ""Far_from_the_Madding_Crowd_-LRB-1967_film-RRB-"", 3], [null, null, ""Nicolas_Roeg"", 0]]]",,,,,0.0,,,,0.0,,fever,501135,The cinematography of Far from the Madding Crowd was by an Indian film director.,"[[[null, null, ""Far_from_the_Madding_Crowd_-LRB-1967_film-RRB-"", 3], [null, null, ""Nicolas_Roeg"", 0]]]",dev
1136,,,,SUPPORTS,"Claim: Syracuse, New York, had a population of 145,170 between 2007 and 2013.

Evidence: [[[198018, 207964, ""Syracuse,_New_York"", 2]]]",,,,,0.0,,,,0.0,,fever,501136,"Syracuse, New York, had a population of 145,170 between 2007 and 2013.","[[[198018, 207964, ""Syracuse,_New_York"", 2]]]",dev
1137,,,,NOT ENOUGH INFO,"Claim: Match Point in Tennis was a film by the third-greatest comedian of all times as per a UK survey.

Evidence: [[[null, null, ""Starrcade"", -1]]]",,,,,0.0,,,,0.0,,fever,501137,Match Point in Tennis was a film by the third-greatest comedian of all times as per a UK survey.,"[[[null, null, ""Starrcade"", -1]]]",dev
1138,,,,SUPPORTS,"Claim: There was a kingdom in the Caucasus, it was called Georgians arose from a place that.

Evidence: [[[31305, 38022, ""Georgians"", 4], [31305, 38022, ""Kingdom_of_Iberia"", 0]]]",,,,,0.0,,,,0.0,,fever,501138,"There was a kingdom in the Caucasus, it was called Georgians arose from a place that.","[[[31305, 38022, ""Georgians"", 4], [31305, 38022, ""Kingdom_of_Iberia"", 0]]]",dev
1139,,,,SUPPORTS,"Claim: The first governor of the Indiana Territory lived long enough to see it become a state.

Evidence: [[[0, 0, ""William_Henry_Harrison"", 8], [0, 0, ""William_Henry_Harrison"", 0], [0, 0, ""Indiana_Territory"", 0]], [[0, 0, ""Indiana_Territory"", 8], [0, 0, ""William_Henry_Harrison"", 0], [0, 0, ""Indiana_Territory"", 0]]]",,,,,0.0,,,,0.0,,fever,501139,The first governor of the Indiana Territory lived long enough to see it become a state.,"[[[0, 0, ""William_Henry_Harrison"", 8], [0, 0, ""William_Henry_Harrison"", 0], [0, 0, ""Indiana_Territory"", 0]], [[0, 0, ""Indiana_Territory"", 8], [0, 0, ""William_Henry_Harrison"", 0], [0, 0, ""Indiana_Territory"", 0]]]",dev
1140,,,,REFUTES,"Claim: The Cyclades are not in an elongated embayment of the Mediterranean Sea located between the Greek and Anatolian peninsulas

Evidence: [[[null, null, ""Aegean_Sea"", 0], [null, null, ""Cyclades"", 0]]]",,,,,0.0,,,,0.0,,fever,501140,The Cyclades are not in an elongated embayment of the Mediterranean Sea located between the Greek and Anatolian peninsulas,"[[[null, null, ""Aegean_Sea"", 0], [null, null, ""Cyclades"", 0]]]",dev
1141,,,,SUPPORTS,"Claim: Phoenix, Arizona is certainly not a state.

Evidence: [[[104517, 117936, ""Phoenix,_Arizona"", 0]], [[104517, 117937, ""Phoenix,_Arizona"", 1]], [[104517, 117938, ""Phoenix,_Arizona"", 6]]]",,,,,0.0,,,,0.0,,fever,501141,"Phoenix, Arizona is certainly not a state.","[[[104517, 117936, ""Phoenix,_Arizona"", 0]], [[104517, 117937, ""Phoenix,_Arizona"", 1]], [[104517, 117938, ""Phoenix,_Arizona"", 6]]]",dev
1142,,,,REFUTES,"Claim: There was not a place that went by the name of Project Y.

Evidence: [[[84342, 96477, ""Project_Y"", 0]], [[84342, 96478, ""Project_Y"", 23]], [[86915, 99376, ""Project_Y"", 0]], [[86915, 99377, ""Project_Y"", 3]], [[86915, 99378, ""Project_Y"", 4]], [[89109, 101805, ""Project_Y"", 0]], [[306245, 296975, ""Project_Y"", 0]], [[307431, 297936, ""Project_Y"", 0]]]",,,,,0.0,,,,0.0,,fever,501142,There was not a place that went by the name of Project Y.,"[[[84342, 96477, ""Project_Y"", 0]], [[84342, 96478, ""Project_Y"", 23]], [[86915, 99376, ""Project_Y"", 0]], [[86915, 99377, ""Project_Y"", 3]], [[86915, 99378, ""Project_Y"", 4]], [[89109, 101805, ""Project_Y"", 0]], [[306245, 296975, ""Project_Y"", 0]], [[307431, 297936, ""Project_Y"", 0]]]",dev
1143,,,,Not Enough Info,"Claim: Pukerua Bay in New Zealand had its name originated from the two highest hills in the area.

Evidence: [[[53, 92, null, null]]]",,,,,0.0,,,,0.0,,fever,501143,Pukerua Bay in New Zealand had its name originated from the two highest hills in the area.,"[[[53, 92, null, null]]]",dev
1144,,,,SUPPORTS,"Claim: There exists no Brazilian called Freddie Highmore.

Evidence: [[[78595, 90137, ""Freddie_Highmore"", 0]]]",,,,,0.0,,,,0.0,,fever,501144,There exists no Brazilian called Freddie Highmore.,"[[[78595, 90137, ""Freddie_Highmore"", 0]]]",dev
1145,,,,NOT ENOUGH INFO,"Claim: There exists a vegan that goes by the name of Matt Bomer.

Evidence: [[[97497, null, null, null]]]",,,,,0.0,,,,0.0,,fever,501145,There exists a vegan that goes by the name of Matt Bomer.,"[[[97497, null, null, null]]]",dev
1146,,,,Not Enough Info,"Claim: The Progress D-27's engine 's core is related to or derived from the D-36 turbofan which is a three-shaft turbofan.

Evidence: [[[52, 91, null, null]]]",,,,,0.0,,,,0.0,,fever,501146,The Progress D-27's engine 's core is related to or derived from the D-36 turbofan which is a three-shaft turbofan.,"[[[52, 91, null, null]]]",dev
1147,,,,NOT ENOUGH INFO,"Claim: Diwali spiritually signifies the victory of light over darkness and originated in France.

Evidence: [[[null, null, null, null]]]",,,,,0.0,,,,0.0,,fever,501147,Diwali spiritually signifies the victory of light over darkness and originated in France.,"[[[null, null, null, null]]]",dev
1148,,,,NOT ENOUGH INFO,"Claim: There was a place where mostly English people gathered, it was called Pocahontas attended a masque at Whitehall Palace which.

Evidence: [[[46498, null, null, null]]]",,,,,0.0,,,,0.0,,fever,501148,"There was a place where mostly English people gathered, it was called Pocahontas attended a masque at Whitehall Palace which.","[[[46498, null, null, null]]]",dev
1149,,,,NOT ENOUGH INFO,"Claim: Asylum Records is an American record label founded in 1971,September by two people.

Evidence: [[[null, null, ""Onepiece"", -1]]]",,,,,0.0,,,,0.0,,fever,501149,"Asylum Records is an American record label founded in 1971,September by two people.","[[[null, null, ""Onepiece"", -1]]]",dev
1150,,,,NOT ENOUGH INFO,"Claim: One of Macklemore's singles was number one in Canada before 2020.

Evidence: [[[179017, null, ""Macklemore_&_Ryan_Lewis"", -1]]]",,,,,0.0,,,,0.0,,fever,501150,One of Macklemore's singles was number one in Canada before 2020.,"[[[179017, null, ""Macklemore_&_Ryan_Lewis"", -1]]]",dev
1151,,,,REFUTES,"Claim: A View to a Kill is the third James Bond film directed by John Glen and released before 1980.

Evidence: [[[148970, 164011, ""A_View_to_a_Kill"", 6], [148970, 164011, ""A_View_to_a_Kill"", 0]]]",,,,,0.0,,,,0.0,,fever,501151,A View to a Kill is the third James Bond film directed by John Glen and released before 1980.,"[[[148970, 164011, ""A_View_to_a_Kill"", 6], [148970, 164011, ""A_View_to_a_Kill"", 0]]]",dev
1152,,,,REFUTES,"Claim: The area of Teteles de Ávila Castillo is larger than the area of Spain.

Evidence: [[[165, 388, ""Geography_of_Spain"", 4], [165, 389, ""Tete_Province"", 1], [165, 390, ""Teteles_de_\u00c1vila_Castillo"", 0]]]",,,,,0.0,,,,0.0,,fever,501152,The area of Teteles de Ávila Castillo is larger than the area of Spain.,"[[[165, 388, ""Geography_of_Spain"", 4], [165, 389, ""Tete_Province"", 1], [165, 390, ""Teteles_de_\u00c1vila_Castillo"", 0]]]",dev
1153,,,,REFUTES,"Claim: Any polygon may be dissected into any other polygon of the same area.

Evidence: [[[16, 35, ""Dissection_problem"", 5], [16, 36, ""Dissection_problem"", 6]]]",,,,,0.0,,,,0.0,,fever,501153,Any polygon may be dissected into any other polygon of the same area.,"[[[16, 35, ""Dissection_problem"", 5], [16, 36, ""Dissection_problem"", 6]]]",dev
1154,,,,NOT ENOUGH INFO,"Claim: Saturn is the sixth planet from the only planet in the solar system known to harbor life.

Evidence: [[[null, null, ""Starrcade"", -1]]]",,,,,0.0,,,,0.0,,fever,501154,Saturn is the sixth planet from the only planet in the solar system known to harbor life.,"[[[null, null, ""Starrcade"", -1]]]",dev
1155,,,,SUPPORTS,"Claim: Punch Drunk Love had an American film studio as a retailer

Evidence: [[[244768, 245689, ""Punch-Drunk_Love"", 4], [244768, 245689, ""Columbia_Pictures"", 0]]]",,,,,0.0,,,,0.0,,fever,501155,Punch Drunk Love had an American film studio as a retailer,"[[[244768, 245689, ""Punch-Drunk_Love"", 4], [244768, 245689, ""Columbia_Pictures"", 0]]]",dev
1156,,,,SUPPORTS,"Claim: David Spade starred in a 2015 American comedy film directed by Fred Wolf

Evidence: [[[null, null, ""David_Spade"", 2], [null, null, ""Joe_Dirt_2-COLON-_Beautiful_Loser"", 0]]]",,,,,0.0,,,,0.0,,fever,501156,David Spade starred in a 2015 American comedy film directed by Fred Wolf,"[[[null, null, ""David_Spade"", 2], [null, null, ""Joe_Dirt_2-COLON-_Beautiful_Loser"", 0]]]",dev
1157,,,,REFUTES,"Claim: Absinthe is a sports brand and has psychoactive properties that are exaggerated.

Evidence: [[[35359, 42861, ""Absinthe"", 0]]]",,,,,0.0,,,,0.0,,fever,501157,Absinthe is a sports brand and has psychoactive properties that are exaggerated.,"[[[35359, 42861, ""Absinthe"", 0]]]",dev
1158,,,,NOT ENOUGH INFO,"Claim: There exists a place, Argentina, that is where the person Ann Biderman started living.

Evidence: [[[196220, null, null, null], [196221, null, null, null]]]",,,,,0.0,,,,0.0,,fever,501158,"There exists a place, Argentina, that is where the person Ann Biderman started living.","[[[196220, null, null, null], [196221, null, null, null]]]",dev
1159,,,,REFUTES,"Claim: Doğan Öz, a parliamentary republic with diverse members, is the only one of the four Turkish representatives in the House of Representatives of Turkey, with a diverse membership.

Evidence: [[[null, null, ""Do\u011fan_\u00d6z"", ""0""]]]",,,,,0.0,,,,0.0,,fever,501159,"Doğan Öz, a parliamentary republic with diverse members, is the only one of the four Turkish representatives in the House of Representatives of Turkey, with a diverse membership.","[[[null, null, ""Do\u011fan_\u00d6z"", ""0""]]]",dev
1160,,,,NOT ENOUGH INFO,"Claim: Johan Cruyff is widely regarded as the greatest player of the 20th century.

Evidence: [[[177961, null, ""Johan_Cruyff"", -1]]]",,,,,0.0,,,,0.0,,fever,501160,Johan Cruyff is widely regarded as the greatest player of the 20th century.,"[[[177961, null, ""Johan_Cruyff"", -1]]]",dev
1161,,,,REFUTES,"Claim: Charles Howard Hinton was born at some other time than the 1800s.

Evidence: [[[83181, 95130, ""Charles_Howard_Hinton"", 0]]]",,,,,0.0,,,,0.0,,fever,501161,Charles Howard Hinton was born at some other time than the 1800s.,"[[[83181, 95130, ""Charles_Howard_Hinton"", 0]]]",dev
1162,,,,SUPPORTS,"Claim: Excuse My French is the debut album of Karim Kharbouch

Evidence: [[[null, null, ""Excuse_My_French_-LRB-album-RRB-"", 0], [null, null, ""French_Montana"", 0]]]",,,,,0.0,,,,0.0,,fever,501162,Excuse My French is the debut album of Karim Kharbouch,"[[[null, null, ""Excuse_My_French_-LRB-album-RRB-"", 0], [null, null, ""French_Montana"", 0]]]",dev
1163,,,,REFUTES,"Claim: Adam Lambert's album premiered at number one on the U.S. Billboard 200 4 years after 2005.

Evidence: [[[41738, 50185, ""Adam_Lambert"", 5]]]",,,,,0.0,,,,0.0,,fever,501163,Adam Lambert's album premiered at number one on the U.S. Billboard 200 4 years after 2005.,"[[[41738, 50185, ""Adam_Lambert"", 5]]]",dev
1164,,,,SUPPORTS,"Claim: Jamie Lee Curtis' mother is certainly not a Palestinian.

Evidence: [[[18897, 23144, ""Jamie_Lee_Curtis"", 12], [18897, 23144, ""Janet_Leigh"", 0]]]",,,,,0.0,,,,0.0,,fever,501164,Jamie Lee Curtis' mother is certainly not a Palestinian.,"[[[18897, 23144, ""Jamie_Lee_Curtis"", 12], [18897, 23144, ""Janet_Leigh"", 0]]]",dev
1165,,,,SUPPORTS,"Claim: Jennifer Aniston appeared in Horrible Bosses after her father first appeared in Days of Our Lives.

Evidence: [[[0, 0, ""Jennifer_Aniston"", 1], [0, 0, ""Jennifer_Aniston"", 7], [0, 0, ""John_Aniston"", 1]], [[0, 0, ""John_Aniston"", 2], [0, 0, ""Jennifer_Aniston"", 7], [0, 0, ""John_Aniston"", 1]]]",,,,,0.0,,,,0.0,,fever,501165,Jennifer Aniston appeared in Horrible Bosses after her father first appeared in Days of Our Lives.,"[[[0, 0, ""Jennifer_Aniston"", 1], [0, 0, ""Jennifer_Aniston"", 7], [0, 0, ""John_Aniston"", 1]], [[0, 0, ""John_Aniston"", 2], [0, 0, ""Jennifer_Aniston"", 7], [0, 0, ""John_Aniston"", 1]]]",dev
1166,,,,SUPPORTS,"Claim: Henry Cavill played a fictional character, a superhero appearing in American comic books published by DC Comics.

Evidence: [[[null, null, ""Henry_Cavill"", 8], [null, null, ""Superman"", 0]]]",,,,,0.0,,,,0.0,,fever,501166,"Henry Cavill played a fictional character, a superhero appearing in American comic books published by DC Comics.","[[[null, null, ""Henry_Cavill"", 8], [null, null, ""Superman"", 0]]]",dev
1167,,,,REFUTES,"Claim: Guitar Freaks is the first controller to be used in the computer game genre, but the controllers have become widespread.

Evidence: [[[null, null, ""Guitar_Freaks"", ""0""]]]",,,,,0.0,,,,0.0,,fever,501167,"Guitar Freaks is the first controller to be used in the computer game genre, but the controllers have become widespread.","[[[null, null, ""Guitar_Freaks"", ""0""]]]",dev
1168,,,,REFUTES,"Claim: Brad Wilk co-founded Rage with Tom Morello and Zack de la Rocha before 1940.

Evidence: [[[241394, 242932, ""Brad_Wilk"", 4]]]",,,,,0.0,,,,0.0,,fever,501168,Brad Wilk co-founded Rage with Tom Morello and Zack de la Rocha before 1940.,"[[[241394, 242932, ""Brad_Wilk"", 4]]]",dev
1169,,,,NOT ENOUGH INFO,"Claim: One of Macklemore's singles was number one in Canada in the 2010s.

Evidence: [[[179017, null, ""Macklemore_&_Ryan_Lewis"", -1]]]",,,,,0.0,,,,0.0,,fever,501169,One of Macklemore's singles was number one in Canada in the 2010s.,"[[[179017, null, ""Macklemore_&_Ryan_Lewis"", -1]]]",dev
1170,,,,REFUTES,"Claim: There is not a film called Stomp the Yard.

Evidence: [[[24966, 30831, ""Stomp_the_Yard"", 0]]]",,,,,0.0,,,,0.0,,fever,501170,There is not a film called Stomp the Yard.,"[[[24966, 30831, ""Stomp_the_Yard"", 0]]]",dev
1171,,,,SUPPORTS,"Claim: Meteora was a British racehorse

Evidence: [[[49192, 58517, ""Meteora_-LRB-horse-RRB-"", 0]]]",,,,,0.0,,,,0.0,,fever,501171,Meteora was a British racehorse,"[[[49192, 58517, ""Meteora_-LRB-horse-RRB-"", 0]]]",dev
1172,,,,REFUTES,"Claim: There is a director, Michael Bay only, who was involved in the production of The Chaperone (film).

Evidence: [[[238922, 240894, ""The_Chaperone_-LRB-film-RRB-"", 0]], [[238924, 240896, ""The_Chaperone_-LRB-film-RRB-"", 0]]]",,,,,0.0,,,,0.0,,fever,501172,"There is a director, Michael Bay only, who was involved in the production of The Chaperone (film).","[[[238922, 240894, ""The_Chaperone_-LRB-film-RRB-"", 0]], [[238924, 240896, ""The_Chaperone_-LRB-film-RRB-"", 0]]]",dev
1173,,,,SUPPORTS,"Claim: There is not a series of seven serial murders called Night of the Living Dead.

Evidence: [[[93188, 106109, ""Night_of_the_Living_Dead"", 0]]]",,,,,0.0,,,,0.0,,fever,501173,There is not a series of seven serial murders called Night of the Living Dead.,"[[[93188, 106109, ""Night_of_the_Living_Dead"", 0]]]",dev
