row_key,model,dataset_file,dataset,question,answer,confidence,correct,error,raw
184,deepseek-chat,fever480_160x3_complexity_wood_v1_lr_40_resplit,fever,Oscar the los Hoya was named Fighter of the Year,NOT ENOUGH INFO,0.9998463835373081,1,,"{""answer"": ""NOT ENOUGH INFO""}"
647,deepseek-chat,fever480_160x3_complexity_wood_v1_lr_40_resplit,fever,"The portrayor of a character that is based on Tim Canterbury from the original version of The Office was born on October 2, 1979",REFUTES,0.9959018985856127,1,,"{""answer"": ""REFUTES""}"
29,deepseek-chat,fever480_160x3_complexity_wood_v1_lr_40_resplit,fever,Dawood Ibrahim Kaskar was not from a place in  Mira-Bhayandar city of Thane district,REFUTES,0.9899301746133436,1,,"{""answer"": ""REFUTES""}"
1023,deepseek-chat,fever480_160x3_complexity_wood_v1_lr_40_resplit,fever,William Mycroft represented Derbyshire at cricket during the period of his career and represents the club on a regular basis.,REFUTES,0.9970118434340156,1,,"{""answer"": ""REFUTES""}"
1102,deepseek-chat,fever480_160x3_complexity_wood_v1_lr_40_resplit,fever,"There exists a real person, it goes by the name of Daenerys Targaryen.",REFUTES,0.9992106693517122,1,,"{""answer"": ""REFUTES""}"
720,deepseek-chat,fever480_160x3_complexity_wood_v1_lr_40_resplit,fever,There is not a work called The Giver.,REFUTES,0.9938610457978937,1,,"{""answer"": ""REFUTES""}"
949,deepseek-chat,fever480_160x3_complexity_wood_v1_lr_40_resplit,fever,Billboard Dad stars Robin Wright and is a motion picture.,NOT ENOUGH INFO,0.9992650739844214,1,,"{""answer"": ""NOT ENOUGH INFO""}"
549,deepseek-chat,fever480_160x3_complexity_wood_v1_lr_40_resplit,fever,"Côme Isaïe Rinfret was also a lawyer, serving as a justice of the peace, county councillor, and county sheriff.",NOT ENOUGH INFO,0.9998592129081602,1,,"{""answer"": ""NOT ENOUGH INFO""}"
910,deepseek-chat,fever480_160x3_complexity_wood_v1_lr_40_resplit,fever,"The area of Aurangabad district, Maharashtra is larger than the area of Ranala.",NOT ENOUGH INFO,0.9998446498519024,0,,"{""answer"": ""NOT ENOUGH INFO""}"
50,deepseek-chat,fever480_160x3_complexity_wood_v1_lr_40_resplit,fever,"There exists a part of the Ferrari Cartel, it goes by the name of MS-13.",NOT ENOUGH INFO,0.9998644140418796,1,,"{""answer"": ""NOT ENOUGH INFO""}"
48,deepseek-chat,fever480_160x3_complexity_wood_v1_lr_40_resplit,fever,The area of Madhya Pradesh is larger than the area of Xangongo.,SUPPORTS,0.6792893121822681,1,,"{""answer"": ""SUPPORTS""}"
254,deepseek-chat,fever480_160x3_complexity_wood_v1_lr_40_resplit,fever,"There was a structural failure, it was called Vampire Academy.",NOT ENOUGH INFO,0.9997101250277798,1,,"{""answer"": ""NOT ENOUGH INFO""}"
1153,deepseek-chat,fever480_160x3_complexity_wood_v1_lr_40_resplit,fever,Any polygon may be dissected into any other polygon of the same area.,REFUTES,0.9998550520139745,1,,"{""answer"": ""REFUTES""}"
973,deepseek-chat,fever480_160x3_complexity_wood_v1_lr_40_resplit,fever,There was a firefighter in France called Richard Dawson.,NOT ENOUGH INFO,0.9998803643814569,1,,"{""answer"": ""NOT ENOUGH INFO""}"
607,deepseek-chat,fever480_160x3_complexity_wood_v1_lr_40_resplit,fever,Tehran was a British  racehorse who raced during World War II,NOT ENOUGH INFO,0.9516010040577979,0,,"{""answer"": ""NOT ENOUGH INFO""}"
529,deepseek-chat,fever480_160x3_complexity_wood_v1_lr_40_resplit,fever,The area of Madhya Pradesh is larger than the area of Akkalkuwa.,SUPPORTS,0.9321811180001984,1,,"{""answer"": ""SUPPORTS""}"
428,deepseek-chat,fever480_160x3_complexity_wood_v1_lr_40_resplit,fever,"There exists a 1964 American independent horror film, it goes by the name of Night of the Living Dead.",NOT ENOUGH INFO,0.9878469596929819,1,,"{""answer"": ""NOT ENOUGH INFO""}"
102,deepseek-chat,fever480_160x3_complexity_wood_v1_lr_40_resplit,fever,Ashton Kutcher was directed by a person married to Amal Clooney.,NOT ENOUGH INFO,0.9999601198686882,1,,"{""answer"": ""NOT ENOUGH INFO""}"
566,deepseek-chat,fever480_160x3_complexity_wood_v1_lr_40_resplit,fever,Scipio Africanus  was a slave born to unknown parents from West Africa,REFUTES,0.9980839987978881,0,,"{""answer"": ""REFUTES""}"
446,deepseek-chat,fever480_160x3_complexity_wood_v1_lr_40_resplit,fever,There exists no unit called Weill Cornell Medicine.,REFUTES,0.9998040391335893,1,,"{""answer"": ""REFUTES""}"
619,deepseek-chat,fever480_160x3_complexity_wood_v1_lr_40_resplit,fever,The Fukushima Daiichi nuclear disaster happened after the Chernobyl accident.,SUPPORTS,0.9996084344287052,1,,"{""answer"": ""SUPPORTS""}"
975,deepseek-chat,fever480_160x3_complexity_wood_v1_lr_40_resplit,fever,The area of Kolaras is larger than the area of Spain.,REFUTES,0.9996791400715604,1,,"{""answer"": ""REFUTES""}"
854,deepseek-chat,fever480_160x3_complexity_wood_v1_lr_40_resplit,fever,Coins of the Swiss franc can be used just outside of Switzerland,NOT ENOUGH INFO,0.9997742647602159,1,,"{""answer"": ""NOT ENOUGH INFO""}"
936,deepseek-chat,fever480_160x3_complexity_wood_v1_lr_40_resplit,fever,"The area of Manica Province is larger than the area of Nerva, Spain.",NOT ENOUGH INFO,0.9984898277685202,0,,"{""answer"": ""NOT ENOUGH INFO""}"
649,deepseek-chat,fever480_160x3_complexity_wood_v1_lr_40_resplit,fever,The ruins of the ancient Roman town of Herculaneum lie near the regional capital of Campania,SUPPORTS,0.9962238157997955,1,,"{""answer"": ""SUPPORTS""}"
262,deepseek-chat,fever480_160x3_complexity_wood_v1_lr_40_resplit,fever,There does not exist a film called The Little Prince (2015 film).,REFUTES,0.9995861909949486,1,,"{""answer"": ""REFUTES""}"
314,deepseek-chat,fever480_160x3_complexity_wood_v1_lr_40_resplit,fever,"The person best known for co-creating  a musical comedy about two young Mormon missionaries who travel to Africa to preach the Mormon religion was born February 2, 1975",REFUTES,0.9959465386707198,1,,"{""answer"": ""REFUTES""}"
1080,deepseek-chat,fever480_160x3_complexity_wood_v1_lr_40_resplit,fever,Bhagat Singh was an Indian citizen born in Punjab.,NOT ENOUGH INFO,0.9998328608747548,1,,"{""answer"": ""NOT ENOUGH INFO""}"
755,deepseek-chat,fever480_160x3_complexity_wood_v1_lr_40_resplit,fever,The Saturn Award for Best Fantasy Film is given to the best imaginary cinematography,REFUTES,0.9418059024789298,0,,"{""answer"": ""REFUTES""}"
909,deepseek-chat,fever480_160x3_complexity_wood_v1_lr_40_resplit,fever,"There is a novel, it is called The Big Country.",REFUTES,0.9863887059051247,1,,"{""answer"": ""REFUTES""}"
685,deepseek-chat,fever480_160x3_complexity_wood_v1_lr_40_resplit,fever,Colin Kaepernick did not become a starter during the 49ers 63rd season in the National Football League and is a person who plays football.,NOT ENOUGH INFO,0.9980380516714875,1,,"{""answer"": ""NOT ENOUGH INFO""}"
88,deepseek-chat,fever480_160x3_complexity_wood_v1_lr_40_resplit,fever,There did not exist a place called Yugoslavia.,REFUTES,0.9939563062294915,1,,"{""answer"": ""REFUTES""}"
241,deepseek-chat,fever480_160x3_complexity_wood_v1_lr_40_resplit,fever,Jonah Hill is certainly not an actor.,REFUTES,0.9932446800951655,1,,"{""answer"": ""REFUTES""}"
305,deepseek-chat,fever480_160x3_complexity_wood_v1_lr_40_resplit,fever,Harold Macmillan only served as the President of the the country which ruled over India till 1947.,NOT ENOUGH INFO,0.9989833800599586,1,,"{""answer"": ""NOT ENOUGH INFO""}"
122,deepseek-chat,fever480_160x3_complexity_wood_v1_lr_40_resplit,fever,"Kullervo is a peninsula on the Baltic sea, to the east of the Gulf of Finland and to the south of the Gulf of Finland and has a coastline of Sweden, Finland, Norway, the north of Finland, and Russia.",REFUTES,0.9998765068022878,1,,"{""answer"": ""REFUTES""}"
1046,deepseek-chat,fever480_160x3_complexity_wood_v1_lr_40_resplit,fever,Elizabeth Olsen is a person and is a mayor.,REFUTES,0.9999280001809864,1,,"{""answer"": ""REFUTES""}"
658,deepseek-chat,fever480_160x3_complexity_wood_v1_lr_40_resplit,fever,"There is a Dutch screenwriter, they are called Carey Hayes.",NOT ENOUGH INFO,0.9997725312034961,1,,"{""answer"": ""NOT ENOUGH INFO""}"
356,deepseek-chat,fever480_160x3_complexity_wood_v1_lr_40_resplit,fever,Oscar Isaac was the main character in Star Wars: The Force Awakens and was featured in Star Wars: The Force Awakens.,NOT ENOUGH INFO,0.9985826316407667,1,,"{""answer"": ""NOT ENOUGH INFO""}"
481,deepseek-chat,fever480_160x3_complexity_wood_v1_lr_40_resplit,fever,"An American singer who sung the best selling single Tik Tok was born on March 1st, 1987 in a Pasadena, California.",NOT ENOUGH INFO,0.9984250778981247,1,,"{""answer"": ""NOT ENOUGH INFO""}"
476,deepseek-chat,fever480_160x3_complexity_wood_v1_lr_40_resplit,fever,There does not exist a biographical romantic drama film called A United Kingdom.,REFUTES,0.9994946803340095,1,,"{""answer"": ""REFUTES""}"
479,deepseek-chat,fever480_160x3_complexity_wood_v1_lr_40_resplit,fever,"Freddie Highmore is an actor on  an American psychological horror drama television series developed by Carlton Cuse, Kerry Ehrin, and Anthony Cipriano.",SUPPORTS,0.998205313852615,1,,"{""answer"": ""SUPPORTS""}"
1132,deepseek-chat,fever480_160x3_complexity_wood_v1_lr_40_resplit,fever,Varsity Blues (film) is not directed by someone who often collaborates with producer Michael Tollin,REFUTES,0.9901888839360937,1,,"{""answer"": ""REFUTES""}"
794,deepseek-chat,fever480_160x3_complexity_wood_v1_lr_40_resplit,fever,There is a German politician called Nawaz Sharif.,REFUTES,0.9999923706346038,1,,"{""answer"": ""REFUTES""}"
1041,deepseek-chat,fever480_160x3_complexity_wood_v1_lr_40_resplit,fever,"Sensitive Skin's first series aired on a network that is headquartered on Columbus Avenue and West 66th Street in Manhattan , New York City",NOT ENOUGH INFO,0.8065278889168047,0,,"{""answer"": ""NOT ENOUGH INFO""}"
1063,deepseek-chat,fever480_160x3_complexity_wood_v1_lr_40_resplit,fever,American Library Association is the most prodigious library association,NOT ENOUGH INFO,0.9539684383576803,0,,"{""answer"": ""NOT ENOUGH INFO""}"
883,deepseek-chat,fever480_160x3_complexity_wood_v1_lr_40_resplit,fever,The human brain contains a part called hypothalamus which is responsible for superhero like abilities,NOT ENOUGH INFO,0.8674759235511298,0,,"{""answer"": ""NOT ENOUGH INFO""}"
604,deepseek-chat,fever480_160x3_complexity_wood_v1_lr_40_resplit,fever,Sofia Coppol is in the same relation to Francis Ford Coppola as Maciej Stuhr to Jerzy Stuhr.,SUPPORTS,0.9992517517058086,1,,"{""answer"": ""SUPPORTS""}"
190,deepseek-chat,fever480_160x3_complexity_wood_v1_lr_40_resplit,fever,There is a novelist called Ed Decter.,NOT ENOUGH INFO,0.9998883396435726,1,,"{""answer"": ""NOT ENOUGH INFO""}"
795,deepseek-chat,fever480_160x3_complexity_wood_v1_lr_40_resplit,fever,Bongwater follows the story of a medication dealer,NOT ENOUGH INFO,0.9265309593663354,0,,"{""answer"": ""NOT ENOUGH INFO""}"
539,deepseek-chat,fever480_160x3_complexity_wood_v1_lr_40_resplit,fever,There is an actress called Emilia Clarke.,SUPPORTS,0.8946830670151791,1,,"{""answer"": ""SUPPORTS""}"
596,deepseek-chat,fever480_160x3_complexity_wood_v1_lr_40_resplit,fever,Superhuman abilities may result from human enhancement by genetic modification using CRISPR technology and abilities may result from human enhancement by nanotechnology.,NOT ENOUGH INFO,0.9998439563783453,1,,"{""answer"": ""NOT ENOUGH INFO""}"
581,deepseek-chat,fever480_160x3_complexity_wood_v1_lr_40_resplit,fever,There exists an Italian professional footballer from New jersey called Andrea Pirlo.,NOT ENOUGH INFO,0.9980961998661161,1,,"{""answer"": ""NOT ENOUGH INFO""}"
284,deepseek-chat,fever480_160x3_complexity_wood_v1_lr_40_resplit,fever,Prague's historic center was first included in the UNESCO list of World Heritage Sites in the 2010s.,REFUTES,0.9999690060644969,1,,"{""answer"": ""REFUTES""}"
1068,deepseek-chat,fever480_160x3_complexity_wood_v1_lr_40_resplit,fever,Jennifer Anniston appeared in Along Came Polly while her father was playing the role of Victor Kiriakis,SUPPORTS,0.8868856661442203,1,,"{""answer"": ""SUPPORTS""}"
921,deepseek-chat,fever480_160x3_complexity_wood_v1_lr_40_resplit,fever,Mikhail Prokhorov is not the past chairman of a gold producer,REFUTES,0.9962106204066672,1,,"{""answer"": ""REFUTES""}"
586,deepseek-chat,fever480_160x3_complexity_wood_v1_lr_40_resplit,fever,Amy Winehouse died of whiskey poisoning on 23 July 2011.,NOT ENOUGH INFO,0.999167355666382,1,,"{""answer"": ""NOT ENOUGH INFO""}"
602,deepseek-chat,fever480_160x3_complexity_wood_v1_lr_40_resplit,fever,Mary Kate Olsen and Ashley Olsen were birthed on June 11th 1999,REFUTES,0.9997844928281824,1,,"{""answer"": ""REFUTES""}"
154,deepseek-chat,fever480_160x3_complexity_wood_v1_lr_40_resplit,fever,There does not exist a drama movie that goes by the name of An Education.,REFUTES,0.9942037416891202,1,,"{""answer"": ""REFUTES""}"
841,deepseek-chat,fever480_160x3_complexity_wood_v1_lr_40_resplit,fever,"Lazze Ohlyz are a musical duo consisting of two instruments, an instrumental and a classical jazz quartet.",REFUTES,0.9999151265879519,1,,"{""answer"": ""REFUTES""}"
924,deepseek-chat,fever480_160x3_complexity_wood_v1_lr_40_resplit,fever,Andrew Moray led an uprising against profession in 1297,NOT ENOUGH INFO,0.9997614364822571,1,,"{""answer"": ""NOT ENOUGH INFO""}"
756,deepseek-chat,fever480_160x3_complexity_wood_v1_lr_40_resplit,fever,The White Paper was directed by a person who was inducted into the Television Hall of Fame in 2013.,NOT ENOUGH INFO,0.999932031340883,1,,"{""answer"": ""NOT ENOUGH INFO""}"
291,deepseek-chat,fever480_160x3_complexity_wood_v1_lr_40_resplit,fever,"Road House an action film by Hollywood director and writer currently residing in Rochester , New York.",REFUTES,0.9986552704635135,1,,"{""answer"": ""REFUTES""}"
960,deepseek-chat,fever480_160x3_complexity_wood_v1_lr_40_resplit,fever,Dennis Edwards is a former American college and professional football player,SUPPORTS,0.9961908804358325,1,,"{""answer"": ""SUPPORTS""}"
1038,deepseek-chat,fever480_160x3_complexity_wood_v1_lr_40_resplit,fever,Key & Peele has won a Peabody Award and has won two Primetime Emmy Awards as of 2004.,REFUTES,0.9995304256890426,1,,"{""answer"": ""REFUTES""}"
1093,deepseek-chat,fever480_160x3_complexity_wood_v1_lr_40_resplit,fever,There does not exist a phone called Agent Raghav – Crime Branch.,SUPPORTS,0.9984342342464796,1,,"{""answer"": ""SUPPORTS""}"
800,deepseek-chat,fever480_160x3_complexity_wood_v1_lr_40_resplit,fever,There is not a section of a car company that involves several countries that goes by the name of Mercedes-Benz.,REFUTES,0.9903423477408083,0,,"{""answer"": ""REFUTES""}"
1089,deepseek-chat,fever480_160x3_complexity_wood_v1_lr_40_resplit,fever,Prague's historic center was first included in the UNESCO list of World Heritage Sites 3 years after 1989.,SUPPORTS,0.9677968598098413,1,,"{""answer"": ""SUPPORTS""}"
59,deepseek-chat,fever480_160x3_complexity_wood_v1_lr_40_resplit,fever,There was a game show contestant in the United States called Richard Dawson.,REFUTES,0.9772939373605831,1,,"{""answer"": ""REFUTES""}"
639,deepseek-chat,fever480_160x3_complexity_wood_v1_lr_40_resplit,fever,The flux linkage is simply an alternative term for total flux.,REFUTES,0.9975239939628435,1,,"{""answer"": ""REFUTES""}"
544,deepseek-chat,fever480_160x3_complexity_wood_v1_lr_40_resplit,fever,The area of Badia del Vallès is larger than the area of Cunene Province.,REFUTES,0.9855969601270415,1,,"{""answer"": ""REFUTES""}"
19,deepseek-chat,fever480_160x3_complexity_wood_v1_lr_40_resplit,fever,There exists a Korean band called Scandal.,REFUTES,0.9846053541358574,1,,"{""answer"": ""REFUTES""}"
822,deepseek-chat,fever480_160x3_complexity_wood_v1_lr_40_resplit,fever,"There is a television series, it is called Younger.",NOT ENOUGH INFO,0.9253640465644087,0,,"{""answer"": ""NOT ENOUGH INFO""}"
877,deepseek-chat,fever480_160x3_complexity_wood_v1_lr_40_resplit,fever,Rob Sheridan is an American  wildlife photographer.,NOT ENOUGH INFO,0.9998269664283992,1,,"{""answer"": ""NOT ENOUGH INFO""}"
182,deepseek-chat,fever480_160x3_complexity_wood_v1_lr_40_resplit,fever,There is a politician called Alan White.,NOT ENOUGH INFO,0.9999646279775138,1,,"{""answer"": ""NOT ENOUGH INFO""}"
722,deepseek-chat,fever480_160x3_complexity_wood_v1_lr_40_resplit,fever,Artpop was Gaga's second consecutive number-one record in the United States 4 years after 2005.,REFUTES,0.9988919678810472,1,,"{""answer"": ""REFUTES""}"
409,deepseek-chat,fever480_160x3_complexity_wood_v1_lr_40_resplit,fever,Rope is a TV play from 1919.,NOT ENOUGH INFO,0.8985853408939886,0,,"{""answer"": ""NOT ENOUGH INFO""}"
372,deepseek-chat,fever480_160x3_complexity_wood_v1_lr_40_resplit,fever,"There exists a boxer, it goes by the name of Nate Diaz.",NOT ENOUGH INFO,0.9997770384666633,1,,"{""answer"": ""NOT ENOUGH INFO""}"
796,deepseek-chat,fever480_160x3_complexity_wood_v1_lr_40_resplit,fever,The fourth king of a Korean kingdom founded by Yi Seonggye died in 1430,REFUTES,0.9976828759545701,1,,"{""answer"": ""REFUTES""}"
970,deepseek-chat,fever480_160x3_complexity_wood_v1_lr_40_resplit,fever,There is not a character in a JRR Tolkein series that goes by the name of Daenerys Targaryen.,SUPPORTS,0.9999762643881386,1,,"{""answer"": ""SUPPORTS""}"
560,deepseek-chat,fever480_160x3_complexity_wood_v1_lr_40_resplit,fever,Spider-Man 2 is not a film.,REFUTES,0.9978460654728014,1,,"{""answer"": ""REFUTES""}"
1154,deepseek-chat,fever480_160x3_complexity_wood_v1_lr_40_resplit,fever,Saturn is the sixth planet from the only planet in the solar system known to harbor life.,NOT ENOUGH INFO,0.9971202433111328,1,,"{""answer"": ""NOT ENOUGH INFO""}"
956,deepseek-chat,fever480_160x3_complexity_wood_v1_lr_40_resplit,fever,There exists no episode of a TV series called The Challenge XXX: Dirty 30.,SUPPORTS,0.9569324699405133,1,,"{""answer"": ""SUPPORTS""}"
235,deepseek-chat,fever480_160x3_complexity_wood_v1_lr_40_resplit,fever,There is not a character called Carol Danvers.,REFUTES,0.9987957581850055,1,,"{""answer"": ""REFUTES""}"
407,deepseek-chat,fever480_160x3_complexity_wood_v1_lr_40_resplit,fever,"On Monday August 19, 1945, lead singer and lyricist for the  English rock band formed in Hertford in 1968 was born",SUPPORTS,0.9698841829290525,1,,"{""answer"": ""SUPPORTS""}"
128,deepseek-chat,fever480_160x3_complexity_wood_v1_lr_40_resplit,fever,A United Kingdom isn't directed by Sean Baker.,SUPPORTS,0.9703286731835998,1,,"{""answer"": ""SUPPORTS""}"
812,deepseek-chat,fever480_160x3_complexity_wood_v1_lr_40_resplit,fever,Prague's historic center was first included in the UNESCO list of World Heritage Sites 2 years before 1939.,REFUTES,0.9994994462993245,1,,"{""answer"": ""REFUTES""}"
26,deepseek-chat,fever480_160x3_complexity_wood_v1_lr_40_resplit,fever,Aristotle spent the majority of his life in the sixth and second largest continents in the world.,NOT ENOUGH INFO,0.9998637205590686,1,,"{""answer"": ""NOT ENOUGH INFO""}"
132,deepseek-chat,fever480_160x3_complexity_wood_v1_lr_40_resplit,fever,Artpop was Gaga's second consecutive number-one record in the United States in 2013.,NOT ENOUGH INFO,0.999578391455871,1,,"{""answer"": ""NOT ENOUGH INFO""}"
1040,deepseek-chat,fever480_160x3_complexity_wood_v1_lr_40_resplit,fever,The former spouse of Demi Moore reacted in 2005.,NOT ENOUGH INFO,0.9999549182313043,1,,"{""answer"": ""NOT ENOUGH INFO""}"
792,deepseek-chat,fever480_160x3_complexity_wood_v1_lr_40_resplit,fever,"There is a director, a Swede, who was involved in the production of A United Kingdom.",NOT ENOUGH INFO,0.9998599063858451,1,,"{""answer"": ""NOT ENOUGH INFO""}"
754,deepseek-chat,fever480_160x3_complexity_wood_v1_lr_40_resplit,fever,The National Film Award for Best Director has been awarded to a person who made his debut with the film Ram Sethu.,NOT ENOUGH INFO,0.999936192554418,1,,"{""answer"": ""NOT ENOUGH INFO""}"
527,deepseek-chat,fever480_160x3_complexity_wood_v1_lr_40_resplit,fever,Goosebumps (film) was directed by someone who co-directed and co-wrote Shark Tale.,SUPPORTS,0.99625379629705,1,,"{""answer"": ""SUPPORTS""}"
320,deepseek-chat,fever480_160x3_complexity_wood_v1_lr_40_resplit,fever,"There exists a farmer, it goes by the name of John Frusciante.",NOT ENOUGH INFO,0.9995517001931278,1,,"{""answer"": ""NOT ENOUGH INFO""}"
497,deepseek-chat,fever480_160x3_complexity_wood_v1_lr_40_resplit,fever,Chris Bosh enjoys playing against Oklahoma City Thunder and won his first NBA Finals title between 2010 and 2014.,NOT ENOUGH INFO,0.9995153041595447,1,,"{""answer"": ""NOT ENOUGH INFO""}"
577,deepseek-chat,fever480_160x3_complexity_wood_v1_lr_40_resplit,fever,"There exists a person, it goes by the name of Sebastian Vettel.",SUPPORTS,0.9943996585830632,1,,"{""answer"": ""SUPPORTS""}"
354,deepseek-chat,fever480_160x3_complexity_wood_v1_lr_40_resplit,fever,"Vassilis Palaiokostas was also significant in his relationship with his brother, Nikos Palaiokostas, who established a close friendship with him in the prison and in the media.",NOT ENOUGH INFO,0.9999060241460073,1,,"{""answer"": ""NOT ENOUGH INFO""}"
489,deepseek-chat,fever480_160x3_complexity_wood_v1_lr_40_resplit,fever,There does not exist a slasher film that goes by the name of Scream 2.,REFUTES,0.9999408739386395,1,,"{""answer"": ""REFUTES""}"
131,deepseek-chat,fever480_160x3_complexity_wood_v1_lr_40_resplit,fever,There is a Hindu called Cary Elwes.,NOT ENOUGH INFO,0.9985441931226045,1,,"{""answer"": ""NOT ENOUGH INFO""}"
322,deepseek-chat,fever480_160x3_complexity_wood_v1_lr_40_resplit,fever,The House of the Spirits is about the life of a young lady named Clara during the military authoritarian in pig,REFUTES,0.9996643629831351,1,,"{""answer"": ""REFUTES""}"
621,deepseek-chat,fever480_160x3_complexity_wood_v1_lr_40_resplit,fever,There does not exist a member of the Group of 15 called Chile.,REFUTES,0.9816519643959447,1,,"{""answer"": ""REFUTES""}"
842,deepseek-chat,fever480_160x3_complexity_wood_v1_lr_40_resplit,fever,"Vic Mensa who is signed to an American entertainment company founded by Jay Z in 2008 has date of birth was June 6, 1993.",SUPPORTS,0.9992068576756765,1,,"{""answer"": ""SUPPORTS""}"
948,deepseek-chat,fever480_160x3_complexity_wood_v1_lr_40_resplit,fever,"Buffy Summers is not related to an American television series created by Joss Whedon under his production tag , Mutant Enemy Productions",REFUTES,0.9999446884204168,1,,"{""answer"": ""REFUTES""}"
475,deepseek-chat,fever480_160x3_complexity_wood_v1_lr_40_resplit,fever,Ian Gillan writes songs and is a producer.,REFUTES,0.9935900063599027,1,,"{""answer"": ""REFUTES""}"
810,deepseek-chat,fever480_160x3_complexity_wood_v1_lr_40_resplit,fever,The Invisible Man came out since execution of the Motion Picture Production Code censorship guidelines took effect,NOT ENOUGH INFO,0.9138153699464147,0,,"{""answer"": ""NOT ENOUGH INFO""}"
1011,deepseek-chat,fever480_160x3_complexity_wood_v1_lr_40_resplit,fever,"There is a former Catholic, they are called Leslie Alexander.",NOT ENOUGH INFO,0.9999101852528587,1,,"{""answer"": ""NOT ENOUGH INFO""}"
12,deepseek-chat,fever480_160x3_complexity_wood_v1_lr_40_resplit,fever,The lead engineer of the iAPX 432 worked for Intel for 20 more years after it was introduced.,NOT ENOUGH INFO,0.997660170755714,0,,"{""answer"": ""NOT ENOUGH INFO""}"
1061,deepseek-chat,fever480_160x3_complexity_wood_v1_lr_40_resplit,fever,"The Prowler was created by Stan Lee, John Buscema, and Jim Mooney after 1960.",NOT ENOUGH INFO,0.9997569292955626,1,,"{""answer"": ""NOT ENOUGH INFO""}"
1173,deepseek-chat,fever480_160x3_complexity_wood_v1_lr_40_resplit,fever,There is not a series of seven serial murders called Night of the Living Dead.,SUPPORTS,0.9928371910100718,1,,"{""answer"": ""SUPPORTS""}"
600,deepseek-chat,fever480_160x3_complexity_wood_v1_lr_40_resplit,fever,Blue Jasmine was filmed in a city where the Golden Gate Bridge is located.,NOT ENOUGH INFO,0.9984094970264394,1,,"{""answer"": ""NOT ENOUGH INFO""}"
64,deepseek-chat,fever480_160x3_complexity_wood_v1_lr_40_resplit,fever,"There is an Emmy Award nominee, they are called Vincent D'Onofrio.",SUPPORTS,0.9793477277322272,1,,"{""answer"": ""SUPPORTS""}"
1150,deepseek-chat,fever480_160x3_complexity_wood_v1_lr_40_resplit,fever,One of Macklemore's singles was number one in Canada before 2020.,NOT ENOUGH INFO,0.9999139996151087,1,,"{""answer"": ""NOT ENOUGH INFO""}"
1152,deepseek-chat,fever480_160x3_complexity_wood_v1_lr_40_resplit,fever,The area of Teteles de Ávila Castillo is larger than the area of Spain.,REFUTES,0.9998855656296122,1,,"{""answer"": ""REFUTES""}"
727,deepseek-chat,fever480_160x3_complexity_wood_v1_lr_40_resplit,fever,There exists no Spanish city called Melilla.,REFUTES,0.9999370594752629,1,,"{""answer"": ""REFUTES""}"
359,deepseek-chat,fever480_160x3_complexity_wood_v1_lr_40_resplit,fever,"There was an American singer, most famous for his album 'Graduation' called Sonny Bono.",NOT ENOUGH INFO,0.9738027824390768,1,,"{""answer"": ""NOT ENOUGH INFO""}"
10,deepseek-chat,fever480_160x3_complexity_wood_v1_lr_40_resplit,fever,Fabian Nicieza worked on X-men in the years preceding and following the dotcom bubble.,NOT ENOUGH INFO,0.999966015092291,1,,"{""answer"": ""NOT ENOUGH INFO""}"
1072,deepseek-chat,fever480_160x3_complexity_wood_v1_lr_40_resplit,fever,A staging area is not a location.,REFUTES,0.9640583559491386,1,,"{""answer"": ""REFUTES""}"
782,deepseek-chat,fever480_160x3_complexity_wood_v1_lr_40_resplit,fever,There was not a racecar driver in Formula One called Sebastian Vettel.,REFUTES,0.9998431328816083,1,,"{""answer"": ""REFUTES""}"
998,deepseek-chat,fever480_160x3_complexity_wood_v1_lr_40_resplit,fever,The Battle of France before 1940 is also known as the Fall of France.,NOT ENOUGH INFO,0.9919378872113063,1,,"{""answer"": ""NOT ENOUGH INFO""}"
1085,deepseek-chat,fever480_160x3_complexity_wood_v1_lr_40_resplit,fever,There exists an Afroasiatic language called The Maltese language.,NOT ENOUGH INFO,0.9903584896977384,1,,"{""answer"": ""NOT ENOUGH INFO""}"
114,deepseek-chat,fever480_160x3_complexity_wood_v1_lr_40_resplit,fever,There was a man called Paul von Hindenburg.,SUPPORTS,0.9888059530488116,1,,"{""answer"": ""SUPPORTS""}"
760,deepseek-chat,fever480_160x3_complexity_wood_v1_lr_40_resplit,fever,"There is a political leader, they are called Anthony Scaramucci.",REFUTES,0.9932650459614814,1,,"{""answer"": ""REFUTES""}"
503,deepseek-chat,fever480_160x3_complexity_wood_v1_lr_40_resplit,fever,Mercedes Benz is partly of a company from Germany,NOT ENOUGH INFO,0.9998078964273457,1,,"{""answer"": ""NOT ENOUGH INFO""}"
456,deepseek-chat,fever480_160x3_complexity_wood_v1_lr_40_resplit,fever,"Camden, New Jersey is the home of a school that was founded as the South Jersey Law School between 1925 and 1927, which was the only law school founded in the 1920s around the world.",NOT ENOUGH INFO,0.9995267427533736,1,,"{""answer"": ""NOT ENOUGH INFO""}"
1131,deepseek-chat,fever480_160x3_complexity_wood_v1_lr_40_resplit,fever,Smriti Mandhana is an Indian cricketer born in Mumbai.,NOT ENOUGH INFO,0.9997212191796875,1,,"{""answer"": ""NOT ENOUGH INFO""}"
832,deepseek-chat,fever480_160x3_complexity_wood_v1_lr_40_resplit,fever,Aestheticism has as subjects fine art documentaries and music,NOT ENOUGH INFO,0.9975505013593006,1,,"{""answer"": ""NOT ENOUGH INFO""}"
569,deepseek-chat,fever480_160x3_complexity_wood_v1_lr_40_resplit,fever,Skopje wasn't a main city from 972 and 992.,SUPPORTS,0.9703940698161327,1,,"{""answer"": ""SUPPORTS""}"
115,deepseek-chat,fever480_160x3_complexity_wood_v1_lr_40_resplit,fever,Milk is not an American movie from 2008.,REFUTES,0.9968811136541732,1,,"{""answer"": ""REFUTES""}"
979,deepseek-chat,fever480_160x3_complexity_wood_v1_lr_40_resplit,fever,Deepika Padukone has just played in one Indian film,REFUTES,0.9996586428746058,1,,"{""answer"": ""REFUTES""}"
271,deepseek-chat,fever480_160x3_complexity_wood_v1_lr_40_resplit,fever,A person who has won Emmy awards twice for outstanding choreography has worked with a K-pop singer from Luxembourg.,NOT ENOUGH INFO,0.9999167737045912,1,,"{""answer"": ""NOT ENOUGH INFO""}"
1073,deepseek-chat,fever480_160x3_complexity_wood_v1_lr_40_resplit,fever,Java is in Indonesia and was formed by volcanic eruptions Pleistocene Era.,NOT ENOUGH INFO,0.999431078431056,1,,"{""answer"": ""NOT ENOUGH INFO""}"
1031,deepseek-chat,fever480_160x3_complexity_wood_v1_lr_40_resplit,fever,There exists a 1990 cinematic work from the United States called Night of the Living Dead.,REFUTES,0.9969105857123527,1,,"{""answer"": ""REFUTES""}"
30,deepseek-chat,fever480_160x3_complexity_wood_v1_lr_40_resplit,fever,There exists a lobbyist and physician that goes by the name of Ted Cruz.,NOT ENOUGH INFO,0.9984018798670481,1,,"{""answer"": ""NOT ENOUGH INFO""}"
839,deepseek-chat,fever480_160x3_complexity_wood_v1_lr_40_resplit,fever,"There exists a book, it goes by the name of Reanimation.",NOT ENOUGH INFO,0.9998127505746351,1,,"{""answer"": ""NOT ENOUGH INFO""}"
416,deepseek-chat,fever480_160x3_complexity_wood_v1_lr_40_resplit,fever,Mercedes-Benz is certainly not a division of BMW.,SUPPORTS,0.999045086477708,1,,"{""answer"": ""SUPPORTS""}"
466,deepseek-chat,fever480_160x3_complexity_wood_v1_lr_40_resplit,fever,The area of Mashonaland West Province is larger than the area of Sắc Tứ Tam Bảo Temple.,NOT ENOUGH INFO,0.9993381957203931,0,,"{""answer"": ""NOT ENOUGH INFO""}"
1127,deepseek-chat,fever480_160x3_complexity_wood_v1_lr_40_resplit,fever,The area of Chentang is larger than the area of Gougoudjé.,NOT ENOUGH INFO,0.9999656683136185,1,,"{""answer"": ""NOT ENOUGH INFO""}"
869,deepseek-chat,fever480_160x3_complexity_wood_v1_lr_40_resplit,fever,"Calendula genus members are in the same family that plants which generic name came from the word meaning ""hedgehog"".",SUPPORTS,0.9269499749328851,1,,"{""answer"": ""SUPPORTS""}"
1160,deepseek-chat,fever480_160x3_complexity_wood_v1_lr_40_resplit,fever,Johan Cruyff is widely regarded as the greatest player of the 20th century.,NOT ENOUGH INFO,0.9999476359807704,1,,"{""answer"": ""NOT ENOUGH INFO""}"
253,deepseek-chat,fever480_160x3_complexity_wood_v1_lr_40_resplit,fever,Right atrioventricular valve lies between the left atrium and the left ventricle.,REFUTES,0.9999461188522661,1,,"{""answer"": ""REFUTES""}"
851,deepseek-chat,fever480_160x3_complexity_wood_v1_lr_40_resplit,fever,Hoosier State is an Amtrak passenger train,SUPPORTS,0.9977603175117853,1,,"{""answer"": ""SUPPORTS""}"
700,deepseek-chat,fever480_160x3_complexity_wood_v1_lr_40_resplit,fever,There did not exist a sibling duo called Sonny & Cher.,SUPPORTS,0.8722387937204475,1,,"{""answer"": ""SUPPORTS""}"
363,deepseek-chat,fever480_160x3_complexity_wood_v1_lr_40_resplit,fever,The second largest sportswear manufacturer in the world also designs lingerie for women.,NOT ENOUGH INFO,0.9999771120782961,1,,"{""answer"": ""NOT ENOUGH INFO""}"
941,deepseek-chat,fever480_160x3_complexity_wood_v1_lr_40_resplit,fever,"There exists a Baby Boomer, it goes by the name of Shannon Lee was born in 1969 and.",NOT ENOUGH INFO,0.9999202413290738,1,,"{""answer"": ""NOT ENOUGH INFO""}"
730,deepseek-chat,fever480_160x3_complexity_wood_v1_lr_40_resplit,fever,There exists a live action film called Toy Story 2.,REFUTES,0.9964994806699627,1,,"{""answer"": ""REFUTES""}"
974,deepseek-chat,fever480_160x3_complexity_wood_v1_lr_40_resplit,fever,The Latvian Soviet Socialist Republic was a republic of the Soviet Union between 2008 and 2016.,REFUTES,0.9999895096377742,1,,"{""answer"": ""REFUTES""}"
825,deepseek-chat,fever480_160x3_complexity_wood_v1_lr_40_resplit,fever,"There is a director, Lewis Gilbert, who was not involved in the production of You Only Live Twice.",REFUTES,0.9982691502073745,1,,"{""answer"": ""REFUTES""}"
86,deepseek-chat,fever480_160x3_complexity_wood_v1_lr_40_resplit,fever,The 100 is a TV series following a group of adolescents,SUPPORTS,0.9923129883865259,1,,"{""answer"": ""SUPPORTS""}"
414,deepseek-chat,fever480_160x3_complexity_wood_v1_lr_40_resplit,fever,There exists a child singer that goes by the name of Aubrey Anderson-Emmons.,NOT ENOUGH INFO,0.999480642500093,1,,"{""answer"": ""NOT ENOUGH INFO""}"
1055,deepseek-chat,fever480_160x3_complexity_wood_v1_lr_40_resplit,fever,The area of Lunda Norte Province is larger than the area of Nyamapanda.,NOT ENOUGH INFO,0.9997881333525451,0,,"{""answer"": ""NOT ENOUGH INFO""}"
362,deepseek-chat,fever480_160x3_complexity_wood_v1_lr_40_resplit,fever,There exists a mobile personal computer called The IPhone 4.,REFUTES,0.9941748237040895,0,,"{""answer"": ""REFUTES""}"
773,deepseek-chat,fever480_160x3_complexity_wood_v1_lr_40_resplit,fever,"There exists a racket and shuttlecock sport, it goes by the name of Golf.",REFUTES,0.9417614451717633,0,,"{""answer"": ""REFUTES""}"
1081,deepseek-chat,fever480_160x3_complexity_wood_v1_lr_40_resplit,fever,Several awards have been given to Bala for his labor,NOT ENOUGH INFO,0.994399122189086,0,,"{""answer"": ""NOT ENOUGH INFO""}"
452,deepseek-chat,fever480_160x3_complexity_wood_v1_lr_40_resplit,fever,Stomp the Yard is not a film.,REFUTES,0.9987119394324672,1,,"{""answer"": ""REFUTES""}"
323,deepseek-chat,fever480_160x3_complexity_wood_v1_lr_40_resplit,fever,Ctesiphon was an orator in Athens during the reign of Alexander the Great,SUPPORTS,0.8652947270078917,1,,"{""answer"": ""SUPPORTS""}"
23,deepseek-chat,fever480_160x3_complexity_wood_v1_lr_40_resplit,fever,A View to a Kill is the third James Bond film directed by John Glen and released 3 years after 1999.,REFUTES,0.9999699597101436,1,,"{""answer"": ""REFUTES""}"
342,deepseek-chat,fever480_160x3_complexity_wood_v1_lr_40_resplit,fever,There is not a film that is categorized as a slasher called Scream 2.,REFUTES,0.9996000136446798,1,,"{""answer"": ""REFUTES""}"
559,deepseek-chat,fever480_160x3_complexity_wood_v1_lr_40_resplit,fever,"There is a unit of individual differences, it is called Personality.",REFUTES,0.9966458432332845,1,,"{""answer"": ""REFUTES""}"
781,deepseek-chat,fever480_160x3_complexity_wood_v1_lr_40_resplit,fever,Uganda definitely was not a protectorate.,REFUTES,0.9935729503786642,1,,"{""answer"": ""REFUTES""}"
54,deepseek-chat,fever480_160x3_complexity_wood_v1_lr_40_resplit,fever,Congressional Space Medal of Honor is the highest award given only to those who have lived on the moon by NASA.,NOT ENOUGH INFO,0.9823819436453067,1,,"{""answer"": ""NOT ENOUGH INFO""}"
906,deepseek-chat,fever480_160x3_complexity_wood_v1_lr_40_resplit,fever,There existed a service that operated under the military that went by the name of The KGB.,SUPPORTS,0.9332524784321009,1,,"{""answer"": ""SUPPORTS""}"
486,deepseek-chat,fever480_160x3_complexity_wood_v1_lr_40_resplit,fever,Santa Lucía is a city in the province of Corrientes,NOT ENOUGH INFO,0.7559608166857666,0,,"{""answer"": ""NOT ENOUGH INFO""}"
890,deepseek-chat,fever480_160x3_complexity_wood_v1_lr_40_resplit,fever,There is an Episcopalian called James Brolin.,NOT ENOUGH INFO,0.9998918071682666,1,,"{""answer"": ""NOT ENOUGH INFO""}"
580,deepseek-chat,fever480_160x3_complexity_wood_v1_lr_40_resplit,fever,Weill Cornell Medicine has not tales of being tied to the field of education,REFUTES,0.9955310840339622,1,,"{""answer"": ""REFUTES""}"
299,deepseek-chat,fever480_160x3_complexity_wood_v1_lr_40_resplit,fever,Asclepiads were originally a biological family.,NOT ENOUGH INFO,0.9999417408662201,1,,"{""answer"": ""NOT ENOUGH INFO""}"
33,deepseek-chat,fever480_160x3_complexity_wood_v1_lr_40_resplit,fever,Atlanta metropolitan area is located in the Appalachian Mountains and metropolitan area is located in North Georgia.,NOT ENOUGH INFO,0.9994161750148955,1,,"{""answer"": ""NOT ENOUGH INFO""}"
85,deepseek-chat,fever480_160x3_complexity_wood_v1_lr_40_resplit,fever,There existed an assassin that went by the name of The Gettysburg Address was delivered by someone who.,NOT ENOUGH INFO,0.9999635876425369,1,,"{""answer"": ""NOT ENOUGH INFO""}"
288,deepseek-chat,fever480_160x3_complexity_wood_v1_lr_40_resplit,fever,Recognition has been given to Bala for his labor,NOT ENOUGH INFO,0.9701146079269243,0,,"{""answer"": ""NOT ENOUGH INFO""}"
606,deepseek-chat,fever480_160x3_complexity_wood_v1_lr_40_resplit,fever,One of Macklemore's singles was number one in Canada after 2000.,NOT ENOUGH INFO,0.999837021669684,1,,"{""answer"": ""NOT ENOUGH INFO""}"
522,deepseek-chat,fever480_160x3_complexity_wood_v1_lr_40_resplit,fever,There exists a store called Spider-Man 2.,REFUTES,0.997203928493327,1,,"{""answer"": ""REFUTES""}"
355,deepseek-chat,fever480_160x3_complexity_wood_v1_lr_40_resplit,fever,Sweet Home Alabama is a rock song that was written in reply to two songs from Neil Young's album Harvest and was written in reply to Neil Young's song Southern Man.,NOT ENOUGH INFO,0.9937227597655284,1,,"{""answer"": ""NOT ENOUGH INFO""}"
172,deepseek-chat,fever480_160x3_complexity_wood_v1_lr_40_resplit,fever,There is a season of a TV show called The Challenge XXX: Dirty 30.,SUPPORTS,0.9992568341728375,1,,"{""answer"": ""SUPPORTS""}"
843,deepseek-chat,fever480_160x3_complexity_wood_v1_lr_40_resplit,fever,Bob Ross certainly was not an artist.,REFUTES,0.9942065860914527,1,,"{""answer"": ""REFUTES""}"
588,deepseek-chat,fever480_160x3_complexity_wood_v1_lr_40_resplit,fever,There did not exist a web browser called Netscape Navigator.,REFUTES,0.9996472027473416,1,,"{""answer"": ""REFUTES""}"
946,deepseek-chat,fever480_160x3_complexity_wood_v1_lr_40_resplit,fever,Sidse Babett Knudsen refuses to work in theater and is a director.,NOT ENOUGH INFO,0.9982360463658957,1,,"{""answer"": ""NOT ENOUGH INFO""}"
273,deepseek-chat,fever480_160x3_complexity_wood_v1_lr_40_resplit,fever,"There was a nation-state, it was called Yugoslavia.",NOT ENOUGH INFO,0.9996050834418985,1,,"{""answer"": ""NOT ENOUGH INFO""}"
226,deepseek-chat,fever480_160x3_complexity_wood_v1_lr_40_resplit,fever,There is not an unadapted novel that goes by the name of The Maze Runner.,SUPPORTS,0.9068149318594811,1,,"{""answer"": ""SUPPORTS""}"
678,deepseek-chat,fever480_160x3_complexity_wood_v1_lr_40_resplit,fever,There existed a Presbyterian called Charles de Gaulle.,NOT ENOUGH INFO,0.9914670697316349,1,,"{""answer"": ""NOT ENOUGH INFO""}"
62,deepseek-chat,fever480_160x3_complexity_wood_v1_lr_40_resplit,fever,Glee.com launch in America before 2010 by Community Connect Inc. was a huge success.,NOT ENOUGH INFO,0.9999244024947264,1,,"{""answer"": ""NOT ENOUGH INFO""}"
526,deepseek-chat,fever480_160x3_complexity_wood_v1_lr_40_resplit,fever,"February 14th, 1860 is some other time than when Simon Pegg was born.",SUPPORTS,0.9933844068435543,1,,"{""answer"": ""SUPPORTS""}"
692,deepseek-chat,fever480_160x3_complexity_wood_v1_lr_40_resplit,fever,More than 20 people were excuted in Republic of Ireland.,NOT ENOUGH INFO,0.8915352971830013,0,,"{""answer"": ""NOT ENOUGH INFO""}"
460,deepseek-chat,fever480_160x3_complexity_wood_v1_lr_40_resplit,fever,There exists a suburban borough that goes by the name of Birmingham.,REFUTES,0.999191611103253,1,,"{""answer"": ""REFUTES""}"
931,deepseek-chat,fever480_160x3_complexity_wood_v1_lr_40_resplit,fever,The horse was spoken of as a Eohippus when it had multiple fingers,SUPPORTS,0.9872987237608538,1,,"{""answer"": ""SUPPORTS""}"
980,deepseek-chat,fever480_160x3_complexity_wood_v1_lr_40_resplit,fever,There exists a hierarchy of leagues that goes by the name of Minor League Baseball.,SUPPORTS,0.9999016704142262,1,,"{""answer"": ""SUPPORTS""}"
3,deepseek-chat,fever480_160x3_complexity_wood_v1_lr_40_resplit,fever,"The Nice Guys is a 2016 American neo-noir action comedy film directed by an Danish screenwriter , director , producer and actor , known for writing the 1987 action film hit Lethal Weapon",REFUTES,0.9995313789148518,1,,"{""answer"": ""REFUTES""}"
690,deepseek-chat,fever480_160x3_complexity_wood_v1_lr_40_resplit,fever,The grandson of Henry Purcell was a chorister in the Chapel Royal after Baroque style began in Italy.,NOT ENOUGH INFO,0.9838875423158322,0,,"{""answer"": ""NOT ENOUGH INFO""}"
1144,deepseek-chat,fever480_160x3_complexity_wood_v1_lr_40_resplit,fever,There exists no Brazilian called Freddie Highmore.,REFUTES,0.8565334317489584,0,,"{""answer"": ""REFUTES""}"
366,deepseek-chat,fever480_160x3_complexity_wood_v1_lr_40_resplit,fever,There is a novel containing apples in a title that is a part of cultural movement that began hundred years after the early 1820s.,NOT ENOUGH INFO,0.9921997018301508,0,,"{""answer"": ""NOT ENOUGH INFO""}"
952,deepseek-chat,fever480_160x3_complexity_wood_v1_lr_40_resplit,fever,There existed a slave-holding state called Tennessee.,NOT ENOUGH INFO,0.9996009236043588,1,,"{""answer"": ""NOT ENOUGH INFO""}"
573,deepseek-chat,fever480_160x3_complexity_wood_v1_lr_40_resplit,fever,"During an uprising that began on 10 March 1959 , when a revolt erupted in Lhasa , the 14th Dalai Lama fled to Bangladesh",REFUTES,0.9997096483333812,1,,"{""answer"": ""REFUTES""}"
240,deepseek-chat,fever480_160x3_complexity_wood_v1_lr_40_resplit,fever,There did not exist a statesman that goes by the name of Paul von Hindenburg.,REFUTES,0.9998908102511971,1,,"{""answer"": ""REFUTES""}"
954,deepseek-chat,fever480_160x3_complexity_wood_v1_lr_40_resplit,fever,There is a fashion house with a word meaning 'sweet' in its name.,NOT ENOUGH INFO,0.9897198840078014,0,,"{""answer"": ""NOT ENOUGH INFO""}"
395,deepseek-chat,fever480_160x3_complexity_wood_v1_lr_40_resplit,fever,The Battle of the Trebia occurred on the left bunker near the Trebbia River,NOT ENOUGH INFO,0.9986096433391984,1,,"{""answer"": ""NOT ENOUGH INFO""}"
568,deepseek-chat,fever480_160x3_complexity_wood_v1_lr_40_resplit,fever,"The Prowler was created by Stan Lee, John Buscema, and Jim Mooney before 1980.",NOT ENOUGH INFO,0.9999174672265168,1,,"{""answer"": ""NOT ENOUGH INFO""}"
15,deepseek-chat,fever480_160x3_complexity_wood_v1_lr_40_resplit,fever,The 66th Primetime Emmy Awards was hosted by an American comedian born before 1980.,NOT ENOUGH INFO,0.8835509242908773,0,,"{""answer"": ""NOT ENOUGH INFO""}"
976,deepseek-chat,fever480_160x3_complexity_wood_v1_lr_40_resplit,fever,Buffy the Vampire Slayer had more than one co-managerial producer,SUPPORTS,0.9933583019582638,1,,"{""answer"": ""SUPPORTS""}"
118,deepseek-chat,fever480_160x3_complexity_wood_v1_lr_40_resplit,fever,The area of Bodié is larger than the area of Malhargarh.,NOT ENOUGH INFO,0.9999767652955663,1,,"{""answer"": ""NOT ENOUGH INFO""}"
1001,deepseek-chat,fever480_160x3_complexity_wood_v1_lr_40_resplit,fever,Roberto Orci (a person who has collaborated with his longtime friend Alex Kurtzman) wrote Star Wars.,NOT ENOUGH INFO,0.9996414827410409,1,,"{""answer"": ""NOT ENOUGH INFO""}"
1121,deepseek-chat,fever480_160x3_complexity_wood_v1_lr_40_resplit,fever,Uganda is north of Europe and was once under rule.,NOT ENOUGH INFO,0.9995662589799361,1,,"{""answer"": ""NOT ENOUGH INFO""}"
614,deepseek-chat,fever480_160x3_complexity_wood_v1_lr_40_resplit,fever,"In United States presidential election of 1996, the candidate ran effectively unopposed.",REFUTES,0.999842179358363,1,,"{""answer"": ""REFUTES""}"
6,deepseek-chat,fever480_160x3_complexity_wood_v1_lr_40_resplit,fever,Omar Khadr was declared guilty and was detained at Guantanamo Bay.,NOT ENOUGH INFO,0.9997330068332938,1,,"{""answer"": ""NOT ENOUGH INFO""}"
137,deepseek-chat,fever480_160x3_complexity_wood_v1_lr_40_resplit,fever,"Poor and Stupid is his only one, and it is one of several South Park episodes that Cartman, along with his friend Kenny, Stan Marsh and Kenny, are involved in.",NOT ENOUGH INFO,0.999690710568568,1,,"{""answer"": ""NOT ENOUGH INFO""}"
934,deepseek-chat,fever480_160x3_complexity_wood_v1_lr_40_resplit,fever,Warren Beatty had no collaboration with a two time academic winner.,REFUTES,0.9982225021914793,1,,"{""answer"": ""REFUTES""}"
177,deepseek-chat,fever480_160x3_complexity_wood_v1_lr_40_resplit,fever,Benjamin Harrison served in the army in the Civil War after his grandfather fought in the Battle of Tippecanoe.,SUPPORTS,0.9706775007544303,1,,"{""answer"": ""SUPPORTS""}"
82,deepseek-chat,fever480_160x3_complexity_wood_v1_lr_40_resplit,fever,Kevin Bacon was in a 1996 film and was in the film Sleepers.,NOT ENOUGH INFO,0.9996806567995798,1,,"{""answer"": ""NOT ENOUGH INFO""}"
984,deepseek-chat,fever480_160x3_complexity_wood_v1_lr_40_resplit,fever,There is not a brand of hot dog called Sarah Hyland.,SUPPORTS,0.9989663278327789,1,,"{""answer"": ""SUPPORTS""}"
674,deepseek-chat,fever480_160x3_complexity_wood_v1_lr_40_resplit,fever,"Maximum Overdrive's screenwriter was an American author of horror , supernatural fiction , suspense , science fiction , and fantasy born on September 21, 1947",SUPPORTS,0.999296224190894,1,,"{""answer"": ""SUPPORTS""}"
769,deepseek-chat,fever480_160x3_complexity_wood_v1_lr_40_resplit,fever,There was not a science fiction horror television series called The Invisible Man.,SUPPORTS,0.9561880763359055,1,,"{""answer"": ""SUPPORTS""}"
780,deepseek-chat,fever480_160x3_complexity_wood_v1_lr_40_resplit,fever,Pilularia globulifera and R. globulifera are the only species in the order Pilula that both produce and release microsporangia and microsporangia in a heterosporous fashion.,REFUTES,0.9980440220694233,1,,"{""answer"": ""REFUTES""}"
1076,deepseek-chat,fever480_160x3_complexity_wood_v1_lr_40_resplit,fever,There does not exist an exact adaptation of the video game series that goes by the name of Resident Evil.,SUPPORTS,0.9375665500969911,1,,"{""answer"": ""SUPPORTS""}"
774,deepseek-chat,fever480_160x3_complexity_wood_v1_lr_40_resplit,fever,The Battle of France 5 years after 1928 is also known as the Fall of France.,NOT ENOUGH INFO,0.9965107983710475,1,,"{""answer"": ""NOT ENOUGH INFO""}"
740,deepseek-chat,fever480_160x3_complexity_wood_v1_lr_40_resplit,fever,There exists a 2000 page novel called The Winds of Winter.,NOT ENOUGH INFO,0.9991188466244745,1,,"{""answer"": ""NOT ENOUGH INFO""}"
838,deepseek-chat,fever480_160x3_complexity_wood_v1_lr_40_resplit,fever,No university has more than 5 alumni who became U.S. presidents.,REFUTES,0.998494805386176,1,,"{""answer"": ""REFUTES""}"
791,deepseek-chat,fever480_160x3_complexity_wood_v1_lr_40_resplit,fever,A&E has permanently been called A&E,REFUTES,0.9994069904558783,1,,"{""answer"": ""REFUTES""}"
350,deepseek-chat,fever480_160x3_complexity_wood_v1_lr_40_resplit,fever,The Woman in Black was abandoned by Hammer Film Productions in the 2010s in favor of working on Freddie vs. Jason.,REFUTES,0.9998436096482463,1,,"{""answer"": ""REFUTES""}"
1165,deepseek-chat,fever480_160x3_complexity_wood_v1_lr_40_resplit,fever,Jennifer Aniston appeared in Horrible Bosses after her father first appeared in Days of Our Lives.,NOT ENOUGH INFO,0.9358872665552312,0,,"{""answer"": ""NOT ENOUGH INFO""}"
967,deepseek-chat,fever480_160x3_complexity_wood_v1_lr_40_resplit,fever,"The First World War, also known as the Great War, started in Europe and lasted for 4 years.",SUPPORTS,0.9986145300982732,1,,"{""answer"": ""SUPPORTS""}"
434,deepseek-chat,fever480_160x3_complexity_wood_v1_lr_40_resplit,fever,"There existed an Ionian Greek chemist, it was called Pythagoras.",REFUTES,0.7972546897189015,0,,"{""answer"": ""REFUTES""}"
467,deepseek-chat,fever480_160x3_complexity_wood_v1_lr_40_resplit,fever,"Palo Alto, California is 50 miles from the state which shares its border with Oregon",NOT ENOUGH INFO,0.9998453433237587,1,,"{""answer"": ""NOT ENOUGH INFO""}"
530,deepseek-chat,fever480_160x3_complexity_wood_v1_lr_40_resplit,fever,Starrcade was eventually broadcast via charge per view television,SUPPORTS,0.9927635504132535,1,,"{""answer"": ""SUPPORTS""}"
46,deepseek-chat,fever480_160x3_complexity_wood_v1_lr_40_resplit,fever,There exists a publication of rankings by Times Higher Education (THE) magazine called Times Higher Education World University Rankings.,SUPPORTS,0.9997321593528233,1,,"{""answer"": ""SUPPORTS""}"
808,deepseek-chat,fever480_160x3_complexity_wood_v1_lr_40_resplit,fever,Wolfgang Amadeus Mozart was born in Salzburg in 1756,SUPPORTS,0.9997863997722333,1,,"{""answer"": ""SUPPORTS""}"
1122,deepseek-chat,fever480_160x3_complexity_wood_v1_lr_40_resplit,fever,There was a kingdom in the Caucasus and they are significant called Georgians arose from a place that.,NOT ENOUGH INFO,0.9999944513649119,1,,"{""answer"": ""NOT ENOUGH INFO""}"
932,deepseek-chat,fever480_160x3_complexity_wood_v1_lr_40_resplit,fever,There exists a liberal art called Brazilian jiu-jitsu.,NOT ENOUGH INFO,0.9994737103277468,1,,"{""answer"": ""NOT ENOUGH INFO""}"
163,deepseek-chat,fever480_160x3_complexity_wood_v1_lr_40_resplit,fever,There exists a son that goes by the name of Tyler Perry.,NOT ENOUGH INFO,0.9997756516124096,1,,"{""answer"": ""NOT ENOUGH INFO""}"
42,deepseek-chat,fever480_160x3_complexity_wood_v1_lr_40_resplit,fever,Globalism is not a group of ideologies that oppose the concept of globalization.,REFUTES,0.8910518747840067,0,,"{""answer"": ""REFUTES""}"
60,deepseek-chat,fever480_160x3_complexity_wood_v1_lr_40_resplit,fever,"The Prowler was created by Stan Lee, John Buscema, and Jim Mooney 3 years before 1975.",NOT ENOUGH INFO,0.9952481561801886,1,,"{""answer"": ""NOT ENOUGH INFO""}"
211,deepseek-chat,fever480_160x3_complexity_wood_v1_lr_40_resplit,fever,"There exists a place, Maine, that is the birthplace of the person Jefferson Davis.",REFUTES,0.9998359814719348,1,,"{""answer"": ""REFUTES""}"
656,deepseek-chat,fever480_160x3_complexity_wood_v1_lr_40_resplit,fever,"There is a location, it is called A staging area.",SUPPORTS,0.9666710904348661,1,,"{""answer"": ""SUPPORTS""}"
223,deepseek-chat,fever480_160x3_complexity_wood_v1_lr_40_resplit,fever,Kate Hudson is left wing political activist,NOT ENOUGH INFO,0.9982751652971753,0,,"{""answer"": ""NOT ENOUGH INFO""}"
1053,deepseek-chat,fever480_160x3_complexity_wood_v1_lr_40_resplit,fever,Email filtering output is capable of throwing messages away and output is capable of delivering unchanged frogs.,REFUTES,0.999830260383774,1,,"{""answer"": ""REFUTES""}"
236,deepseek-chat,fever480_160x3_complexity_wood_v1_lr_40_resplit,fever,"Recession indexing is derived from a number of different company performance indicators including earnings, employment, and inflation.",REFUTES,0.9830122345439203,1,,"{""answer"": ""REFUTES""}"
344,deepseek-chat,fever480_160x3_complexity_wood_v1_lr_40_resplit,fever,There exists a former Lawrence Kotkin Associates bond trader called Leslie Alexander.,NOT ENOUGH INFO,0.999832860871119,1,,"{""answer"": ""NOT ENOUGH INFO""}"
699,deepseek-chat,fever480_160x3_complexity_wood_v1_lr_40_resplit,fever,Chris Bosh won his first NBA Finals title 4 years after 2009.,REFUTES,0.9995695087311431,1,,"{""answer"": ""REFUTES""}"
570,deepseek-chat,fever480_160x3_complexity_wood_v1_lr_40_resplit,fever,Southampton F.C. came in second in the First Division after 1990 -- 1984.,REFUTES,0.9997840160917458,1,,"{""answer"": ""REFUTES""}"
318,deepseek-chat,fever480_160x3_complexity_wood_v1_lr_40_resplit,fever,Villa Park hosted the 90th FA Community Shield 4 years before 2016.,REFUTES,0.9010232584124004,0,,"{""answer"": ""REFUTES""}"
654,deepseek-chat,fever480_160x3_complexity_wood_v1_lr_40_resplit,fever,"There is a stage director, they are called Catherine Hardwicke.",NOT ENOUGH INFO,0.9998384086145673,1,,"{""answer"": ""NOT ENOUGH INFO""}"
110,deepseek-chat,fever480_160x3_complexity_wood_v1_lr_40_resplit,fever,Andrew Carnegie has a 1889 article proclaiming ``The Gospel of Wealth'' and called on the rich to improve the upper society.,NOT ENOUGH INFO,0.9997784253173876,1,,"{""answer"": ""NOT ENOUGH INFO""}"
945,deepseek-chat,fever480_160x3_complexity_wood_v1_lr_40_resplit,fever,Only two nuclear energy accidents were given the maximum classification on the International Nuclear Event Scale.,SUPPORTS,0.9904263037195034,1,,"{""answer"": ""SUPPORTS""}"
636,deepseek-chat,fever480_160x3_complexity_wood_v1_lr_40_resplit,fever,Curiosa is a member of the rock band the Cure.,REFUTES,0.9991377735095683,1,,"{""answer"": ""REFUTES""}"
624,deepseek-chat,fever480_160x3_complexity_wood_v1_lr_40_resplit,fever,Quay had its first public exhibition in Manhattan,NOT ENOUGH INFO,0.992085815523249,0,,"{""answer"": ""NOT ENOUGH INFO""}"
426,deepseek-chat,fever480_160x3_complexity_wood_v1_lr_40_resplit,fever,"Raudeberg is also located on the northeastern edge of the island of Silda, on the shore of the bay of Silda.",REFUTES,0.9973694176554521,1,,"{""answer"": ""REFUTES""}"
334,deepseek-chat,fever480_160x3_complexity_wood_v1_lr_40_resplit,fever,There is an American author with five kids called Dan Brown.,NOT ENOUGH INFO,0.9996803101256105,1,,"{""answer"": ""NOT ENOUGH INFO""}"
1113,deepseek-chat,fever480_160x3_complexity_wood_v1_lr_40_resplit,fever,There exists an episode of a TV series called The Challenge XXX: Dirty 30.,REFUTES,0.9719026801273688,1,,"{""answer"": ""REFUTES""}"
390,deepseek-chat,fever480_160x3_complexity_wood_v1_lr_40_resplit,fever,There is not an American citizen that goes by the name of Natasha Lyonne.,REFUTES,0.9942264974960472,1,,"{""answer"": ""REFUTES""}"
438,deepseek-chat,fever480_160x3_complexity_wood_v1_lr_40_resplit,fever,There exists a theory that consists of a city and its dependent territories called Vatican City.,REFUTES,0.9937605819162326,1,,"{""answer"": ""REFUTES""}"
1109,deepseek-chat,fever480_160x3_complexity_wood_v1_lr_40_resplit,fever,The Woman in Black was abandoned by Hammer Film Productions before 2020 in favor of working on Freddie vs. Jason.,REFUTES,0.9971188169004102,1,,"{""answer"": ""REFUTES""}"
1077,deepseek-chat,fever480_160x3_complexity_wood_v1_lr_40_resplit,fever,"There exists a division of a European company, it goes by the name of Mercedes-Benz.",SUPPORTS,0.9830349422619931,1,,"{""answer"": ""SUPPORTS""}"
142,deepseek-chat,fever480_160x3_complexity_wood_v1_lr_40_resplit,fever,The daughter of Frank Murkowski won a Senate election in Alaska after it was purchased from Russia.,NOT ENOUGH INFO,0.8845651069879593,0,,"{""answer"": ""NOT ENOUGH INFO""}"
728,deepseek-chat,fever480_160x3_complexity_wood_v1_lr_40_resplit,fever,Prague's historic center was first included in the UNESCO list of World Heritage Sites in the thirties of the twentieth century.,REFUTES,0.9999728206518652,1,,"{""answer"": ""REFUTES""}"
436,deepseek-chat,fever480_160x3_complexity_wood_v1_lr_40_resplit,fever,Norman Bates is from the novel Harry Potter and is main antagonist in Psycho.,REFUTES,0.9999871254799398,1,,"{""answer"": ""REFUTES""}"
1118,deepseek-chat,fever480_160x3_complexity_wood_v1_lr_40_resplit,fever,The Adventures of Pluto Nash stars at least somebody that was born in the 20th century,SUPPORTS,0.9999605822386781,1,,"{""answer"": ""SUPPORTS""}"
1026,deepseek-chat,fever480_160x3_complexity_wood_v1_lr_40_resplit,fever,Artocarpus sericarpus is first discovered in 1959.,NOT ENOUGH INFO,0.9999802331273672,1,,"{""answer"": ""NOT ENOUGH INFO""}"
193,deepseek-chat,fever480_160x3_complexity_wood_v1_lr_40_resplit,fever,The area of Province of Jaén -LRB-Spain-RRB- is larger than the area of Amravati.,NOT ENOUGH INFO,0.9776534663502876,0,,"{""answer"": ""NOT ENOUGH INFO""}"
1096,deepseek-chat,fever480_160x3_complexity_wood_v1_lr_40_resplit,fever,Internet access is required to access Facebook and servers and access started in the United States of America.,NOT ENOUGH INFO,0.9995263961611751,1,,"{""answer"": ""NOT ENOUGH INFO""}"
445,deepseek-chat,fever480_160x3_complexity_wood_v1_lr_40_resplit,fever,"Stanisław Murzynowski became a member of the state council and divided administrative subdivisions of Poland, covering most of the territory with mostly rural population.",NOT ENOUGH INFO,0.9998675347424789,1,,"{""answer"": ""NOT ENOUGH INFO""}"
270,deepseek-chat,fever480_160x3_complexity_wood_v1_lr_40_resplit,fever,The area of Madhya Pradesh is larger than the area of Hòn Đất District.,NOT ENOUGH INFO,0.9386914147840477,0,,"{""answer"": ""NOT ENOUGH INFO""}"
642,deepseek-chat,fever480_160x3_complexity_wood_v1_lr_40_resplit,fever,There exists a genre of music called Benzodiazepine.,REFUTES,0.9999680524207097,1,,"{""answer"": ""REFUTES""}"
443,deepseek-chat,fever480_160x3_complexity_wood_v1_lr_40_resplit,fever,"James, Viscount Severn has no relation to the youngest of four children and the third son of Queen Elizabeth II and Prince Philip, Duke of Edinburgh.",REFUTES,0.9960605222651208,1,,"{""answer"": ""REFUTES""}"
138,deepseek-chat,fever480_160x3_complexity_wood_v1_lr_40_resplit,fever,There is not a separatist terrorist that goes by the name of Dawood Ibrahim.,SUPPORTS,0.9907239845854365,1,,"{""answer"": ""SUPPORTS""}"
404,deepseek-chat,fever480_160x3_complexity_wood_v1_lr_40_resplit,fever,"There is a German, they are called Shannon Lee.",NOT ENOUGH INFO,0.998951508306478,1,,"{""answer"": ""NOT ENOUGH INFO""}"
752,deepseek-chat,fever480_160x3_complexity_wood_v1_lr_40_resplit,fever,"There existed a landscape painter, it was called Bob Ross.",NOT ENOUGH INFO,0.9982232378351583,1,,"{""answer"": ""NOT ENOUGH INFO""}"
1119,deepseek-chat,fever480_160x3_complexity_wood_v1_lr_40_resplit,fever,"There exists a song that Lynyrd Skynyrd wrote in reply to Neil Young's song Alabama, it goes by the name of Sweet Home Alabama.",SUPPORTS,0.9999292186795603,1,,"{""answer"": ""SUPPORTS""}"
708,deepseek-chat,fever480_160x3_complexity_wood_v1_lr_40_resplit,fever,The Brat Pack is certainly not a nickname given to a group of young actors who appeared together in films during the 1980s.,REFUTES,0.9992735641601166,1,,"{""answer"": ""REFUTES""}"
377,deepseek-chat,fever480_160x3_complexity_wood_v1_lr_40_resplit,fever,There is a karate fighter called Shannon Lee.,NOT ENOUGH INFO,0.9998803643823658,1,,"{""answer"": ""NOT ENOUGH INFO""}"
473,deepseek-chat,fever480_160x3_complexity_wood_v1_lr_40_resplit,fever,"Uranium has isotopes of mass number 233, 234, 235, 236, 237 and 238 respectively.",SUPPORTS,0.9959683844535204,1,,"{""answer"": ""SUPPORTS""}"
1130,deepseek-chat,fever480_160x3_complexity_wood_v1_lr_40_resplit,fever,"There is a director, Steven Spielberg, who was not involved in the production of Spider-Man 2.",SUPPORTS,0.9950982988274957,1,,"{""answer"": ""SUPPORTS""}"
913,deepseek-chat,fever480_160x3_complexity_wood_v1_lr_40_resplit,fever,There existed a republic of the Soviet Union in 2012 called The Latvian Soviet Socialist Republic.,REFUTES,0.9999747279495187,1,,"{""answer"": ""REFUTES""}"
914,deepseek-chat,fever480_160x3_complexity_wood_v1_lr_40_resplit,fever,There is a bar called The Catcher in the Rye.,REFUTES,0.9916749377565092,1,,"{""answer"": ""REFUTES""}"
1103,deepseek-chat,fever480_160x3_complexity_wood_v1_lr_40_resplit,fever,Charles Howard Hinton wasn't a math expert from Britain.,REFUTES,0.9971064550146078,1,,"{""answer"": ""REFUTES""}"
246,deepseek-chat,fever480_160x3_complexity_wood_v1_lr_40_resplit,fever,"CCJO René Cassin was recognized by the Egyptians, the Greeks and the Romans from ancient times, and the Romans adopted the term as their official name.",REFUTES,0.9996533994711462,1,,"{""answer"": ""REFUTES""}"
463,deepseek-chat,fever480_160x3_complexity_wood_v1_lr_40_resplit,fever,The current Duke of York has remained unmarried since his 1996 divorce,SUPPORTS,0.9911519794700688,1,,"{""answer"": ""SUPPORTS""}"
417,deepseek-chat,fever480_160x3_complexity_wood_v1_lr_40_resplit,fever,The Hunger Games film series' first film is definitely not directed by a gorilla.,SUPPORTS,0.999819877738185,1,,"{""answer"": ""SUPPORTS""}"
731,deepseek-chat,fever480_160x3_complexity_wood_v1_lr_40_resplit,fever,There is a movie called Barbarella which is not directed by Roger Vadim.,REFUTES,0.9985500367733416,1,,"{""answer"": ""REFUTES""}"
1029,deepseek-chat,fever480_160x3_complexity_wood_v1_lr_40_resplit,fever,Nawaz Sharif is not a German politician.,SUPPORTS,0.9990150219031415,1,,"{""answer"": ""SUPPORTS""}"
709,deepseek-chat,fever480_160x3_complexity_wood_v1_lr_40_resplit,fever,Kellyanne Conway did not publicly endorsed the daughter of the 45th president of The United States of America.,NOT ENOUGH INFO,0.9996615895884523,1,,"{""answer"": ""NOT ENOUGH INFO""}"
726,deepseek-chat,fever480_160x3_complexity_wood_v1_lr_40_resplit,fever,Asylum Records is the most profitable American record label of the twentieth century founded by two people.,NOT ENOUGH INFO,0.9999039436006205,1,,"{""answer"": ""NOT ENOUGH INFO""}"
824,deepseek-chat,fever480_160x3_complexity_wood_v1_lr_40_resplit,fever,"Camden, New Jersey is the home of a university that was founded as the South Jersey Law School before 1930.",SUPPORTS,0.9843925382820907,1,,"{""answer"": ""SUPPORTS""}"
653,deepseek-chat,fever480_160x3_complexity_wood_v1_lr_40_resplit,fever,The 66th Primetime Emmy Awards was hosted by an Iraqi comedian born before 1930.,REFUTES,0.9997263329206685,1,,"{""answer"": ""REFUTES""}"
1100,deepseek-chat,fever480_160x3_complexity_wood_v1_lr_40_resplit,fever,"There is a Latin word, it is called Aristocracy.",NOT ENOUGH INFO,0.999872042433086,1,,"{""answer"": ""NOT ENOUGH INFO""}"
339,deepseek-chat,fever480_160x3_complexity_wood_v1_lr_40_resplit,fever,Chris Bosh won his first NBA Finals title in the first-decade of the twenty-first century.,REFUTES,0.999095372501141,1,,"{""answer"": ""REFUTES""}"
753,deepseek-chat,fever480_160x3_complexity_wood_v1_lr_40_resplit,fever,Ex-wife of a person who founded eBay appeared in St Trinian's.,NOT ENOUGH INFO,0.9997697575085535,1,,"{""answer"": ""NOT ENOUGH INFO""}"
121,deepseek-chat,fever480_160x3_complexity_wood_v1_lr_40_resplit,fever,Elizabeth II became queen the same year her father died.,SUPPORTS,0.9996003843547213,1,,"{""answer"": ""SUPPORTS""}"
94,deepseek-chat,fever480_160x3_complexity_wood_v1_lr_40_resplit,fever,The Catcher in the Rye is definitely not a movie script.,SUPPORTS,0.9992195633235789,1,,"{""answer"": ""SUPPORTS""}"
1047,deepseek-chat,fever480_160x3_complexity_wood_v1_lr_40_resplit,fever,French Indochina was a grouping of French colonial territories in the hottest years of the twentieth century.,NOT ENOUGH INFO,0.9997922939712482,1,,"{""answer"": ""NOT ENOUGH INFO""}"
1051,deepseek-chat,fever480_160x3_complexity_wood_v1_lr_40_resplit,fever,The area of Lunda Norte Province is larger than the area of Teterow.,NOT ENOUGH INFO,0.9951242576481852,0,,"{""answer"": ""NOT ENOUGH INFO""}"
71,deepseek-chat,fever480_160x3_complexity_wood_v1_lr_40_resplit,fever,Kendall Jenner is a spokesperson and is a model.,NOT ENOUGH INFO,0.9998685749739346,1,,"{""answer"": ""NOT ENOUGH INFO""}"
706,deepseek-chat,fever480_160x3_complexity_wood_v1_lr_40_resplit,fever,"Stomp the Yard stars an American actress born in an hospital on the 8th of August ,1981.",NOT ENOUGH INFO,0.9997746114697665,1,,"{""answer"": ""NOT ENOUGH INFO""}"
790,deepseek-chat,fever480_160x3_complexity_wood_v1_lr_40_resplit,fever,"There is a vegan, they are called Mike Friedrich.",NOT ENOUGH INFO,0.9999282169101656,1,,"{""answer"": ""NOT ENOUGH INFO""}"
277,deepseek-chat,fever480_160x3_complexity_wood_v1_lr_40_resplit,fever,"Black recording is an original technique with a machine which processes its contents in a fixed graphic, converting it from analog to digital, then to a digital system to form tones.",REFUTES,0.9992678462835526,1,,"{""answer"": ""REFUTES""}"
1151,deepseek-chat,fever480_160x3_complexity_wood_v1_lr_40_resplit,fever,A View to a Kill is the third James Bond film directed by John Glen and released before 1980.,REFUTES,0.9999742511249454,1,,"{""answer"": ""REFUTES""}"
233,deepseek-chat,fever480_160x3_complexity_wood_v1_lr_40_resplit,fever,The english version of Quand nos bourgeons se rouvriront was translated by Tita Brand.,NOT ENOUGH INFO,0.9999042903604598,1,,"{""answer"": ""NOT ENOUGH INFO""}"
433,deepseek-chat,fever480_160x3_complexity_wood_v1_lr_40_resplit,fever,A.C. Milan was founded before its former owner of 31 years was born.,SUPPORTS,0.9653612561029141,1,,"{""answer"": ""SUPPORTS""}"
1169,deepseek-chat,fever480_160x3_complexity_wood_v1_lr_40_resplit,fever,One of Macklemore's singles was number one in Canada in the 2010s.,NOT ENOUGH INFO,0.999826272974106,1,,"{""answer"": ""NOT ENOUGH INFO""}"
104,deepseek-chat,fever480_160x3_complexity_wood_v1_lr_40_resplit,fever,There is not a squid that goes by the name of Pink.,SUPPORTS,0.9933949330782047,1,,"{""answer"": ""SUPPORTS""}"
940,deepseek-chat,fever480_160x3_complexity_wood_v1_lr_40_resplit,fever,French Indochina was a grouping of French colonial territories in Southeast Asia in the ninties of the twentieth century.,REFUTES,0.99957522833304,1,,"{""answer"": ""REFUTES""}"
617,deepseek-chat,fever480_160x3_complexity_wood_v1_lr_40_resplit,fever,"There exists a director, it goes by the name of Simon Pegg.",NOT ENOUGH INFO,0.9994165215972213,1,,"{""answer"": ""NOT ENOUGH INFO""}"
734,deepseek-chat,fever480_160x3_complexity_wood_v1_lr_40_resplit,fever,There exists an American actress called Uta Hagan.,SUPPORTS,0.9526831238676148,1,,"{""answer"": ""SUPPORTS""}"
763,deepseek-chat,fever480_160x3_complexity_wood_v1_lr_40_resplit,fever,Johan Cruyff is widely regarded as the greatest player of the past century.,NOT ENOUGH INFO,0.9999483295289193,1,,"{""answer"": ""NOT ENOUGH INFO""}"
786,deepseek-chat,fever480_160x3_complexity_wood_v1_lr_40_resplit,fever,To Pimp a Butterfly was a creative work and refused to sell any copies in America until 2017.,REFUTES,0.9996924873233436,1,,"{""answer"": ""REFUTES""}"
516,deepseek-chat,fever480_160x3_complexity_wood_v1_lr_40_resplit,fever,There exists a sports comedy theater play that goes by the name of DodgeBall: A True Underdog Story.,NOT ENOUGH INFO,0.9957463217573682,1,,"{""answer"": ""NOT ENOUGH INFO""}"
657,deepseek-chat,fever480_160x3_complexity_wood_v1_lr_40_resplit,fever,"The 67th United States Secretary of State after graduating from Yale Law became a Senator for New York, where Fort Nassau was built a few hundred years earlier.",SUPPORTS,0.9847743872082376,1,,"{""answer"": ""SUPPORTS""}"
39,deepseek-chat,fever480_160x3_complexity_wood_v1_lr_40_resplit,fever,The area of Marondera High School is larger than the area of the Dominican Republic.,REFUTES,0.999625276219675,1,,"{""answer"": ""REFUTES""}"
562,deepseek-chat,fever480_160x3_complexity_wood_v1_lr_40_resplit,fever,"There is a philosopher, who thought his work has the same impact on philosophy as the publication of De revolutionibus orbium coelestium had on science.",NOT ENOUGH INFO,0.9843789972591889,0,,"{""answer"": ""NOT ENOUGH INFO""}"
565,deepseek-chat,fever480_160x3_complexity_wood_v1_lr_40_resplit,fever,There is a division of BMW called Mercedes-Benz.,REFUTES,0.999991416968022,1,,"{""answer"": ""REFUTES""}"
531,deepseek-chat,fever480_160x3_complexity_wood_v1_lr_40_resplit,fever,There exists a 2008 American newspaper called Milk.,REFUTES,0.6936045389892981,0,,"{""answer"": ""REFUTES""}"
25,deepseek-chat,fever480_160x3_complexity_wood_v1_lr_40_resplit,fever,"Daniel Craig took over the role of James Bond from the previous actor, who appeared in Mrs. Doubtfire before Craig graduated from drama school.",SUPPORTS,0.9697205828362689,1,,"{""answer"": ""SUPPORTS""}"
535,deepseek-chat,fever480_160x3_complexity_wood_v1_lr_40_resplit,fever,There existed a stand-up comedian called Estelle Getty.,NOT ENOUGH INFO,0.9920152887934894,1,,"{""answer"": ""NOT ENOUGH INFO""}"
779,deepseek-chat,fever480_160x3_complexity_wood_v1_lr_40_resplit,fever,Grease wasn't a cinematic work.,REFUTES,0.9972343612267291,1,,"{""answer"": ""REFUTES""}"
1104,deepseek-chat,fever480_160x3_complexity_wood_v1_lr_40_resplit,fever,"There existed a critical failure with 20% on Rotten Tomatoes, it went by the name of Vampire Academy.",NOT ENOUGH INFO,0.9973709740673172,1,,"{""answer"": ""NOT ENOUGH INFO""}"
510,deepseek-chat,fever480_160x3_complexity_wood_v1_lr_40_resplit,fever,There does not exist a Mexican band called Scandal.,REFUTES,0.8507119822915448,0,,"{""answer"": ""REFUTES""}"
336,deepseek-chat,fever480_160x3_complexity_wood_v1_lr_40_resplit,fever,Thomas Jefferson helped to organize a political party which became a formal party during the second term of U.S president Andrew Jackson.,NOT ENOUGH INFO,0.9996952174667904,1,,"{""answer"": ""NOT ENOUGH INFO""}"
860,deepseek-chat,fever480_160x3_complexity_wood_v1_lr_40_resplit,fever,There is not a type of storm that goes by the name of A thunderstorm.,REFUTES,0.9948875904447724,1,,"{""answer"": ""REFUTES""}"
89,deepseek-chat,fever480_160x3_complexity_wood_v1_lr_40_resplit,fever,A person nominated for an Emmy Award for his work on Portlandia is a standup comedian.,NOT ENOUGH INFO,0.9997264195981268,1,,"{""answer"": ""NOT ENOUGH INFO""}"
423,deepseek-chat,fever480_160x3_complexity_wood_v1_lr_40_resplit,fever,"There exists a type of super storm, it goes by the name of A thunderstorm.",NOT ENOUGH INFO,0.9917442370480744,1,,"{""answer"": ""NOT ENOUGH INFO""}"
297,deepseek-chat,fever480_160x3_complexity_wood_v1_lr_40_resplit,fever,Queen Elizabeth was born after her father became Duke of York.,REFUTES,0.7633605823254593,0,,"{""answer"": ""REFUTES""}"
410,deepseek-chat,fever480_160x3_complexity_wood_v1_lr_40_resplit,fever,Live Nation Entertainment formed from the smoothest merger of the 2010s between Live Nation and Ticketmaster.,NOT ENOUGH INFO,0.9995957238421375,1,,"{""answer"": ""NOT ENOUGH INFO""}"
1021,deepseek-chat,fever480_160x3_complexity_wood_v1_lr_40_resplit,fever,"Jean Freeman's coaching style is the same as that of many coaches, taking advantage of the pools and the open-water pool.",NOT ENOUGH INFO,0.9999576924356266,1,,"{""answer"": ""NOT ENOUGH INFO""}"
1044,deepseek-chat,fever480_160x3_complexity_wood_v1_lr_40_resplit,fever,The Originals (TV series) is based on English language broadcast television network that originated from the United States.,REFUTES,0.996240547819445,1,,"{""answer"": ""REFUTES""}"
1052,deepseek-chat,fever480_160x3_complexity_wood_v1_lr_40_resplit,fever,1934 is not the approximate time at which the person Dawood Ibrahim was born.,REFUTES,0.9102151789775125,0,,"{""answer"": ""REFUTES""}"
1116,deepseek-chat,fever480_160x3_complexity_wood_v1_lr_40_resplit,fever,The Master Race is a 1944 American drama film.,SUPPORTS,0.9968789481813599,1,,"{""answer"": ""SUPPORTS""}"
418,deepseek-chat,fever480_160x3_complexity_wood_v1_lr_40_resplit,fever,Anthony Scaramucci is not a person.,REFUTES,0.9973109226539576,1,,"{""answer"": ""REFUTES""}"
276,deepseek-chat,fever480_160x3_complexity_wood_v1_lr_40_resplit,fever,T2 Trainspotting is directed by someone whose debut film Slumdog Millionaire won the BAFTA Award for Best British Film,REFUTES,0.9997439712215881,1,,"{""answer"": ""REFUTES""}"
848,deepseek-chat,fever480_160x3_complexity_wood_v1_lr_40_resplit,fever,The area of Segboroué is larger than the area of Salehieh.,NOT ENOUGH INFO,0.9999663618717746,1,,"{""answer"": ""NOT ENOUGH INFO""}"
439,deepseek-chat,fever480_160x3_complexity_wood_v1_lr_40_resplit,fever,"March 14th, 1970 is some other time than when Simon Pegg was born.",SUPPORTS,0.9873225773692615,1,,"{""answer"": ""SUPPORTS""}"
376,deepseek-chat,fever480_160x3_complexity_wood_v1_lr_40_resplit,fever,"Lucy Hale was in a series that was a spin-off of American Idol , but with younger contestants , and had the same production team as American Idol.",SUPPORTS,0.948094527725441,1,,"{""answer"": ""SUPPORTS""}"
598,deepseek-chat,fever480_160x3_complexity_wood_v1_lr_40_resplit,fever,Swordfish is a film that is about a somebody who is targeted for a crime conspiracy,SUPPORTS,0.9937651100464969,1,,"{""answer"": ""SUPPORTS""}"
1022,deepseek-chat,fever480_160x3_complexity_wood_v1_lr_40_resplit,fever,Taran Killam is a comedian and is a stage actor.,NOT ENOUGH INFO,0.9998571324552671,1,,"{""answer"": ""NOT ENOUGH INFO""}"
144,deepseek-chat,fever480_160x3_complexity_wood_v1_lr_40_resplit,fever,There is not an American citizen called Natasha Lyonne.,REFUTES,0.9944702065763562,1,,"{""answer"": ""REFUTES""}"
1000,deepseek-chat,fever480_160x3_complexity_wood_v1_lr_40_resplit,fever,Chris Bosh won his first NBA Finals title after 2020.,REFUTES,0.9999089282497836,1,,"{""answer"": ""REFUTES""}"
964,deepseek-chat,fever480_160x3_complexity_wood_v1_lr_40_resplit,fever,One Dance was Drake's first number one single 5 years before 2003.,REFUTES,0.9999580392103036,1,,"{""answer"": ""REFUTES""}"
632,deepseek-chat,fever480_160x3_complexity_wood_v1_lr_40_resplit,fever,Bongwater follows the story of a person born in the country where Columbia university is located.,NOT ENOUGH INFO,0.9997909070911517,1,,"{""answer"": ""NOT ENOUGH INFO""}"
787,deepseek-chat,fever480_160x3_complexity_wood_v1_lr_40_resplit,fever,Kim Jeong-ho was arrested by Daewongun and Daedongyeojido had been destroyed.,REFUTES,0.9996858136807372,1,,"{""answer"": ""REFUTES""}"
259,deepseek-chat,fever480_160x3_complexity_wood_v1_lr_40_resplit,fever,There is a movie called The Chaperone (film) which wasn't directed by Michael Bay only.,SUPPORTS,0.9928586528514215,1,,"{""answer"": ""SUPPORTS""}"
567,deepseek-chat,fever480_160x3_complexity_wood_v1_lr_40_resplit,fever,No one ever had a higher rank than Dwight D. Eisenhower in United States Armed Forces.,REFUTES,0.9994932505347787,1,,"{""answer"": ""REFUTES""}"
930,deepseek-chat,fever480_160x3_complexity_wood_v1_lr_40_resplit,fever,"Stephen Fellows is an English rock band, has composed music for several singers and has produced music employing the band's own vocalist.",REFUTES,0.9996724665178063,1,,"{""answer"": ""REFUTES""}"
324,deepseek-chat,fever480_160x3_complexity_wood_v1_lr_40_resplit,fever,The Woman in Black was abandoned by Hammer Film Productions after 2000 in favor of working on Freddie vs. Jason.,REFUTES,0.996935780363323,1,,"{""answer"": ""REFUTES""}"
578,deepseek-chat,fever480_160x3_complexity_wood_v1_lr_40_resplit,fever,There is not a computer game that goes by the name of Firefox.,SUPPORTS,0.987921187473433,1,,"{""answer"": ""SUPPORTS""}"
357,deepseek-chat,fever480_160x3_complexity_wood_v1_lr_40_resplit,fever,The area of Burdur Province is larger than the area of San Cristóbal de La Laguna.,NOT ENOUGH INFO,0.9990325755539651,0,,"{""answer"": ""NOT ENOUGH INFO""}"
637,deepseek-chat,fever480_160x3_complexity_wood_v1_lr_40_resplit,fever,A View to a Kill is the third James Bond film directed by John Glen and released after 1990.,REFUTES,0.9999780657314846,1,,"{""answer"": ""REFUTES""}"
432,deepseek-chat,fever480_160x3_complexity_wood_v1_lr_40_resplit,fever,There exists a television series that goes by the name of Younger.,SUPPORTS,0.999831319834988,1,,"{""answer"": ""SUPPORTS""}"
865,deepseek-chat,fever480_160x3_complexity_wood_v1_lr_40_resplit,fever,Sherilyn_Fenn came to attention for her performance as Audrey Horne created by Christopher Nolan,REFUTES,0.9999337218316698,1,,"{""answer"": ""REFUTES""}"
1159,deepseek-chat,fever480_160x3_complexity_wood_v1_lr_40_resplit,fever,"Doğan Öz, a parliamentary republic with diverse members, is the only one of the four Turkish representatives in the House of Representatives of Turkey, with a diverse membership.",REFUTES,0.9988872048959351,1,,"{""answer"": ""REFUTES""}"
92,deepseek-chat,fever480_160x3_complexity_wood_v1_lr_40_resplit,fever,There is a Native-American actor called Sean Gunn.,REFUTES,0.9946950029225141,1,,"{""answer"": ""REFUTES""}"
73,deepseek-chat,fever480_160x3_complexity_wood_v1_lr_40_resplit,fever,Honeymoon is the second major-label record by Elizabeth Woolridge Grant.,REFUTES,0.9989815179627584,1,,"{""answer"": ""REFUTES""}"
514,deepseek-chat,fever480_160x3_complexity_wood_v1_lr_40_resplit,fever,A View to a Kill is the third James Bond film directed by John Glen and released in the first-decade of the twenty-first century.,REFUTES,0.9999847413274647,1,,"{""answer"": ""REFUTES""}"
558,deepseek-chat,fever480_160x3_complexity_wood_v1_lr_40_resplit,fever,Yandex operates in the world's largest landlocked country,NOT ENOUGH INFO,0.9198363041734849,0,,"{""answer"": ""NOT ENOUGH INFO""}"
403,deepseek-chat,fever480_160x3_complexity_wood_v1_lr_40_resplit,fever,There exists no film award called The Saturn Award for Best Fantasy Film.,REFUTES,0.9999604232989283,1,,"{""answer"": ""REFUTES""}"
631,deepseek-chat,fever480_160x3_complexity_wood_v1_lr_40_resplit,fever,Jiang Wen is a Chinese cuisine and is a film actor.,REFUTES,0.9999389667062822,1,,"{""answer"": ""REFUTES""}"
189,deepseek-chat,fever480_160x3_complexity_wood_v1_lr_40_resplit,fever,Manmohan Singh was a prime minister 3 years after 2012 after the first Prime Minister of India.,REFUTES,0.9994775230183466,1,,"{""answer"": ""REFUTES""}"
127,deepseek-chat,fever480_160x3_complexity_wood_v1_lr_40_resplit,fever,"The area of Ranala is larger than the area of Zaragoza Municipality, Coahuila.",REFUTES,0.9775773118854636,1,,"{""answer"": ""REFUTES""}"
56,deepseek-chat,fever480_160x3_complexity_wood_v1_lr_40_resplit,fever,There exists no director called Pink.,REFUTES,0.655997099864013,0,,"{""answer"": ""REFUTES""}"
157,deepseek-chat,fever480_160x3_complexity_wood_v1_lr_40_resplit,fever,There exists a Brazilian called Freddie Highmore.,REFUTES,0.9999508869780089,1,,"{""answer"": ""REFUTES""}"
1062,deepseek-chat,fever480_160x3_complexity_wood_v1_lr_40_resplit,fever,Chris Paul is definitely not a two-time Olympic silver winner.,REFUTES,0.9609823726041085,0,,"{""answer"": ""REFUTES""}"
176,deepseek-chat,fever480_160x3_complexity_wood_v1_lr_40_resplit,fever,Elizabeth of York was not in a marriage with the first monarch of the House of Tudor,REFUTES,0.9922988463311738,1,,"{""answer"": ""REFUTES""}"
493,deepseek-chat,fever480_160x3_complexity_wood_v1_lr_40_resplit,fever,Meteora is an album by a band from a country which lies to the north of United States.,NOT ENOUGH INFO,0.9998772436426329,1,,"{""answer"": ""NOT ENOUGH INFO""}"
266,deepseek-chat,fever480_160x3_complexity_wood_v1_lr_40_resplit,fever,"New Orleans Pelicans compete in a professional basketball league founded in New York City on June 6 , 1946",SUPPORTS,0.9998190301801249,1,,"{""answer"": ""SUPPORTS""}"
515,deepseek-chat,fever480_160x3_complexity_wood_v1_lr_40_resplit,fever,Tye Kayle Sheridan  is an American actor and playwright.,NOT ENOUGH INFO,0.9979657171724888,1,,"{""answer"": ""NOT ENOUGH INFO""}"
243,deepseek-chat,fever480_160x3_complexity_wood_v1_lr_40_resplit,fever,Layer-cake  is a type of federalism or divided sovereignty,NOT ENOUGH INFO,0.7430235157649543,0,,"{""answer"": ""NOT ENOUGH INFO""}"
298,deepseek-chat,fever480_160x3_complexity_wood_v1_lr_40_resplit,fever,"The Incredibles 2 will be shown on a 70 mm motion picture film format and a set of cinema projection standards developed in Canada in the late 1960s and early 1970s by Graeme Ferguson , Roman Kroitor , Robert Kerr , and William C. Shaw .",SUPPORTS,0.9799481480304392,1,,"{""answer"": ""SUPPORTS""}"
281,deepseek-chat,fever480_160x3_complexity_wood_v1_lr_40_resplit,fever,Farida Jalal received several awards for her work in the Telugu Film Awards and the Hindi Film Awards.,NOT ENOUGH INFO,0.9997652502829368,1,,"{""answer"": ""NOT ENOUGH INFO""}"
1115,deepseek-chat,fever480_160x3_complexity_wood_v1_lr_40_resplit,fever,Colin Kaepernick is a person who plays soccer,NOT ENOUGH INFO,0.9390987382142432,1,,"{""answer"": ""NOT ENOUGH INFO""}"
579,deepseek-chat,fever480_160x3_complexity_wood_v1_lr_40_resplit,fever,"January 27, 1960 is not the approximate time at which the person Loretta Sanchez was born.",SUPPORTS,0.983598434822051,1,,"{""answer"": ""SUPPORTS""}"
971,deepseek-chat,fever480_160x3_complexity_wood_v1_lr_40_resplit,fever,AMTOR is also used in the machines used in a later generation of computers to emulate a radio system.,REFUTES,0.9886937431802019,1,,"{""answer"": ""REFUTES""}"
478,deepseek-chat,fever480_160x3_complexity_wood_v1_lr_40_resplit,fever,The 34th governor of New Jersey formed the belief system Wilsonianism.,NOT ENOUGH INFO,0.9998855656275669,1,,"{""answer"": ""NOT ENOUGH INFO""}"
770,deepseek-chat,fever480_160x3_complexity_wood_v1_lr_40_resplit,fever,Physics is one of the older academic disciplines,NOT ENOUGH INFO,0.8683292009660339,0,,"{""answer"": ""NOT ENOUGH INFO""}"
1006,deepseek-chat,fever480_160x3_complexity_wood_v1_lr_40_resplit,fever,Celebrity Rehab with Dr Drew is a TV exhibition,SUPPORTS,0.9418698238598284,1,,"{""answer"": ""SUPPORTS""}"
618,deepseek-chat,fever480_160x3_complexity_wood_v1_lr_40_resplit,fever,The first annual Africa Cup of Nations occurred 3 years after 2012.,REFUTES,0.9976576624309638,1,,"{""answer"": ""REFUTES""}"
820,deepseek-chat,fever480_160x3_complexity_wood_v1_lr_40_resplit,fever,There existed a dancer called Estelle Getty.,NOT ENOUGH INFO,0.9962284991731052,1,,"{""answer"": ""NOT ENOUGH INFO""}"
702,deepseek-chat,fever480_160x3_complexity_wood_v1_lr_40_resplit,fever,Manchester by the Sea is not a movie.,REFUTES,0.9989467449561265,1,,"{""answer"": ""REFUTES""}"
394,deepseek-chat,fever480_160x3_complexity_wood_v1_lr_40_resplit,fever,Even Mickey Thompson has to participate in a Baja 1000,REFUTES,0.9991982814439438,1,,"{""answer"": ""REFUTES""}"
337,deepseek-chat,fever480_160x3_complexity_wood_v1_lr_40_resplit,fever,Villa Park hosted the President of Turkey during her 2012 visit to the country which hosted the 2012 Summer Olympic Games.,NOT ENOUGH INFO,0.9998612933558381,1,,"{""answer"": ""NOT ENOUGH INFO""}"
1148,deepseek-chat,fever480_160x3_complexity_wood_v1_lr_40_resplit,fever,"There was a place where mostly English people gathered, it was called Pocahontas attended a masque at Whitehall Palace which.",NOT ENOUGH INFO,0.9998449965942694,1,,"{""answer"": ""NOT ENOUGH INFO""}"
267,deepseek-chat,fever480_160x3_complexity_wood_v1_lr_40_resplit,fever,James VI and I began the British colonization of the Americas 4 years before 1611.,NOT ENOUGH INFO,0.9929762624866211,1,,"{""answer"": ""NOT ENOUGH INFO""}"
143,deepseek-chat,fever480_160x3_complexity_wood_v1_lr_40_resplit,fever,"In 1971 Asylum Records the American record label was founded by an American business magnate, producer, film studio executive, and philanthropist along with his partner",NOT ENOUGH INFO,0.9186348126603608,0,,"{""answer"": ""NOT ENOUGH INFO""}"
548,deepseek-chat,fever480_160x3_complexity_wood_v1_lr_40_resplit,fever,There exists an American comedy-drama called Hannah and Her Sisters.,SUPPORTS,0.9998457285846144,1,,"{""answer"": ""SUPPORTS""}"
785,deepseek-chat,fever480_160x3_complexity_wood_v1_lr_40_resplit,fever,Sebastian Vettel is not a person.,REFUTES,0.9993722026129712,1,,"{""answer"": ""REFUTES""}"
474,deepseek-chat,fever480_160x3_complexity_wood_v1_lr_40_resplit,fever,Linkin Park hit the Billboard Top 200 for the first time 3 years after 2004.,REFUTES,0.999606210058795,1,,"{""answer"": ""REFUTES""}"
982,deepseek-chat,fever480_160x3_complexity_wood_v1_lr_40_resplit,fever,The Latvian Soviet Socialist Republic was a republic of the Soviet Union in the 2010s.,REFUTES,0.9998002251836466,1,,"{""answer"": ""REFUTES""}"
1025,deepseek-chat,fever480_160x3_complexity_wood_v1_lr_40_resplit,fever,"Brian Else also has produced many albums, most recently for bands such as the band, The Black Eyed Peas, as well as other artists as well as other bands and bands from all over the world...",NOT ENOUGH INFO,0.9997836260411314,1,,"{""answer"": ""NOT ENOUGH INFO""}"
7,deepseek-chat,fever480_160x3_complexity_wood_v1_lr_40_resplit,fever,Robert Kardashian is an ex-husband of a mother of a person appearing on a sex tape.,SUPPORTS,0.9969034552404872,1,,"{""answer"": ""SUPPORTS""}"
103,deepseek-chat,fever480_160x3_complexity_wood_v1_lr_40_resplit,fever,The area of Joda is larger than the area of Mashonaland East Province.,REFUTES,0.9841279921308234,1,,"{""answer"": ""REFUTES""}"
882,deepseek-chat,fever480_160x3_complexity_wood_v1_lr_40_resplit,fever,1790 is not the approximate time at which the person Benjamin Franklin started living.,SUPPORTS,0.9702316169208275,1,,"{""answer"": ""SUPPORTS""}"
330,deepseek-chat,fever480_160x3_complexity_wood_v1_lr_40_resplit,fever,The area of Sắc Tứ Tam Bảo Temple is larger than the area of Diyarbakır Province.,REFUTES,0.9562094042964422,1,,"{""answer"": ""REFUTES""}"
283,deepseek-chat,fever480_160x3_complexity_wood_v1_lr_40_resplit,fever,Friday the 13th is the approximate time at which the person Caleb McLaughlin started living.,NOT ENOUGH INFO,0.9999812734797071,1,,"{""answer"": ""NOT ENOUGH INFO""}"
801,deepseek-chat,fever480_160x3_complexity_wood_v1_lr_40_resplit,fever,There existed an American Civil War battle that went by the name of The Battle of the Trebia.,REFUTES,0.9996529227896602,1,,"{""answer"": ""REFUTES""}"
926,deepseek-chat,fever480_160x3_complexity_wood_v1_lr_40_resplit,fever,The cause of death of Joop van Oosterom was kept secret because it is related to illegal activity.,NOT ENOUGH INFO,0.9999608134229958,1,,"{""answer"": ""NOT ENOUGH INFO""}"
230,deepseek-chat,fever480_160x3_complexity_wood_v1_lr_40_resplit,fever,French Indochina was previously spelled as French Indo-China after 1990.,NOT ENOUGH INFO,0.9990526700931118,1,,"{""answer"": ""NOT ENOUGH INFO""}"
427,deepseek-chat,fever480_160x3_complexity_wood_v1_lr_40_resplit,fever,"There is a Japanese television drama series based on a manga series illustrated by Takeshi Obata, it is called Death Note.",SUPPORTS,0.9998766657318963,1,,"{""answer"": ""SUPPORTS""}"
124,deepseek-chat,fever480_160x3_complexity_wood_v1_lr_40_resplit,fever,Nate Diaz signed with the UFC in the year when subprime mortgage crisis happened in the United States.,NOT ENOUGH INFO,0.9998550520064756,1,,"{""answer"": ""NOT ENOUGH INFO""}"
701,deepseek-chat,fever480_160x3_complexity_wood_v1_lr_40_resplit,fever,There is a city in debt called Lyon.,NOT ENOUGH INFO,0.9992643809195697,1,,"{""answer"": ""NOT ENOUGH INFO""}"
120,deepseek-chat,fever480_160x3_complexity_wood_v1_lr_40_resplit,fever,The Latvian Soviet Socialist Republic was a republic of the Soviet Union 3 years after 2009.,REFUTES,0.9999504101657914,1,,"{""answer"": ""REFUTES""}"
853,deepseek-chat,fever480_160x3_complexity_wood_v1_lr_40_resplit,fever,There exists a businessman and was on television that goes by the name of The American actor that plays Chumlee.,NOT ENOUGH INFO,0.9787145624707075,0,,"{""answer"": ""NOT ENOUGH INFO""}"
315,deepseek-chat,fever480_160x3_complexity_wood_v1_lr_40_resplit,fever,The Thin Red Line (1998 film) features a performance by only one American actor.,NOT ENOUGH INFO,0.9998682282287535,1,,"{""answer"": ""NOT ENOUGH INFO""}"
583,deepseek-chat,fever480_160x3_complexity_wood_v1_lr_40_resplit,fever,There did not exist a fashion designer that goes by the name of Augutus Prew's mother.,REFUTES,0.9878827175550068,1,,"{""answer"": ""REFUTES""}"
1105,deepseek-chat,fever480_160x3_complexity_wood_v1_lr_40_resplit,fever,The area of Khuldabad is larger than the area of Province of Huelva.,REFUTES,0.9982639141548642,1,,"{""answer"": ""REFUTES""}"
346,deepseek-chat,fever480_160x3_complexity_wood_v1_lr_40_resplit,fever,There is a religious leader called William Cohen.,NOT ENOUGH INFO,0.9997784253163878,1,,"{""answer"": ""NOT ENOUGH INFO""}"
697,deepseek-chat,fever480_160x3_complexity_wood_v1_lr_40_resplit,fever,Hindu Kush is a geographic feature and is a romance movie.,REFUTES,0.9999237089634342,1,,"{""answer"": ""REFUTES""}"
43,deepseek-chat,fever480_160x3_complexity_wood_v1_lr_40_resplit,fever,There is a movie called The film The Good German which wasn't directed by Cate Blanchett.,SUPPORTS,0.9991149582133863,1,,"{""answer"": ""SUPPORTS""}"
821,deepseek-chat,fever480_160x3_complexity_wood_v1_lr_40_resplit,fever,There exists a UK National Committee that goes by the name of UNICEF UK.,NOT ENOUGH INFO,0.9949593136691555,1,,"{""answer"": ""NOT ENOUGH INFO""}"
1049,deepseek-chat,fever480_160x3_complexity_wood_v1_lr_40_resplit,fever,There exists a director of cinematography called Ayananka Bose.,NOT ENOUGH INFO,0.9991635441640194,1,,"{""answer"": ""NOT ENOUGH INFO""}"
158,deepseek-chat,fever480_160x3_complexity_wood_v1_lr_40_resplit,fever,Lyron Cobbins was also a member of the Notre Dame Fighting Falcons and the Chicago Cardinals.,REFUTES,0.9957067407955428,1,,"{""answer"": ""REFUTES""}"
1097,deepseek-chat,fever480_160x3_complexity_wood_v1_lr_40_resplit,fever,Kevin Bacon acted in The Woodsman when he was 93 years old and appeared in a film Barry Levinson directed.,REFUTES,0.9998855656336116,1,,"{""answer"": ""REFUTES""}"
367,deepseek-chat,fever480_160x3_complexity_wood_v1_lr_40_resplit,fever,Halsey signed her first recording contract 5 years before 2019 to Astralwerks.,SUPPORTS,0.9379397778656227,1,,"{""answer"": ""SUPPORTS""}"
638,deepseek-chat,fever480_160x3_complexity_wood_v1_lr_40_resplit,fever,The Paper isn't directed by Barack Obama.,SUPPORTS,0.9812332715664359,1,,"{""answer"": ""SUPPORTS""}"
716,deepseek-chat,fever480_160x3_complexity_wood_v1_lr_40_resplit,fever,"There is an Italian professional footballer from New jersey, they are called Andrea Pirlo.",NOT ENOUGH INFO,0.9983631021410844,1,,"{""answer"": ""NOT ENOUGH INFO""}"
385,deepseek-chat,fever480_160x3_complexity_wood_v1_lr_40_resplit,fever,Goldie Hawn was always passed over for Academy Award nominations and had a career that lasted more than three decades.,REFUTES,0.9983257972328703,1,,"{""answer"": ""REFUTES""}"
16,deepseek-chat,fever480_160x3_complexity_wood_v1_lr_40_resplit,fever,Sausage Party was held in the year when Donald Trump won the Presidential elections.,NOT ENOUGH INFO,0.9999105320124991,1,,"{""answer"": ""NOT ENOUGH INFO""}"
14,deepseek-chat,fever480_160x3_complexity_wood_v1_lr_40_resplit,fever,"Adam Khoo is an investor in the Singapore Stock Exchange and various forms of trading, including stock-market mutual funds and derivatives.",NOT ENOUGH INFO,0.9998359814648745,1,,"{""answer"": ""NOT ENOUGH INFO""}"
214,deepseek-chat,fever480_160x3_complexity_wood_v1_lr_40_resplit,fever,One True Thing is film that originated from outside the United States.,REFUTES,0.9996076400114954,1,,"{""answer"": ""REFUTES""}"
534,deepseek-chat,fever480_160x3_complexity_wood_v1_lr_40_resplit,fever,"Camden, New Jersey is the home of a school that was founded as the South Jersey Law School 4 years before 1926.",REFUTES,0.9987424181501408,1,,"{""answer"": ""REFUTES""}"
171,deepseek-chat,fever480_160x3_complexity_wood_v1_lr_40_resplit,fever,"There exists a Bostonian, it goes by the name of Johnny Van Zant.",NOT ENOUGH INFO,0.9988489711522818,1,,"{""answer"": ""NOT ENOUGH INFO""}"
616,deepseek-chat,fever480_160x3_complexity_wood_v1_lr_40_resplit,fever,Mamata Banerjee is not an Indian politician.,REFUTES,0.9998779371402021,1,,"{""answer"": ""REFUTES""}"
141,deepseek-chat,fever480_160x3_complexity_wood_v1_lr_40_resplit,fever,Southampton F.C. came in second in the First Division in the 1980s -- 1984.,NOT ENOUGH INFO,0.8888294796790807,0,,"{""answer"": ""NOT ENOUGH INFO""}"
391,deepseek-chat,fever480_160x3_complexity_wood_v1_lr_40_resplit,fever,Steph Curry won an MVP award after his father stopped playing.,SUPPORTS,0.8805804795517057,1,,"{""answer"": ""SUPPORTS""}"
541,deepseek-chat,fever480_160x3_complexity_wood_v1_lr_40_resplit,fever,There exists a Australian politician that goes by the name of Mamata Banerjee.,REFUTES,0.9999852181575025,1,,"{""answer"": ""REFUTES""}"
482,deepseek-chat,fever480_160x3_complexity_wood_v1_lr_40_resplit,fever,Peyton Manning was drafted before his brother.,SUPPORTS,0.9785464942841274,1,,"{""answer"": ""SUPPORTS""}"
455,deepseek-chat,fever480_160x3_complexity_wood_v1_lr_40_resplit,fever,"Keith Urban was released by a person whose singles Locked Out of Heaven and When I Was Your Man, reached number one on the US Billboard Hot 100 chart.",NOT ENOUGH INFO,0.99991122553105,1,,"{""answer"": ""NOT ENOUGH INFO""}"
255,deepseek-chat,fever480_160x3_complexity_wood_v1_lr_40_resplit,fever,There is not a 1986 science fiction action horror comedy film written and directed by Stephen King called Maximum Overdrive.,REFUTES,0.9926921243170739,1,,"{""answer"": ""REFUTES""}"
166,deepseek-chat,fever480_160x3_complexity_wood_v1_lr_40_resplit,fever,"The Prowler was created by Stan Lee, John Buscema, and Jim Mooney in the seventies of the twentieth century.",NOT ENOUGH INFO,0.9995447675020894,1,,"{""answer"": ""NOT ENOUGH INFO""}"
77,deepseek-chat,fever480_160x3_complexity_wood_v1_lr_40_resplit,fever,Coeliac disease may result in increased risk of cancer and is not treated by maintaining a gluten-free diet.,REFUTES,0.9999895096375242,1,,"{""answer"": ""REFUTES""}"
645,deepseek-chat,fever480_160x3_complexity_wood_v1_lr_40_resplit,fever,John S. McCain Jr. was raised in the capital of the United States of America.,SUPPORTS,0.9888235558991861,1,,"{""answer"": ""SUPPORTS""}"
123,deepseek-chat,fever480_160x3_complexity_wood_v1_lr_40_resplit,fever,There exists a long running television series called SpongeBob SquarePants.,NOT ENOUGH INFO,0.9976255734859486,1,,"{""answer"": ""NOT ENOUGH INFO""}"
187,deepseek-chat,fever480_160x3_complexity_wood_v1_lr_40_resplit,fever,"Camden, New Jersey is the home of a school that was founded as the South Jersey Law School between 1925 and 1927.",SUPPORTS,0.9927395659855015,1,,"{""answer"": ""SUPPORTS""}"
459,deepseek-chat,fever480_160x3_complexity_wood_v1_lr_40_resplit,fever,There exists a volleyball player called Laura Robson.,REFUTES,0.9983372223049276,1,,"{""answer"": ""REFUTES""}"
925,deepseek-chat,fever480_160x3_complexity_wood_v1_lr_40_resplit,fever,"There exists an embodiment of cultism called Sacre-Coeur, Paris.",NOT ENOUGH INFO,0.9997818924610902,1,,"{""answer"": ""NOT ENOUGH INFO""}"
251,deepseek-chat,fever480_160x3_complexity_wood_v1_lr_40_resplit,fever,"There existed an attempt to incorporate Cyprus into Greece, it was called There.",NOT ENOUGH INFO,0.8945517661263943,0,,"{""answer"": ""NOT ENOUGH INFO""}"
545,deepseek-chat,fever480_160x3_complexity_wood_v1_lr_40_resplit,fever,"Darris Love was created by creator/executive producer/composer/musician, David S. Goyer, in conjunction with the production company, Whedon Productions.",REFUTES,0.9952586398239853,1,,"{""answer"": ""REFUTES""}"
84,deepseek-chat,fever480_160x3_complexity_wood_v1_lr_40_resplit,fever,1970 is the approximate time at which the person Eric Bana started living.,REFUTES,0.9886626277181084,1,,"{""answer"": ""REFUTES""}"
671,deepseek-chat,fever480_160x3_complexity_wood_v1_lr_40_resplit,fever,"Babur was born at some other time than May 14, 1783.",SUPPORTS,0.9816879565685614,1,,"{""answer"": ""SUPPORTS""}"
1027,deepseek-chat,fever480_160x3_complexity_wood_v1_lr_40_resplit,fever,Antigua and Barbuda was named by Christopher Columbus after 1480.,SUPPORTS,0.9430082775115904,1,,"{""answer"": ""SUPPORTS""}"
244,deepseek-chat,fever480_160x3_complexity_wood_v1_lr_40_resplit,fever,There exists a religion that goes by the name of Birmingham.,REFUTES,0.999436537287021,1,,"{""answer"": ""REFUTES""}"
107,deepseek-chat,fever480_160x3_complexity_wood_v1_lr_40_resplit,fever,The area of Phulambri is larger than the area of Province of Córdoba -LRB-Spain-RRB-.,REFUTES,0.9995037357096778,1,,"{""answer"": ""REFUTES""}"
1012,deepseek-chat,fever480_160x3_complexity_wood_v1_lr_40_resplit,fever,There does not exist a religion called Birmingham.,SUPPORTS,0.998517606467461,1,,"{""answer"": ""SUPPORTS""}"
308,deepseek-chat,fever480_160x3_complexity_wood_v1_lr_40_resplit,fever,Topman belongs to a British multinational retailing company and is part of a retailing company.,NOT ENOUGH INFO,0.9998925006723759,1,,"{""answer"": ""NOT ENOUGH INFO""}"
828,deepseek-chat,fever480_160x3_complexity_wood_v1_lr_40_resplit,fever,The Hanford Site hosts the LIGO Hanford Observatory which detects gravitational tides,NOT ENOUGH INFO,0.9976636305306403,1,,"{""answer"": ""NOT ENOUGH INFO""}"
401,deepseek-chat,fever480_160x3_complexity_wood_v1_lr_40_resplit,fever,Terry Crews played professional football in the year when Pakistan won the Cricket world cup.,NOT ENOUGH INFO,0.9999223219108263,1,,"{""answer"": ""NOT ENOUGH INFO""}"
609,deepseek-chat,fever480_160x3_complexity_wood_v1_lr_40_resplit,fever,Ralph Fults was associated with the musical body the Barrow Gang,REFUTES,0.9991115704293798,1,,"{""answer"": ""REFUTES""}"
69,deepseek-chat,fever480_160x3_complexity_wood_v1_lr_40_resplit,fever,The area of Ladwa is larger than the area of Niğde Province.,NOT ENOUGH INFO,0.8587031758903428,0,,"{""answer"": ""NOT ENOUGH INFO""}"
831,deepseek-chat,fever480_160x3_complexity_wood_v1_lr_40_resplit,fever,There exists a drag race racing team called Red Bull Racing.,NOT ENOUGH INFO,0.9998512378739098,1,,"{""answer"": ""NOT ENOUGH INFO""}"
340,deepseek-chat,fever480_160x3_complexity_wood_v1_lr_40_resplit,fever,The area of Nove is larger than the area of Nandurbar district.,REFUTES,0.9939269213923764,1,,"{""answer"": ""REFUTES""}"
628,deepseek-chat,fever480_160x3_complexity_wood_v1_lr_40_resplit,fever,Delino DeShields played major league baseball before his son was born.,SUPPORTS,0.9896688594370636,1,,"{""answer"": ""SUPPORTS""}"
22,deepseek-chat,fever480_160x3_complexity_wood_v1_lr_40_resplit,fever,"The area of Nerva, Spain is larger than the area of Madhya Pradesh.",REFUTES,0.9999508869786339,1,,"{""answer"": ""REFUTES""}"
745,deepseek-chat,fever480_160x3_complexity_wood_v1_lr_40_resplit,fever,"Wildfang was founded in Portland, Oregon 5 years after 1996.",REFUTES,0.9961830689606227,1,,"{""answer"": ""REFUTES""}"
870,deepseek-chat,fever480_160x3_complexity_wood_v1_lr_40_resplit,fever,December is some other time than when The American actor that plays Chumlee was born.,SUPPORTS,0.9714788792246846,1,,"{""answer"": ""SUPPORTS""}"
504,deepseek-chat,fever480_160x3_complexity_wood_v1_lr_40_resplit,fever,The Woman in Black was abandoned by Hammer Film Productions in the second-decade of the twenty-first century in favor of working on Freddie vs. Jason.,REFUTES,0.9999456420406224,1,,"{""answer"": ""REFUTES""}"
864,deepseek-chat,fever480_160x3_complexity_wood_v1_lr_40_resplit,fever,Colombiana is a French film shot in Paris.,NOT ENOUGH INFO,0.9987800416317124,1,,"{""answer"": ""NOT ENOUGH INFO""}"
847,deepseek-chat,fever480_160x3_complexity_wood_v1_lr_40_resplit,fever,There is a 1998 TV series called Practical Magic.,NOT ENOUGH INFO,0.9981602360162378,1,,"{""answer"": ""NOT ENOUGH INFO""}"
900,deepseek-chat,fever480_160x3_complexity_wood_v1_lr_40_resplit,fever,The Winds of Winter is an epic fantasy novel and is the eighth book in a series.,REFUTES,0.9992473575108052,1,,"{""answer"": ""REFUTES""}"
592,deepseek-chat,fever480_160x3_complexity_wood_v1_lr_40_resplit,fever,There exists a giant actress that goes by the name of Aubrey Anderson-Emmons.,NOT ENOUGH INFO,0.9998456900614581,1,,"{""answer"": ""NOT ENOUGH INFO""}"
457,deepseek-chat,fever480_160x3_complexity_wood_v1_lr_40_resplit,fever,Chris Bosh won his first NBA Finals title before 2000 against Oklahoma City Thunder.,REFUTES,0.9999890328059526,1,,"{""answer"": ""REFUTES""}"
231,deepseek-chat,fever480_160x3_complexity_wood_v1_lr_40_resplit,fever,Probot had founder and frontman of the rock band Foo Fighters,SUPPORTS,0.9838273414648095,1,,"{""answer"": ""SUPPORTS""}"
898,deepseek-chat,fever480_160x3_complexity_wood_v1_lr_40_resplit,fever,John Deighton was forced to pursue work and worked a parcel of land that had gold.,NOT ENOUGH INFO,0.9999087982169537,1,,"{""answer"": ""NOT ENOUGH INFO""}"
225,deepseek-chat,fever480_160x3_complexity_wood_v1_lr_40_resplit,fever,There is not a state that goes by the name of Estonia.,REFUTES,0.9960899701924109,1,,"{""answer"": ""REFUTES""}"
703,deepseek-chat,fever480_160x3_complexity_wood_v1_lr_40_resplit,fever,The Latvian Soviet Socialist Republic was a republic of the Soviet Union 5 years after 2007.,REFUTES,0.9999384898984489,1,,"{""answer"": ""REFUTES""}"
470,deepseek-chat,fever480_160x3_complexity_wood_v1_lr_40_resplit,fever,"There is a 4D bicycle, it is called Tangled.",NOT ENOUGH INFO,0.9999122658139598,1,,"{""answer"": ""NOT ENOUGH INFO""}"
343,deepseek-chat,fever480_160x3_complexity_wood_v1_lr_40_resplit,fever,Elizabeth II became the longest-reigning queen more than 90 years after her father was married.,NOT ENOUGH INFO,0.9854053595449778,0,,"{""answer"": ""NOT ENOUGH INFO""}"
1059,deepseek-chat,fever480_160x3_complexity_wood_v1_lr_40_resplit,fever,Peyton Manning won the SEC Championship after his younger brother was drafted.,REFUTES,0.9998493308149919,1,,"{""answer"": ""REFUTES""}"
721,deepseek-chat,fever480_160x3_complexity_wood_v1_lr_40_resplit,fever,The Brat Pack is a type of name given to a panel,REFUTES,0.9569040775834257,0,,"{""answer"": ""REFUTES""}"
764,deepseek-chat,fever480_160x3_complexity_wood_v1_lr_40_resplit,fever,The Challenge XXX: Dirty 30 is certainly not a season in a television series from the United States.,REFUTES,0.8288959098493822,0,,"{""answer"": ""REFUTES""}"
589,deepseek-chat,fever480_160x3_complexity_wood_v1_lr_40_resplit,fever,There exists a television series called Younger.,SUPPORTS,0.9999029418583351,1,,"{""answer"": ""SUPPORTS""}"
1004,deepseek-chat,fever480_160x3_complexity_wood_v1_lr_40_resplit,fever,There exists an American film called Scream 2.,SUPPORTS,0.9999415096856696,1,,"{""answer"": ""SUPPORTS""}"
413,deepseek-chat,fever480_160x3_complexity_wood_v1_lr_40_resplit,fever,Shut Up is not a title.,SUPPORTS,0.7674012367737002,0,,"{""answer"": ""SUPPORTS""}"
274,deepseek-chat,fever480_160x3_complexity_wood_v1_lr_40_resplit,fever,Talulah Riley appeared in a 2007 British comedy film and the sixth in a long-running series of British films based on the works of cartoonist Ronald Searle,SUPPORTS,0.9982962833208575,1,,"{""answer"": ""SUPPORTS""}"
368,deepseek-chat,fever480_160x3_complexity_wood_v1_lr_40_resplit,fever,Red Dust is a 2000 novel written by a South African.,SUPPORTS,0.9941826193513468,1,,"{""answer"": ""SUPPORTS""}"
713,deepseek-chat,fever480_160x3_complexity_wood_v1_lr_40_resplit,fever,Sayyeshaa was in a movie directed by a person whose film Tagore was screened at the 2006 IIFA Awards held in Dubai.,NOT ENOUGH INFO,0.9999240557293667,1,,"{""answer"": ""NOT ENOUGH INFO""}"
1042,deepseek-chat,fever480_160x3_complexity_wood_v1_lr_40_resplit,fever,Margaret Thatcher was the most respected politician within the Conservative Party in the UK between 1973 and 1977.,NOT ENOUGH INFO,0.9999590795394467,1,,"{""answer"": ""NOT ENOUGH INFO""}"
935,deepseek-chat,fever480_160x3_complexity_wood_v1_lr_40_resplit,fever,"Simi Valley, California, reported a median household income of $87,894 5 years after 2007.",NOT ENOUGH INFO,0.9729315540444395,0,,"{""answer"": ""NOT ENOUGH INFO""}"
472,deepseek-chat,fever480_160x3_complexity_wood_v1_lr_40_resplit,fever,One Dance reached number one in the Netherlands between 2006 and 2014.,REFUTES,0.99989271739749,1,,"{""answer"": ""REFUTES""}"
511,deepseek-chat,fever480_160x3_complexity_wood_v1_lr_40_resplit,fever,"There is a well-known performance, it is called The Gettysburg Address.",NOT ENOUGH INFO,0.9998789773828732,1,,"{""answer"": ""NOT ENOUGH INFO""}"
47,deepseek-chat,fever480_160x3_complexity_wood_v1_lr_40_resplit,fever,Jason Bourne has American actress Julia Stiles as part of the cast among several other female actors.,NOT ENOUGH INFO,0.999872042433086,1,,"{""answer"": ""NOT ENOUGH INFO""}"
316,deepseek-chat,fever480_160x3_complexity_wood_v1_lr_40_resplit,fever,There exists no remix album called Reanimation called There.,REFUTES,0.9841232998062117,1,,"{""answer"": ""REFUTES""}"
437,deepseek-chat,fever480_160x3_complexity_wood_v1_lr_40_resplit,fever,Chumlee is played by actor that was a businessman and was on television that originated from outside the United States.,REFUTES,0.9984538599295305,1,,"{""answer"": ""REFUTES""}"
723,deepseek-chat,fever480_160x3_complexity_wood_v1_lr_40_resplit,fever,There exists a public school that goes by the name of PBS.,NOT ENOUGH INFO,0.999572845181244,1,,"{""answer"": ""NOT ENOUGH INFO""}"
136,deepseek-chat,fever480_160x3_complexity_wood_v1_lr_40_resplit,fever,One of Macklemore's singles was number one in Canada 2 years after 2008.,NOT ENOUGH INFO,0.999896661721586,1,,"{""answer"": ""NOT ENOUGH INFO""}"
304,deepseek-chat,fever480_160x3_complexity_wood_v1_lr_40_resplit,fever,There is an architect called Faye Resnick.,NOT ENOUGH INFO,0.9998002685289866,1,,"{""answer"": ""NOT ENOUGH INFO""}"
563,deepseek-chat,fever480_160x3_complexity_wood_v1_lr_40_resplit,fever,Robert Siegel was an American poet and novelist.,SUPPORTS,0.9913893673179012,1,,"{""answer"": ""SUPPORTS""}"
704,deepseek-chat,fever480_160x3_complexity_wood_v1_lr_40_resplit,fever,The actress playing Jackie Kennedy in Jackie (2016 film) has ciizenship only from one country,SUPPORTS,0.726636025099128,0,,"{""answer"": ""SUPPORTS""}"
983,deepseek-chat,fever480_160x3_complexity_wood_v1_lr_40_resplit,fever,There is not a work that goes by the name of The Giver.,REFUTES,0.9940966067870632,1,,"{""answer"": ""REFUTES""}"
555,deepseek-chat,fever480_160x3_complexity_wood_v1_lr_40_resplit,fever,Bea Arthur was married to a person who won the 1966 Tony Award for Best Featured Actress in a Musical for playing Vera Charles in Mame.,NOT ENOUGH INFO,0.9998560922351705,1,,"{""answer"": ""NOT ENOUGH INFO""}"
595,deepseek-chat,fever480_160x3_complexity_wood_v1_lr_40_resplit,fever,There does not exist a 2010 biopic that goes by the name of Temple Grandin.,REFUTES,0.991833833582469,1,,"{""answer"": ""REFUTES""}"
