model,dataset,original_index,question,answer,confidence,correct,error,ling_conf_level,ling_conf_score,ling_marker_count,ling_unique_marker_count,ling_has_marker
qwen/qwen3-14b,fever,631,Jiang Wen is a Chinese cuisine and is a film actor.,REFUTES,1.0,1,,medium,0.5,0,0,0
google/gemma-4-26b-a4b-it,fever,631,Jiang Wen is a Chinese cuisine and is a film actor.,REFUTES,1.0,1,,medium,0.5,0,0,0
qwen/qwen3-14b,fever,189,Manmohan Singh was a prime minister 3 years after 2012 after the first Prime Minister of India.,REFUTES,1.0,1,,medium,0.5,0,0,0
google/gemma-4-26b-a4b-it,fever,189,Manmohan Singh was a prime minister 3 years after 2012 after the first Prime Minister of India.,REFUTES,1.0,1,,medium,0.5,0,0,0
qwen/qwen3-14b,fever,127,"The area of Ranala is larger than the area of Zaragoza Municipality, Coahuila.",REFUTES,0.7,1,,medium,0.5,0,0,0
google/gemma-4-26b-a4b-it,fever,127,"The area of Ranala is larger than the area of Zaragoza Municipality, Coahuila.",REFUTES,1.0,1,,medium,0.5,0,0,0
qwen/qwen3-14b,fever,56,There exists no director called Pink.,SUPPORTS,0.8,1,,medium,0.5,0,0,0
google/gemma-4-26b-a4b-it,fever,56,There exists no director called Pink.,SUPPORTS,1.0,1,,medium,0.5,0,0,0
qwen/qwen3-14b,fever,157,There exists a Brazilian called Freddie Highmore.,REFUTES,0.9,1,,medium,0.5,0,0,0
google/gemma-4-26b-a4b-it,fever,157,There exists a Brazilian called Freddie Highmore.,REFUTES,1.0,1,,medium,0.5,0,0,0
qwen/qwen3-14b,fever,1062,Chris Paul is definitely not a two-time Olympic silver winner.,SUPPORTS,1.0,1,,medium,0.5,0,0,0
google/gemma-4-26b-a4b-it,fever,1062,Chris Paul is definitely not a two-time Olympic silver winner.,SUPPORTS,1.0,1,,medium,0.5,0,0,0
qwen/qwen3-14b,fever,176,Elizabeth of York was not in a marriage with the first monarch of the House of Tudor,REFUTES,1.0,1,,medium,0.5,0,0,0
google/gemma-4-26b-a4b-it,fever,176,Elizabeth of York was not in a marriage with the first monarch of the House of Tudor,REFUTES,1.0,1,,medium,0.5,0,0,0
qwen/qwen3-14b,fever,493,Meteora is an album by a band from a country which lies to the north of United States.,NOT ENOUGH INFO,0.3,1,,medium,0.5,0,0,0
google/gemma-4-26b-a4b-it,fever,493,Meteora is an album by a band from a country which lies to the north of United States.,NOT ENOUGH INFO,1.0,1,,medium,0.5,0,0,0
qwen/qwen3-14b,fever,266,"New Orleans Pelicans compete in a professional basketball league founded in New York City on June 6 , 1946",SUPPORTS,1.0,1,,medium,0.5,0,0,0
google/gemma-4-26b-a4b-it,fever,266,"New Orleans Pelicans compete in a professional basketball league founded in New York City on June 6 , 1946",SUPPORTS,1.0,1,,medium,0.5,0,0,0
qwen/qwen3-14b,fever,515,Tye Kayle Sheridan  is an American actor and playwright.,NOT ENOUGH INFO,0.7,1,,medium,0.5,0,0,0
google/gemma-4-26b-a4b-it,fever,515,Tye Kayle Sheridan  is an American actor and playwright.,NOT ENOUGH INFO,1.0,1,,medium,0.5,0,0,0
qwen/qwen3-14b,fever,243,Layer-cake  is a type of federalism or divided sovereignty,SUPPORTS,0.09,1,,medium,0.5,0,0,0
google/gemma-4-26b-a4b-it,fever,243,Layer-cake  is a type of federalism or divided sovereignty,SUPPORTS,1.0,1,,medium,0.5,0,0,0
qwen/qwen3-14b,fever,298,"The Incredibles 2 will be shown on a 70 mm motion picture film format and a set of cinema projection standards developed in Canada in the late 1960s and early 1970s by Graeme Ferguson , Roman Kroitor , Robert Kerr , and William C. Shaw .",SUPPORTS,1.0,1,,medium,0.5,0,0,0
google/gemma-4-26b-a4b-it,fever,298,"The Incredibles 2 will be shown on a 70 mm motion picture film format and a set of cinema projection standards developed in Canada in the late 1960s and early 1970s by Graeme Ferguson , Roman Kroitor , Robert Kerr , and William C. Shaw .",SUPPORTS,1.0,1,,medium,0.5,0,0,0
qwen/qwen3-14b,fever,281,Farida Jalal received several awards for her work in the Telugu Film Awards and the Hindi Film Awards.,NOT ENOUGH INFO,0.3,1,,medium,0.5,0,0,0
google/gemma-4-26b-a4b-it,fever,281,Farida Jalal received several awards for her work in the Telugu Film Awards and the Hindi Film Awards.,NOT ENOUGH INFO,1.0,1,,medium,0.5,0,0,0
qwen/qwen3-14b,fever,1115,Colin Kaepernick is a person who plays soccer,False,1.0,0,,medium,0.5,0,0,0
google/gemma-4-26b-a4b-it,fever,1115,Colin Kaepernick is a person who plays soccer,NOT ENOUGH INFO,1.0,1,,medium,0.5,0,0,0
qwen/qwen3-14b,fever,579,"January 27, 1960 is not the approximate time at which the person Loretta Sanchez was born.",SUPPORTS,0.8,1,,medium,0.5,0,0,0
google/gemma-4-26b-a4b-it,fever,579,"January 27, 1960 is not the approximate time at which the person Loretta Sanchez was born.",SUPPORTS,1.0,1,,medium,0.5,0,0,0
qwen/qwen3-14b,fever,971,AMTOR is also used in the machines used in a later generation of computers to emulate a radio system.,REFUTES,0.6,1,,medium,0.5,0,0,0
google/gemma-4-26b-a4b-it,fever,971,AMTOR is also used in the machines used in a later generation of computers to emulate a radio system.,REFUTES,1.0,1,,medium,0.5,0,0,0
qwen/qwen3-14b,fever,478,The 34th governor of New Jersey formed the belief system Wilsonianism.,NOT ENOUGH INFO,0.8,1,,medium,0.5,0,0,0
google/gemma-4-26b-a4b-it,fever,478,The 34th governor of New Jersey formed the belief system Wilsonianism.,NOT ENOUGH INFO,1.0,1,,medium,0.5,0,0,0
qwen/qwen3-14b,fever,770,Physics is one of the older academic disciplines,SUPPORTS,0.095,1,,medium,0.5,0,0,0
google/gemma-4-26b-a4b-it,fever,770,Physics is one of the older academic disciplines,SUPPORTS,1.0,1,,medium,0.5,0,0,0
qwen/qwen3-14b,fever,1006,Celebrity Rehab with Dr Drew is a TV exhibition,SUPPORTS,0.6,1,,medium,0.5,0,0,0
google/gemma-4-26b-a4b-it,fever,1006,Celebrity Rehab with Dr Drew is a TV exhibition,SUPPORTS,1.0,1,,medium,0.5,0,0,0
qwen/qwen3-14b,fever,618,The first annual Africa Cup of Nations occurred 3 years after 2012.,REFUTES,1.0,1,,medium,0.5,0,0,0
google/gemma-4-26b-a4b-it,fever,618,The first annual Africa Cup of Nations occurred 3 years after 2012.,REFUTES,1.0,1,,medium,0.5,0,0,0
qwen/qwen3-14b,fever,820,There existed a dancer called Estelle Getty.,NOT ENOUGH INFO,0.5,1,,medium,0.5,0,0,0
google/gemma-4-26b-a4b-it,fever,820,There existed a dancer called Estelle Getty.,NOT ENOUGH INFO,1.0,1,,medium,0.5,0,0,0
qwen/qwen3-14b,fever,702,Manchester by the Sea is not a movie.,REFUTES,1.0,1,,medium,0.5,0,0,0
google/gemma-4-26b-a4b-it,fever,702,Manchester by the Sea is not a movie.,REFUTES,1.0,1,,medium,0.5,0,0,0
qwen/qwen3-14b,fever,394,Even Mickey Thompson has to participate in a Baja 1000,REFUTES,0.7,1,,medium,0.5,0,0,0
google/gemma-4-26b-a4b-it,fever,394,Even Mickey Thompson has to participate in a Baja 1000,REFUTES,1.0,1,,medium,0.5,0,0,0
qwen/qwen3-14b,fever,337,Villa Park hosted the President of Turkey during her 2012 visit to the country which hosted the 2012 Summer Olympic Games.,NOT ENOUGH INFO,0.3,1,,medium,0.5,0,0,0
google/gemma-4-26b-a4b-it,fever,337,Villa Park hosted the President of Turkey during her 2012 visit to the country which hosted the 2012 Summer Olympic Games.,NOT ENOUGH INFO,0.1,1,,medium,0.5,0,0,0
qwen/qwen3-14b,fever,1148,"There was a place where mostly English people gathered, it was called Pocahontas attended a masque at Whitehall Palace which.",NOT ENOUGH INFO,0.4,1,,medium,0.5,0,0,0
google/gemma-4-26b-a4b-it,fever,1148,"There was a place where mostly English people gathered, it was called Pocahontas attended a masque at Whitehall Palace which.",NOT ENOUGH INFO,1.0,1,,medium,0.5,0,0,0
qwen/qwen3-14b,fever,267,James VI and I began the British colonization of the Americas 4 years before 1611.,NOT ENOUGH INFO,1.0,1,,medium,0.5,0,0,0
google/gemma-4-26b-a4b-it,fever,267,James VI and I began the British colonization of the Americas 4 years before 1611.,NOT ENOUGH INFO,1.0,1,,medium,0.5,0,0,0
qwen/qwen3-14b,fever,143,"In 1971 Asylum Records the American record label was founded by an American business magnate, producer, film studio executive, and philanthropist along with his partner",SUPPORTS,1.0,1,,medium,0.5,0,0,0
google/gemma-4-26b-a4b-it,fever,143,"In 1971 Asylum Records the American record label was founded by an American business magnate, producer, film studio executive, and philanthropist along with his partner",SUPPORTS,1.0,1,,medium,0.5,0,0,0
qwen/qwen3-14b,fever,548,There exists an American comedy-drama called Hannah and Her Sisters.,SUPPORTS,1.0,1,,medium,0.5,0,0,0
google/gemma-4-26b-a4b-it,fever,548,There exists an American comedy-drama called Hannah and Her Sisters.,SUPPORTS,1.0,1,,medium,0.5,0,0,0
qwen/qwen3-14b,fever,785,Sebastian Vettel is not a person.,REFUTES,0.9,1,,medium,0.5,0,0,0
google/gemma-4-26b-a4b-it,fever,785,Sebastian Vettel is not a person.,REFUTES,1.0,1,,medium,0.5,0,0,0
qwen/qwen3-14b,fever,474,Linkin Park hit the Billboard Top 200 for the first time 3 years after 2004.,REFUTES,0.9,1,,medium,0.5,0,0,0
google/gemma-4-26b-a4b-it,fever,474,Linkin Park hit the Billboard Top 200 for the first time 3 years after 2004.,REFUTES,1.0,1,,medium,0.5,0,0,0
qwen/qwen3-14b,fever,982,The Latvian Soviet Socialist Republic was a republic of the Soviet Union in the 2010s.,REFUTES,0.9,1,,medium,0.5,0,0,0
google/gemma-4-26b-a4b-it,fever,982,The Latvian Soviet Socialist Republic was a republic of the Soviet Union in the 2010s.,REFUTES,1.0,1,,medium,0.5,0,0,0
qwen/qwen3-14b,fever,1025,"Brian Else also has produced many albums, most recently for bands such as the band, The Black Eyed Peas, as well as other artists as well as other bands and bands from all over the world...",NOT ENOUGH INFO,0.7,1,,medium,0.5,0,0,0
google/gemma-4-26b-a4b-it,fever,1025,"Brian Else also has produced many albums, most recently for bands such as the band, The Black Eyed Peas, as well as other artists as well as other bands and bands from all over the world...",NOT ENOUGH INFO,0.1,1,,medium,0.5,0,0,0
qwen/qwen3-14b,fever,7,Robert Kardashian is an ex-husband of a mother of a person appearing on a sex tape.,SUPPORTS,0.7,1,,medium,0.5,0,0,0
google/gemma-4-26b-a4b-it,fever,7,Robert Kardashian is an ex-husband of a mother of a person appearing on a sex tape.,SUPPORTS,1.0,1,,medium,0.5,0,0,0
qwen/qwen3-14b,fever,103,The area of Joda is larger than the area of Mashonaland East Province.,REFUTES,0.6,1,,medium,0.5,0,0,0
google/gemma-4-26b-a4b-it,fever,103,The area of Joda is larger than the area of Mashonaland East Province.,REFUTES,1.0,1,,medium,0.5,0,0,0
qwen/qwen3-14b,fever,882,1790 is not the approximate time at which the person Benjamin Franklin started living.,SUPPORTS,0.6,1,,medium,0.5,0,0,0
google/gemma-4-26b-a4b-it,fever,882,1790 is not the approximate time at which the person Benjamin Franklin started living.,SUPPORTS,1.0,1,,medium,0.5,0,0,0
qwen/qwen3-14b,fever,330,The area of Sắc Tứ Tam Bảo Temple is larger than the area of Diyarbakır Province.,REFUTES,0.7,1,,medium,0.5,0,0,0
google/gemma-4-26b-a4b-it,fever,330,The area of Sắc Tứ Tam Bảo Temple is larger than the area of Diyarbakır Province.,REFUTES,1.0,1,,medium,0.5,0,0,0
qwen/qwen3-14b,fever,283,Friday the 13th is the approximate time at which the person Caleb McLaughlin started living.,,0.0,0,,medium,0.5,0,0,0
google/gemma-4-26b-a4b-it,fever,283,Friday the 13th is the approximate time at which the person Caleb McLaughlin started living.,NOT ENOUGH INFO,1.0,1,,medium,0.5,0,0,0
qwen/qwen3-14b,fever,801,There existed an American Civil War battle that went by the name of The Battle of the Trebia.,REFUTES,0.9,1,,medium,0.5,0,0,0
google/gemma-4-26b-a4b-it,fever,801,There existed an American Civil War battle that went by the name of The Battle of the Trebia.,REFUTES,1.0,1,,medium,0.5,0,0,0
qwen/qwen3-14b,fever,926,The cause of death of Joop van Oosterom was kept secret because it is related to illegal activity.,Not Enough Info,0.7,1,,medium,0.5,0,0,0
google/gemma-4-26b-a4b-it,fever,926,The cause of death of Joop van Oosterom was kept secret because it is related to illegal activity.,Not Enough Info,1.0,1,,medium,0.5,0,0,0
qwen/qwen3-14b,fever,230,French Indochina was previously spelled as French Indo-China after 1990.,NOT ENOUGH INFO,0.5,1,,medium,0.5,0,0,0
google/gemma-4-26b-a4b-it,fever,230,French Indochina was previously spelled as French Indo-China after 1990.,NOT ENOUGH INFO,1.0,1,,medium,0.5,0,0,0
qwen/qwen3-14b,fever,427,"There is a Japanese television drama series based on a manga series illustrated by Takeshi Obata, it is called Death Note.",SUPPORTS,1.0,1,,medium,0.5,0,0,0
google/gemma-4-26b-a4b-it,fever,427,"There is a Japanese television drama series based on a manga series illustrated by Takeshi Obata, it is called Death Note.",SUPPORTS,1.0,1,,medium,0.5,0,0,0
qwen/qwen3-14b,fever,124,Nate Diaz signed with the UFC in the year when subprime mortgage crisis happened in the United States.,NOT ENOUGH INFO,0.7,1,,medium,0.5,0,0,0
google/gemma-4-26b-a4b-it,fever,124,Nate Diaz signed with the UFC in the year when subprime mortgage crisis happened in the United States.,NOT ENOUGH INFO,1.0,1,,medium,0.5,0,0,0
qwen/qwen3-14b,fever,701,There is a city in debt called Lyon.,NOT ENOUGH INFO,0.7,1,,medium,0.5,0,0,0
google/gemma-4-26b-a4b-it,fever,701,There is a city in debt called Lyon.,NOT ENOUGH INFO,1.0,1,,medium,0.5,0,0,0
qwen/qwen3-14b,fever,120,The Latvian Soviet Socialist Republic was a republic of the Soviet Union 3 years after 2009.,REFUTES,1.0,1,,medium,0.5,0,0,0
google/gemma-4-26b-a4b-it,fever,120,The Latvian Soviet Socialist Republic was a republic of the Soviet Union 3 years after 2009.,REFUTES,1.0,1,,medium,0.5,0,0,0
qwen/qwen3-14b,fever,853,There exists a businessman and was on television that goes by the name of The American actor that plays Chumlee.,SUPPORTS,0.3,1,,medium,0.5,0,0,0
google/gemma-4-26b-a4b-it,fever,853,There exists a businessman and was on television that goes by the name of The American actor that plays Chumlee.,SUPPORTS,1.0,1,,medium,0.5,0,0,0
qwen/qwen3-14b,fever,315,The Thin Red Line (1998 film) features a performance by only one American actor.,NOT ENOUGH INFO,0.7,1,,medium,0.5,0,0,0
google/gemma-4-26b-a4b-it,fever,315,The Thin Red Line (1998 film) features a performance by only one American actor.,NOT ENOUGH INFO,1.0,1,,medium,0.5,0,0,0
qwen/qwen3-14b,fever,583,There did not exist a fashion designer that goes by the name of Augutus Prew's mother.,REFUTES,0.7,1,,medium,0.5,0,0,0
google/gemma-4-26b-a4b-it,fever,583,There did not exist a fashion designer that goes by the name of Augutus Prew's mother.,REFUTES,1.0,1,,medium,0.5,0,0,0
qwen/qwen3-14b,fever,1105,The area of Khuldabad is larger than the area of Province of Huelva.,REFUTES,0.7,1,,medium,0.5,0,0,0
google/gemma-4-26b-a4b-it,fever,1105,The area of Khuldabad is larger than the area of Province of Huelva.,REFUTES,1.0,1,,medium,0.5,0,0,0
qwen/qwen3-14b,fever,346,There is a religious leader called William Cohen.,NOT ENOUGH INFO,0.7,1,,medium,0.5,0,0,0
google/gemma-4-26b-a4b-it,fever,346,There is a religious leader called William Cohen.,NOT ENOUGH INFO,1.0,1,,medium,0.5,0,0,0
qwen/qwen3-14b,fever,697,Hindu Kush is a geographic feature and is a romance movie.,REFUTES,1.0,1,,medium,0.5,0,0,0
google/gemma-4-26b-a4b-it,fever,697,Hindu Kush is a geographic feature and is a romance movie.,REFUTES,1.0,1,,medium,0.5,0,0,0
qwen/qwen3-14b,fever,43,There is a movie called The film The Good German which wasn't directed by Cate Blanchett.,SUPPORTS,1.0,1,,medium,0.5,0,0,0
google/gemma-4-26b-a4b-it,fever,43,There is a movie called The film The Good German which wasn't directed by Cate Blanchett.,SUPPORTS,1.0,1,,medium,0.5,0,0,0
qwen/qwen3-14b,fever,821,There exists a UK National Committee that goes by the name of UNICEF UK.,,0.0,0,,medium,0.5,0,0,0
google/gemma-4-26b-a4b-it,fever,821,There exists a UK National Committee that goes by the name of UNICEF UK.,NOT ENOUGH INFO,0.1,1,,medium,0.5,0,0,0
qwen/qwen3-14b,fever,1049,There exists a director of cinematography called Ayananka Bose.,NOT ENOUGH INFO,0.6,1,,medium,0.5,0,0,0
google/gemma-4-26b-a4b-it,fever,1049,There exists a director of cinematography called Ayananka Bose.,NOT ENOUGH INFO,1.0,1,,medium,0.5,0,0,0
qwen/qwen3-14b,fever,158,Lyron Cobbins was also a member of the Notre Dame Fighting Falcons and the Chicago Cardinals.,REFUTES,0.6,1,,medium,0.5,0,0,0
google/gemma-4-26b-a4b-it,fever,158,Lyron Cobbins was also a member of the Notre Dame Fighting Falcons and the Chicago Cardinals.,REFUTES,1.0,1,,medium,0.5,0,0,0
qwen/qwen3-14b,fever,1097,Kevin Bacon acted in The Woodsman when he was 93 years old and appeared in a film Barry Levinson directed.,REFUTES,0.7,1,,medium,0.5,0,0,0
google/gemma-4-26b-a4b-it,fever,1097,Kevin Bacon acted in The Woodsman when he was 93 years old and appeared in a film Barry Levinson directed.,REFUTES,1.0,1,,medium,0.5,0,0,0
qwen/qwen3-14b,fever,367,Halsey signed her first recording contract 5 years before 2019 to Astralwerks.,SUPPORTS,1.0,1,,medium,0.5,0,0,0
google/gemma-4-26b-a4b-it,fever,367,Halsey signed her first recording contract 5 years before 2019 to Astralwerks.,SUPPORTS,1.0,1,,medium,0.5,0,0,0
qwen/qwen3-14b,fever,638,The Paper isn't directed by Barack Obama.,SUPPORTS,0.9,1,,medium,0.5,0,0,0
google/gemma-4-26b-a4b-it,fever,638,The Paper isn't directed by Barack Obama.,SUPPORTS,1.0,1,,medium,0.5,0,0,0
qwen/qwen3-14b,fever,716,"There is an Italian professional footballer from New jersey, they are called Andrea Pirlo.",NOT ENOUGH INFO,0.7,1,,medium,0.5,0,0,0
google/gemma-4-26b-a4b-it,fever,716,"There is an Italian professional footballer from New jersey, they are called Andrea Pirlo.",NOT ENOUGH INFO,1.0,1,,medium,0.5,0,0,0
qwen/qwen3-14b,fever,385,Goldie Hawn was always passed over for Academy Award nominations and had a career that lasted more than three decades.,REFUTES,0.6,1,,medium,0.5,0,0,0
google/gemma-4-26b-a4b-it,fever,385,Goldie Hawn was always passed over for Academy Award nominations and had a career that lasted more than three decades.,REFUTES,1.0,1,,medium,0.5,0,0,0
qwen/qwen3-14b,fever,16,Sausage Party was held in the year when Donald Trump won the Presidential elections.,NOT ENOUGH INFO,0.7,1,,medium,0.5,0,0,0
google/gemma-4-26b-a4b-it,fever,16,Sausage Party was held in the year when Donald Trump won the Presidential elections.,NOT ENOUGH INFO,1.0,1,,medium,0.5,0,0,0
qwen/qwen3-14b,fever,14,"Adam Khoo is an investor in the Singapore Stock Exchange and various forms of trading, including stock-market mutual funds and derivatives.",NOT ENOUGH INFO,0.5,1,,medium,0.5,0,0,0
google/gemma-4-26b-a4b-it,fever,14,"Adam Khoo is an investor in the Singapore Stock Exchange and various forms of trading, including stock-market mutual funds and derivatives.",NOT ENOUGH INFO,1.0,1,,medium,0.5,0,0,0
qwen/qwen3-14b,fever,214,One True Thing is film that originated from outside the United States.,REFUTES,1.0,1,,medium,0.5,0,0,0
google/gemma-4-26b-a4b-it,fever,214,One True Thing is film that originated from outside the United States.,REFUTES,1.0,1,,medium,0.5,0,0,0
qwen/qwen3-14b,fever,534,"Camden, New Jersey is the home of a school that was founded as the South Jersey Law School 4 years before 1926.",REFUTES,1.0,1,,medium,0.5,0,0,0
google/gemma-4-26b-a4b-it,fever,534,"Camden, New Jersey is the home of a school that was founded as the South Jersey Law School 4 years before 1926.",REFUTES,0.1,1,,medium,0.5,0,0,0
qwen/qwen3-14b,fever,171,"There exists a Bostonian, it goes by the name of Johnny Van Zant.",NOT ENOUGH INFO,0.7,1,,medium,0.5,0,0,0
google/gemma-4-26b-a4b-it,fever,171,"There exists a Bostonian, it goes by the name of Johnny Van Zant.",NOT ENOUGH INFO,1.0,1,,medium,0.5,0,0,0
qwen/qwen3-14b,fever,616,Mamata Banerjee is not an Indian politician.,REFUTES,1.0,1,,medium,0.5,0,0,0
google/gemma-4-26b-a4b-it,fever,616,Mamata Banerjee is not an Indian politician.,REFUTES,1.0,1,,medium,0.5,0,0,0
qwen/qwen3-14b,fever,141,Southampton F.C. came in second in the First Division in the 1980s -- 1984.,SUPPORTS,0.7,1,,medium,0.5,0,0,0
google/gemma-4-26b-a4b-it,fever,141,Southampton F.C. came in second in the First Division in the 1980s -- 1984.,SUPPORTS,1.0,1,,medium,0.5,0,0,0
qwen/qwen3-14b,fever,391,Steph Curry won an MVP award after his father stopped playing.,SUPPORTS,0.8,1,,medium,0.5,0,0,0
google/gemma-4-26b-a4b-it,fever,391,Steph Curry won an MVP award after his father stopped playing.,SUPPORTS,1.0,1,,medium,0.5,0,0,0
qwen/qwen3-14b,fever,541,There exists a Australian politician that goes by the name of Mamata Banerjee.,REFUTES,1.0,1,,medium,0.5,0,0,0
google/gemma-4-26b-a4b-it,fever,541,There exists a Australian politician that goes by the name of Mamata Banerjee.,REFUTES,1.0,1,,medium,0.5,0,0,0
qwen/qwen3-14b,fever,482,Peyton Manning was drafted before his brother.,SUPPORTS,1.0,1,,medium,0.5,0,0,0
google/gemma-4-26b-a4b-it,fever,482,Peyton Manning was drafted before his brother.,SUPPORTS,1.0,1,,medium,0.5,0,0,0
qwen/qwen3-14b,fever,455,"Keith Urban was released by a person whose singles Locked Out of Heaven and When I Was Your Man, reached number one on the US Billboard Hot 100 chart.",NOT ENOUGH INFO,1.0,1,,medium,0.5,0,0,0
google/gemma-4-26b-a4b-it,fever,455,"Keith Urban was released by a person whose singles Locked Out of Heaven and When I Was Your Man, reached number one on the US Billboard Hot 100 chart.",NOT ENOUGH INFO,1.0,1,,medium,0.5,0,0,0
qwen/qwen3-14b,fever,255,There is not a 1986 science fiction action horror comedy film written and directed by Stephen King called Maximum Overdrive.,REFUTES,1.0,1,,medium,0.5,0,0,0
google/gemma-4-26b-a4b-it,fever,255,There is not a 1986 science fiction action horror comedy film written and directed by Stephen King called Maximum Overdrive.,REFUTES,1.0,1,,medium,0.5,0,0,0
qwen/qwen3-14b,fever,166,"The Prowler was created by Stan Lee, John Buscema, and Jim Mooney in the seventies of the twentieth century.",NOT ENOUGH INFO,1.0,1,,medium,0.5,0,0,0
google/gemma-4-26b-a4b-it,fever,166,"The Prowler was created by Stan Lee, John Buscema, and Jim Mooney in the seventies of the twentieth century.",NOT ENOUGH INFO,0.1,1,,medium,0.5,0,0,0
qwen/qwen3-14b,fever,77,Coeliac disease may result in increased risk of cancer and is not treated by maintaining a gluten-free diet.,REFUTES,1.0,1,,medium,0.5,0,0,0
google/gemma-4-26b-a4b-it,fever,77,Coeliac disease may result in increased risk of cancer and is not treated by maintaining a gluten-free diet.,REFUTES,1.0,1,,medium,0.5,0,0,0
qwen/qwen3-14b,fever,645,John S. McCain Jr. was raised in the capital of the United States of America.,SUPPORTS,1.0,1,,medium,0.5,0,0,0
google/gemma-4-26b-a4b-it,fever,645,John S. McCain Jr. was raised in the capital of the United States of America.,SUPPORTS,1.0,1,,medium,0.5,0,0,0
qwen/qwen3-14b,fever,123,There exists a long running television series called SpongeBob SquarePants.,NOT ENOUGH INFO,0.8,1,,medium,0.5,0,0,0
google/gemma-4-26b-a4b-it,fever,123,There exists a long running television series called SpongeBob SquarePants.,NOT ENOUGH INFO,0.1,1,,medium,0.5,0,0,0
qwen/qwen3-14b,fever,187,"Camden, New Jersey is the home of a school that was founded as the South Jersey Law School between 1925 and 1927.",SUPPORTS,0.8,1,,medium,0.5,0,0,0
google/gemma-4-26b-a4b-it,fever,187,"Camden, New Jersey is the home of a school that was founded as the South Jersey Law School between 1925 and 1927.",SUPPORTS,1.0,1,,medium,0.5,0,0,0
qwen/qwen3-14b,fever,459,There exists a volleyball player called Laura Robson.,REFUTES,0.7,1,,medium,0.5,0,0,0
google/gemma-4-26b-a4b-it,fever,459,There exists a volleyball player called Laura Robson.,REFUTES,1.0,1,,medium,0.5,0,0,0
qwen/qwen3-14b,fever,925,"There exists an embodiment of cultism called Sacre-Coeur, Paris.",NOT ENOUGH INFO,0.7,1,,medium,0.5,0,0,0
google/gemma-4-26b-a4b-it,fever,925,"There exists an embodiment of cultism called Sacre-Coeur, Paris.",NOT ENOUGH INFO,1.0,1,,medium,0.5,0,0,0
qwen/qwen3-14b,fever,251,"There existed an attempt to incorporate Cyprus into Greece, it was called There.",SUPPORTS,0.7,1,,medium,0.5,0,0,0
google/gemma-4-26b-a4b-it,fever,251,"There existed an attempt to incorporate Cyprus into Greece, it was called There.",SUPPORTS,1.0,1,,medium,0.5,0,0,0
qwen/qwen3-14b,fever,545,"Darris Love was created by creator/executive producer/composer/musician, David S. Goyer, in conjunction with the production company, Whedon Productions.",REFUTES,0.6,1,,medium,0.5,0,0,0
google/gemma-4-26b-a4b-it,fever,545,"Darris Love was created by creator/executive producer/composer/musician, David S. Goyer, in conjunction with the production company, Whedon Productions.",REFUTES,1.0,1,,medium,0.5,0,0,0
qwen/qwen3-14b,fever,84,1970 is the approximate time at which the person Eric Bana started living.,REFUTES,0.7,1,,medium,0.5,0,0,0
google/gemma-4-26b-a4b-it,fever,84,1970 is the approximate time at which the person Eric Bana started living.,REFUTES,1.0,1,,medium,0.5,0,0,0
qwen/qwen3-14b,fever,671,"Babur was born at some other time than May 14, 1783.",SUPPORTS,1.0,1,,medium,0.5,0,0,0
google/gemma-4-26b-a4b-it,fever,671,"Babur was born at some other time than May 14, 1783.",SUPPORTS,1.0,1,,medium,0.5,0,0,0
qwen/qwen3-14b,fever,1027,Antigua and Barbuda was named by Christopher Columbus after 1480.,SUPPORTS,0.7,1,,medium,0.5,0,0,0
google/gemma-4-26b-a4b-it,fever,1027,Antigua and Barbuda was named by Christopher Columbus after 1480.,SUPPORTS,1.0,1,,medium,0.5,0,0,0
qwen/qwen3-14b,fever,244,There exists a religion that goes by the name of Birmingham.,REFUTES,1.0,1,,medium,0.5,0,0,0
google/gemma-4-26b-a4b-it,fever,244,There exists a religion that goes by the name of Birmingham.,REFUTES,1.0,1,,medium,0.5,0,0,0
qwen/qwen3-14b,fever,107,The area of Phulambri is larger than the area of Province of Córdoba -LRB-Spain-RRB-.,REFUTES,0.6,1,,medium,0.5,0,0,0
google/gemma-4-26b-a4b-it,fever,107,The area of Phulambri is larger than the area of Province of Córdoba -LRB-Spain-RRB-.,REFUTES,1.0,1,,medium,0.5,0,0,0
qwen/qwen3-14b,fever,1012,There does not exist a religion called Birmingham.,SUPPORTS,1.0,1,,medium,0.5,0,0,0
google/gemma-4-26b-a4b-it,fever,1012,There does not exist a religion called Birmingham.,SUPPORTS,1.0,1,,medium,0.5,0,0,0
qwen/qwen3-14b,fever,308,Topman belongs to a British multinational retailing company and is part of a retailing company.,NOT ENOUGH INFO,0.3,1,,medium,0.5,0,0,0
google/gemma-4-26b-a4b-it,fever,308,Topman belongs to a British multinational retailing company and is part of a retailing company.,NOT ENOUGH INFO,1.0,1,,medium,0.5,0,0,0
qwen/qwen3-14b,fever,828,The Hanford Site hosts the LIGO Hanford Observatory which detects gravitational tides,NOT ENOUGH INFO,0.7,1,,medium,0.5,0,0,0
google/gemma-4-26b-a4b-it,fever,828,The Hanford Site hosts the LIGO Hanford Observatory which detects gravitational tides,NOT ENOUGH INFO,0.1,1,,medium,0.5,0,0,0
qwen/qwen3-14b,fever,401,Terry Crews played professional football in the year when Pakistan won the Cricket world cup.,NOT ENOUGH INFO,0.7,1,,medium,0.5,0,0,0
google/gemma-4-26b-a4b-it,fever,401,Terry Crews played professional football in the year when Pakistan won the Cricket world cup.,NOT ENOUGH INFO,1.0,1,,medium,0.5,0,0,0
qwen/qwen3-14b,fever,609,Ralph Fults was associated with the musical body the Barrow Gang,REFUTES,0.7,1,,medium,0.5,0,0,0
google/gemma-4-26b-a4b-it,fever,609,Ralph Fults was associated with the musical body the Barrow Gang,REFUTES,1.0,1,,medium,0.5,0,0,0
qwen/qwen3-14b,fever,69,The area of Ladwa is larger than the area of Niğde Province.,REFUTES,0.8,1,,medium,0.5,0,0,0
google/gemma-4-26b-a4b-it,fever,69,The area of Ladwa is larger than the area of Niğde Province.,REFUTES,1.0,1,,medium,0.5,0,0,0
qwen/qwen3-14b,fever,831,There exists a drag race racing team called Red Bull Racing.,NOT ENOUGH INFO,0.3,1,,medium,0.5,0,0,0
google/gemma-4-26b-a4b-it,fever,831,There exists a drag race racing team called Red Bull Racing.,NOT ENOUGH INFO,1.0,1,,medium,0.5,0,0,0
qwen/qwen3-14b,fever,184,Oscar the los Hoya was named Fighter of the Year,NOT ENOUGH INFO,0.3,1,,medium,0.5,0,0,0
google/gemma-4-26b-a4b-it,fever,184,Oscar the los Hoya was named Fighter of the Year,NOT ENOUGH INFO,1.0,1,,medium,0.5,0,0,0
qwen/qwen3-14b,fever,647,"The portrayor of a character that is based on Tim Canterbury from the original version of The Office was born on October 2, 1979",REFUTES,0.9,1,,medium,0.5,0,0,0
google/gemma-4-26b-a4b-it,fever,647,"The portrayor of a character that is based on Tim Canterbury from the original version of The Office was born on October 2, 1979",REFUTES,1.0,1,,medium,0.5,0,0,0
qwen/qwen3-14b,fever,29,Dawood Ibrahim Kaskar was not from a place in  Mira-Bhayandar city of Thane district,REFUTES,0.7,1,,medium,0.5,0,0,0
google/gemma-4-26b-a4b-it,fever,29,Dawood Ibrahim Kaskar was not from a place in  Mira-Bhayandar city of Thane district,REFUTES,1.0,1,,medium,0.5,0,0,0
qwen/qwen3-14b,fever,1023,William Mycroft represented Derbyshire at cricket during the period of his career and represents the club on a regular basis.,,0.0,0,,medium,0.5,0,0,0
google/gemma-4-26b-a4b-it,fever,1023,William Mycroft represented Derbyshire at cricket during the period of his career and represents the club on a regular basis.,REFUTES,1.0,1,,medium,0.5,0,0,0
qwen/qwen3-14b,fever,1102,"There exists a real person, it goes by the name of Daenerys Targaryen.",REFUTES,1.0,1,,medium,0.5,0,0,0
google/gemma-4-26b-a4b-it,fever,1102,"There exists a real person, it goes by the name of Daenerys Targaryen.",REFUTES,0.1,1,,medium,0.5,0,0,0
qwen/qwen3-14b,fever,720,There is not a work called The Giver.,REFUTES,1.0,1,,medium,0.5,0,0,0
google/gemma-4-26b-a4b-it,fever,720,There is not a work called The Giver.,REFUTES,1.0,1,,medium,0.5,0,0,0
qwen/qwen3-14b,fever,949,Billboard Dad stars Robin Wright and is a motion picture.,NOT ENOUGH INFO,0.6,1,,medium,0.5,0,0,0
google/gemma-4-26b-a4b-it,fever,949,Billboard Dad stars Robin Wright and is a motion picture.,NOT ENOUGH INFO,1.0,1,,medium,0.5,0,0,0
qwen/qwen3-14b,fever,549,"Côme Isaïe Rinfret was also a lawyer, serving as a justice of the peace, county councillor, and county sheriff.",NOT ENOUGH INFO,0.3,1,,medium,0.5,0,0,0
google/gemma-4-26b-a4b-it,fever,549,"Côme Isaïe Rinfret was also a lawyer, serving as a justice of the peace, county councillor, and county sheriff.",NOT ENOUGH INFO,0.1,1,,medium,0.5,0,0,0
qwen/qwen3-14b,fever,910,"The area of Aurangabad district, Maharashtra is larger than the area of Ranala.",SUPPORTS,0.4,1,,medium,0.5,0,0,0
google/gemma-4-26b-a4b-it,fever,910,"The area of Aurangabad district, Maharashtra is larger than the area of Ranala.",SUPPORTS,0.1,1,,medium,0.5,0,0,0
qwen/qwen3-14b,fever,50,"There exists a part of the Ferrari Cartel, it goes by the name of MS-13.",NOT ENOUGH INFO,0.2,1,,medium,0.5,0,0,0
google/gemma-4-26b-a4b-it,fever,50,"There exists a part of the Ferrari Cartel, it goes by the name of MS-13.",NOT ENOUGH INFO,1.0,1,,medium,0.5,0,0,0
qwen/qwen3-14b,fever,48,The area of Madhya Pradesh is larger than the area of Xangongo.,SUPPORTS,1.0,1,,medium,0.5,0,0,0
google/gemma-4-26b-a4b-it,fever,48,The area of Madhya Pradesh is larger than the area of Xangongo.,SUPPORTS,1.0,1,,medium,0.5,0,0,0
qwen/qwen3-14b,fever,254,"There was a structural failure, it was called Vampire Academy.",NOT ENOUGH INFO,0.2,1,,medium,0.5,0,0,0
google/gemma-4-26b-a4b-it,fever,254,"There was a structural failure, it was called Vampire Academy.",NOT ENOUGH INFO,1.0,1,,medium,0.5,0,0,0
qwen/qwen3-14b,fever,1153,Any polygon may be dissected into any other polygon of the same area.,REFUTES,0.5,1,,medium,0.5,0,0,0
google/gemma-4-26b-a4b-it,fever,1153,Any polygon may be dissected into any other polygon of the same area.,REFUTES,1.0,1,,medium,0.5,0,0,0
qwen/qwen3-14b,fever,973,There was a firefighter in France called Richard Dawson.,NOT ENOUGH INFO,0.2,1,,medium,0.5,0,0,0
google/gemma-4-26b-a4b-it,fever,973,There was a firefighter in France called Richard Dawson.,NOT ENOUGH INFO,1.0,1,,medium,0.5,0,0,0
qwen/qwen3-14b,fever,607,Tehran was a British  racehorse who raced during World War II,SUPPORTS,1.0,1,,medium,0.5,0,0,0
google/gemma-4-26b-a4b-it,fever,607,Tehran was a British  racehorse who raced during World War II,SUPPORTS,1.0,1,,medium,0.5,0,0,0
qwen/qwen3-14b,fever,529,The area of Madhya Pradesh is larger than the area of Akkalkuwa.,SUPPORTS,1.0,1,,medium,0.5,0,0,0
google/gemma-4-26b-a4b-it,fever,529,The area of Madhya Pradesh is larger than the area of Akkalkuwa.,SUPPORTS,1.0,1,,medium,0.5,0,0,0
qwen/qwen3-14b,fever,428,"There exists a 1964 American independent horror film, it goes by the name of Night of the Living Dead.",NOT ENOUGH INFO,0.5,1,,medium,0.5,0,0,0
google/gemma-4-26b-a4b-it,fever,428,"There exists a 1964 American independent horror film, it goes by the name of Night of the Living Dead.",NOT ENOUGH INFO,0.1,1,,medium,0.5,0,0,0
qwen/qwen3-14b,fever,102,Ashton Kutcher was directed by a person married to Amal Clooney.,NOT ENOUGH INFO,0.3,1,,medium,0.5,0,0,0
google/gemma-4-26b-a4b-it,fever,102,Ashton Kutcher was directed by a person married to Amal Clooney.,NOT ENOUGH INFO,1.0,1,,medium,0.5,0,0,0
qwen/qwen3-14b,fever,566,Scipio Africanus  was a slave born to unknown parents from West Africa,SUPPORTS,0.7,1,,medium,0.5,0,0,0
google/gemma-4-26b-a4b-it,fever,566,Scipio Africanus  was a slave born to unknown parents from West Africa,SUPPORTS,1.0,1,,medium,0.5,0,0,0
qwen/qwen3-14b,fever,446,There exists no unit called Weill Cornell Medicine.,REFUTES,1.0,1,,medium,0.5,0,0,0
google/gemma-4-26b-a4b-it,fever,446,There exists no unit called Weill Cornell Medicine.,REFUTES,0.1,1,,medium,0.5,0,0,0
qwen/qwen3-14b,fever,619,The Fukushima Daiichi nuclear disaster happened after the Chernobyl accident.,SUPPORTS,1.0,1,,medium,0.5,0,0,0
google/gemma-4-26b-a4b-it,fever,619,The Fukushima Daiichi nuclear disaster happened after the Chernobyl accident.,SUPPORTS,1.0,1,,medium,0.5,0,0,0
qwen/qwen3-14b,fever,975,The area of Kolaras is larger than the area of Spain.,REFUTES,0.6,1,,medium,0.5,0,0,0
google/gemma-4-26b-a4b-it,fever,975,The area of Kolaras is larger than the area of Spain.,REFUTES,1.0,1,,medium,0.5,0,0,0
qwen/qwen3-14b,fever,854,Coins of the Swiss franc can be used just outside of Switzerland,NOT ENOUGH INFO,0.5,1,,medium,0.5,0,0,0
google/gemma-4-26b-a4b-it,fever,854,Coins of the Swiss franc can be used just outside of Switzerland,NOT ENOUGH INFO,1.0,1,,medium,0.5,0,0,0
qwen/qwen3-14b,fever,936,"The area of Manica Province is larger than the area of Nerva, Spain.",SUPPORTS,0.8,1,,medium,0.5,0,0,0
google/gemma-4-26b-a4b-it,fever,936,"The area of Manica Province is larger than the area of Nerva, Spain.",SUPPORTS,1.0,1,,medium,0.5,0,0,0
qwen/qwen3-14b,fever,649,The ruins of the ancient Roman town of Herculaneum lie near the regional capital of Campania,SUPPORTS,1.0,1,,medium,0.5,0,0,0
google/gemma-4-26b-a4b-it,fever,649,The ruins of the ancient Roman town of Herculaneum lie near the regional capital of Campania,SUPPORTS,1.0,1,,medium,0.5,0,0,0
qwen/qwen3-14b,fever,262,There does not exist a film called The Little Prince (2015 film).,REFUTES,1.0,1,,medium,0.5,0,0,0
google/gemma-4-26b-a4b-it,fever,262,There does not exist a film called The Little Prince (2015 film).,REFUTES,1.0,1,,medium,0.5,0,0,0
qwen/qwen3-14b,fever,314,"The person best known for co-creating  a musical comedy about two young Mormon missionaries who travel to Africa to preach the Mormon religion was born February 2, 1975",REFUTES,0.095,1,,medium,0.5,0,0,0
google/gemma-4-26b-a4b-it,fever,314,"The person best known for co-creating  a musical comedy about two young Mormon missionaries who travel to Africa to preach the Mormon religion was born February 2, 1975",REFUTES,1.0,1,,medium,0.5,0,0,0
qwen/qwen3-14b,fever,1080,Bhagat Singh was an Indian citizen born in Punjab.,NOT ENOUGH INFO,0.2,1,,medium,0.5,0,0,0
google/gemma-4-26b-a4b-it,fever,1080,Bhagat Singh was an Indian citizen born in Punjab.,NOT ENOUGH INFO,1.0,1,,medium,0.5,0,0,0
qwen/qwen3-14b,fever,755,The Saturn Award for Best Fantasy Film is given to the best imaginary cinematography,REFUTES,0.5,0,,medium,0.5,0,0,0
google/gemma-4-26b-a4b-it,fever,755,The Saturn Award for Best Fantasy Film is given to the best imaginary cinematography,SUPPORTS,1.0,1,,medium,0.5,0,0,0
qwen/qwen3-14b,fever,909,"There is a novel, it is called The Big Country.",REFUTES,1.0,1,,medium,0.5,0,0,0
google/gemma-4-26b-a4b-it,fever,909,"There is a novel, it is called The Big Country.",REFUTES,0.1,1,,medium,0.5,0,0,0
qwen/qwen3-14b,fever,685,Colin Kaepernick did not become a starter during the 49ers 63rd season in the National Football League and is a person who plays football.,NOT ENOUGH INFO,0.7,1,,medium,0.5,0,0,0
google/gemma-4-26b-a4b-it,fever,685,Colin Kaepernick did not become a starter during the 49ers 63rd season in the National Football League and is a person who plays football.,NOT ENOUGH INFO,1.0,1,,medium,0.5,0,0,0
qwen/qwen3-14b,fever,88,There did not exist a place called Yugoslavia.,REFUTES,1.0,1,,medium,0.5,0,0,0
google/gemma-4-26b-a4b-it,fever,88,There did not exist a place called Yugoslavia.,REFUTES,1.0,1,,medium,0.5,0,0,0
qwen/qwen3-14b,fever,241,Jonah Hill is certainly not an actor.,REFUTES,0.7,1,,medium,0.5,0,0,0
google/gemma-4-26b-a4b-it,fever,241,Jonah Hill is certainly not an actor.,REFUTES,1.0,1,,medium,0.5,0,0,0
qwen/qwen3-14b,fever,305,Harold Macmillan only served as the President of the the country which ruled over India till 1947.,NOT ENOUGH INFO,0.3,1,,medium,0.5,0,0,0
google/gemma-4-26b-a4b-it,fever,305,Harold Macmillan only served as the President of the the country which ruled over India till 1947.,NOT ENOUGH INFO,0.1,1,,medium,0.5,0,0,0
qwen/qwen3-14b,fever,122,"Kullervo is a peninsula on the Baltic sea, to the east of the Gulf of Finland and to the south of the Gulf of Finland and has a coastline of Sweden, Finland, Norway, the north of Finland, and Russia.",REFUTES,1.0,1,,medium,0.5,0,0,0
google/gemma-4-26b-a4b-it,fever,122,"Kullervo is a peninsula on the Baltic sea, to the east of the Gulf of Finland and to the south of the Gulf of Finland and has a coastline of Sweden, Finland, Norway, the north of Finland, and Russia.",REFUTES,1.0,1,,medium,0.5,0,0,0
qwen/qwen3-14b,fever,1046,Elizabeth Olsen is a person and is a mayor.,REFUTES,0.9,1,,medium,0.5,0,0,0
google/gemma-4-26b-a4b-it,fever,1046,Elizabeth Olsen is a person and is a mayor.,REFUTES,1.0,1,,medium,0.5,0,0,0
qwen/qwen3-14b,fever,658,"There is a Dutch screenwriter, they are called Carey Hayes.",NOT ENOUGH INFO,0.4,1,,medium,0.5,0,0,0
google/gemma-4-26b-a4b-it,fever,658,"There is a Dutch screenwriter, they are called Carey Hayes.",NOT ENOUGH INFO,1.0,1,,medium,0.5,0,0,0
qwen/qwen3-14b,fever,356,Oscar Isaac was the main character in Star Wars: The Force Awakens and was featured in Star Wars: The Force Awakens.,FALSE,1.0,0,,medium,0.5,0,0,0
google/gemma-4-26b-a4b-it,fever,356,Oscar Isaac was the main character in Star Wars: The Force Awakens and was featured in Star Wars: The Force Awakens.,NOT ENOUGH INFO,0.1,1,,medium,0.5,0,0,0
qwen/qwen3-14b,fever,481,"An American singer who sung the best selling single Tik Tok was born on March 1st, 1987 in a Pasadena, California.",NOT ENOUGH INFO,0.8,1,,medium,0.5,0,0,0
google/gemma-4-26b-a4b-it,fever,481,"An American singer who sung the best selling single Tik Tok was born on March 1st, 1987 in a Pasadena, California.",NOT ENOUGH INFO,1.0,1,,medium,0.5,0,0,0
qwen/qwen3-14b,fever,476,There does not exist a biographical romantic drama film called A United Kingdom.,REFUTES,1.0,1,,medium,0.5,0,0,0
google/gemma-4-26b-a4b-it,fever,476,There does not exist a biographical romantic drama film called A United Kingdom.,REFUTES,1.0,1,,medium,0.5,0,0,0
qwen/qwen3-14b,fever,479,"Freddie Highmore is an actor on  an American psychological horror drama television series developed by Carlton Cuse, Kerry Ehrin, and Anthony Cipriano.",SUPPORTS,0.8,1,,medium,0.5,0,0,0
google/gemma-4-26b-a4b-it,fever,479,"Freddie Highmore is an actor on  an American psychological horror drama television series developed by Carlton Cuse, Kerry Ehrin, and Anthony Cipriano.",SUPPORTS,1.0,1,,medium,0.5,0,0,0
qwen/qwen3-14b,fever,1132,Varsity Blues (film) is not directed by someone who often collaborates with producer Michael Tollin,REFUTES,0.9,1,,medium,0.5,0,0,0
google/gemma-4-26b-a4b-it,fever,1132,Varsity Blues (film) is not directed by someone who often collaborates with producer Michael Tollin,REFUTES,1.0,1,,medium,0.5,0,0,0
qwen/qwen3-14b,fever,794,There is a German politician called Nawaz Sharif.,REFUTES,0.9,1,,medium,0.5,0,0,0
google/gemma-4-26b-a4b-it,fever,794,There is a German politician called Nawaz Sharif.,REFUTES,1.0,1,,medium,0.5,0,0,0
qwen/qwen3-14b,fever,1041,"Sensitive Skin's first series aired on a network that is headquartered on Columbus Avenue and West 66th Street in Manhattan , New York City",,0.0,0,,medium,0.5,0,0,0
google/gemma-4-26b-a4b-it,fever,1041,"Sensitive Skin's first series aired on a network that is headquartered on Columbus Avenue and West 66th Street in Manhattan , New York City",SUPPORTS,1.0,1,,medium,0.5,0,0,0
qwen/qwen3-14b,fever,1063,American Library Association is the most prodigious library association,SUPPORTS,0.8,1,,medium,0.5,0,0,0
google/gemma-4-26b-a4b-it,fever,1063,American Library Association is the most prodigious library association,SUPPORTS,1.0,1,,medium,0.5,0,0,0
qwen/qwen3-14b,fever,883,The human brain contains a part called hypothalamus which is responsible for superhero like abilities,SUPPORTS,1.0,1,,medium,0.5,0,0,0
google/gemma-4-26b-a4b-it,fever,883,The human brain contains a part called hypothalamus which is responsible for superhero like abilities,SUPPORTS,1.0,1,,medium,0.5,0,0,0
qwen/qwen3-14b,fever,604,Sofia Coppol is in the same relation to Francis Ford Coppola as Maciej Stuhr to Jerzy Stuhr.,SUPPORTS,0.7,1,,medium,0.5,0,0,0
google/gemma-4-26b-a4b-it,fever,604,Sofia Coppol is in the same relation to Francis Ford Coppola as Maciej Stuhr to Jerzy Stuhr.,SUPPORTS,1.0,1,,medium,0.5,0,0,0
qwen/qwen3-14b,fever,190,There is a novelist called Ed Decter.,NOT ENOUGH INFO,0.2,1,,medium,0.5,0,0,0
google/gemma-4-26b-a4b-it,fever,190,There is a novelist called Ed Decter.,NOT ENOUGH INFO,1.0,1,,medium,0.5,0,0,0
qwen/qwen3-14b,fever,795,Bongwater follows the story of a medication dealer,SUPPORTS,0.8,1,,medium,0.5,0,0,0
google/gemma-4-26b-a4b-it,fever,795,Bongwater follows the story of a medication dealer,SUPPORTS,1.0,1,,medium,0.5,0,0,0
qwen/qwen3-14b,fever,539,There is an actress called Emilia Clarke.,SUPPORTS,1.0,1,,medium,0.5,0,0,0
google/gemma-4-26b-a4b-it,fever,539,There is an actress called Emilia Clarke.,SUPPORTS,1.0,1,,medium,0.5,0,0,0
qwen/qwen3-14b,fever,596,Superhuman abilities may result from human enhancement by genetic modification using CRISPR technology and abilities may result from human enhancement by nanotechnology.,NOT ENOUGH INFO,0.7,1,,medium,0.5,0,0,0
google/gemma-4-26b-a4b-it,fever,596,Superhuman abilities may result from human enhancement by genetic modification using CRISPR technology and abilities may result from human enhancement by nanotechnology.,NOT ENOUGH INFO,1.0,1,,medium,0.5,0,0,0
qwen/qwen3-14b,fever,581,There exists an Italian professional footballer from New jersey called Andrea Pirlo.,NOT ENOUGH INFO,0.7,1,,medium,0.5,0,0,0
google/gemma-4-26b-a4b-it,fever,581,There exists an Italian professional footballer from New jersey called Andrea Pirlo.,NOT ENOUGH INFO,1.0,1,,medium,0.5,0,0,0
qwen/qwen3-14b,fever,284,Prague's historic center was first included in the UNESCO list of World Heritage Sites in the 2010s.,REFUTES,0.9,1,,medium,0.5,0,0,0
google/gemma-4-26b-a4b-it,fever,284,Prague's historic center was first included in the UNESCO list of World Heritage Sites in the 2010s.,REFUTES,1.0,1,,medium,0.5,0,0,0
qwen/qwen3-14b,fever,1068,Jennifer Anniston appeared in Along Came Polly while her father was playing the role of Victor Kiriakis,SUPPORTS,0.7,1,,medium,0.5,0,0,0
google/gemma-4-26b-a4b-it,fever,1068,Jennifer Anniston appeared in Along Came Polly while her father was playing the role of Victor Kiriakis,SUPPORTS,1.0,1,,medium,0.5,0,0,0
qwen/qwen3-14b,fever,921,Mikhail Prokhorov is not the past chairman of a gold producer,REFUTES,0.5,1,,medium,0.5,0,0,0
google/gemma-4-26b-a4b-it,fever,921,Mikhail Prokhorov is not the past chairman of a gold producer,REFUTES,1.0,1,,medium,0.5,0,0,0
qwen/qwen3-14b,fever,586,Amy Winehouse died of whiskey poisoning on 23 July 2011.,NOT ENOUGH INFO,0.6,1,,medium,0.5,0,0,0
google/gemma-4-26b-a4b-it,fever,586,Amy Winehouse died of whiskey poisoning on 23 July 2011.,NOT ENOUGH INFO,1.0,1,,medium,0.5,0,0,0
qwen/qwen3-14b,fever,602,Mary Kate Olsen and Ashley Olsen were birthed on June 11th 1999,REFUTES,0.9,1,,medium,0.5,0,0,0
google/gemma-4-26b-a4b-it,fever,602,Mary Kate Olsen and Ashley Olsen were birthed on June 11th 1999,REFUTES,1.0,1,,medium,0.5,0,0,0
qwen/qwen3-14b,fever,154,There does not exist a drama movie that goes by the name of An Education.,REFUTES,1.0,1,,medium,0.5,0,0,0
google/gemma-4-26b-a4b-it,fever,154,There does not exist a drama movie that goes by the name of An Education.,REFUTES,0.1,1,,medium,0.5,0,0,0
qwen/qwen3-14b,fever,841,"Lazze Ohlyz are a musical duo consisting of two instruments, an instrumental and a classical jazz quartet.",REFUTES,0.7,1,,medium,0.5,0,0,0
google/gemma-4-26b-a4b-it,fever,841,"Lazze Ohlyz are a musical duo consisting of two instruments, an instrumental and a classical jazz quartet.",REFUTES,1.0,1,,medium,0.5,0,0,0
qwen/qwen3-14b,fever,924,Andrew Moray led an uprising against profession in 1297,NOT ENOUGH INFO,0.7,1,,medium,0.5,0,0,0
google/gemma-4-26b-a4b-it,fever,924,Andrew Moray led an uprising against profession in 1297,NOT ENOUGH INFO,1.0,1,,medium,0.5,0,0,0
qwen/qwen3-14b,fever,756,The White Paper was directed by a person who was inducted into the Television Hall of Fame in 2013.,NOT ENOUGH INFO,1.0,1,,medium,0.5,0,0,0
google/gemma-4-26b-a4b-it,fever,756,The White Paper was directed by a person who was inducted into the Television Hall of Fame in 2013.,NOT ENOUGH INFO,1.0,1,,medium,0.5,0,0,0
qwen/qwen3-14b,fever,291,"Road House an action film by Hollywood director and writer currently residing in Rochester , New York.",REFUTES,1.0,1,,medium,0.5,0,0,0
google/gemma-4-26b-a4b-it,fever,291,"Road House an action film by Hollywood director and writer currently residing in Rochester , New York.",REFUTES,1.0,1,,medium,0.5,0,0,0
qwen/qwen3-14b,fever,960,Dennis Edwards is a former American college and professional football player,SUPPORTS,0.7,1,,medium,0.5,0,0,0
google/gemma-4-26b-a4b-it,fever,960,Dennis Edwards is a former American college and professional football player,SUPPORTS,1.0,1,,medium,0.5,0,0,0
qwen/qwen3-14b,fever,1038,Key & Peele has won a Peabody Award and has won two Primetime Emmy Awards as of 2004.,REFUTES,1.0,1,,medium,0.5,0,0,0
google/gemma-4-26b-a4b-it,fever,1038,Key & Peele has won a Peabody Award and has won two Primetime Emmy Awards as of 2004.,REFUTES,1.0,1,,medium,0.5,0,0,0
qwen/qwen3-14b,fever,1093,There does not exist a phone called Agent Raghav – Crime Branch.,SUPPORTS,0.7,1,,medium,0.5,0,0,0
google/gemma-4-26b-a4b-it,fever,1093,There does not exist a phone called Agent Raghav – Crime Branch.,SUPPORTS,1.0,1,,medium,0.5,0,0,0
qwen/qwen3-14b,fever,800,There is not a section of a car company that involves several countries that goes by the name of Mercedes-Benz.,SUPPORTS,0.7,1,,medium,0.5,0,0,0
google/gemma-4-26b-a4b-it,fever,800,There is not a section of a car company that involves several countries that goes by the name of Mercedes-Benz.,SUPPORTS,1.0,1,,medium,0.5,0,0,0
qwen/qwen3-14b,fever,1089,Prague's historic center was first included in the UNESCO list of World Heritage Sites 3 years after 1989.,SUPPORTS,0.7,1,,medium,0.5,0,0,0
google/gemma-4-26b-a4b-it,fever,1089,Prague's historic center was first included in the UNESCO list of World Heritage Sites 3 years after 1989.,SUPPORTS,1.0,1,,medium,0.5,0,0,0
qwen/qwen3-14b,fever,59,There was a game show contestant in the United States called Richard Dawson.,REFUTES,0.7,1,,medium,0.5,0,0,0
google/gemma-4-26b-a4b-it,fever,59,There was a game show contestant in the United States called Richard Dawson.,REFUTES,0.1,1,,medium,0.5,0,0,0
qwen/qwen3-14b,fever,639,The flux linkage is simply an alternative term for total flux.,REFUTES,0.7,1,,medium,0.5,0,0,0
google/gemma-4-26b-a4b-it,fever,639,The flux linkage is simply an alternative term for total flux.,REFUTES,1.0,1,,medium,0.5,0,0,0
qwen/qwen3-14b,fever,544,The area of Badia del Vallès is larger than the area of Cunene Province.,REFUTES,0.7,1,,medium,0.5,0,0,0
google/gemma-4-26b-a4b-it,fever,544,The area of Badia del Vallès is larger than the area of Cunene Province.,REFUTES,1.0,1,,medium,0.5,0,0,0
qwen/qwen3-14b,fever,19,There exists a Korean band called Scandal.,REFUTES,0.7,1,,medium,0.5,0,0,0
google/gemma-4-26b-a4b-it,fever,19,There exists a Korean band called Scandal.,REFUTES,1.0,1,,medium,0.5,0,0,0
qwen/qwen3-14b,fever,822,"There is a television series, it is called Younger.",SUPPORTS,1.0,1,,medium,0.5,0,0,0
google/gemma-4-26b-a4b-it,fever,822,"There is a television series, it is called Younger.",SUPPORTS,1.0,1,,medium,0.5,0,0,0
qwen/qwen3-14b,fever,877,Rob Sheridan is an American  wildlife photographer.,NOT ENOUGH INFO,0.7,1,,medium,0.5,0,0,0
google/gemma-4-26b-a4b-it,fever,877,Rob Sheridan is an American  wildlife photographer.,NOT ENOUGH INFO,1.0,1,,medium,0.5,0,0,0
qwen/qwen3-14b,fever,182,There is a politician called Alan White.,NOT ENOUGH INFO,0.7,1,,medium,0.5,0,0,0
google/gemma-4-26b-a4b-it,fever,182,There is a politician called Alan White.,NOT ENOUGH INFO,1.0,1,,medium,0.5,0,0,0
qwen/qwen3-14b,fever,722,Artpop was Gaga's second consecutive number-one record in the United States 4 years after 2005.,REFUTES,0.7,1,,medium,0.5,0,0,0
google/gemma-4-26b-a4b-it,fever,722,Artpop was Gaga's second consecutive number-one record in the United States 4 years after 2005.,REFUTES,0.1,1,,medium,0.5,0,0,0
qwen/qwen3-14b,fever,409,Rope is a TV play from 1919.,SUPPORTS,1.0,1,,medium,0.5,0,0,0
google/gemma-4-26b-a4b-it,fever,409,Rope is a TV play from 1919.,SUPPORTS,1.0,1,,medium,0.5,0,0,0
qwen/qwen3-14b,fever,372,"There exists a boxer, it goes by the name of Nate Diaz.",NOT ENOUGH INFO,0.6,1,,medium,0.5,0,0,0
google/gemma-4-26b-a4b-it,fever,372,"There exists a boxer, it goes by the name of Nate Diaz.",NOT ENOUGH INFO,0.1,1,,medium,0.5,0,0,0
qwen/qwen3-14b,fever,796,The fourth king of a Korean kingdom founded by Yi Seonggye died in 1430,REFUTES,0.8,1,,medium,0.5,0,0,0
google/gemma-4-26b-a4b-it,fever,796,The fourth king of a Korean kingdom founded by Yi Seonggye died in 1430,REFUTES,1.0,1,,medium,0.5,0,0,0
qwen/qwen3-14b,fever,970,There is not a character in a JRR Tolkein series that goes by the name of Daenerys Targaryen.,SUPPORTS,1.0,1,,medium,0.5,0,0,0
google/gemma-4-26b-a4b-it,fever,970,There is not a character in a JRR Tolkein series that goes by the name of Daenerys Targaryen.,SUPPORTS,1.0,1,,medium,0.5,0,0,0
qwen/qwen3-14b,fever,560,Spider-Man 2 is not a film.,REFUTES,1.0,1,,medium,0.5,0,0,0
google/gemma-4-26b-a4b-it,fever,560,Spider-Man 2 is not a film.,REFUTES,1.0,1,,medium,0.5,0,0,0
qwen/qwen3-14b,fever,1154,Saturn is the sixth planet from the only planet in the solar system known to harbor life.,NOT ENOUGH INFO,0.6,1,,medium,0.5,0,0,0
google/gemma-4-26b-a4b-it,fever,1154,Saturn is the sixth planet from the only planet in the solar system known to harbor life.,NOT ENOUGH INFO,1.0,1,,medium,0.5,0,0,0
qwen/qwen3-14b,fever,956,There exists no episode of a TV series called The Challenge XXX: Dirty 30.,SUPPORTS,1.0,1,,medium,0.5,0,0,0
google/gemma-4-26b-a4b-it,fever,956,There exists no episode of a TV series called The Challenge XXX: Dirty 30.,SUPPORTS,1.0,1,,medium,0.5,0,0,0
qwen/qwen3-14b,fever,235,There is not a character called Carol Danvers.,REFUTES,1.0,1,,medium,0.5,0,0,0
google/gemma-4-26b-a4b-it,fever,235,There is not a character called Carol Danvers.,REFUTES,1.0,1,,medium,0.5,0,0,0
qwen/qwen3-14b,fever,407,"On Monday August 19, 1945, lead singer and lyricist for the  English rock band formed in Hertford in 1968 was born",SUPPORTS,1.0,1,,medium,0.5,0,0,0
google/gemma-4-26b-a4b-it,fever,407,"On Monday August 19, 1945, lead singer and lyricist for the  English rock band formed in Hertford in 1968 was born",SUPPORTS,1.0,1,,medium,0.5,0,0,0
qwen/qwen3-14b,fever,128,A United Kingdom isn't directed by Sean Baker.,SUPPORTS,1.0,1,,medium,0.5,0,0,0
google/gemma-4-26b-a4b-it,fever,128,A United Kingdom isn't directed by Sean Baker.,SUPPORTS,1.0,1,,medium,0.5,0,0,0
qwen/qwen3-14b,fever,812,Prague's historic center was first included in the UNESCO list of World Heritage Sites 2 years before 1939.,REFUTES,0.7,1,,medium,0.5,0,0,0
google/gemma-4-26b-a4b-it,fever,812,Prague's historic center was first included in the UNESCO list of World Heritage Sites 2 years before 1939.,REFUTES,1.0,1,,medium,0.5,0,0,0
qwen/qwen3-14b,fever,26,Aristotle spent the majority of his life in the sixth and second largest continents in the world.,NOT ENOUGH INFO,0.7,1,,medium,0.5,0,0,0
google/gemma-4-26b-a4b-it,fever,26,Aristotle spent the majority of his life in the sixth and second largest continents in the world.,NOT ENOUGH INFO,1.0,1,,medium,0.5,0,0,0
qwen/qwen3-14b,fever,132,Artpop was Gaga's second consecutive number-one record in the United States in 2013.,NOT ENOUGH INFO,0.4,1,,medium,0.5,0,0,0
google/gemma-4-26b-a4b-it,fever,132,Artpop was Gaga's second consecutive number-one record in the United States in 2013.,NOT ENOUGH INFO,1.0,1,,medium,0.5,0,0,0
qwen/qwen3-14b,fever,1040,The former spouse of Demi Moore reacted in 2005.,NOT ENOUGH INFO,0.7,1,,medium,0.5,0,0,0
google/gemma-4-26b-a4b-it,fever,1040,The former spouse of Demi Moore reacted in 2005.,NOT ENOUGH INFO,1.0,1,,medium,0.5,0,0,0
qwen/qwen3-14b,fever,792,"There is a director, a Swede, who was involved in the production of A United Kingdom.",NOT ENOUGH INFO,0.4,1,,medium,0.5,0,0,0
google/gemma-4-26b-a4b-it,fever,792,"There is a director, a Swede, who was involved in the production of A United Kingdom.",NOT ENOUGH INFO,1.0,1,,medium,0.5,0,0,0
qwen/qwen3-14b,fever,754,The National Film Award for Best Director has been awarded to a person who made his debut with the film Ram Sethu.,NOT ENOUGH INFO,0.7,1,,medium,0.5,0,0,0
google/gemma-4-26b-a4b-it,fever,754,The National Film Award for Best Director has been awarded to a person who made his debut with the film Ram Sethu.,NOT ENOUGH INFO,1.0,1,,medium,0.5,0,0,0
qwen/qwen3-14b,fever,527,Goosebumps (film) was directed by someone who co-directed and co-wrote Shark Tale.,SUPPORTS,0.8,1,,medium,0.5,0,0,0
google/gemma-4-26b-a4b-it,fever,527,Goosebumps (film) was directed by someone who co-directed and co-wrote Shark Tale.,SUPPORTS,1.0,1,,medium,0.5,0,0,0
qwen/qwen3-14b,fever,320,"There exists a farmer, it goes by the name of John Frusciante.",NOT ENOUGH INFO,0.7,1,,medium,0.5,0,0,0
google/gemma-4-26b-a4b-it,fever,320,"There exists a farmer, it goes by the name of John Frusciante.",NOT ENOUGH INFO,1.0,1,,medium,0.5,0,0,0
qwen/qwen3-14b,fever,497,Chris Bosh enjoys playing against Oklahoma City Thunder and won his first NBA Finals title between 2010 and 2014.,NOT ENOUGH INFO,0.7,1,,medium,0.5,0,0,0
google/gemma-4-26b-a4b-it,fever,497,Chris Bosh enjoys playing against Oklahoma City Thunder and won his first NBA Finals title between 2010 and 2014.,NOT ENOUGH INFO,1.0,1,,medium,0.5,0,0,0
qwen/qwen3-14b,fever,577,"There exists a person, it goes by the name of Sebastian Vettel.",SUPPORTS,0.9,1,,medium,0.5,0,0,0
google/gemma-4-26b-a4b-it,fever,577,"There exists a person, it goes by the name of Sebastian Vettel.",SUPPORTS,1.0,1,,medium,0.5,0,0,0
qwen/qwen3-14b,fever,354,"Vassilis Palaiokostas was also significant in his relationship with his brother, Nikos Palaiokostas, who established a close friendship with him in the prison and in the media.",NOT ENOUGH INFO,0.6,1,,medium,0.5,0,0,0
google/gemma-4-26b-a4b-it,fever,354,"Vassilis Palaiokostas was also significant in his relationship with his brother, Nikos Palaiokostas, who established a close friendship with him in the prison and in the media.",NOT ENOUGH INFO,1.0,1,,medium,0.5,0,0,0
qwen/qwen3-14b,fever,489,There does not exist a slasher film that goes by the name of Scream 2.,REFUTES,1.0,1,,medium,0.5,0,0,0
google/gemma-4-26b-a4b-it,fever,489,There does not exist a slasher film that goes by the name of Scream 2.,REFUTES,1.0,1,,medium,0.5,0,0,0
qwen/qwen3-14b,fever,131,There is a Hindu called Cary Elwes.,NOT ENOUGH INFO,1.0,1,,medium,0.5,0,0,0
google/gemma-4-26b-a4b-it,fever,131,There is a Hindu called Cary Elwes.,NOT ENOUGH INFO,1.0,1,,medium,0.5,0,0,0
qwen/qwen3-14b,fever,322,The House of the Spirits is about the life of a young lady named Clara during the military authoritarian in pig,REFUTES,0.7,1,,medium,0.5,0,0,0
google/gemma-4-26b-a4b-it,fever,322,The House of the Spirits is about the life of a young lady named Clara during the military authoritarian in pig,REFUTES,1.0,1,,medium,0.5,0,0,0
qwen/qwen3-14b,fever,621,There does not exist a member of the Group of 15 called Chile.,REFUTES,1.0,1,,medium,0.5,0,0,0
google/gemma-4-26b-a4b-it,fever,621,There does not exist a member of the Group of 15 called Chile.,REFUTES,1.0,1,,medium,0.5,0,0,0
qwen/qwen3-14b,fever,842,"Vic Mensa who is signed to an American entertainment company founded by Jay Z in 2008 has date of birth was June 6, 1993.",SUPPORTS,1.0,1,,medium,0.5,0,0,0
google/gemma-4-26b-a4b-it,fever,842,"Vic Mensa who is signed to an American entertainment company founded by Jay Z in 2008 has date of birth was June 6, 1993.",SUPPORTS,1.0,1,,medium,0.5,0,0,0
qwen/qwen3-14b,fever,948,"Buffy Summers is not related to an American television series created by Joss Whedon under his production tag , Mutant Enemy Productions",REFUTES,1.0,1,,medium,0.5,0,0,0
google/gemma-4-26b-a4b-it,fever,948,"Buffy Summers is not related to an American television series created by Joss Whedon under his production tag , Mutant Enemy Productions",REFUTES,1.0,1,,medium,0.5,0,0,0
qwen/qwen3-14b,fever,475,Ian Gillan writes songs and is a producer.,REFUTES,0.7,1,,medium,0.5,0,0,0
google/gemma-4-26b-a4b-it,fever,475,Ian Gillan writes songs and is a producer.,REFUTES,0.1,1,,medium,0.5,0,0,0
qwen/qwen3-14b,fever,810,The Invisible Man came out since execution of the Motion Picture Production Code censorship guidelines took effect,SUPPORTS,1.0,1,,medium,0.5,0,0,0
google/gemma-4-26b-a4b-it,fever,810,The Invisible Man came out since execution of the Motion Picture Production Code censorship guidelines took effect,SUPPORTS,1.0,1,,medium,0.5,0,0,0
qwen/qwen3-14b,fever,1011,"There is a former Catholic, they are called Leslie Alexander.",NOT ENOUGH INFO,0.7,1,,medium,0.5,0,0,0
google/gemma-4-26b-a4b-it,fever,1011,"There is a former Catholic, they are called Leslie Alexander.",NOT ENOUGH INFO,1.0,1,,medium,0.5,0,0,0
qwen/qwen3-14b,fever,12,The lead engineer of the iAPX 432 worked for Intel for 20 more years after it was introduced.,SUPPORTS,1.0,1,,medium,0.5,0,0,0
google/gemma-4-26b-a4b-it,fever,12,The lead engineer of the iAPX 432 worked for Intel for 20 more years after it was introduced.,SUPPORTS,1.0,1,,medium,0.5,0,0,0
qwen/qwen3-14b,fever,1061,"The Prowler was created by Stan Lee, John Buscema, and Jim Mooney after 1960.",NOT ENOUGH INFO,0.7,1,,medium,0.5,0,0,0
google/gemma-4-26b-a4b-it,fever,1061,"The Prowler was created by Stan Lee, John Buscema, and Jim Mooney after 1960.",NOT ENOUGH INFO,0.0,1,,medium,0.5,0,0,0
qwen/qwen3-14b,fever,1173,There is not a series of seven serial murders called Night of the Living Dead.,SUPPORTS,1.0,1,,medium,0.5,0,0,0
google/gemma-4-26b-a4b-it,fever,1173,There is not a series of seven serial murders called Night of the Living Dead.,SUPPORTS,1.0,1,,medium,0.5,0,0,0
qwen/qwen3-14b,fever,600,Blue Jasmine was filmed in a city where the Golden Gate Bridge is located.,NOT ENOUGH INFO,0.7,1,,medium,0.5,0,0,0
google/gemma-4-26b-a4b-it,fever,600,Blue Jasmine was filmed in a city where the Golden Gate Bridge is located.,NOT ENOUGH INFO,1.0,1,,medium,0.5,0,0,0
qwen/qwen3-14b,fever,64,"There is an Emmy Award nominee, they are called Vincent D'Onofrio.",SUPPORTS,0.8,1,,medium,0.5,0,0,0
google/gemma-4-26b-a4b-it,fever,64,"There is an Emmy Award nominee, they are called Vincent D'Onofrio.",SUPPORTS,1.0,1,,medium,0.5,0,0,0
qwen/qwen3-14b,fever,1150,One of Macklemore's singles was number one in Canada before 2020.,NOT ENOUGH INFO,0.6,1,,medium,0.5,0,0,0
google/gemma-4-26b-a4b-it,fever,1150,One of Macklemore's singles was number one in Canada before 2020.,NOT ENOUGH INFO,1.0,1,,medium,0.5,0,0,0
qwen/qwen3-14b,fever,1152,The area of Teteles de Ávila Castillo is larger than the area of Spain.,REFUTES,1.0,1,,medium,0.5,0,0,0
google/gemma-4-26b-a4b-it,fever,1152,The area of Teteles de Ávila Castillo is larger than the area of Spain.,REFUTES,1.0,1,,medium,0.5,0,0,0
qwen/qwen3-14b,fever,727,There exists no Spanish city called Melilla.,REFUTES,0.8,1,,medium,0.5,0,0,0
google/gemma-4-26b-a4b-it,fever,727,There exists no Spanish city called Melilla.,REFUTES,1.0,1,,medium,0.5,0,0,0
qwen/qwen3-14b,fever,359,"There was an American singer, most famous for his album 'Graduation' called Sonny Bono.",NOT ENOUGH INFO,0.7,1,,medium,0.5,0,0,0
google/gemma-4-26b-a4b-it,fever,359,"There was an American singer, most famous for his album 'Graduation' called Sonny Bono.",NOT ENOUGH INFO,1.0,1,,medium,0.5,0,0,0
qwen/qwen3-14b,fever,10,Fabian Nicieza worked on X-men in the years preceding and following the dotcom bubble.,NOT ENOUGH INFO,0.7,1,,medium,0.5,0,0,0
google/gemma-4-26b-a4b-it,fever,10,Fabian Nicieza worked on X-men in the years preceding and following the dotcom bubble.,NOT ENOUGH INFO,1.0,1,,medium,0.5,0,0,0
qwen/qwen3-14b,fever,1072,A staging area is not a location.,REFUTES,0.6,1,,medium,0.5,0,0,0
google/gemma-4-26b-a4b-it,fever,1072,A staging area is not a location.,REFUTES,1.0,1,,medium,0.5,0,0,0
qwen/qwen3-14b,fever,782,There was not a racecar driver in Formula One called Sebastian Vettel.,REFUTES,1.0,1,,medium,0.5,0,0,0
google/gemma-4-26b-a4b-it,fever,782,There was not a racecar driver in Formula One called Sebastian Vettel.,REFUTES,1.0,1,,medium,0.5,0,0,0
qwen/qwen3-14b,fever,998,The Battle of France before 1940 is also known as the Fall of France.,NOT ENOUGH INFO,0.6,1,,medium,0.5,0,0,0
google/gemma-4-26b-a4b-it,fever,998,The Battle of France before 1940 is also known as the Fall of France.,NOT ENOUGH INFO,1.0,1,,medium,0.5,0,0,0
qwen/qwen3-14b,fever,1085,There exists an Afroasiatic language called The Maltese language.,NOT ENOUGH INFO,0.7,1,,medium,0.5,0,0,0
google/gemma-4-26b-a4b-it,fever,1085,There exists an Afroasiatic language called The Maltese language.,NOT ENOUGH INFO,0.0,1,,medium,0.5,0,0,0
qwen/qwen3-14b,fever,114,There was a man called Paul von Hindenburg.,SUPPORTS,1.0,1,,medium,0.5,0,0,0
google/gemma-4-26b-a4b-it,fever,114,There was a man called Paul von Hindenburg.,SUPPORTS,1.0,1,,medium,0.5,0,0,0
qwen/qwen3-14b,fever,760,"There is a political leader, they are called Anthony Scaramucci.",REFUTES,0.7,1,,medium,0.5,0,0,0
google/gemma-4-26b-a4b-it,fever,760,"There is a political leader, they are called Anthony Scaramucci.",REFUTES,0.1,1,,medium,0.5,0,0,0
qwen/qwen3-14b,fever,503,Mercedes Benz is partly of a company from Germany,NOT ENOUGH INFO,0.6,1,,medium,0.5,0,0,0
google/gemma-4-26b-a4b-it,fever,503,Mercedes Benz is partly of a company from Germany,NOT ENOUGH INFO,1.0,1,,medium,0.5,0,0,0
qwen/qwen3-14b,fever,456,"Camden, New Jersey is the home of a school that was founded as the South Jersey Law School between 1925 and 1927, which was the only law school founded in the 1920s around the world.",,0.0,0,,medium,0.5,0,0,0
google/gemma-4-26b-a4b-it,fever,456,"Camden, New Jersey is the home of a school that was founded as the South Jersey Law School between 1925 and 1927, which was the only law school founded in the 1920s around the world.",NOT ENOUGH INFO,1.0,1,,medium,0.5,0,0,0
qwen/qwen3-14b,fever,1131,Smriti Mandhana is an Indian cricketer born in Mumbai.,NOT ENOUGH INFO,0.7,1,,medium,0.5,0,0,0
google/gemma-4-26b-a4b-it,fever,1131,Smriti Mandhana is an Indian cricketer born in Mumbai.,NOT ENOUGH INFO,1.0,1,,medium,0.5,0,0,0
qwen/qwen3-14b,fever,832,Aestheticism has as subjects fine art documentaries and music,NOT ENOUGH INFO,0.7,1,,medium,0.5,0,0,0
google/gemma-4-26b-a4b-it,fever,832,Aestheticism has as subjects fine art documentaries and music,NOT ENOUGH INFO,1.0,1,,medium,0.5,0,0,0
qwen/qwen3-14b,fever,569,Skopje wasn't a main city from 972 and 992.,SUPPORTS,1.0,1,,medium,0.5,0,0,0
google/gemma-4-26b-a4b-it,fever,569,Skopje wasn't a main city from 972 and 992.,SUPPORTS,1.0,1,,medium,0.5,0,0,0
qwen/qwen3-14b,fever,115,Milk is not an American movie from 2008.,REFUTES,0.9,1,,medium,0.5,0,0,0
google/gemma-4-26b-a4b-it,fever,115,Milk is not an American movie from 2008.,REFUTES,1.0,1,,medium,0.5,0,0,0
qwen/qwen3-14b,fever,979,Deepika Padukone has just played in one Indian film,REFUTES,1.0,1,,medium,0.5,0,0,0
google/gemma-4-26b-a4b-it,fever,979,Deepika Padukone has just played in one Indian film,REFUTES,1.0,1,,medium,0.5,0,0,0
qwen/qwen3-14b,fever,271,A person who has won Emmy awards twice for outstanding choreography has worked with a K-pop singer from Luxembourg.,NOT ENOUGH INFO,0.2,1,,medium,0.5,0,0,0
google/gemma-4-26b-a4b-it,fever,271,A person who has won Emmy awards twice for outstanding choreography has worked with a K-pop singer from Luxembourg.,NOT ENOUGH INFO,1.0,1,,medium,0.5,0,0,0
qwen/qwen3-14b,fever,1073,Java is in Indonesia and was formed by volcanic eruptions Pleistocene Era.,NOT ENOUGH INFO,0.6,1,,medium,0.5,0,0,0
google/gemma-4-26b-a4b-it,fever,1073,Java is in Indonesia and was formed by volcanic eruptions Pleistocene Era.,NOT ENOUGH INFO,1.0,1,,medium,0.5,0,0,0
qwen/qwen3-14b,fever,1031,There exists a 1990 cinematic work from the United States called Night of the Living Dead.,REFUTES,0.7,1,,medium,0.5,0,0,0
google/gemma-4-26b-a4b-it,fever,1031,There exists a 1990 cinematic work from the United States called Night of the Living Dead.,REFUTES,1.0,1,,medium,0.5,0,0,0
qwen/qwen3-14b,fever,30,There exists a lobbyist and physician that goes by the name of Ted Cruz.,NOT ENOUGH INFO,0.7,1,,medium,0.5,0,0,0
google/gemma-4-26b-a4b-it,fever,30,There exists a lobbyist and physician that goes by the name of Ted Cruz.,NOT ENOUGH INFO,1.0,1,,medium,0.5,0,0,0
qwen/qwen3-14b,fever,839,"There exists a book, it goes by the name of Reanimation.",NOT ENOUGH INFO,0.7,1,,medium,0.5,0,0,0
google/gemma-4-26b-a4b-it,fever,839,"There exists a book, it goes by the name of Reanimation.",NOT ENOUGH INFO,1.0,1,,medium,0.5,0,0,0
qwen/qwen3-14b,fever,416,Mercedes-Benz is certainly not a division of BMW.,SUPPORTS,1.0,1,,medium,0.5,0,0,0
google/gemma-4-26b-a4b-it,fever,416,Mercedes-Benz is certainly not a division of BMW.,SUPPORTS,1.0,1,,medium,0.5,0,0,0
qwen/qwen3-14b,fever,466,The area of Mashonaland West Province is larger than the area of Sắc Tứ Tam Bảo Temple.,SUPPORTS,0.7,1,,medium,0.5,0,0,0
google/gemma-4-26b-a4b-it,fever,466,The area of Mashonaland West Province is larger than the area of Sắc Tứ Tam Bảo Temple.,SUPPORTS,1.0,1,,medium,0.5,0,0,0
qwen/qwen3-14b,fever,1127,The area of Chentang is larger than the area of Gougoudjé.,Not Enough Info,0.7,1,,medium,0.5,0,0,0
google/gemma-4-26b-a4b-it,fever,1127,The area of Chentang is larger than the area of Gougoudjé.,Not Enough Info,1.0,1,,medium,0.5,0,0,0
qwen/qwen3-14b,fever,869,"Calendula genus members are in the same family that plants which generic name came from the word meaning ""hedgehog"".",,0.0,0,,medium,0.5,0,0,0
google/gemma-4-26b-a4b-it,fever,869,"Calendula genus members are in the same family that plants which generic name came from the word meaning ""hedgehog"".",SUPPORTS,1.0,1,,medium,0.5,0,0,0
qwen/qwen3-14b,fever,1160,Johan Cruyff is widely regarded as the greatest player of the 20th century.,NOT ENOUGH INFO,0.7,1,,medium,0.5,0,0,0
google/gemma-4-26b-a4b-it,fever,1160,Johan Cruyff is widely regarded as the greatest player of the 20th century.,NOT ENOUGH INFO,1.0,1,,medium,0.5,0,0,0
qwen/qwen3-14b,fever,253,Right atrioventricular valve lies between the left atrium and the left ventricle.,REFUTES,1.0,1,,medium,0.5,0,0,0
google/gemma-4-26b-a4b-it,fever,253,Right atrioventricular valve lies between the left atrium and the left ventricle.,REFUTES,1.0,1,,medium,0.5,0,0,0
qwen/qwen3-14b,fever,851,Hoosier State is an Amtrak passenger train,SUPPORTS,1.0,1,,medium,0.5,0,0,0
google/gemma-4-26b-a4b-it,fever,851,Hoosier State is an Amtrak passenger train,SUPPORTS,1.0,1,,medium,0.5,0,0,0
qwen/qwen3-14b,fever,700,There did not exist a sibling duo called Sonny & Cher.,SUPPORTS,0.7,1,,medium,0.5,0,0,0
google/gemma-4-26b-a4b-it,fever,700,There did not exist a sibling duo called Sonny & Cher.,SUPPORTS,1.0,1,,medium,0.5,0,0,0
qwen/qwen3-14b,fever,363,The second largest sportswear manufacturer in the world also designs lingerie for women.,NOT ENOUGH INFO,0.7,1,,medium,0.5,0,0,0
google/gemma-4-26b-a4b-it,fever,363,The second largest sportswear manufacturer in the world also designs lingerie for women.,NOT ENOUGH INFO,1.0,1,,medium,0.5,0,0,0
qwen/qwen3-14b,fever,941,"There exists a Baby Boomer, it goes by the name of Shannon Lee was born in 1969 and.",NOT ENOUGH INFO,0.2,1,,medium,0.5,0,0,0
google/gemma-4-26b-a4b-it,fever,941,"There exists a Baby Boomer, it goes by the name of Shannon Lee was born in 1969 and.",NOT ENOUGH INFO,1.0,1,,medium,0.5,0,0,0
qwen/qwen3-14b,fever,730,There exists a live action film called Toy Story 2.,REFUTES,1.0,1,,medium,0.5,0,0,0
google/gemma-4-26b-a4b-it,fever,730,There exists a live action film called Toy Story 2.,REFUTES,1.0,1,,medium,0.5,0,0,0
qwen/qwen3-14b,fever,974,The Latvian Soviet Socialist Republic was a republic of the Soviet Union between 2008 and 2016.,REFUTES,1.0,1,,medium,0.5,0,0,0
google/gemma-4-26b-a4b-it,fever,974,The Latvian Soviet Socialist Republic was a republic of the Soviet Union between 2008 and 2016.,REFUTES,1.0,1,,medium,0.5,0,0,0
qwen/qwen3-14b,fever,825,"There is a director, Lewis Gilbert, who was not involved in the production of You Only Live Twice.",REFUTES,1.0,1,,medium,0.5,0,0,0
google/gemma-4-26b-a4b-it,fever,825,"There is a director, Lewis Gilbert, who was not involved in the production of You Only Live Twice.",REFUTES,1.0,1,,medium,0.5,0,0,0
qwen/qwen3-14b,fever,86,The 100 is a TV series following a group of adolescents,SUPPORTS,0.8,1,,medium,0.5,0,0,0
google/gemma-4-26b-a4b-it,fever,86,The 100 is a TV series following a group of adolescents,SUPPORTS,1.0,1,,medium,0.5,0,0,0
qwen/qwen3-14b,fever,414,There exists a child singer that goes by the name of Aubrey Anderson-Emmons.,NOT ENOUGH INFO,0.5,1,,medium,0.5,0,0,0
google/gemma-4-26b-a4b-it,fever,414,There exists a child singer that goes by the name of Aubrey Anderson-Emmons.,NOT ENOUGH INFO,0.1,1,,medium,0.5,0,0,0
qwen/qwen3-14b,fever,1055,The area of Lunda Norte Province is larger than the area of Nyamapanda.,SUPPORTS,0.7,1,,medium,0.5,0,0,0
google/gemma-4-26b-a4b-it,fever,1055,The area of Lunda Norte Province is larger than the area of Nyamapanda.,SUPPORTS,1.0,1,,medium,0.5,0,0,0
qwen/qwen3-14b,fever,362,There exists a mobile personal computer called The IPhone 4.,SUPPORTS,0.7,1,,medium,0.5,0,0,0
google/gemma-4-26b-a4b-it,fever,362,There exists a mobile personal computer called The IPhone 4.,SUPPORTS,1.0,1,,medium,0.5,0,0,0
qwen/qwen3-14b,fever,773,"There exists a racket and shuttlecock sport, it goes by the name of Golf.",NOT ENOUGH INFO,0.7,1,,medium,0.5,0,0,0
google/gemma-4-26b-a4b-it,fever,773,"There exists a racket and shuttlecock sport, it goes by the name of Golf.",NOT ENOUGH INFO,1.0,1,,medium,0.5,0,0,0
qwen/qwen3-14b,fever,1081,Several awards have been given to Bala for his labor,SUPPORTS,0.7,1,,medium,0.5,0,0,0
google/gemma-4-26b-a4b-it,fever,1081,Several awards have been given to Bala for his labor,SUPPORTS,1.0,1,,medium,0.5,0,0,0
qwen/qwen3-14b,fever,452,Stomp the Yard is not a film.,REFUTES,0.8,1,,medium,0.5,0,0,0
google/gemma-4-26b-a4b-it,fever,452,Stomp the Yard is not a film.,REFUTES,1.0,1,,medium,0.5,0,0,0
qwen/qwen3-14b,fever,323,Ctesiphon was an orator in Athens during the reign of Alexander the Great,SUPPORTS,0.6,1,,medium,0.5,0,0,0
google/gemma-4-26b-a4b-it,fever,323,Ctesiphon was an orator in Athens during the reign of Alexander the Great,SUPPORTS,1.0,1,,medium,0.5,0,0,0
qwen/qwen3-14b,fever,23,A View to a Kill is the third James Bond film directed by John Glen and released 3 years after 1999.,REFUTES,1.0,1,,medium,0.5,0,0,0
google/gemma-4-26b-a4b-it,fever,23,A View to a Kill is the third James Bond film directed by John Glen and released 3 years after 1999.,REFUTES,1.0,1,,medium,0.5,0,0,0
qwen/qwen3-14b,fever,342,There is not a film that is categorized as a slasher called Scream 2.,REFUTES,1.0,1,,medium,0.5,0,0,0
google/gemma-4-26b-a4b-it,fever,342,There is not a film that is categorized as a slasher called Scream 2.,REFUTES,1.0,1,,medium,0.5,0,0,0
qwen/qwen3-14b,fever,559,"There is a unit of individual differences, it is called Personality.",REFUTES,0.7,1,,medium,0.5,0,0,0
google/gemma-4-26b-a4b-it,fever,559,"There is a unit of individual differences, it is called Personality.",REFUTES,0.1,1,,medium,0.5,0,0,0
qwen/qwen3-14b,fever,781,Uganda definitely was not a protectorate.,REFUTES,0.6,1,,medium,0.5,0,0,0
google/gemma-4-26b-a4b-it,fever,781,Uganda definitely was not a protectorate.,REFUTES,1.0,1,,medium,0.5,0,0,0
qwen/qwen3-14b,fever,54,Congressional Space Medal of Honor is the highest award given only to those who have lived on the moon by NASA.,NOT ENOUGH INFO,1.0,1,,medium,0.5,0,0,0
google/gemma-4-26b-a4b-it,fever,54,Congressional Space Medal of Honor is the highest award given only to those who have lived on the moon by NASA.,NOT ENOUGH INFO,1.0,1,,medium,0.5,0,0,0
qwen/qwen3-14b,fever,906,There existed a service that operated under the military that went by the name of The KGB.,SUPPORTS,1.0,1,,medium,0.5,0,0,0
google/gemma-4-26b-a4b-it,fever,906,There existed a service that operated under the military that went by the name of The KGB.,SUPPORTS,1.0,1,,medium,0.5,0,0,0
qwen/qwen3-14b,fever,486,Santa Lucía is a city in the province of Corrientes,SUPPORTS,0.7,1,,medium,0.5,0,0,0
google/gemma-4-26b-a4b-it,fever,486,Santa Lucía is a city in the province of Corrientes,SUPPORTS,1.0,1,,medium,0.5,0,0,0
qwen/qwen3-14b,fever,890,There is an Episcopalian called James Brolin.,NOT ENOUGH INFO,0.7,1,,medium,0.5,0,0,0
google/gemma-4-26b-a4b-it,fever,890,There is an Episcopalian called James Brolin.,NOT ENOUGH INFO,1.0,1,,medium,0.5,0,0,0
qwen/qwen3-14b,fever,580,Weill Cornell Medicine has not tales of being tied to the field of education,REFUTES,0.7,1,,medium,0.5,0,0,0
google/gemma-4-26b-a4b-it,fever,580,Weill Cornell Medicine has not tales of being tied to the field of education,REFUTES,1.0,1,,medium,0.5,0,0,0
qwen/qwen3-14b,fever,299,Asclepiads were originally a biological family.,Not Enough Info,0.3,1,,medium,0.5,0,0,0
google/gemma-4-26b-a4b-it,fever,299,Asclepiads were originally a biological family.,Not Enough Info,1.0,1,,medium,0.5,0,0,0
qwen/qwen3-14b,fever,33,Atlanta metropolitan area is located in the Appalachian Mountains and metropolitan area is located in North Georgia.,NOT ENOUGH INFO,0.7,1,,medium,0.5,0,0,0
google/gemma-4-26b-a4b-it,fever,33,Atlanta metropolitan area is located in the Appalachian Mountains and metropolitan area is located in North Georgia.,NOT ENOUGH INFO,0.1,1,,medium,0.5,0,0,0
qwen/qwen3-14b,fever,85,There existed an assassin that went by the name of The Gettysburg Address was delivered by someone who.,NOT ENOUGH INFO,0.5,1,,medium,0.5,0,0,0
google/gemma-4-26b-a4b-it,fever,85,There existed an assassin that went by the name of The Gettysburg Address was delivered by someone who.,NOT ENOUGH INFO,1.0,1,,medium,0.5,0,0,0
qwen/qwen3-14b,fever,288,Recognition has been given to Bala for his labor,SUPPORTS,0.8,1,,medium,0.5,0,0,0
google/gemma-4-26b-a4b-it,fever,288,Recognition has been given to Bala for his labor,SUPPORTS,1.0,1,,medium,0.5,0,0,0
qwen/qwen3-14b,fever,606,One of Macklemore's singles was number one in Canada after 2000.,NOT ENOUGH INFO,0.5,1,,medium,0.5,0,0,0
google/gemma-4-26b-a4b-it,fever,606,One of Macklemore's singles was number one in Canada after 2000.,NOT ENOUGH INFO,0.0,1,,medium,0.5,0,0,0
qwen/qwen3-14b,fever,522,There exists a store called Spider-Man 2.,REFUTES,0.7,1,,medium,0.5,0,0,0
google/gemma-4-26b-a4b-it,fever,522,There exists a store called Spider-Man 2.,REFUTES,1.0,1,,medium,0.5,0,0,0
qwen/qwen3-14b,fever,355,Sweet Home Alabama is a rock song that was written in reply to two songs from Neil Young's album Harvest and was written in reply to Neil Young's song Southern Man.,NOT ENOUGH INFO,0.3,1,,medium,0.5,0,0,0
google/gemma-4-26b-a4b-it,fever,355,Sweet Home Alabama is a rock song that was written in reply to two songs from Neil Young's album Harvest and was written in reply to Neil Young's song Southern Man.,NOT ENOUGH INFO,0.1,1,,medium,0.5,0,0,0
qwen/qwen3-14b,fever,172,There is a season of a TV show called The Challenge XXX: Dirty 30.,SUPPORTS,1.0,1,,medium,0.5,0,0,0
google/gemma-4-26b-a4b-it,fever,172,There is a season of a TV show called The Challenge XXX: Dirty 30.,SUPPORTS,1.0,1,,medium,0.5,0,0,0
qwen/qwen3-14b,fever,843,Bob Ross certainly was not an artist.,REFUTES,1.0,1,,medium,0.5,0,0,0
google/gemma-4-26b-a4b-it,fever,843,Bob Ross certainly was not an artist.,REFUTES,1.0,1,,medium,0.5,0,0,0
qwen/qwen3-14b,fever,588,There did not exist a web browser called Netscape Navigator.,REFUTES,1.0,1,,medium,0.5,0,0,0
google/gemma-4-26b-a4b-it,fever,588,There did not exist a web browser called Netscape Navigator.,REFUTES,1.0,1,,medium,0.5,0,0,0
qwen/qwen3-14b,fever,946,Sidse Babett Knudsen refuses to work in theater and is a director.,NOT ENOUGH INFO,0.7,1,,medium,0.5,0,0,0
google/gemma-4-26b-a4b-it,fever,946,Sidse Babett Knudsen refuses to work in theater and is a director.,NOT ENOUGH INFO,1.0,1,,medium,0.5,0,0,0
qwen/qwen3-14b,fever,273,"There was a nation-state, it was called Yugoslavia.",NOT ENOUGH INFO,0.6,1,,medium,0.5,0,0,0
google/gemma-4-26b-a4b-it,fever,273,"There was a nation-state, it was called Yugoslavia.",NOT ENOUGH INFO,1.0,1,,medium,0.5,0,0,0
qwen/qwen3-14b,fever,226,There is not an unadapted novel that goes by the name of The Maze Runner.,REFUTES,0.9,0,,medium,0.5,0,0,0
google/gemma-4-26b-a4b-it,fever,226,There is not an unadapted novel that goes by the name of The Maze Runner.,SUPPORTS,1.0,1,,medium,0.5,0,0,0
qwen/qwen3-14b,fever,678,There existed a Presbyterian called Charles de Gaulle.,NOT ENOUGH INFO,0.1,1,,medium,0.5,0,0,0
google/gemma-4-26b-a4b-it,fever,678,There existed a Presbyterian called Charles de Gaulle.,NOT ENOUGH INFO,1.0,1,,medium,0.5,0,0,0
qwen/qwen3-14b,fever,62,Glee.com launch in America before 2010 by Community Connect Inc. was a huge success.,NOT ENOUGH INFO,0.3,1,,medium,0.5,0,0,0
google/gemma-4-26b-a4b-it,fever,62,Glee.com launch in America before 2010 by Community Connect Inc. was a huge success.,NOT ENOUGH INFO,1.0,1,,medium,0.5,0,0,0
qwen/qwen3-14b,fever,526,"February 14th, 1860 is some other time than when Simon Pegg was born.",SUPPORTS,0.099,1,,medium,0.5,0,0,0
google/gemma-4-26b-a4b-it,fever,526,"February 14th, 1860 is some other time than when Simon Pegg was born.",SUPPORTS,1.0,1,,medium,0.5,0,0,0
qwen/qwen3-14b,fever,692,More than 20 people were excuted in Republic of Ireland.,REFUTES,0.095,0,,medium,0.5,0,0,0
google/gemma-4-26b-a4b-it,fever,692,More than 20 people were excuted in Republic of Ireland.,SUPPORTS,1.0,1,,medium,0.5,0,0,0
qwen/qwen3-14b,fever,460,There exists a suburban borough that goes by the name of Birmingham.,REFUTES,0.7,1,,medium,0.5,0,0,0
google/gemma-4-26b-a4b-it,fever,460,There exists a suburban borough that goes by the name of Birmingham.,REFUTES,1.0,1,,medium,0.5,0,0,0
qwen/qwen3-14b,fever,931,The horse was spoken of as a Eohippus when it had multiple fingers,SUPPORTS,0.7,1,,medium,0.5,0,0,0
google/gemma-4-26b-a4b-it,fever,931,The horse was spoken of as a Eohippus when it had multiple fingers,SUPPORTS,1.0,1,,medium,0.5,0,0,0
qwen/qwen3-14b,fever,980,There exists a hierarchy of leagues that goes by the name of Minor League Baseball.,SUPPORTS,1.0,1,,medium,0.5,0,0,0
google/gemma-4-26b-a4b-it,fever,980,There exists a hierarchy of leagues that goes by the name of Minor League Baseball.,SUPPORTS,1.0,1,,medium,0.5,0,0,0
qwen/qwen3-14b,fever,3,"The Nice Guys is a 2016 American neo-noir action comedy film directed by an Danish screenwriter , director , producer and actor , known for writing the 1987 action film hit Lethal Weapon",REFUTES,0.7,1,,medium,0.5,0,0,0
google/gemma-4-26b-a4b-it,fever,3,"The Nice Guys is a 2016 American neo-noir action comedy film directed by an Danish screenwriter , director , producer and actor , known for writing the 1987 action film hit Lethal Weapon",REFUTES,1.0,1,,medium,0.5,0,0,0
qwen/qwen3-14b,fever,690,The grandson of Henry Purcell was a chorister in the Chapel Royal after Baroque style began in Italy.,SUPPORTS,0.7,1,,medium,0.5,0,0,0
google/gemma-4-26b-a4b-it,fever,690,The grandson of Henry Purcell was a chorister in the Chapel Royal after Baroque style began in Italy.,SUPPORTS,1.0,1,,medium,0.5,0,0,0
qwen/qwen3-14b,fever,1144,There exists no Brazilian called Freddie Highmore.,SUPPORTS,1.0,1,,medium,0.5,0,0,0
google/gemma-4-26b-a4b-it,fever,1144,There exists no Brazilian called Freddie Highmore.,SUPPORTS,1.0,1,,medium,0.5,0,0,0
qwen/qwen3-14b,fever,366,There is a novel containing apples in a title that is a part of cultural movement that began hundred years after the early 1820s.,SUPPORTS,0.7,1,,medium,0.5,0,0,0
google/gemma-4-26b-a4b-it,fever,366,There is a novel containing apples in a title that is a part of cultural movement that began hundred years after the early 1820s.,SUPPORTS,1.0,1,,medium,0.5,0,0,0
qwen/qwen3-14b,fever,952,There existed a slave-holding state called Tennessee.,NOT ENOUGH INFO,0.5,1,,medium,0.5,0,0,0
google/gemma-4-26b-a4b-it,fever,952,There existed a slave-holding state called Tennessee.,NOT ENOUGH INFO,0.1,1,,medium,0.5,0,0,0
qwen/qwen3-14b,fever,573,"During an uprising that began on 10 March 1959 , when a revolt erupted in Lhasa , the 14th Dalai Lama fled to Bangladesh",REFUTES,0.7,1,,medium,0.5,0,0,0
google/gemma-4-26b-a4b-it,fever,573,"During an uprising that began on 10 March 1959 , when a revolt erupted in Lhasa , the 14th Dalai Lama fled to Bangladesh",REFUTES,1.0,1,,medium,0.5,0,0,0
qwen/qwen3-14b,fever,240,There did not exist a statesman that goes by the name of Paul von Hindenburg.,REFUTES,1.0,1,,medium,0.5,0,0,0
google/gemma-4-26b-a4b-it,fever,240,There did not exist a statesman that goes by the name of Paul von Hindenburg.,REFUTES,1.0,1,,medium,0.5,0,0,0
qwen/qwen3-14b,fever,954,There is a fashion house with a word meaning 'sweet' in its name.,SUPPORTS,0.3,1,,medium,0.5,0,0,0
google/gemma-4-26b-a4b-it,fever,954,There is a fashion house with a word meaning 'sweet' in its name.,SUPPORTS,1.0,1,,medium,0.5,0,0,0
qwen/qwen3-14b,fever,395,The Battle of the Trebia occurred on the left bunker near the Trebbia River,NOT ENOUGH INFO,0.7,1,,medium,0.5,0,0,0
google/gemma-4-26b-a4b-it,fever,395,The Battle of the Trebia occurred on the left bunker near the Trebbia River,NOT ENOUGH INFO,0.1,1,,medium,0.5,0,0,0
qwen/qwen3-14b,fever,568,"The Prowler was created by Stan Lee, John Buscema, and Jim Mooney before 1980.",NOT ENOUGH INFO,0.4,1,,medium,0.5,0,0,0
google/gemma-4-26b-a4b-it,fever,568,"The Prowler was created by Stan Lee, John Buscema, and Jim Mooney before 1980.",NOT ENOUGH INFO,1.0,1,,medium,0.5,0,0,0
qwen/qwen3-14b,fever,15,The 66th Primetime Emmy Awards was hosted by an American comedian born before 1980.,SUPPORTS,1.0,1,,medium,0.5,0,0,0
google/gemma-4-26b-a4b-it,fever,15,The 66th Primetime Emmy Awards was hosted by an American comedian born before 1980.,SUPPORTS,1.0,1,,medium,0.5,0,0,0
qwen/qwen3-14b,fever,976,Buffy the Vampire Slayer had more than one co-managerial producer,SUPPORTS,0.7,1,,medium,0.5,0,0,0
google/gemma-4-26b-a4b-it,fever,976,Buffy the Vampire Slayer had more than one co-managerial producer,SUPPORTS,1.0,1,,medium,0.5,0,0,0
qwen/qwen3-14b,fever,118,The area of Bodié is larger than the area of Malhargarh.,Not Enough Info,0.2,1,,medium,0.5,0,0,0
google/gemma-4-26b-a4b-it,fever,118,The area of Bodié is larger than the area of Malhargarh.,Not Enough Info,1.0,1,,medium,0.5,0,0,0
qwen/qwen3-14b,fever,1001,Roberto Orci (a person who has collaborated with his longtime friend Alex Kurtzman) wrote Star Wars.,NOT ENOUGH INFO,0.4,1,,medium,0.5,0,0,0
google/gemma-4-26b-a4b-it,fever,1001,Roberto Orci (a person who has collaborated with his longtime friend Alex Kurtzman) wrote Star Wars.,NOT ENOUGH INFO,1.0,1,,medium,0.5,0,0,0
qwen/qwen3-14b,fever,1121,Uganda is north of Europe and was once under rule.,NOT ENOUGH INFO,0.4,1,,medium,0.5,0,0,0
google/gemma-4-26b-a4b-it,fever,1121,Uganda is north of Europe and was once under rule.,NOT ENOUGH INFO,0.1,1,,medium,0.5,0,0,0
qwen/qwen3-14b,fever,614,"In United States presidential election of 1996, the candidate ran effectively unopposed.",REFUTES,0.9,1,,medium,0.5,0,0,0
google/gemma-4-26b-a4b-it,fever,614,"In United States presidential election of 1996, the candidate ran effectively unopposed.",REFUTES,1.0,1,,medium,0.5,0,0,0
qwen/qwen3-14b,fever,6,Omar Khadr was declared guilty and was detained at Guantanamo Bay.,NOT ENOUGH INFO,0.6,1,,medium,0.5,0,0,0
google/gemma-4-26b-a4b-it,fever,6,Omar Khadr was declared guilty and was detained at Guantanamo Bay.,NOT ENOUGH INFO,1.0,1,,medium,0.5,0,0,0
qwen/qwen3-14b,fever,137,"Poor and Stupid is his only one, and it is one of several South Park episodes that Cartman, along with his friend Kenny, Stan Marsh and Kenny, are involved in.",NOT ENOUGH INFO,0.4,1,,medium,0.5,0,0,0
google/gemma-4-26b-a4b-it,fever,137,"Poor and Stupid is his only one, and it is one of several South Park episodes that Cartman, along with his friend Kenny, Stan Marsh and Kenny, are involved in.",NOT ENOUGH INFO,1.0,1,,medium,0.5,0,0,0
qwen/qwen3-14b,fever,934,Warren Beatty had no collaboration with a two time academic winner.,REFUTES,1.0,1,,medium,0.5,0,0,0
google/gemma-4-26b-a4b-it,fever,934,Warren Beatty had no collaboration with a two time academic winner.,REFUTES,1.0,1,,medium,0.5,0,0,0
qwen/qwen3-14b,fever,177,Benjamin Harrison served in the army in the Civil War after his grandfather fought in the Battle of Tippecanoe.,SUPPORTS,0.8,1,,medium,0.5,0,0,0
google/gemma-4-26b-a4b-it,fever,177,Benjamin Harrison served in the army in the Civil War after his grandfather fought in the Battle of Tippecanoe.,SUPPORTS,1.0,1,,medium,0.5,0,0,0
qwen/qwen3-14b,fever,82,Kevin Bacon was in a 1996 film and was in the film Sleepers.,NOT ENOUGH INFO,0.7,1,,medium,0.5,0,0,0
google/gemma-4-26b-a4b-it,fever,82,Kevin Bacon was in a 1996 film and was in the film Sleepers.,NOT ENOUGH INFO,1.0,1,,medium,0.5,0,0,0
qwen/qwen3-14b,fever,984,There is not a brand of hot dog called Sarah Hyland.,SUPPORTS,0.7,1,,medium,0.5,0,0,0
google/gemma-4-26b-a4b-it,fever,984,There is not a brand of hot dog called Sarah Hyland.,SUPPORTS,1.0,1,,medium,0.5,0,0,0
qwen/qwen3-14b,fever,674,"Maximum Overdrive's screenwriter was an American author of horror , supernatural fiction , suspense , science fiction , and fantasy born on September 21, 1947",SUPPORTS,1.0,1,,medium,0.5,0,0,0
google/gemma-4-26b-a4b-it,fever,674,"Maximum Overdrive's screenwriter was an American author of horror , supernatural fiction , suspense , science fiction , and fantasy born on September 21, 1947",SUPPORTS,1.0,1,,medium,0.5,0,0,0
qwen/qwen3-14b,fever,769,There was not a science fiction horror television series called The Invisible Man.,SUPPORTS,0.0699999999999999,1,,medium,0.5,0,0,0
google/gemma-4-26b-a4b-it,fever,769,There was not a science fiction horror television series called The Invisible Man.,SUPPORTS,1.0,1,,medium,0.5,0,0,0
qwen/qwen3-14b,fever,780,Pilularia globulifera and R. globulifera are the only species in the order Pilula that both produce and release microsporangia and microsporangia in a heterosporous fashion.,REFUTES,0.6,1,,medium,0.5,0,0,0
google/gemma-4-26b-a4b-it,fever,780,Pilularia globulifera and R. globulifera are the only species in the order Pilula that both produce and release microsporangia and microsporangia in a heterosporous fashion.,REFUTES,1.0,1,,medium,0.5,0,0,0
qwen/qwen3-14b,fever,1076,There does not exist an exact adaptation of the video game series that goes by the name of Resident Evil.,SUPPORTS,0.8,1,,medium,0.5,0,0,0
google/gemma-4-26b-a4b-it,fever,1076,There does not exist an exact adaptation of the video game series that goes by the name of Resident Evil.,SUPPORTS,1.0,1,,medium,0.5,0,0,0
qwen/qwen3-14b,fever,774,The Battle of France 5 years after 1928 is also known as the Fall of France.,NOT ENOUGH INFO,0.3,1,,medium,0.5,0,0,0
google/gemma-4-26b-a4b-it,fever,774,The Battle of France 5 years after 1928 is also known as the Fall of France.,NOT ENOUGH INFO,0.1,1,,medium,0.5,0,0,0
qwen/qwen3-14b,fever,740,There exists a 2000 page novel called The Winds of Winter.,NOT ENOUGH INFO,0.3,1,,medium,0.5,0,0,0
google/gemma-4-26b-a4b-it,fever,740,There exists a 2000 page novel called The Winds of Winter.,NOT ENOUGH INFO,1.0,1,,medium,0.5,0,0,0
qwen/qwen3-14b,fever,838,No university has more than 5 alumni who became U.S. presidents.,REFUTES,1.0,1,,medium,0.5,0,0,0
google/gemma-4-26b-a4b-it,fever,838,No university has more than 5 alumni who became U.S. presidents.,REFUTES,1.0,1,,medium,0.5,0,0,0
qwen/qwen3-14b,fever,791,A&E has permanently been called A&E,REFUTES,1.0,1,,medium,0.5,0,0,0
google/gemma-4-26b-a4b-it,fever,791,A&E has permanently been called A&E,REFUTES,1.0,1,,medium,0.5,0,0,0
qwen/qwen3-14b,fever,350,The Woman in Black was abandoned by Hammer Film Productions in the 2010s in favor of working on Freddie vs. Jason.,REFUTES,1.0,1,,medium,0.5,0,0,0
google/gemma-4-26b-a4b-it,fever,350,The Woman in Black was abandoned by Hammer Film Productions in the 2010s in favor of working on Freddie vs. Jason.,REFUTES,1.0,1,,medium,0.5,0,0,0
qwen/qwen3-14b,fever,1165,Jennifer Aniston appeared in Horrible Bosses after her father first appeared in Days of Our Lives.,SUPPORTS,1.0,1,,medium,0.5,0,0,0
google/gemma-4-26b-a4b-it,fever,1165,Jennifer Aniston appeared in Horrible Bosses after her father first appeared in Days of Our Lives.,SUPPORTS,1.0,1,,medium,0.5,0,0,0
qwen/qwen3-14b,fever,967,"The First World War, also known as the Great War, started in Europe and lasted for 4 years.",SUPPORTS,1.0,1,,medium,0.5,0,0,0
google/gemma-4-26b-a4b-it,fever,967,"The First World War, also known as the Great War, started in Europe and lasted for 4 years.",SUPPORTS,1.0,1,,medium,0.5,0,0,0
qwen/qwen3-14b,fever,434,"There existed an Ionian Greek chemist, it was called Pythagoras.",NOT ENOUGH INFO,0.03,1,,medium,0.5,0,0,0
google/gemma-4-26b-a4b-it,fever,434,"There existed an Ionian Greek chemist, it was called Pythagoras.",NOT ENOUGH INFO,1.0,1,,medium,0.5,0,0,0
qwen/qwen3-14b,fever,467,"Palo Alto, California is 50 miles from the state which shares its border with Oregon",NOT ENOUGH INFO,0.6,1,,medium,0.5,0,0,0
google/gemma-4-26b-a4b-it,fever,467,"Palo Alto, California is 50 miles from the state which shares its border with Oregon",NOT ENOUGH INFO,1.0,1,,medium,0.5,0,0,0
qwen/qwen3-14b,fever,530,Starrcade was eventually broadcast via charge per view television,SUPPORTS,0.8,1,,medium,0.5,0,0,0
google/gemma-4-26b-a4b-it,fever,530,Starrcade was eventually broadcast via charge per view television,SUPPORTS,1.0,1,,medium,0.5,0,0,0
qwen/qwen3-14b,fever,46,There exists a publication of rankings by Times Higher Education (THE) magazine called Times Higher Education World University Rankings.,SUPPORTS,1.0,1,,medium,0.5,0,0,0
google/gemma-4-26b-a4b-it,fever,46,There exists a publication of rankings by Times Higher Education (THE) magazine called Times Higher Education World University Rankings.,SUPPORTS,1.0,1,,medium,0.5,0,0,0
qwen/qwen3-14b,fever,808,Wolfgang Amadeus Mozart was born in Salzburg in 1756,SUPPORTS,1.0,1,,medium,0.5,0,0,0
google/gemma-4-26b-a4b-it,fever,808,Wolfgang Amadeus Mozart was born in Salzburg in 1756,SUPPORTS,1.0,1,,medium,0.5,0,0,0
qwen/qwen3-14b,fever,1122,There was a kingdom in the Caucasus and they are significant called Georgians arose from a place that.,NOT ENOUGH INFO,0.2,1,,medium,0.5,0,0,0
google/gemma-4-26b-a4b-it,fever,1122,There was a kingdom in the Caucasus and they are significant called Georgians arose from a place that.,NOT ENOUGH INFO,1.0,1,,medium,0.5,0,0,0
qwen/qwen3-14b,fever,932,There exists a liberal art called Brazilian jiu-jitsu.,NOT ENOUGH INFO,0.5,1,,medium,0.5,0,0,0
google/gemma-4-26b-a4b-it,fever,932,There exists a liberal art called Brazilian jiu-jitsu.,NOT ENOUGH INFO,1.0,1,,medium,0.5,0,0,0
qwen/qwen3-14b,fever,163,There exists a son that goes by the name of Tyler Perry.,NOT ENOUGH INFO,0.5,1,,medium,0.5,0,0,0
google/gemma-4-26b-a4b-it,fever,163,There exists a son that goes by the name of Tyler Perry.,NOT ENOUGH INFO,1.0,1,,medium,0.5,0,0,0
qwen/qwen3-14b,fever,42,Globalism is not a group of ideologies that oppose the concept of globalization.,SUPPORTS,0.09,1,,medium,0.5,0,0,0
google/gemma-4-26b-a4b-it,fever,42,Globalism is not a group of ideologies that oppose the concept of globalization.,SUPPORTS,1.0,1,,medium,0.5,0,0,0
qwen/qwen3-14b,fever,60,"The Prowler was created by Stan Lee, John Buscema, and Jim Mooney 3 years before 1975.",NOT ENOUGH INFO,0.3,1,,medium,0.5,0,0,0
google/gemma-4-26b-a4b-it,fever,60,"The Prowler was created by Stan Lee, John Buscema, and Jim Mooney 3 years before 1975.",NOT ENOUGH INFO,1.0,1,,medium,0.5,0,0,0
qwen/qwen3-14b,fever,211,"There exists a place, Maine, that is the birthplace of the person Jefferson Davis.",REFUTES,1.0,1,,medium,0.5,0,0,0
google/gemma-4-26b-a4b-it,fever,211,"There exists a place, Maine, that is the birthplace of the person Jefferson Davis.",REFUTES,1.0,1,,medium,0.5,0,0,0
qwen/qwen3-14b,fever,656,"There is a location, it is called A staging area.",SUPPORTS,0.5,1,,medium,0.5,0,0,0
google/gemma-4-26b-a4b-it,fever,656,"There is a location, it is called A staging area.",SUPPORTS,1.0,1,,medium,0.5,0,0,0
qwen/qwen3-14b,fever,223,Kate Hudson is left wing political activist,Does not support,0.8,0,,medium,0.5,0,0,0
google/gemma-4-26b-a4b-it,fever,223,Kate Hudson is left wing political activist,SUPPORTS,1.0,1,,medium,0.5,0,0,0
qwen/qwen3-14b,fever,1053,Email filtering output is capable of throwing messages away and output is capable of delivering unchanged frogs.,REFUTES,0.7,1,,medium,0.5,0,0,0
google/gemma-4-26b-a4b-it,fever,1053,Email filtering output is capable of throwing messages away and output is capable of delivering unchanged frogs.,REFUTES,0.1,1,,medium,0.5,0,0,0
qwen/qwen3-14b,fever,236,"Recession indexing is derived from a number of different company performance indicators including earnings, employment, and inflation.",REFUTES,0.7,1,,medium,0.5,0,0,0
google/gemma-4-26b-a4b-it,fever,236,"Recession indexing is derived from a number of different company performance indicators including earnings, employment, and inflation.",REFUTES,1.0,1,,medium,0.5,0,0,0
qwen/qwen3-14b,fever,344,There exists a former Lawrence Kotkin Associates bond trader called Leslie Alexander.,NOT ENOUGH INFO,0.2,1,,medium,0.5,0,0,0
google/gemma-4-26b-a4b-it,fever,344,There exists a former Lawrence Kotkin Associates bond trader called Leslie Alexander.,NOT ENOUGH INFO,1.0,1,,medium,0.5,0,0,0
qwen/qwen3-14b,fever,699,Chris Bosh won his first NBA Finals title 4 years after 2009.,REFUTES,1.0,1,,medium,0.5,0,0,0
google/gemma-4-26b-a4b-it,fever,699,Chris Bosh won his first NBA Finals title 4 years after 2009.,REFUTES,1.0,1,,medium,0.5,0,0,0
qwen/qwen3-14b,fever,570,Southampton F.C. came in second in the First Division after 1990 -- 1984.,REFUTES,1.0,1,,medium,0.5,0,0,0
google/gemma-4-26b-a4b-it,fever,570,Southampton F.C. came in second in the First Division after 1990 -- 1984.,REFUTES,1.0,1,,medium,0.5,0,0,0
qwen/qwen3-14b,fever,318,Villa Park hosted the 90th FA Community Shield 4 years before 2016.,REFUTES,0.7,0,,medium,0.5,0,0,0
google/gemma-4-26b-a4b-it,fever,318,Villa Park hosted the 90th FA Community Shield 4 years before 2016.,SUPPORTS,1.0,1,,medium,0.5,0,0,0
qwen/qwen3-14b,fever,654,"There is a stage director, they are called Catherine Hardwicke.",NOT ENOUGH INFO,0.3,1,,medium,0.5,0,0,0
google/gemma-4-26b-a4b-it,fever,654,"There is a stage director, they are called Catherine Hardwicke.",NOT ENOUGH INFO,1.0,1,,medium,0.5,0,0,0
qwen/qwen3-14b,fever,110,Andrew Carnegie has a 1889 article proclaiming ``The Gospel of Wealth'' and called on the rich to improve the upper society.,NOT ENOUGH INFO,0.3,1,,medium,0.5,0,0,0
google/gemma-4-26b-a4b-it,fever,110,Andrew Carnegie has a 1889 article proclaiming ``The Gospel of Wealth'' and called on the rich to improve the upper society.,NOT ENOUGH INFO,1.0,1,,medium,0.5,0,0,0
qwen/qwen3-14b,fever,945,Only two nuclear energy accidents were given the maximum classification on the International Nuclear Event Scale.,SUPPORTS,0.8,1,,medium,0.5,0,0,0
google/gemma-4-26b-a4b-it,fever,945,Only two nuclear energy accidents were given the maximum classification on the International Nuclear Event Scale.,SUPPORTS,1.0,1,,medium,0.5,0,0,0
qwen/qwen3-14b,fever,636,Curiosa is a member of the rock band the Cure.,REFUTES,0.9,1,,medium,0.5,0,0,0
google/gemma-4-26b-a4b-it,fever,636,Curiosa is a member of the rock band the Cure.,REFUTES,1.0,1,,medium,0.5,0,0,0
qwen/qwen3-14b,fever,624,Quay had its first public exhibition in Manhattan,SUPPORTS,0.3,1,,medium,0.5,0,0,0
google/gemma-4-26b-a4b-it,fever,624,Quay had its first public exhibition in Manhattan,SUPPORTS,1.0,1,,medium,0.5,0,0,0
qwen/qwen3-14b,fever,426,"Raudeberg is also located on the northeastern edge of the island of Silda, on the shore of the bay of Silda.",REFUTES,0.7,1,,medium,0.5,0,0,0
google/gemma-4-26b-a4b-it,fever,426,"Raudeberg is also located on the northeastern edge of the island of Silda, on the shore of the bay of Silda.",REFUTES,1.0,1,,medium,0.5,0,0,0
qwen/qwen3-14b,fever,334,There is an American author with five kids called Dan Brown.,NOT ENOUGH INFO,0.5,1,,medium,0.5,0,0,0
google/gemma-4-26b-a4b-it,fever,334,There is an American author with five kids called Dan Brown.,NOT ENOUGH INFO,1.0,1,,medium,0.5,0,0,0
qwen/qwen3-14b,fever,1113,There exists an episode of a TV series called The Challenge XXX: Dirty 30.,REFUTES,0.09,1,,medium,0.5,0,0,0
google/gemma-4-26b-a4b-it,fever,1113,There exists an episode of a TV series called The Challenge XXX: Dirty 30.,REFUTES,1.0,1,,medium,0.5,0,0,0
qwen/qwen3-14b,fever,390,There is not an American citizen that goes by the name of Natasha Lyonne.,REFUTES,0.9,1,,medium,0.5,0,0,0
google/gemma-4-26b-a4b-it,fever,390,There is not an American citizen that goes by the name of Natasha Lyonne.,REFUTES,1.0,1,,medium,0.5,0,0,0
qwen/qwen3-14b,fever,438,There exists a theory that consists of a city and its dependent territories called Vatican City.,REFUTES,1.0,1,,medium,0.5,0,0,0
google/gemma-4-26b-a4b-it,fever,438,There exists a theory that consists of a city and its dependent territories called Vatican City.,REFUTES,1.0,1,,medium,0.5,0,0,0
qwen/qwen3-14b,fever,1109,The Woman in Black was abandoned by Hammer Film Productions before 2020 in favor of working on Freddie vs. Jason.,REFUTES,0.7,1,,medium,0.5,0,0,0
google/gemma-4-26b-a4b-it,fever,1109,The Woman in Black was abandoned by Hammer Film Productions before 2020 in favor of working on Freddie vs. Jason.,REFUTES,1.0,1,,medium,0.5,0,0,0
qwen/qwen3-14b,fever,1077,"There exists a division of a European company, it goes by the name of Mercedes-Benz.",SUPPORTS,0.9,1,,medium,0.5,0,0,0
google/gemma-4-26b-a4b-it,fever,1077,"There exists a division of a European company, it goes by the name of Mercedes-Benz.",SUPPORTS,1.0,1,,medium,0.5,0,0,0
qwen/qwen3-14b,fever,142,The daughter of Frank Murkowski won a Senate election in Alaska after it was purchased from Russia.,SUPPORTS,0.7,1,,medium,0.5,0,0,0
google/gemma-4-26b-a4b-it,fever,142,The daughter of Frank Murkowski won a Senate election in Alaska after it was purchased from Russia.,SUPPORTS,1.0,1,,medium,0.5,0,0,0
qwen/qwen3-14b,fever,728,Prague's historic center was first included in the UNESCO list of World Heritage Sites in the thirties of the twentieth century.,REFUTES,1.0,1,,medium,0.5,0,0,0
google/gemma-4-26b-a4b-it,fever,728,Prague's historic center was first included in the UNESCO list of World Heritage Sites in the thirties of the twentieth century.,REFUTES,1.0,1,,medium,0.5,0,0,0
qwen/qwen3-14b,fever,436,Norman Bates is from the novel Harry Potter and is main antagonist in Psycho.,REFUTES,1.0,1,,medium,0.5,0,0,0
google/gemma-4-26b-a4b-it,fever,436,Norman Bates is from the novel Harry Potter and is main antagonist in Psycho.,REFUTES,1.0,1,,medium,0.5,0,0,0
qwen/qwen3-14b,fever,1118,The Adventures of Pluto Nash stars at least somebody that was born in the 20th century,SUPPORTS,0.7,1,,medium,0.5,0,0,0
google/gemma-4-26b-a4b-it,fever,1118,The Adventures of Pluto Nash stars at least somebody that was born in the 20th century,SUPPORTS,1.0,1,,medium,0.5,0,0,0
qwen/qwen3-14b,fever,1026,Artocarpus sericarpus is first discovered in 1959.,Not Enough Info,0.5,1,,medium,0.5,0,0,0
google/gemma-4-26b-a4b-it,fever,1026,Artocarpus sericarpus is first discovered in 1959.,Not Enough Info,1.0,1,,medium,0.5,0,0,0
qwen/qwen3-14b,fever,193,The area of Province of Jaén -LRB-Spain-RRB- is larger than the area of Amravati.,SUPPORTS,0.7,1,,medium,0.5,0,0,0
google/gemma-4-26b-a4b-it,fever,193,The area of Province of Jaén -LRB-Spain-RRB- is larger than the area of Amravati.,SUPPORTS,1.0,1,,medium,0.5,0,0,0
qwen/qwen3-14b,fever,1096,Internet access is required to access Facebook and servers and access started in the United States of America.,NOT ENOUGH INFO,0.3,1,,medium,0.5,0,0,0
google/gemma-4-26b-a4b-it,fever,1096,Internet access is required to access Facebook and servers and access started in the United States of America.,NOT ENOUGH INFO,1.0,1,,medium,0.5,0,0,0
qwen/qwen3-14b,fever,445,"Stanisław Murzynowski became a member of the state council and divided administrative subdivisions of Poland, covering most of the territory with mostly rural population.",NOT ENOUGH INFO,0.5,1,,medium,0.5,0,0,0
google/gemma-4-26b-a4b-it,fever,445,"Stanisław Murzynowski became a member of the state council and divided administrative subdivisions of Poland, covering most of the territory with mostly rural population.",NOT ENOUGH INFO,1.0,1,,medium,0.5,0,0,0
qwen/qwen3-14b,fever,270,The area of Madhya Pradesh is larger than the area of Hòn Đất District.,SUPPORTS,0.8,1,,medium,0.5,0,0,0
google/gemma-4-26b-a4b-it,fever,270,The area of Madhya Pradesh is larger than the area of Hòn Đất District.,SUPPORTS,1.0,1,,medium,0.5,0,0,0
qwen/qwen3-14b,fever,642,There exists a genre of music called Benzodiazepine.,REFUTES,0.8,1,,medium,0.5,0,0,0
google/gemma-4-26b-a4b-it,fever,642,There exists a genre of music called Benzodiazepine.,REFUTES,1.0,1,,medium,0.5,0,0,0
qwen/qwen3-14b,fever,443,"James, Viscount Severn has no relation to the youngest of four children and the third son of Queen Elizabeth II and Prince Philip, Duke of Edinburgh.",REFUTES,1.0,1,,medium,0.5,0,0,0
google/gemma-4-26b-a4b-it,fever,443,"James, Viscount Severn has no relation to the youngest of four children and the third son of Queen Elizabeth II and Prince Philip, Duke of Edinburgh.",REFUTES,1.0,1,,medium,0.5,0,0,0
google/gemma-4-26b-a4b-it,fever,578,There is not a computer game that goes by the name of Firefox.,SUPPORTS,1.0,1,,medium,0.5,0,0,0
qwen/qwen3-14b,fever,357,The area of Burdur Province is larger than the area of San Cristóbal de La Laguna.,SUPPORTS,0.5,1,,medium,0.5,0,0,0
qwen/qwen3-14b,fever,138,There is not a separatist terrorist that goes by the name of Dawood Ibrahim.,SUPPORTS,1.0,1,,medium,0.5,0,0,0
google/gemma-4-26b-a4b-it,fever,138,There is not a separatist terrorist that goes by the name of Dawood Ibrahim.,SUPPORTS,1.0,1,,medium,0.5,0,0,0
google/gemma-4-26b-a4b-it,fever,357,The area of Burdur Province is larger than the area of San Cristóbal de La Laguna.,SUPPORTS,1.0,1,,medium,0.5,0,0,0
qwen/qwen3-14b,fever,637,A View to a Kill is the third James Bond film directed by John Glen and released after 1990.,REFUTES,1.0,1,,medium,0.5,0,0,0
qwen/qwen3-14b,fever,404,"There is a German, they are called Shannon Lee.",NOT ENOUGH INFO,0.7,1,,medium,0.5,0,0,0
google/gemma-4-26b-a4b-it,fever,637,A View to a Kill is the third James Bond film directed by John Glen and released after 1990.,REFUTES,1.0,1,,medium,0.5,0,0,0
google/gemma-4-26b-a4b-it,fever,404,"There is a German, they are called Shannon Lee.",NOT ENOUGH INFO,1.0,1,,medium,0.5,0,0,0
qwen/qwen3-14b,fever,752,"There existed a landscape painter, it was called Bob Ross.",NOT ENOUGH INFO,0.7,1,,medium,0.5,0,0,0
google/gemma-4-26b-a4b-it,fever,752,"There existed a landscape painter, it was called Bob Ross.",NOT ENOUGH INFO,1.0,1,,medium,0.5,0,0,0
qwen/qwen3-14b,fever,432,There exists a television series that goes by the name of Younger.,SUPPORTS,1.0,1,,medium,0.5,0,0,0
qwen/qwen3-14b,fever,1119,"There exists a song that Lynyrd Skynyrd wrote in reply to Neil Young's song Alabama, it goes by the name of Sweet Home Alabama.",SUPPORTS,1.0,1,,medium,0.5,0,0,0
google/gemma-4-26b-a4b-it,fever,432,There exists a television series that goes by the name of Younger.,SUPPORTS,1.0,1,,medium,0.5,0,0,0
google/gemma-4-26b-a4b-it,fever,1119,"There exists a song that Lynyrd Skynyrd wrote in reply to Neil Young's song Alabama, it goes by the name of Sweet Home Alabama.",SUPPORTS,1.0,1,,medium,0.5,0,0,0
qwen/qwen3-14b,fever,865,Sherilyn_Fenn came to attention for her performance as Audrey Horne created by Christopher Nolan,REFUTES,0.7,1,,medium,0.5,0,0,0
google/gemma-4-26b-a4b-it,fever,865,Sherilyn_Fenn came to attention for her performance as Audrey Horne created by Christopher Nolan,REFUTES,1.0,1,,medium,0.5,0,0,0
qwen/qwen3-14b,fever,1159,"Doğan Öz, a parliamentary republic with diverse members, is the only one of the four Turkish representatives in the House of Representatives of Turkey, with a diverse membership.",REFUTES,0.8,1,,medium,0.5,0,0,0
qwen/qwen3-14b,fever,708,The Brat Pack is certainly not a nickname given to a group of young actors who appeared together in films during the 1980s.,REFUTES,1.0,1,,medium,0.5,0,0,0
google/gemma-4-26b-a4b-it,fever,708,The Brat Pack is certainly not a nickname given to a group of young actors who appeared together in films during the 1980s.,REFUTES,0.1,1,,medium,0.5,0,0,0
google/gemma-4-26b-a4b-it,fever,1159,"Doğan Öz, a parliamentary republic with diverse members, is the only one of the four Turkish representatives in the House of Representatives of Turkey, with a diverse membership.",REFUTES,1.0,1,,medium,0.5,0,0,0
qwen/qwen3-14b,fever,377,There is a karate fighter called Shannon Lee.,NOT ENOUGH INFO,0.7,1,,medium,0.5,0,0,0
google/gemma-4-26b-a4b-it,fever,377,There is a karate fighter called Shannon Lee.,NOT ENOUGH INFO,1.0,1,,medium,0.5,0,0,0
qwen/qwen3-14b,fever,92,There is a Native-American actor called Sean Gunn.,REFUTES,1.0,1,,medium,0.5,0,0,0
google/gemma-4-26b-a4b-it,fever,92,There is a Native-American actor called Sean Gunn.,REFUTES,1.0,1,,medium,0.5,0,0,0
qwen/qwen3-14b,fever,473,"Uranium has isotopes of mass number 233, 234, 235, 236, 237 and 238 respectively.",SUPPORTS,0.095,1,,medium,0.5,0,0,0
google/gemma-4-26b-a4b-it,fever,473,"Uranium has isotopes of mass number 233, 234, 235, 236, 237 and 238 respectively.",SUPPORTS,1.0,1,,medium,0.5,0,0,0
qwen/qwen3-14b,fever,1130,"There is a director, Steven Spielberg, who was not involved in the production of Spider-Man 2.",SUPPORTS,1.0,1,,medium,0.5,0,0,0
google/gemma-4-26b-a4b-it,fever,1130,"There is a director, Steven Spielberg, who was not involved in the production of Spider-Man 2.",SUPPORTS,1.0,1,,medium,0.5,0,0,0
qwen/qwen3-14b,fever,73,Honeymoon is the second major-label record by Elizabeth Woolridge Grant.,REFUTES,1.0,1,,medium,0.5,0,0,0
google/gemma-4-26b-a4b-it,fever,73,Honeymoon is the second major-label record by Elizabeth Woolridge Grant.,REFUTES,1.0,1,,medium,0.5,0,0,0
qwen/qwen3-14b,fever,913,There existed a republic of the Soviet Union in 2012 called The Latvian Soviet Socialist Republic.,REFUTES,1.0,1,,medium,0.5,0,0,0
google/gemma-4-26b-a4b-it,fever,913,There existed a republic of the Soviet Union in 2012 called The Latvian Soviet Socialist Republic.,REFUTES,1.0,1,,medium,0.5,0,0,0
qwen/qwen3-14b,fever,914,There is a bar called The Catcher in the Rye.,REFUTES,1.0,1,,medium,0.5,0,0,0
google/gemma-4-26b-a4b-it,fever,914,There is a bar called The Catcher in the Rye.,REFUTES,1.0,1,,medium,0.5,0,0,0
qwen/qwen3-14b,fever,514,A View to a Kill is the third James Bond film directed by John Glen and released in the first-decade of the twenty-first century.,REFUTES,1.0,1,,medium,0.5,0,0,0
google/gemma-4-26b-a4b-it,fever,514,A View to a Kill is the third James Bond film directed by John Glen and released in the first-decade of the twenty-first century.,REFUTES,1.0,1,,medium,0.5,0,0,0
qwen/qwen3-14b,fever,558,Yandex operates in the world's largest landlocked country,SUPPORTS,0.8,1,,medium,0.5,0,0,0
google/gemma-4-26b-a4b-it,fever,558,Yandex operates in the world's largest landlocked country,SUPPORTS,1.0,1,,medium,0.5,0,0,0
qwen/qwen3-14b,fever,1103,Charles Howard Hinton wasn't a math expert from Britain.,REFUTES,0.7,1,,medium,0.5,0,0,0
google/gemma-4-26b-a4b-it,fever,1103,Charles Howard Hinton wasn't a math expert from Britain.,REFUTES,1.0,1,,medium,0.5,0,0,0
qwen/qwen3-14b,fever,403,There exists no film award called The Saturn Award for Best Fantasy Film.,REFUTES,1.0,1,,medium,0.5,0,0,0
qwen/qwen3-14b,fever,246,"CCJO René Cassin was recognized by the Egyptians, the Greeks and the Romans from ancient times, and the Romans adopted the term as their official name.",REFUTES,0.6,1,,medium,0.5,0,0,0
google/gemma-4-26b-a4b-it,fever,403,There exists no film award called The Saturn Award for Best Fantasy Film.,REFUTES,1.0,1,,medium,0.5,0,0,0
google/gemma-4-26b-a4b-it,fever,246,"CCJO René Cassin was recognized by the Egyptians, the Greeks and the Romans from ancient times, and the Romans adopted the term as their official name.",REFUTES,1.0,1,,medium,0.5,0,0,0
qwen/qwen3-14b,fever,463,The current Duke of York has remained unmarried since his 1996 divorce,SUPPORTS,1.0,1,,medium,0.5,0,0,0
google/gemma-4-26b-a4b-it,fever,463,The current Duke of York has remained unmarried since his 1996 divorce,SUPPORTS,1.0,1,,medium,0.5,0,0,0
qwen/qwen3-14b,fever,417,The Hunger Games film series' first film is definitely not directed by a gorilla.,SUPPORTS,1.0,1,,medium,0.5,0,0,0
google/gemma-4-26b-a4b-it,fever,417,The Hunger Games film series' first film is definitely not directed by a gorilla.,SUPPORTS,1.0,1,,medium,0.5,0,0,0
qwen/qwen3-14b,fever,731,There is a movie called Barbarella which is not directed by Roger Vadim.,REFUTES,0.7,1,,medium,0.5,0,0,0
google/gemma-4-26b-a4b-it,fever,731,There is a movie called Barbarella which is not directed by Roger Vadim.,REFUTES,1.0,1,,medium,0.5,0,0,0
qwen/qwen3-14b,fever,1029,Nawaz Sharif is not a German politician.,SUPPORTS,1.0,1,,medium,0.5,0,0,0
google/gemma-4-26b-a4b-it,fever,1029,Nawaz Sharif is not a German politician.,SUPPORTS,1.0,1,,medium,0.5,0,0,0
qwen/qwen3-14b,fever,709,Kellyanne Conway did not publicly endorsed the daughter of the 45th president of The United States of America.,NOT ENOUGH INFO,0.6,1,,medium,0.5,0,0,0
google/gemma-4-26b-a4b-it,fever,709,Kellyanne Conway did not publicly endorsed the daughter of the 45th president of The United States of America.,NOT ENOUGH INFO,0.5,1,,medium,0.5,0,0,0
qwen/qwen3-14b,fever,726,Asylum Records is the most profitable American record label of the twentieth century founded by two people.,NOT ENOUGH INFO,0.7,1,,medium,0.5,0,0,0
google/gemma-4-26b-a4b-it,fever,726,Asylum Records is the most profitable American record label of the twentieth century founded by two people.,NOT ENOUGH INFO,1.0,1,,medium,0.5,0,0,0
qwen/qwen3-14b,fever,824,"Camden, New Jersey is the home of a university that was founded as the South Jersey Law School before 1930.",SUPPORTS,0.9,1,,medium,0.5,0,0,0
google/gemma-4-26b-a4b-it,fever,824,"Camden, New Jersey is the home of a university that was founded as the South Jersey Law School before 1930.",SUPPORTS,1.0,1,,medium,0.5,0,0,0
qwen/qwen3-14b,fever,653,The 66th Primetime Emmy Awards was hosted by an Iraqi comedian born before 1930.,REFUTES,1.0,1,,medium,0.5,0,0,0
google/gemma-4-26b-a4b-it,fever,653,The 66th Primetime Emmy Awards was hosted by an Iraqi comedian born before 1930.,REFUTES,1.0,1,,medium,0.5,0,0,0
qwen/qwen3-14b,fever,1100,"There is a Latin word, it is called Aristocracy.",NOT ENOUGH INFO,0.7,1,,medium,0.5,0,0,0
google/gemma-4-26b-a4b-it,fever,1100,"There is a Latin word, it is called Aristocracy.",NOT ENOUGH INFO,1.0,1,,medium,0.5,0,0,0
qwen/qwen3-14b,fever,339,Chris Bosh won his first NBA Finals title in the first-decade of the twenty-first century.,REFUTES,0.7,1,,medium,0.5,0,0,0
google/gemma-4-26b-a4b-it,fever,339,Chris Bosh won his first NBA Finals title in the first-decade of the twenty-first century.,REFUTES,1.0,1,,medium,0.5,0,0,0
qwen/qwen3-14b,fever,753,Ex-wife of a person who founded eBay appeared in St Trinian's.,NOT ENOUGH INFO,0.6,1,,medium,0.5,0,0,0
google/gemma-4-26b-a4b-it,fever,753,Ex-wife of a person who founded eBay appeared in St Trinian's.,NOT ENOUGH INFO,1.0,1,,medium,0.5,0,0,0
qwen/qwen3-14b,fever,121,Elizabeth II became queen the same year her father died.,SUPPORTS,0.8,1,,medium,0.5,0,0,0
google/gemma-4-26b-a4b-it,fever,121,Elizabeth II became queen the same year her father died.,SUPPORTS,1.0,1,,medium,0.5,0,0,0
qwen/qwen3-14b,fever,94,The Catcher in the Rye is definitely not a movie script.,SUPPORTS,1.0,1,,medium,0.5,0,0,0
google/gemma-4-26b-a4b-it,fever,94,The Catcher in the Rye is definitely not a movie script.,SUPPORTS,1.0,1,,medium,0.5,0,0,0
qwen/qwen3-14b,fever,1047,French Indochina was a grouping of French colonial territories in the hottest years of the twentieth century.,NOT ENOUGH INFO,1.0,1,,medium,0.5,0,0,0
google/gemma-4-26b-a4b-it,fever,1047,French Indochina was a grouping of French colonial territories in the hottest years of the twentieth century.,NOT ENOUGH INFO,1.0,1,,medium,0.5,0,0,0
qwen/qwen3-14b,fever,1051,The area of Lunda Norte Province is larger than the area of Teterow.,SUPPORTS,1.0,1,,medium,0.5,0,0,0
google/gemma-4-26b-a4b-it,fever,1051,The area of Lunda Norte Province is larger than the area of Teterow.,SUPPORTS,1.0,1,,medium,0.5,0,0,0
qwen/qwen3-14b,fever,71,Kendall Jenner is a spokesperson and is a model.,NOT ENOUGH INFO,0.4,1,,medium,0.5,0,0,0
google/gemma-4-26b-a4b-it,fever,71,Kendall Jenner is a spokesperson and is a model.,NOT ENOUGH INFO,1.0,1,,medium,0.5,0,0,0
qwen/qwen3-14b,fever,706,"Stomp the Yard stars an American actress born in an hospital on the 8th of August ,1981.",NOT ENOUGH INFO,0.7,1,,medium,0.5,0,0,0
google/gemma-4-26b-a4b-it,fever,706,"Stomp the Yard stars an American actress born in an hospital on the 8th of August ,1981.",NOT ENOUGH INFO,1.0,1,,medium,0.5,0,0,0
qwen/qwen3-14b,fever,790,"There is a vegan, they are called Mike Friedrich.",NOT ENOUGH INFO,0.7,1,,medium,0.5,0,0,0
google/gemma-4-26b-a4b-it,fever,790,"There is a vegan, they are called Mike Friedrich.",NOT ENOUGH INFO,1.0,1,,medium,0.5,0,0,0
qwen/qwen3-14b,fever,277,"Black recording is an original technique with a machine which processes its contents in a fixed graphic, converting it from analog to digital, then to a digital system to form tones.",REFUTES,0.8,1,,medium,0.5,0,0,0
google/gemma-4-26b-a4b-it,fever,277,"Black recording is an original technique with a machine which processes its contents in a fixed graphic, converting it from analog to digital, then to a digital system to form tones.",REFUTES,1.0,1,,medium,0.5,0,0,0
qwen/qwen3-14b,fever,1151,A View to a Kill is the third James Bond film directed by John Glen and released before 1980.,REFUTES,0.8,1,,medium,0.5,0,0,0
google/gemma-4-26b-a4b-it,fever,1151,A View to a Kill is the third James Bond film directed by John Glen and released before 1980.,REFUTES,1.0,1,,medium,0.5,0,0,0
qwen/qwen3-14b,fever,233,The english version of Quand nos bourgeons se rouvriront was translated by Tita Brand.,Not Enough Info,0.4,1,,medium,0.5,0,0,0
google/gemma-4-26b-a4b-it,fever,233,The english version of Quand nos bourgeons se rouvriront was translated by Tita Brand.,Not Enough Info,1.0,1,,medium,0.5,0,0,0
qwen/qwen3-14b,fever,433,A.C. Milan was founded before its former owner of 31 years was born.,SUPPORTS,0.8,1,,medium,0.5,0,0,0
google/gemma-4-26b-a4b-it,fever,433,A.C. Milan was founded before its former owner of 31 years was born.,SUPPORTS,1.0,1,,medium,0.5,0,0,0
qwen/qwen3-14b,fever,1169,One of Macklemore's singles was number one in Canada in the 2010s.,NOT ENOUGH INFO,0.6,1,,medium,0.5,0,0,0
google/gemma-4-26b-a4b-it,fever,1169,One of Macklemore's singles was number one in Canada in the 2010s.,NOT ENOUGH INFO,0.1,1,,medium,0.5,0,0,0
qwen/qwen3-14b,fever,104,There is not a squid that goes by the name of Pink.,SUPPORTS,1.0,1,,medium,0.5,0,0,0
google/gemma-4-26b-a4b-it,fever,104,There is not a squid that goes by the name of Pink.,SUPPORTS,1.0,1,,medium,0.5,0,0,0
qwen/qwen3-14b,fever,940,French Indochina was a grouping of French colonial territories in Southeast Asia in the ninties of the twentieth century.,REFUTES,1.0,1,,medium,0.5,0,0,0
google/gemma-4-26b-a4b-it,fever,940,French Indochina was a grouping of French colonial territories in Southeast Asia in the ninties of the twentieth century.,REFUTES,0.1,1,,medium,0.5,0,0,0
qwen/qwen3-14b,fever,617,"There exists a director, it goes by the name of Simon Pegg.",NOT ENOUGH INFO,0.9,1,,medium,0.5,0,0,0
google/gemma-4-26b-a4b-it,fever,617,"There exists a director, it goes by the name of Simon Pegg.",NOT ENOUGH INFO,1.0,1,,medium,0.5,0,0,0
qwen/qwen3-14b,fever,734,There exists an American actress called Uta Hagan.,SUPPORTS,0.7,1,,medium,0.5,0,0,0
google/gemma-4-26b-a4b-it,fever,734,There exists an American actress called Uta Hagan.,SUPPORTS,1.0,1,,medium,0.5,0,0,0
qwen/qwen3-14b,fever,763,Johan Cruyff is widely regarded as the greatest player of the past century.,NOT ENOUGH INFO,0.6,1,,medium,0.5,0,0,0
google/gemma-4-26b-a4b-it,fever,763,Johan Cruyff is widely regarded as the greatest player of the past century.,NOT ENOUGH INFO,1.0,1,,medium,0.5,0,0,0
qwen/qwen3-14b,fever,786,To Pimp a Butterfly was a creative work and refused to sell any copies in America until 2017.,REFUTES,0.8,1,,medium,0.5,0,0,0
google/gemma-4-26b-a4b-it,fever,786,To Pimp a Butterfly was a creative work and refused to sell any copies in America until 2017.,REFUTES,1.0,1,,medium,0.5,0,0,0
qwen/qwen3-14b,fever,516,There exists a sports comedy theater play that goes by the name of DodgeBall: A True Underdog Story.,NOT ENOUGH INFO,0.5,1,,medium,0.5,0,0,0
google/gemma-4-26b-a4b-it,fever,516,There exists a sports comedy theater play that goes by the name of DodgeBall: A True Underdog Story.,NOT ENOUGH INFO,1.0,1,,medium,0.5,0,0,0
qwen/qwen3-14b,fever,657,"The 67th United States Secretary of State after graduating from Yale Law became a Senator for New York, where Fort Nassau was built a few hundred years earlier.",SUPPORTS,1.0,1,,medium,0.5,0,0,0
google/gemma-4-26b-a4b-it,fever,657,"The 67th United States Secretary of State after graduating from Yale Law became a Senator for New York, where Fort Nassau was built a few hundred years earlier.",SUPPORTS,1.0,1,,medium,0.5,0,0,0
qwen/qwen3-14b,fever,39,The area of Marondera High School is larger than the area of the Dominican Republic.,REFUTES,1.0,1,,medium,0.5,0,0,0
google/gemma-4-26b-a4b-it,fever,39,The area of Marondera High School is larger than the area of the Dominican Republic.,REFUTES,1.0,1,,medium,0.5,0,0,0
qwen/qwen3-14b,fever,562,"There is a philosopher, who thought his work has the same impact on philosophy as the publication of De revolutionibus orbium coelestium had on science.",SUPPORTS,0.7,1,,medium,0.5,0,0,0
google/gemma-4-26b-a4b-it,fever,562,"There is a philosopher, who thought his work has the same impact on philosophy as the publication of De revolutionibus orbium coelestium had on science.",SUPPORTS,1.0,1,,medium,0.5,0,0,0
qwen/qwen3-14b,fever,565,There is a division of BMW called Mercedes-Benz.,REFUTES,1.0,1,,medium,0.5,0,0,0
google/gemma-4-26b-a4b-it,fever,565,There is a division of BMW called Mercedes-Benz.,REFUTES,1.0,1,,medium,0.5,0,0,0
qwen/qwen3-14b,fever,531,There exists a 2008 American newspaper called Milk.,NOT ENOUGH INFO,0.6,1,,medium,0.5,0,0,0
google/gemma-4-26b-a4b-it,fever,531,There exists a 2008 American newspaper called Milk.,NOT ENOUGH INFO,1.0,1,,medium,0.5,0,0,0
qwen/qwen3-14b,fever,25,"Daniel Craig took over the role of James Bond from the previous actor, who appeared in Mrs. Doubtfire before Craig graduated from drama school.",SUPPORTS,0.9,1,,medium,0.5,0,0,0
google/gemma-4-26b-a4b-it,fever,25,"Daniel Craig took over the role of James Bond from the previous actor, who appeared in Mrs. Doubtfire before Craig graduated from drama school.",SUPPORTS,1.0,1,,medium,0.5,0,0,0
qwen/qwen3-14b,fever,535,There existed a stand-up comedian called Estelle Getty.,NOT ENOUGH INFO,1.0,1,,medium,0.5,0,0,0
google/gemma-4-26b-a4b-it,fever,535,There existed a stand-up comedian called Estelle Getty.,NOT ENOUGH INFO,1.0,1,,medium,0.5,0,0,0
qwen/qwen3-14b,fever,779,Grease wasn't a cinematic work.,REFUTES,1.0,1,,medium,0.5,0,0,0
google/gemma-4-26b-a4b-it,fever,779,Grease wasn't a cinematic work.,REFUTES,1.0,1,,medium,0.5,0,0,0
qwen/qwen3-14b,fever,1104,"There existed a critical failure with 20% on Rotten Tomatoes, it went by the name of Vampire Academy.",NOT ENOUGH INFO,0.4,1,,medium,0.5,0,0,0
google/gemma-4-26b-a4b-it,fever,1104,"There existed a critical failure with 20% on Rotten Tomatoes, it went by the name of Vampire Academy.",NOT ENOUGH INFO,1.0,1,,medium,0.5,0,0,0
qwen/qwen3-14b,fever,510,There does not exist a Mexican band called Scandal.,SUPPORTS,0.7,1,,medium,0.5,0,0,0
google/gemma-4-26b-a4b-it,fever,510,There does not exist a Mexican band called Scandal.,SUPPORTS,1.0,1,,medium,0.5,0,0,0
qwen/qwen3-14b,fever,336,Thomas Jefferson helped to organize a political party which became a formal party during the second term of U.S president Andrew Jackson.,NOT ENOUGH INFO,0.7,1,,medium,0.5,0,0,0
google/gemma-4-26b-a4b-it,fever,336,Thomas Jefferson helped to organize a political party which became a formal party during the second term of U.S president Andrew Jackson.,NOT ENOUGH INFO,1.0,1,,medium,0.5,0,0,0
qwen/qwen3-14b,fever,860,There is not a type of storm that goes by the name of A thunderstorm.,REFUTES,1.0,1,,medium,0.5,0,0,0
google/gemma-4-26b-a4b-it,fever,860,There is not a type of storm that goes by the name of A thunderstorm.,REFUTES,1.0,1,,medium,0.5,0,0,0
qwen/qwen3-14b,fever,89,A person nominated for an Emmy Award for his work on Portlandia is a standup comedian.,NOT ENOUGH INFO,0.6,1,,medium,0.5,0,0,0
google/gemma-4-26b-a4b-it,fever,89,A person nominated for an Emmy Award for his work on Portlandia is a standup comedian.,NOT ENOUGH INFO,1.0,1,,medium,0.5,0,0,0
qwen/qwen3-14b,fever,423,"There exists a type of super storm, it goes by the name of A thunderstorm.",NOT ENOUGH INFO,0.7,1,,medium,0.5,0,0,0
google/gemma-4-26b-a4b-it,fever,423,"There exists a type of super storm, it goes by the name of A thunderstorm.",NOT ENOUGH INFO,1.0,1,,medium,0.5,0,0,0
qwen/qwen3-14b,fever,297,Queen Elizabeth was born after her father became Duke of York.,SUPPORTS,0.7,1,,medium,0.5,0,0,0
google/gemma-4-26b-a4b-it,fever,297,Queen Elizabeth was born after her father became Duke of York.,SUPPORTS,1.0,1,,medium,0.5,0,0,0
qwen/qwen3-14b,fever,410,Live Nation Entertainment formed from the smoothest merger of the 2010s between Live Nation and Ticketmaster.,NOT ENOUGH INFO,0.6,1,,medium,0.5,0,0,0
google/gemma-4-26b-a4b-it,fever,410,Live Nation Entertainment formed from the smoothest merger of the 2010s between Live Nation and Ticketmaster.,NOT ENOUGH INFO,1.0,1,,medium,0.5,0,0,0
qwen/qwen3-14b,fever,1021,"Jean Freeman's coaching style is the same as that of many coaches, taking advantage of the pools and the open-water pool.",NOT ENOUGH INFO,1.0,1,,medium,0.5,0,0,0
google/gemma-4-26b-a4b-it,fever,1021,"Jean Freeman's coaching style is the same as that of many coaches, taking advantage of the pools and the open-water pool.",NOT ENOUGH INFO,1.0,1,,medium,0.5,0,0,0
qwen/qwen3-14b,fever,1044,The Originals (TV series) is based on English language broadcast television network that originated from the United States.,REFUTES,0.6,1,,medium,0.5,0,0,0
google/gemma-4-26b-a4b-it,fever,1044,The Originals (TV series) is based on English language broadcast television network that originated from the United States.,REFUTES,1.0,1,,medium,0.5,0,0,0
qwen/qwen3-14b,fever,1052,1934 is not the approximate time at which the person Dawood Ibrahim was born.,SUPPORTS,0.7,1,,medium,0.5,0,0,0
google/gemma-4-26b-a4b-it,fever,1052,1934 is not the approximate time at which the person Dawood Ibrahim was born.,SUPPORTS,1.0,1,,medium,0.5,0,0,0
qwen/qwen3-14b,fever,1116,The Master Race is a 1944 American drama film.,SUPPORTS,0.7,1,,medium,0.5,0,0,0
google/gemma-4-26b-a4b-it,fever,1116,The Master Race is a 1944 American drama film.,SUPPORTS,1.0,1,,medium,0.5,0,0,0
qwen/qwen3-14b,fever,418,Anthony Scaramucci is not a person.,REFUTES,1.0,1,,medium,0.5,0,0,0
google/gemma-4-26b-a4b-it,fever,418,Anthony Scaramucci is not a person.,REFUTES,1.0,1,,medium,0.5,0,0,0
qwen/qwen3-14b,fever,276,T2 Trainspotting is directed by someone whose debut film Slumdog Millionaire won the BAFTA Award for Best British Film,REFUTES,1.0,1,,medium,0.5,0,0,0
google/gemma-4-26b-a4b-it,fever,276,T2 Trainspotting is directed by someone whose debut film Slumdog Millionaire won the BAFTA Award for Best British Film,REFUTES,1.0,1,,medium,0.5,0,0,0
qwen/qwen3-14b,fever,848,The area of Segboroué is larger than the area of Salehieh.,Not Enough Info,0.6,1,,medium,0.5,0,0,0
google/gemma-4-26b-a4b-it,fever,848,The area of Segboroué is larger than the area of Salehieh.,Not Enough Info,1.0,1,,medium,0.5,0,0,0
qwen/qwen3-14b,fever,439,"March 14th, 1970 is some other time than when Simon Pegg was born.",SUPPORTS,1.0,1,,medium,0.5,0,0,0
google/gemma-4-26b-a4b-it,fever,439,"March 14th, 1970 is some other time than when Simon Pegg was born.",SUPPORTS,1.0,1,,medium,0.5,0,0,0
qwen/qwen3-14b,fever,376,"Lucy Hale was in a series that was a spin-off of American Idol , but with younger contestants , and had the same production team as American Idol.",SUPPORTS,0.8,1,,medium,0.5,0,0,0
google/gemma-4-26b-a4b-it,fever,376,"Lucy Hale was in a series that was a spin-off of American Idol , but with younger contestants , and had the same production team as American Idol.",SUPPORTS,0.1,1,,medium,0.5,0,0,0
qwen/qwen3-14b,fever,598,Swordfish is a film that is about a somebody who is targeted for a crime conspiracy,SUPPORTS,0.8,1,,medium,0.5,0,0,0
google/gemma-4-26b-a4b-it,fever,598,Swordfish is a film that is about a somebody who is targeted for a crime conspiracy,SUPPORTS,1.0,1,,medium,0.5,0,0,0
qwen/qwen3-14b,fever,1022,Taran Killam is a comedian and is a stage actor.,NOT ENOUGH INFO,0.7,1,,medium,0.5,0,0,0
google/gemma-4-26b-a4b-it,fever,1022,Taran Killam is a comedian and is a stage actor.,NOT ENOUGH INFO,1.0,1,,medium,0.5,0,0,0
qwen/qwen3-14b,fever,144,There is not an American citizen called Natasha Lyonne.,REFUTES,1.0,1,,medium,0.5,0,0,0
google/gemma-4-26b-a4b-it,fever,144,There is not an American citizen called Natasha Lyonne.,REFUTES,1.0,1,,medium,0.5,0,0,0
qwen/qwen3-14b,fever,1000,Chris Bosh won his first NBA Finals title after 2020.,REFUTES,1.0,1,,medium,0.5,0,0,0
google/gemma-4-26b-a4b-it,fever,1000,Chris Bosh won his first NBA Finals title after 2020.,REFUTES,1.0,1,,medium,0.5,0,0,0
qwen/qwen3-14b,fever,964,One Dance was Drake's first number one single 5 years before 2003.,REFUTES,1.0,1,,medium,0.5,0,0,0
google/gemma-4-26b-a4b-it,fever,964,One Dance was Drake's first number one single 5 years before 2003.,REFUTES,1.0,1,,medium,0.5,0,0,0
qwen/qwen3-14b,fever,632,Bongwater follows the story of a person born in the country where Columbia university is located.,NOT ENOUGH INFO,0.7,1,,medium,0.5,0,0,0
google/gemma-4-26b-a4b-it,fever,632,Bongwater follows the story of a person born in the country where Columbia university is located.,NOT ENOUGH INFO,1.0,1,,medium,0.5,0,0,0
qwen/qwen3-14b,fever,787,Kim Jeong-ho was arrested by Daewongun and Daedongyeojido had been destroyed.,REFUTES,0.7,1,,medium,0.5,0,0,0
google/gemma-4-26b-a4b-it,fever,787,Kim Jeong-ho was arrested by Daewongun and Daedongyeojido had been destroyed.,REFUTES,1.0,1,,medium,0.5,0,0,0
qwen/qwen3-14b,fever,259,There is a movie called The Chaperone (film) which wasn't directed by Michael Bay only.,SUPPORTS,1.0,1,,medium,0.5,0,0,0
google/gemma-4-26b-a4b-it,fever,259,There is a movie called The Chaperone (film) which wasn't directed by Michael Bay only.,SUPPORTS,1.0,1,,medium,0.5,0,0,0
qwen/qwen3-14b,fever,567,No one ever had a higher rank than Dwight D. Eisenhower in United States Armed Forces.,REFUTES,1.0,1,,medium,0.5,0,0,0
google/gemma-4-26b-a4b-it,fever,567,No one ever had a higher rank than Dwight D. Eisenhower in United States Armed Forces.,REFUTES,1.0,1,,medium,0.5,0,0,0
qwen/qwen3-14b,fever,930,"Stephen Fellows is an English rock band, has composed music for several singers and has produced music employing the band's own vocalist.",REFUTES,1.0,1,,medium,0.5,0,0,0
google/gemma-4-26b-a4b-it,fever,930,"Stephen Fellows is an English rock band, has composed music for several singers and has produced music employing the band's own vocalist.",REFUTES,1.0,1,,medium,0.5,0,0,0
qwen/qwen3-14b,fever,324,The Woman in Black was abandoned by Hammer Film Productions after 2000 in favor of working on Freddie vs. Jason.,REFUTES,0.7,1,,medium,0.5,0,0,0
google/gemma-4-26b-a4b-it,fever,324,The Woman in Black was abandoned by Hammer Film Productions after 2000 in favor of working on Freddie vs. Jason.,REFUTES,1.0,1,,medium,0.5,0,0,0
qwen/qwen3-14b,fever,578,There is not a computer game that goes by the name of Firefox.,SUPPORTS,1.0,1,,medium,0.5,0,0,0
qwen/qwen3-14b,fever,340,The area of Nove is larger than the area of Nandurbar district.,REFUTES,0.7,1,,medium,0.5,0,0,0
google/gemma-4-26b-a4b-it,fever,340,The area of Nove is larger than the area of Nandurbar district.,REFUTES,1.0,1,,medium,0.5,0,0,0
qwen/qwen3-14b,fever,628,Delino DeShields played major league baseball before his son was born.,SUPPORTS,0.8,1,,medium,0.5,0,0,0
google/gemma-4-26b-a4b-it,fever,628,Delino DeShields played major league baseball before his son was born.,SUPPORTS,1.0,1,,medium,0.5,0,0,0
qwen/qwen3-14b,fever,22,"The area of Nerva, Spain is larger than the area of Madhya Pradesh.",REFUTES,0.7,1,,medium,0.5,0,0,0
google/gemma-4-26b-a4b-it,fever,22,"The area of Nerva, Spain is larger than the area of Madhya Pradesh.",REFUTES,1.0,1,,medium,0.5,0,0,0
qwen/qwen3-14b,fever,745,"Wildfang was founded in Portland, Oregon 5 years after 1996.",REFUTES,1.0,1,,medium,0.5,0,0,0
google/gemma-4-26b-a4b-it,fever,745,"Wildfang was founded in Portland, Oregon 5 years after 1996.",REFUTES,1.0,1,,medium,0.5,0,0,0
qwen/qwen3-14b,fever,870,December is some other time than when The American actor that plays Chumlee was born.,SUPPORTS,1.0,1,,medium,0.5,0,0,0
google/gemma-4-26b-a4b-it,fever,870,December is some other time than when The American actor that plays Chumlee was born.,SUPPORTS,1.0,1,,medium,0.5,0,0,0
qwen/qwen3-14b,fever,504,The Woman in Black was abandoned by Hammer Film Productions in the second-decade of the twenty-first century in favor of working on Freddie vs. Jason.,REFUTES,0.6,1,,medium,0.5,0,0,0
google/gemma-4-26b-a4b-it,fever,504,The Woman in Black was abandoned by Hammer Film Productions in the second-decade of the twenty-first century in favor of working on Freddie vs. Jason.,REFUTES,1.0,1,,medium,0.5,0,0,0
qwen/qwen3-14b,fever,864,Colombiana is a French film shot in Paris.,NOT ENOUGH INFO,0.7,1,,medium,0.5,0,0,0
google/gemma-4-26b-a4b-it,fever,864,Colombiana is a French film shot in Paris.,NOT ENOUGH INFO,1.0,1,,medium,0.5,0,0,0
qwen/qwen3-14b,fever,847,There is a 1998 TV series called Practical Magic.,NOT ENOUGH INFO,0.1,1,,medium,0.5,0,0,0
google/gemma-4-26b-a4b-it,fever,847,There is a 1998 TV series called Practical Magic.,NOT ENOUGH INFO,1.0,1,,medium,0.5,0,0,0
qwen/qwen3-14b,fever,900,The Winds of Winter is an epic fantasy novel and is the eighth book in a series.,REFUTES,0.7,1,,medium,0.5,0,0,0
google/gemma-4-26b-a4b-it,fever,900,The Winds of Winter is an epic fantasy novel and is the eighth book in a series.,REFUTES,1.0,1,,medium,0.5,0,0,0
qwen/qwen3-14b,fever,592,There exists a giant actress that goes by the name of Aubrey Anderson-Emmons.,NOT ENOUGH INFO,0.3,1,,medium,0.5,0,0,0
google/gemma-4-26b-a4b-it,fever,592,There exists a giant actress that goes by the name of Aubrey Anderson-Emmons.,NOT ENOUGH INFO,1.0,1,,medium,0.5,0,0,0
qwen/qwen3-14b,fever,457,Chris Bosh won his first NBA Finals title before 2000 against Oklahoma City Thunder.,REFUTES,1.0,1,,medium,0.5,0,0,0
google/gemma-4-26b-a4b-it,fever,457,Chris Bosh won his first NBA Finals title before 2000 against Oklahoma City Thunder.,REFUTES,1.0,1,,medium,0.5,0,0,0
qwen/qwen3-14b,fever,231,Probot had founder and frontman of the rock band Foo Fighters,SUPPORTS,0.7,1,,medium,0.5,0,0,0
google/gemma-4-26b-a4b-it,fever,231,Probot had founder and frontman of the rock band Foo Fighters,SUPPORTS,1.0,1,,medium,0.5,0,0,0
qwen/qwen3-14b,fever,898,John Deighton was forced to pursue work and worked a parcel of land that had gold.,NOT ENOUGH INFO,0.7,1,,medium,0.5,0,0,0
google/gemma-4-26b-a4b-it,fever,898,John Deighton was forced to pursue work and worked a parcel of land that had gold.,NOT ENOUGH INFO,1.0,1,,medium,0.5,0,0,0
qwen/qwen3-14b,fever,225,There is not a state that goes by the name of Estonia.,REFUTES,1.0,1,,medium,0.5,0,0,0
google/gemma-4-26b-a4b-it,fever,225,There is not a state that goes by the name of Estonia.,REFUTES,1.0,1,,medium,0.5,0,0,0
qwen/qwen3-14b,fever,703,The Latvian Soviet Socialist Republic was a republic of the Soviet Union 5 years after 2007.,REFUTES,1.0,1,,medium,0.5,0,0,0
google/gemma-4-26b-a4b-it,fever,703,The Latvian Soviet Socialist Republic was a republic of the Soviet Union 5 years after 2007.,REFUTES,1.0,1,,medium,0.5,0,0,0
qwen/qwen3-14b,fever,470,"There is a 4D bicycle, it is called Tangled.",NOT ENOUGH INFO,0.7,1,,medium,0.5,0,0,0
google/gemma-4-26b-a4b-it,fever,470,"There is a 4D bicycle, it is called Tangled.",NOT ENOUGH INFO,1.0,1,,medium,0.5,0,0,0
qwen/qwen3-14b,fever,343,Elizabeth II became the longest-reigning queen more than 90 years after her father was married.,SUPPORTS,0.7,1,,medium,0.5,0,0,0
google/gemma-4-26b-a4b-it,fever,343,Elizabeth II became the longest-reigning queen more than 90 years after her father was married.,SUPPORTS,1.0,1,,medium,0.5,0,0,0
qwen/qwen3-14b,fever,1059,Peyton Manning won the SEC Championship after his younger brother was drafted.,REFUTES,0.8,1,,medium,0.5,0,0,0
google/gemma-4-26b-a4b-it,fever,1059,Peyton Manning won the SEC Championship after his younger brother was drafted.,REFUTES,1.0,1,,medium,0.5,0,0,0
qwen/qwen3-14b,fever,721,The Brat Pack is a type of name given to a panel,SUPPORTS,1.0,1,,medium,0.5,0,0,0
google/gemma-4-26b-a4b-it,fever,721,The Brat Pack is a type of name given to a panel,SUPPORTS,1.0,1,,medium,0.5,0,0,0
qwen/qwen3-14b,fever,764,The Challenge XXX: Dirty 30 is certainly not a season in a television series from the United States.,SUPPORTS,0.7,1,,medium,0.5,0,0,0
google/gemma-4-26b-a4b-it,fever,764,The Challenge XXX: Dirty 30 is certainly not a season in a television series from the United States.,SUPPORTS,1.0,1,,medium,0.5,0,0,0
qwen/qwen3-14b,fever,589,There exists a television series called Younger.,SUPPORTS,1.0,1,,medium,0.5,0,0,0
google/gemma-4-26b-a4b-it,fever,589,There exists a television series called Younger.,SUPPORTS,1.0,1,,medium,0.5,0,0,0
qwen/qwen3-14b,fever,1004,There exists an American film called Scream 2.,SUPPORTS,1.0,1,,medium,0.5,0,0,0
google/gemma-4-26b-a4b-it,fever,1004,There exists an American film called Scream 2.,SUPPORTS,1.0,1,,medium,0.5,0,0,0
qwen/qwen3-14b,fever,413,Shut Up is not a title.,REFUTES,0.8,1,,medium,0.5,0,0,0
google/gemma-4-26b-a4b-it,fever,413,Shut Up is not a title.,REFUTES,1.0,1,,medium,0.5,0,0,0
qwen/qwen3-14b,fever,274,Talulah Riley appeared in a 2007 British comedy film and the sixth in a long-running series of British films based on the works of cartoonist Ronald Searle,SUPPORTS,1.0,1,,medium,0.5,0,0,0
google/gemma-4-26b-a4b-it,fever,274,Talulah Riley appeared in a 2007 British comedy film and the sixth in a long-running series of British films based on the works of cartoonist Ronald Searle,SUPPORTS,1.0,1,,medium,0.5,0,0,0
qwen/qwen3-14b,fever,368,Red Dust is a 2000 novel written by a South African.,SUPPORTS,1.0,1,,medium,0.5,0,0,0
google/gemma-4-26b-a4b-it,fever,368,Red Dust is a 2000 novel written by a South African.,SUPPORTS,1.0,1,,medium,0.5,0,0,0
qwen/qwen3-14b,fever,713,Sayyeshaa was in a movie directed by a person whose film Tagore was screened at the 2006 IIFA Awards held in Dubai.,NOT ENOUGH INFO,0.5,1,,medium,0.5,0,0,0
google/gemma-4-26b-a4b-it,fever,713,Sayyeshaa was in a movie directed by a person whose film Tagore was screened at the 2006 IIFA Awards held in Dubai.,NOT ENOUGH INFO,0.0,1,,medium,0.5,0,0,0
qwen/qwen3-14b,fever,1042,Margaret Thatcher was the most respected politician within the Conservative Party in the UK between 1973 and 1977.,NOT ENOUGH INFO,0.6,1,,medium,0.5,0,0,0
google/gemma-4-26b-a4b-it,fever,1042,Margaret Thatcher was the most respected politician within the Conservative Party in the UK between 1973 and 1977.,NOT ENOUGH INFO,1.0,1,,medium,0.5,0,0,0
qwen/qwen3-14b,fever,935,"Simi Valley, California, reported a median household income of $87,894 5 years after 2007.",SUPPORTS,0.8,1,,medium,0.5,0,0,0
google/gemma-4-26b-a4b-it,fever,935,"Simi Valley, California, reported a median household income of $87,894 5 years after 2007.",SUPPORTS,1.0,1,,medium,0.5,0,0,0
qwen/qwen3-14b,fever,472,One Dance reached number one in the Netherlands between 2006 and 2014.,REFUTES,1.0,1,,medium,0.5,0,0,0
google/gemma-4-26b-a4b-it,fever,472,One Dance reached number one in the Netherlands between 2006 and 2014.,REFUTES,1.0,1,,medium,0.5,0,0,0
qwen/qwen3-14b,fever,511,"There is a well-known performance, it is called The Gettysburg Address.",NOT ENOUGH INFO,0.7,1,,medium,0.5,0,0,0
google/gemma-4-26b-a4b-it,fever,511,"There is a well-known performance, it is called The Gettysburg Address.",NOT ENOUGH INFO,1.0,1,,medium,0.5,0,0,0
qwen/qwen3-14b,fever,47,Jason Bourne has American actress Julia Stiles as part of the cast among several other female actors.,NOT ENOUGH INFO,0.6,1,,medium,0.5,0,0,0
google/gemma-4-26b-a4b-it,fever,47,Jason Bourne has American actress Julia Stiles as part of the cast among several other female actors.,NOT ENOUGH INFO,1.0,1,,medium,0.5,0,0,0
qwen/qwen3-14b,fever,316,There exists no remix album called Reanimation called There.,REFUTES,1.0,1,,medium,0.5,0,0,0
google/gemma-4-26b-a4b-it,fever,316,There exists no remix album called Reanimation called There.,REFUTES,1.0,1,,medium,0.5,0,0,0
qwen/qwen3-14b,fever,437,Chumlee is played by actor that was a businessman and was on television that originated from outside the United States.,REFUTES,0.9,1,,medium,0.5,0,0,0
google/gemma-4-26b-a4b-it,fever,437,Chumlee is played by actor that was a businessman and was on television that originated from outside the United States.,REFUTES,1.0,1,,medium,0.5,0,0,0
qwen/qwen3-14b,fever,723,There exists a public school that goes by the name of PBS.,NOT ENOUGH INFO,0.7,1,,medium,0.5,0,0,0
google/gemma-4-26b-a4b-it,fever,723,There exists a public school that goes by the name of PBS.,NOT ENOUGH INFO,1.0,1,,medium,0.5,0,0,0
qwen/qwen3-14b,fever,136,One of Macklemore's singles was number one in Canada 2 years after 2008.,NOT ENOUGH INFO,0.6,1,,medium,0.5,0,0,0
google/gemma-4-26b-a4b-it,fever,136,One of Macklemore's singles was number one in Canada 2 years after 2008.,NOT ENOUGH INFO,1.0,1,,medium,0.5,0,0,0
qwen/qwen3-14b,fever,304,There is an architect called Faye Resnick.,NOT ENOUGH INFO,0.6,1,,medium,0.5,0,0,0
google/gemma-4-26b-a4b-it,fever,304,There is an architect called Faye Resnick.,NOT ENOUGH INFO,1.0,1,,medium,0.5,0,0,0
qwen/qwen3-14b,fever,563,Robert Siegel was an American poet and novelist.,SUPPORTS,0.7,1,,medium,0.5,0,0,0
google/gemma-4-26b-a4b-it,fever,563,Robert Siegel was an American poet and novelist.,SUPPORTS,1.0,1,,medium,0.5,0,0,0
qwen/qwen3-14b,fever,704,The actress playing Jackie Kennedy in Jackie (2016 film) has ciizenship only from one country,REFUTES,0.9,1,,medium,0.5,0,0,0
google/gemma-4-26b-a4b-it,fever,704,The actress playing Jackie Kennedy in Jackie (2016 film) has ciizenship only from one country,REFUTES,1.0,1,,medium,0.5,0,0,0
qwen/qwen3-14b,fever,983,There is not a work that goes by the name of The Giver.,REFUTES,1.0,1,,medium,0.5,0,0,0
google/gemma-4-26b-a4b-it,fever,983,There is not a work that goes by the name of The Giver.,REFUTES,1.0,1,,medium,0.5,0,0,0
qwen/qwen3-14b,fever,555,Bea Arthur was married to a person who won the 1966 Tony Award for Best Featured Actress in a Musical for playing Vera Charles in Mame.,NOT ENOUGH INFO,0.5,1,,medium,0.5,0,0,0
google/gemma-4-26b-a4b-it,fever,555,Bea Arthur was married to a person who won the 1966 Tony Award for Best Featured Actress in a Musical for playing Vera Charles in Mame.,NOT ENOUGH INFO,1.0,1,,medium,0.5,0,0,0
qwen/qwen3-14b,fever,595,There does not exist a 2010 biopic that goes by the name of Temple Grandin.,REFUTES,1.0,1,,medium,0.5,0,0,0
google/gemma-4-26b-a4b-it,fever,595,There does not exist a 2010 biopic that goes by the name of Temple Grandin.,REFUTES,1.0,1,,medium,0.5,0,0,0
qwen/qwen3-14b,conflictqa_popqa,3171,Who was the producer of Hunting?,Frank Howson,0.9,1,,medium,0.5,0,0,0
google/gemma-4-26b-a4b-it,conflictqa_popqa,3171,Who was the producer of Hunting?,Frank Howson,1.0,1,,medium,0.5,0,0,0
qwen/qwen3-14b,conflictqa_popqa,334,What is Michael's occupation?,priest,0.7,1,,medium,0.5,0,0,0
google/gemma-4-26b-a4b-it,conflictqa_popqa,334,What is Michael's occupation?,priest,1.0,1,,medium,0.5,0,0,0
qwen/qwen3-14b,conflictqa_popqa,6142,Who was the composer of Your Man?,Chris Stapleton,0.8,1,,medium,0.5,0,0,0
google/gemma-4-26b-a4b-it,conflictqa_popqa,6142,Who was the composer of Your Man?,Chris Stapleton,0.1,1,,medium,0.5,0,0,0
qwen/qwen3-14b,conflictqa_popqa,5667,Who was the screenwriter for The Rehearsal?,Jules Dassin,0.8,1,,medium,0.5,0,0,0
google/gemma-4-26b-a4b-it,conflictqa_popqa,5667,Who was the screenwriter for The Rehearsal?,Jules Dassin,1.0,1,,medium,0.5,0,0,0
qwen/qwen3-14b,conflictqa_popqa,2529,Who was the producer of New Blood?,Peter Gabriel,0.9,1,,medium,0.5,0,0,0
google/gemma-4-26b-a4b-it,conflictqa_popqa,2529,Who was the producer of New Blood?,Peter Gabriel,1.0,1,,medium,0.5,0,0,0
qwen/qwen3-14b,conflictqa_popqa,5093,Who was the screenwriter for The Ten?,Ken Marino,0.7,1,,medium,0.5,0,0,0
google/gemma-4-26b-a4b-it,conflictqa_popqa,5093,Who was the screenwriter for The Ten?,Ken Marino,1.0,1,,medium,0.5,0,0,0
qwen/qwen3-14b,conflictqa_popqa,1741,Who is the father of Şehzade Bayezid?,Suleiman the Magnificent,0.9,1,,medium,0.5,0,0,0
google/gemma-4-26b-a4b-it,conflictqa_popqa,1741,Who is the father of Şehzade Bayezid?,Suleiman the Magnificent,0.1,1,,medium,0.5,0,0,0
qwen/qwen3-14b,conflictqa_popqa,4310,What is Nan the capital of?,Nan is not the capital of any country.,1.0,1,,medium,0.5,0,0,0
google/gemma-4-26b-a4b-it,conflictqa_popqa,4310,What is Nan the capital of?,Nan,0.1,1,,medium,0.5,0,0,0
qwen/qwen3-14b,conflictqa_popqa,6360,What is the religion of Peter?,Christianity,0.9,1,,medium,0.5,0,0,0
google/gemma-4-26b-a4b-it,conflictqa_popqa,6360,What is the religion of Peter?,Christianity,1.0,1,,medium,0.5,0,0,0
qwen/qwen3-14b,conflictqa_popqa,4401,What is Cardiff the capital of?,Wales,0.9,1,,medium,0.5,0,0,0
google/gemma-4-26b-a4b-it,conflictqa_popqa,4401,What is Cardiff the capital of?,Wales,1.0,1,,medium,0.5,0,0,0
qwen/qwen3-14b,conflictqa_popqa,3947,Who was the director of Oliver's Story?,John Korty,1.0,1,,medium,0.5,0,0,0
google/gemma-4-26b-a4b-it,conflictqa_popqa,3947,Who was the director of Oliver's Story?,John Korty,1.0,1,,medium,0.5,0,0,0
qwen/qwen3-14b,conflictqa_popqa,2573,Who was the producer of Epic?,Yoram Gross,0.7,1,,medium,0.5,0,0,0
google/gemma-4-26b-a4b-it,conflictqa_popqa,2573,Who was the producer of Epic?,Yoram Gross,1.0,1,,medium,0.5,0,0,0
qwen/qwen3-14b,conflictqa_popqa,1747,Who is the father of Donor?,Challedon,1.0,1,,medium,0.5,0,0,0
google/gemma-4-26b-a4b-it,conflictqa_popqa,1747,Who is the father of Donor?,Challedon,1.0,1,,medium,0.5,0,0,0
qwen/qwen3-14b,conflictqa_popqa,77,What is Pathit Pisitkul's occupation?,actor,0.7,1,,medium,0.5,0,0,0
google/gemma-4-26b-a4b-it,conflictqa_popqa,77,What is Pathit Pisitkul's occupation?,actor,1.0,1,,medium,0.5,0,0,0
qwen/qwen3-14b,conflictqa_popqa,2640,Who was the producer of The Sweet Sins of Sexy Susan?,Franz Antel,1.0,1,,medium,0.5,0,0,0
google/gemma-4-26b-a4b-it,conflictqa_popqa,2640,Who was the producer of The Sweet Sins of Sexy Susan?,Franz Antel,1.0,1,,medium,0.5,0,0,0
qwen/qwen3-14b,conflictqa_popqa,1058,What genre is Chris Jericho?,rock music,0.7,1,,medium,0.5,0,0,0
google/gemma-4-26b-a4b-it,conflictqa_popqa,1058,What genre is Chris Jericho?,rock music,1.0,1,,medium,0.5,0,0,0
qwen/qwen3-14b,conflictqa_popqa,3655,Who was the director of Three of a Kind?,Bryan Spicer,1.0,1,,medium,0.5,0,0,0
google/gemma-4-26b-a4b-it,conflictqa_popqa,3655,Who was the director of Three of a Kind?,Bryan Spicer,1.0,1,,medium,0.5,0,0,0
qwen/qwen3-14b,conflictqa_popqa,6149,Who was the composer of After Hours?,Lou Reed,0.9,1,,medium,0.5,0,0,0
google/gemma-4-26b-a4b-it,conflictqa_popqa,6149,Who was the composer of After Hours?,Lou Reed,1.0,1,,medium,0.5,0,0,0
qwen/qwen3-14b,conflictqa_popqa,6118,Who was the composer of Russian Rhapsody?,Sergei Rachmaninoff,1.0,1,,medium,0.5,0,0,0
google/gemma-4-26b-a4b-it,conflictqa_popqa,6118,Who was the composer of Russian Rhapsody?,Sergei Rachmaninoff,0.1,1,,medium,0.5,0,0,0
qwen/qwen3-14b,conflictqa_popqa,3723,Who was the director of The Rice People?,Tadashi Imai,1.0,1,,medium,0.5,0,0,0
google/gemma-4-26b-a4b-it,conflictqa_popqa,3723,Who was the director of The Rice People?,Tadashi Imai,1.0,1,,medium,0.5,0,0,0
qwen/qwen3-14b,conflictqa_popqa,268,What is Alexander Bogdanov's occupation?,economist,0.6,1,,medium,0.5,0,0,0
google/gemma-4-26b-a4b-it,conflictqa_popqa,268,What is Alexander Bogdanov's occupation?,philosopher,0.8,1,,medium,0.5,0,0,0
qwen/qwen3-14b,conflictqa_popqa,393,In what city was Betty Francisco born?,Little Rock,0.9,1,,medium,0.5,0,0,0
google/gemma-4-26b-a4b-it,conflictqa_popqa,393,In what city was Betty Francisco born?,Little Rock,0.1,1,,medium,0.5,0,0,0
qwen/qwen3-14b,conflictqa_popqa,6553,What sport does Mo Hamdaoui play?,association football,0.8,1,,medium,0.5,0,0,0
google/gemma-4-26b-a4b-it,conflictqa_popqa,6553,What sport does Mo Hamdaoui play?,football,1.0,1,,medium,0.5,0,0,0
qwen/qwen3-14b,conflictqa_popqa,4117,Who was the director of Mann?,Indra Kumar,1.0,1,,medium,0.5,0,0,0
google/gemma-4-26b-a4b-it,conflictqa_popqa,4117,Who was the director of Mann?,Indra Kumar,1.0,1,,medium,0.5,0,0,0
qwen/qwen3-14b,conflictqa_popqa,974,What genre is Michel Langevin?,heavy metal,0.7,1,,medium,0.5,0,0,0
google/gemma-4-26b-a4b-it,conflictqa_popqa,974,What genre is Michel Langevin?,heavy metal,1.0,1,,medium,0.5,0,0,0
qwen/qwen3-14b,conflictqa_popqa,1054,What genre is III?,country music,0.7,1,,medium,0.5,0,0,0
google/gemma-4-26b-a4b-it,conflictqa_popqa,1054,What genre is III?,country music,1.0,1,,medium,0.5,0,0,0
qwen/qwen3-14b,conflictqa_popqa,1960,In what country is Patterson?,United States of America,1.0,1,,medium,0.5,0,0,0
google/gemma-4-26b-a4b-it,conflictqa_popqa,1960,In what country is Patterson?,United States,0.1,1,,medium,0.5,0,0,0
qwen/qwen3-14b,conflictqa_popqa,5841,Who was the composer of I Miss You?,Miley Cyrus,0.7,1,,medium,0.5,0,0,0
google/gemma-4-26b-a4b-it,conflictqa_popqa,5841,Who was the composer of I Miss You?,Miley Cyrus,1.0,1,,medium,0.5,0,0,0
qwen/qwen3-14b,conflictqa_popqa,385,In what city was Yinka Ayenuwa born?,Warri,0.7,1,,medium,0.5,0,0,0
google/gemma-4-26b-a4b-it,conflictqa_popqa,385,In what city was Yinka Ayenuwa born?,Warri,1.0,1,,medium,0.5,0,0,0
qwen/qwen3-14b,conflictqa_popqa,3862,Who was the director of Pedar?,Majid Majidi,1.0,1,,medium,0.5,0,0,0
google/gemma-4-26b-a4b-it,conflictqa_popqa,3862,Who was the director of Pedar?,Majid Majidi,1.0,1,,medium,0.5,0,0,0
qwen/qwen3-14b,conflictqa_popqa,7330,Who is the author of Fear?,Heather Graham,0.7,1,,medium,0.5,0,0,0
google/gemma-4-26b-a4b-it,conflictqa_popqa,7330,Who is the author of Fear?,Heather Graham,1.0,1,,medium,0.5,0,0,0
qwen/qwen3-14b,conflictqa_popqa,1197,What genre is Get Shorty?,comedy film,1.0,1,,medium,0.5,0,0,0
google/gemma-4-26b-a4b-it,conflictqa_popqa,1197,What genre is Get Shorty?,comedy film,0.1,1,,medium,0.5,0,0,0
qwen/qwen3-14b,conflictqa_popqa,6753,What sport does Marc Santo-Roman play?,chess,0.8,1,,medium,0.5,0,0,0
google/gemma-4-26b-a4b-it,conflictqa_popqa,6753,What sport does Marc Santo-Roman play?,chess,1.0,1,,medium,0.5,0,0,0
qwen/qwen3-14b,conflictqa_popqa,5916,Who was the composer of Come Out?,,0.0,0,,medium,0.5,0,0,0
google/gemma-4-26b-a4b-it,conflictqa_popqa,5916,Who was the composer of Come Out?,Steve Reich,1.0,1,,medium,0.5,0,0,0
qwen/qwen3-14b,conflictqa_popqa,7099,Who is the author of Deadline?,Brett Ewins,1.0,1,,medium,0.5,0,0,0
google/gemma-4-26b-a4b-it,conflictqa_popqa,7099,Who is the author of Deadline?,Brett Ewins,1.0,1,,medium,0.5,0,0,0
qwen/qwen3-14b,conflictqa_popqa,1416,What genre is Culture?,roots reggae,1.0,1,,medium,0.5,0,0,0
google/gemma-4-26b-a4b-it,conflictqa_popqa,1416,What genre is Culture?,roots reggae,1.0,1,,medium,0.5,0,0,0
qwen/qwen3-14b,conflictqa_popqa,2839,Who was the producer of Face to Face?,David Williamson,0.7,1,,medium,0.5,0,0,0
google/gemma-4-26b-a4b-it,conflictqa_popqa,2839,Who was the producer of Face to Face?,David Williamson,1.0,1,,medium,0.5,0,0,0
qwen/qwen3-14b,conflictqa_popqa,1084,What genre is The Birds?,Old Comedy,1.0,1,,medium,0.5,0,0,0
google/gemma-4-26b-a4b-it,conflictqa_popqa,1084,What genre is The Birds?,Old Comedy,1.0,1,,medium,0.5,0,0,0
qwen/qwen3-14b,conflictqa_popqa,4155,Who was the director of Tickets?,Ken Loach,1.0,1,,medium,0.5,0,0,0
google/gemma-4-26b-a4b-it,conflictqa_popqa,4155,Who was the director of Tickets?,Ken Loach,1.0,1,,medium,0.5,0,0,0
qwen/qwen3-14b,conflictqa_popqa,2004,In what country is Oxford?,USA,1.0,1,,medium,0.5,0,0,0
google/gemma-4-26b-a4b-it,conflictqa_popqa,2004,In what country is Oxford?,United States,0.02,1,,medium,0.5,0,0,0
qwen/qwen3-14b,conflictqa_popqa,3737,Who was the director of From Time to Time?,Julian Fellowes,0.7,1,,medium,0.5,0,0,0
google/gemma-4-26b-a4b-it,conflictqa_popqa,3737,Who was the director of From Time to Time?,Julian Fellowes,0.1,1,,medium,0.5,0,0,0
qwen/qwen3-14b,conflictqa_popqa,3576,Who was the director of The Knitting?,Yoon Eun-hye,0.8,1,,medium,0.5,0,0,0
google/gemma-4-26b-a4b-it,conflictqa_popqa,3576,Who was the director of The Knitting?,Yoon Eun-hye,0.1,1,,medium,0.5,0,0,0
qwen/qwen3-14b,conflictqa_popqa,4684,Who was the screenwriter for The Council?,Manny Coto,1.0,1,,medium,0.5,0,0,0
google/gemma-4-26b-a4b-it,conflictqa_popqa,4684,Who was the screenwriter for The Council?,Manny Coto,1.0,1,,medium,0.5,0,0,0
qwen/qwen3-14b,conflictqa_popqa,6113,Who was the composer of Happy Birthday to You?,Patty Hill,0.6,1,,medium,0.5,0,0,0
google/gemma-4-26b-a4b-it,conflictqa_popqa,6113,Who was the composer of Happy Birthday to You?,Mildred J. Hill,1.0,1,,medium,0.5,0,0,0
qwen/qwen3-14b,conflictqa_popqa,4306,What is Perth the capital of?,Western Australia,1.0,1,,medium,0.5,0,0,0
google/gemma-4-26b-a4b-it,conflictqa_popqa,4306,What is Perth the capital of?,Western Australia,1.0,1,,medium,0.5,0,0,0
qwen/qwen3-14b,conflictqa_popqa,5412,Who was the screenwriter for The Hospital?,Paddy Chayefsky,0.9,1,,medium,0.5,0,0,0
google/gemma-4-26b-a4b-it,conflictqa_popqa,5412,Who was the screenwriter for The Hospital?,Paddy Chayefsky,1.0,1,,medium,0.5,0,0,0
qwen/qwen3-14b,conflictqa_popqa,1043,What genre is Deivos?,death metal,0.08,1,,medium,0.5,0,0,0
google/gemma-4-26b-a4b-it,conflictqa_popqa,1043,What genre is Deivos?,death metal,1.0,1,,medium,0.5,0,0,0
qwen/qwen3-14b,conflictqa_popqa,6853,What sport does Wojciech Jarmuż play?,football,0.8,1,,medium,0.5,0,0,0
google/gemma-4-26b-a4b-it,conflictqa_popqa,6853,What sport does Wojciech Jarmuż play?,football,0.1,1,,medium,0.5,0,0,0
qwen/qwen3-14b,conflictqa_popqa,5115,Who was the screenwriter for The Worst Years of Our Lives?,David Trueba,1.0,1,,medium,0.5,0,0,0
google/gemma-4-26b-a4b-it,conflictqa_popqa,5115,Who was the screenwriter for The Worst Years of Our Lives?,David Trueba,1.0,1,,medium,0.5,0,0,0
qwen/qwen3-14b,conflictqa_popqa,3077,Who was the producer of The Man Without Desire?,Ivor Novello,0.7,1,,medium,0.5,0,0,0
google/gemma-4-26b-a4b-it,conflictqa_popqa,3077,Who was the producer of The Man Without Desire?,Miles Mander,0.1,1,,medium,0.5,0,0,0
qwen/qwen3-14b,conflictqa_popqa,7622,Who is the author of Gold?,Isaac Asimov,0.8,1,,medium,0.5,0,0,0
google/gemma-4-26b-a4b-it,conflictqa_popqa,7622,Who is the author of Gold?,Isaac Asimov,0.1,1,,medium,0.5,0,0,0
qwen/qwen3-14b,conflictqa_popqa,7619,Who is the author of Wake?,Jean-David Morvan,0.6,1,,medium,0.5,0,0,0
google/gemma-4-26b-a4b-it,conflictqa_popqa,7619,Who is the author of Wake?,Jean-David Morvan,0.1,1,,medium,0.5,0,0,0
qwen/qwen3-14b,conflictqa_popqa,4640,Who was the screenwriter for The Package?,Graham Roland and Paul Zbyszewski,0.7,1,,medium,0.5,0,0,0
google/gemma-4-26b-a4b-it,conflictqa_popqa,4640,Who was the screenwriter for The Package?,Graham Roland; Paul Zbyszewski,1.0,1,,medium,0.5,0,0,0
qwen/qwen3-14b,conflictqa_popqa,2579,Who was the producer of Xxplosive?,Dr. Dre,0.7,1,,medium,0.5,0,0,0
google/gemma-4-26b-a4b-it,conflictqa_popqa,2579,Who was the producer of Xxplosive?,Dr. Dre,0.1,1,,medium,0.5,0,0,0
qwen/qwen3-14b,conflictqa_popqa,3393,Who was the director of Masks?,Claude Chabrol,0.9,1,,medium,0.5,0,0,0
google/gemma-4-26b-a4b-it,conflictqa_popqa,3393,Who was the director of Masks?,Claude Chabrol,1.0,1,,medium,0.5,0,0,0
qwen/qwen3-14b,conflictqa_popqa,1537,What genre is Mother?,Heavy Metal,1.0,1,,medium,0.5,0,0,0
google/gemma-4-26b-a4b-it,conflictqa_popqa,1537,What genre is Mother?,heavy metal,1.0,1,,medium,0.5,0,0,0
qwen/qwen3-14b,conflictqa_popqa,2777,Who was the producer of The Arena?,Roger Corman,0.8,1,,medium,0.5,0,0,0
google/gemma-4-26b-a4b-it,conflictqa_popqa,2777,Who was the producer of The Arena?,Roger Corman,1.0,1,,medium,0.5,0,0,0
qwen/qwen3-14b,conflictqa_popqa,330,What is Pyotr Lavrov's occupation?,philosopher,0.8,1,,medium,0.5,0,0,0
google/gemma-4-26b-a4b-it,conflictqa_popqa,330,What is Pyotr Lavrov's occupation?,philosopher,1.0,1,,medium,0.5,0,0,0
qwen/qwen3-14b,conflictqa_popqa,293,What is Martin Shapiro's occupation?,screenwriter,0.8,1,,medium,0.5,0,0,0
google/gemma-4-26b-a4b-it,conflictqa_popqa,293,What is Martin Shapiro's occupation?,screenwriter,0.1,1,,medium,0.5,0,0,0
qwen/qwen3-14b,conflictqa_popqa,352,What is Bedřich Smetana's occupation?,composer and pianist,1.0,1,,medium,0.5,0,0,0
google/gemma-4-26b-a4b-it,conflictqa_popqa,352,What is Bedřich Smetana's occupation?,composer and pianist,1.0,1,,medium,0.5,0,0,0
qwen/qwen3-14b,conflictqa_popqa,4353,What is Prochowice the capital of?,Gmina Prochowice,0.7,1,,medium,0.5,0,0,0
google/gemma-4-26b-a4b-it,conflictqa_popqa,4353,What is Prochowice the capital of?,Gmina Prochowice,0.1,1,,medium,0.5,0,0,0
qwen/qwen3-14b,conflictqa_popqa,1087,What genre is Liquid?,techno,0.9,1,,medium,0.5,0,0,0
google/gemma-4-26b-a4b-it,conflictqa_popqa,1087,What genre is Liquid?,techno,1.0,1,,medium,0.5,0,0,0
qwen/qwen3-14b,conflictqa_popqa,2248,In what country is Mount Shinten?,Japan,1.0,1,,medium,0.5,0,0,0
google/gemma-4-26b-a4b-it,conflictqa_popqa,2248,In what country is Mount Shinten?,Japan,0.0,1,,medium,0.5,0,0,0
qwen/qwen3-14b,conflictqa_popqa,2242,In what country is Waterfall?,Ireland,0.7,1,,medium,0.5,0,0,0
google/gemma-4-26b-a4b-it,conflictqa_popqa,2242,In what country is Waterfall?,I am unsure,0.0,0,,low,0.3,1,1,1
qwen/qwen3-14b,conflictqa_popqa,3801,Who was the director of Action?,John Ford,0.06999999999999999,1,,medium,0.5,0,0,0
google/gemma-4-26b-a4b-it,conflictqa_popqa,3801,Who was the director of Action?,John Ford,1.0,1,,medium,0.5,0,0,0
qwen/qwen3-14b,conflictqa_popqa,1459,What genre is Asian School Girls?,action,0.6,1,,medium,0.5,0,0,0
google/gemma-4-26b-a4b-it,conflictqa_popqa,1459,What genre is Asian School Girls?,action,1.0,1,,medium,0.5,0,0,0
qwen/qwen3-14b,conflictqa_popqa,915,What genre is Operator?,post-grunge,0.7,1,,medium,0.5,0,0,0
google/gemma-4-26b-a4b-it,conflictqa_popqa,915,What genre is Operator?,post-grunge,1.0,1,,medium,0.5,0,0,0
qwen/qwen3-14b,conflictqa_popqa,4154,Who was the director of By the Sea?,Angelina Jolie,0.7,1,,medium,0.5,0,0,0
google/gemma-4-26b-a4b-it,conflictqa_popqa,4154,Who was the director of By the Sea?,Angelina Jolie,1.0,1,,medium,0.5,0,0,0
qwen/qwen3-14b,conflictqa_popqa,4932,Who was the screenwriter for In Your Eyes?,Joss Whedon,0.8,1,,medium,0.5,0,0,0
google/gemma-4-26b-a4b-it,conflictqa_popqa,4932,Who was the screenwriter for In Your Eyes?,Joss Whedon,1.0,1,,medium,0.5,0,0,0
qwen/qwen3-14b,conflictqa_popqa,5787,Who was the composer of Out of This World?,Cole Porter,1.0,1,,medium,0.5,0,0,0
google/gemma-4-26b-a4b-it,conflictqa_popqa,5787,Who was the composer of Out of This World?,Cole Porter,1.0,1,,medium,0.5,0,0,0
qwen/qwen3-14b,conflictqa_popqa,7487,Who is the author of More?,Riz Ortolani,0.7,1,,medium,0.5,0,0,0
google/gemma-4-26b-a4b-it,conflictqa_popqa,7487,Who is the author of More?,Nino Oliviero; Riz Ortolani,0.1,1,,medium,0.5,0,0,0
qwen/qwen3-14b,conflictqa_popqa,4317,What is Denver the capital of?,Colorado,1.0,1,,medium,0.5,0,0,0
google/gemma-4-26b-a4b-it,conflictqa_popqa,4317,What is Denver the capital of?,Colorado,1.0,1,,medium,0.5,0,0,0
qwen/qwen3-14b,conflictqa_popqa,7423,Who is the author of Glasses?,Henry James,0.3,1,,medium,0.5,0,0,0
google/gemma-4-26b-a4b-it,conflictqa_popqa,7423,Who is the author of Glasses?,Henry James,0.1,1,,medium,0.5,0,0,0
qwen/qwen3-14b,conflictqa_popqa,3695,Who was the director of Den store gavtyv?,Johan Jacobsen,1.0,1,,medium,0.5,0,0,0
google/gemma-4-26b-a4b-it,conflictqa_popqa,3695,Who was the director of Den store gavtyv?,Johan Jacobsen,1.0,1,,medium,0.5,0,0,0
qwen/qwen3-14b,conflictqa_popqa,1509,What genre is Jump?,dubstep,1.0,1,,medium,0.5,0,0,0
google/gemma-4-26b-a4b-it,conflictqa_popqa,1509,What genre is Jump?,dubstep,1.0,1,,medium,0.5,0,0,0
qwen/qwen3-14b,conflictqa_popqa,691,In what city was Erik Pedersen born?,Porsgrunn,1.0,1,,medium,0.5,0,0,0
google/gemma-4-26b-a4b-it,conflictqa_popqa,691,In what city was Erik Pedersen born?,Porsgrunn,1.0,1,,medium,0.5,0,0,0
qwen/qwen3-14b,conflictqa_popqa,7474,Who is the author of It?,Inger Christensen,1.0,1,,medium,0.5,0,0,0
google/gemma-4-26b-a4b-it,conflictqa_popqa,7474,Who is the author of It?,Inger Christensen,1.0,1,,medium,0.5,0,0,0
qwen/qwen3-14b,conflictqa_popqa,2827,Who was the producer of Man of the Year?,Barry Levinson,1.0,1,,medium,0.5,0,0,0
google/gemma-4-26b-a4b-it,conflictqa_popqa,2827,Who was the producer of Man of the Year?,Barry Levinson,1.0,1,,medium,0.5,0,0,0
qwen/qwen3-14b,conflictqa_popqa,4066,Who was the director of La spiaggia?,Alberto Lattuada,0.7,1,,medium,0.5,0,0,0
google/gemma-4-26b-a4b-it,conflictqa_popqa,4066,Who was the director of La spiaggia?,Alberto Lattuada,1.0,1,,medium,0.5,0,0,0
qwen/qwen3-14b,conflictqa_popqa,1355,What genre is AD?,Christian rock,0.9,1,,medium,0.5,0,0,0
google/gemma-4-26b-a4b-it,conflictqa_popqa,1355,What genre is AD?,Christian rock,1.0,1,,medium,0.5,0,0,0
qwen/qwen3-14b,conflictqa_popqa,110,What is Walter Köbel's occupation?,politician,0.7,1,,medium,0.5,0,0,0
google/gemma-4-26b-a4b-it,conflictqa_popqa,110,What is Walter Köbel's occupation?,politician,0.1,1,,medium,0.5,0,0,0
qwen/qwen3-14b,conflictqa_popqa,5091,Who was the screenwriter for Old School?,Scot Armstrong,0.8,1,,medium,0.5,0,0,0
google/gemma-4-26b-a4b-it,conflictqa_popqa,5091,Who was the screenwriter for Old School?,Todd Phillips,1.0,1,,medium,0.5,0,0,0
qwen/qwen3-14b,conflictqa_popqa,898,What genre is Grandpa?,country music,0.3,1,,medium,0.5,0,0,0
google/gemma-4-26b-a4b-it,conflictqa_popqa,898,What genre is Grandpa?,country music,1.0,1,,medium,0.5,0,0,0
qwen/qwen3-14b,conflictqa_popqa,7159,Who is the author of Tokyo?,Mo Hayder,0.7,1,,medium,0.5,0,0,0
google/gemma-4-26b-a4b-it,conflictqa_popqa,7159,Who is the author of Tokyo?,Mo Hayder,0.1,1,,medium,0.5,0,0,0
qwen/qwen3-14b,conflictqa_popqa,6448,What is the religion of Roman Republic?,ancient Roman religion,0.9,1,,medium,0.5,0,0,0
google/gemma-4-26b-a4b-it,conflictqa_popqa,6448,What is the religion of Roman Republic?,Roman religion,0.1,1,,medium,0.5,0,0,0
qwen/qwen3-14b,conflictqa_popqa,5490,Who was the screenwriter for Patrick?,Everett De Roche,1.0,1,,medium,0.5,0,0,0
google/gemma-4-26b-a4b-it,conflictqa_popqa,5490,Who was the screenwriter for Patrick?,Everett De Roche,1.0,1,,medium,0.5,0,0,0
qwen/qwen3-14b,conflictqa_popqa,5678,Who was the screenwriter for My Love?,Ivan Shmelyov,0.8,1,,medium,0.5,0,0,0
google/gemma-4-26b-a4b-it,conflictqa_popqa,5678,Who was the screenwriter for My Love?,Ivan Shmelyov,1.0,1,,medium,0.5,0,0,0
qwen/qwen3-14b,conflictqa_popqa,4634,Who was the screenwriter for Carol?,Phyllis Nagy,1.0,1,,medium,0.5,0,0,0
google/gemma-4-26b-a4b-it,conflictqa_popqa,4634,Who was the screenwriter for Carol?,Phyllis Nagy,0.1,1,,medium,0.5,0,0,0
qwen/qwen3-14b,conflictqa_popqa,1681,What genre is Up Front?,hardcore punk,1.0,1,,medium,0.5,0,0,0
google/gemma-4-26b-a4b-it,conflictqa_popqa,1681,What genre is Up Front?,hardcore punk,1.0,1,,medium,0.5,0,0,0
qwen/qwen3-14b,conflictqa_popqa,164,What is Sylwester Braun's occupation?,photographer,0.8,1,,medium,0.5,0,0,0
google/gemma-4-26b-a4b-it,conflictqa_popqa,164,What is Sylwester Braun's occupation?,photographer,1.0,1,,medium,0.5,0,0,0
qwen/qwen3-14b,conflictqa_popqa,464,In what city was Ilya Nikiforov born?,Saint Petersburg,0.9,1,,medium,0.5,0,0,0
google/gemma-4-26b-a4b-it,conflictqa_popqa,464,In what city was Ilya Nikiforov born?,Saint Petersburg,1.0,1,,medium,0.5,0,0,0
qwen/qwen3-14b,conflictqa_popqa,6932,Who is the author of Private?,Kieran Scott,0.7,1,,medium,0.5,0,0,0
google/gemma-4-26b-a4b-it,conflictqa_popqa,6932,Who is the author of Private?,Kieran Scott; Kate Brian,0.1,1,,medium,0.5,0,0,0
qwen/qwen3-14b,conflictqa_popqa,1118,What genre is Return?,mystery film,0.8,1,,medium,0.5,0,0,0
google/gemma-4-26b-a4b-it,conflictqa_popqa,1118,What genre is Return?,mystery film,1.0,1,,medium,0.5,0,0,0
qwen/qwen3-14b,conflictqa_popqa,7027,Who is the author of Youth?,Lev Tolstoy,1.0,1,,medium,0.5,0,0,0
google/gemma-4-26b-a4b-it,conflictqa_popqa,7027,Who is the author of Youth?,Leo Tolstoy,0.1,1,,medium,0.5,0,0,0
qwen/qwen3-14b,conflictqa_popqa,5188,Who was the screenwriter for Manhattan?,Woody Allen,0.8,1,,medium,0.5,0,0,0
google/gemma-4-26b-a4b-it,conflictqa_popqa,5188,Who was the screenwriter for Manhattan?,Woody Allen,0.1,1,,medium,0.5,0,0,0
qwen/qwen3-14b,conflictqa_popqa,3051,Who was the producer of Setup?,50 Cent,0.8,1,,medium,0.5,0,0,0
google/gemma-4-26b-a4b-it,conflictqa_popqa,3051,Who was the producer of Setup?,50 Cent,1.0,1,,medium,0.5,0,0,0
qwen/qwen3-14b,conflictqa_popqa,1950,In what country is Reid Temple A.M.E. Church?,United States of America,1.0,1,,medium,0.5,0,0,0
google/gemma-4-26b-a4b-it,conflictqa_popqa,1950,In what country is Reid Temple A.M.E. Church?,United States,0.1,1,,medium,0.5,0,0,0
qwen/qwen3-14b,conflictqa_popqa,7020,Who is the author of Three Weeks?,Elinor Glyn,0.9,1,,medium,0.5,0,0,0
google/gemma-4-26b-a4b-it,conflictqa_popqa,7020,Who is the author of Three Weeks?,Elinor Glyn,0.1,1,,medium,0.5,0,0,0
qwen/qwen3-14b,conflictqa_popqa,7287,Who is the author of Josh?,Ivan Southall,0.7,1,,medium,0.5,0,0,0
google/gemma-4-26b-a4b-it,conflictqa_popqa,7287,Who is the author of Josh?,Ivan Southall,1.0,1,,medium,0.5,0,0,0
qwen/qwen3-14b,conflictqa_popqa,956,What genre is High Season?,romantic comedy,0.8,1,,medium,0.5,0,0,0
google/gemma-4-26b-a4b-it,conflictqa_popqa,956,What genre is High Season?,romantic comedy,1.0,1,,medium,0.5,0,0,0
qwen/qwen3-14b,conflictqa_popqa,796,What genre is Organisation?,Krautrock,0.8,1,,medium,0.5,0,0,0
google/gemma-4-26b-a4b-it,conflictqa_popqa,796,What genre is Organisation?,Krautrock,1.0,1,,medium,0.5,0,0,0
qwen/qwen3-14b,conflictqa_popqa,3914,Who was the director of Imagine?,John Lennon,0.7,1,,medium,0.5,0,0,0
google/gemma-4-26b-a4b-it,conflictqa_popqa,3914,Who was the director of Imagine?,Yoko Ono,0.1,1,,medium,0.5,0,0,0
qwen/qwen3-14b,conflictqa_popqa,1997,In what country is Story?,USA,0.8,1,,medium,0.5,0,0,0
google/gemma-4-26b-a4b-it,conflictqa_popqa,1997,In what country is Story?,"I am sorry, but the question does not provide enough context to identify which 'Story' is being referred to (e.g., a person, a fictional character, or a specific location).",0.0,0,,medium,0.5,0,0,0
qwen/qwen3-14b,conflictqa_popqa,7696,Who is the author of Replacements?,Lisa Tuttle,0.8,1,,medium,0.5,0,0,0
google/gemma-4-26b-a4b-it,conflictqa_popqa,7696,Who is the author of Replacements?,Lisa Tuttle,0.1,1,,medium,0.5,0,0,0
qwen/qwen3-14b,conflictqa_popqa,6838,What sport does Nelson Semperena play?,association football,0.7,1,,medium,0.5,0,0,0
google/gemma-4-26b-a4b-it,conflictqa_popqa,6838,What sport does Nelson Semperena play?,football,1.0,1,,medium,0.5,0,0,0
qwen/qwen3-14b,conflictqa_popqa,4053,Who was the director of Old School?,Todd Phillips,0.7,1,,medium,0.5,0,0,0
google/gemma-4-26b-a4b-it,conflictqa_popqa,4053,Who was the director of Old School?,Todd Phillips,1.0,1,,medium,0.5,0,0,0
qwen/qwen3-14b,conflictqa_popqa,212,What is Kyriakos Mavronikolas's occupation?,politician,0.8,1,,medium,0.5,0,0,0
google/gemma-4-26b-a4b-it,conflictqa_popqa,212,What is Kyriakos Mavronikolas's occupation?,politician,1.0,1,,medium,0.5,0,0,0
qwen/qwen3-14b,conflictqa_popqa,5588,Who was the screenwriter for Flodder 3?,Dick Maas,0.9,1,,medium,0.5,0,0,0
google/gemma-4-26b-a4b-it,conflictqa_popqa,5588,Who was the screenwriter for Flodder 3?,Dick Maas,1.0,1,,medium,0.5,0,0,0
qwen/qwen3-14b,conflictqa_popqa,1426,What genre is Inside?,thriller,0.8,1,,medium,0.5,0,0,0
google/gemma-4-26b-a4b-it,conflictqa_popqa,1426,What genre is Inside?,thriller,1.0,1,,medium,0.5,0,0,0
qwen/qwen3-14b,conflictqa_popqa,1919,In what country is Rajalakshmi Engineering College?,India,0.8,1,,medium,0.5,0,0,0
google/gemma-4-26b-a4b-it,conflictqa_popqa,1919,In what country is Rajalakshmi Engineering College?,India,1.0,1,,medium,0.5,0,0,0
qwen/qwen3-14b,conflictqa_popqa,4412,What is Anderson the capital of?,Madison County,0.9,1,,medium,0.5,0,0,0
google/gemma-4-26b-a4b-it,conflictqa_popqa,4412,What is Anderson the capital of?,Madison County,1.0,1,,medium,0.5,0,0,0
qwen/qwen3-14b,conflictqa_popqa,2394,Who was the producer of Circus?,Dayal Padmanabhan,1.0,1,,medium,0.5,0,0,0
google/gemma-4-26b-a4b-it,conflictqa_popqa,2394,Who was the producer of Circus?,Dayal Padmanabhan,1.0,1,,medium,0.5,0,0,0
qwen/qwen3-14b,conflictqa_popqa,1722,Who is the father of Muhammad Ibn Abi'l-Saj?,Abi'l-Saj Devdad,0.7,1,,medium,0.5,0,0,0
google/gemma-4-26b-a4b-it,conflictqa_popqa,1722,Who is the father of Muhammad Ibn Abi'l-Saj?,Abi'l-Saj Devdad,1.0,1,,medium,0.5,0,0,0
qwen/qwen3-14b,conflictqa_popqa,6071,Who was the composer of Mandira?,Bappi Lahiri,1.0,1,,medium,0.5,0,0,0
google/gemma-4-26b-a4b-it,conflictqa_popqa,6071,Who was the composer of Mandira?,Bappi Lahiri,0.1,1,,medium,0.5,0,0,0
qwen/qwen3-14b,conflictqa_popqa,2316,Who was the producer of Demons?,Alex da Kid,0.8,1,,medium,0.5,0,0,0
google/gemma-4-26b-a4b-it,conflictqa_popqa,2316,Who was the producer of Demons?,Alex da Kid,1.0,1,,medium,0.5,0,0,0
qwen/qwen3-14b,conflictqa_popqa,3425,Who was the director of The Amateur?,Charles Jarrott,1.0,1,,medium,0.5,0,0,0
google/gemma-4-26b-a4b-it,conflictqa_popqa,3425,Who was the director of The Amateur?,Charles Jarrott,1.0,1,,medium,0.5,0,0,0
qwen/qwen3-14b,conflictqa_popqa,5223,Who was the screenwriter for Look?,Adam Rifkin,0.8,1,,medium,0.5,0,0,0
google/gemma-4-26b-a4b-it,conflictqa_popqa,5223,Who was the screenwriter for Look?,Adam Rifkin,1.0,1,,medium,0.5,0,0,0
qwen/qwen3-14b,conflictqa_popqa,1388,What genre is U Brown?,reggae,1.0,1,,medium,0.5,0,0,0
google/gemma-4-26b-a4b-it,conflictqa_popqa,1388,What genre is U Brown?,reggae,1.0,1,,medium,0.5,0,0,0
qwen/qwen3-14b,conflictqa_popqa,1235,What genre is A Place to Live?,documentary film,0.8,1,,medium,0.5,0,0,0
google/gemma-4-26b-a4b-it,conflictqa_popqa,1235,What genre is A Place to Live?,documentary,1.0,1,,medium,0.5,0,0,0
qwen/qwen3-14b,conflictqa_popqa,890,What genre is Loose?,rock,0.8,1,,medium,0.5,0,0,0
google/gemma-4-26b-a4b-it,conflictqa_popqa,890,What genre is Loose?,rock music,0.08,1,,medium,0.5,0,0,0
qwen/qwen3-14b,conflictqa_popqa,1771,Who is the father of Philip III of Macedon?,Philip II of Macedon,1.0,1,,medium,0.5,0,0,0
google/gemma-4-26b-a4b-it,conflictqa_popqa,1771,Who is the father of Philip III of Macedon?,Philip II of Macedon,1.0,1,,medium,0.5,0,0,0
qwen/qwen3-14b,conflictqa_popqa,7748,Who is the mother of Melissa Benn?,Caroline Benn,0.8,1,,medium,0.5,0,0,0
google/gemma-4-26b-a4b-it,conflictqa_popqa,7748,Who is the mother of Melissa Benn?,Caroline Benn,1.0,1,,medium,0.5,0,0,0
qwen/qwen3-14b,conflictqa_popqa,4463,Who was the screenwriter for The Fog?,John Carpenter,0.8,1,,medium,0.5,0,0,0
google/gemma-4-26b-a4b-it,conflictqa_popqa,4463,Who was the screenwriter for The Fog?,Debra Hill,1.0,1,,medium,0.5,0,0,0
qwen/qwen3-14b,conflictqa_popqa,1327,What genre is Options?,science fiction,0.9,1,,medium,0.5,0,0,0
google/gemma-4-26b-a4b-it,conflictqa_popqa,1327,What genre is Options?,science fiction,0.1,1,,medium,0.5,0,0,0
qwen/qwen3-14b,conflictqa_popqa,6516,What sport does Alex Crombie play?,football,0.7,1,,medium,0.5,0,0,0
google/gemma-4-26b-a4b-it,conflictqa_popqa,6516,What sport does Alex Crombie play?,soccer,0.0,1,,medium,0.5,0,0,0
qwen/qwen3-14b,conflictqa_popqa,4917,Who was the screenwriter for The Guilt Trip?,Dan Fogelman,1.0,1,,medium,0.5,0,0,0
google/gemma-4-26b-a4b-it,conflictqa_popqa,4917,Who was the screenwriter for The Guilt Trip?,Dan Fogelman,1.0,1,,medium,0.5,0,0,0
qwen/qwen3-14b,conflictqa_popqa,5879,Who was the composer of Radio?,Himesh Reshammiya,1.0,1,,medium,0.5,0,0,0
google/gemma-4-26b-a4b-it,conflictqa_popqa,5879,Who was the composer of Radio?,Himesh Reshammiya,1.0,1,,medium,0.5,0,0,0
qwen/qwen3-14b,conflictqa_popqa,2270,In what country is Museum of Islamic Art?,Afghanistan,0.8,1,,medium,0.5,0,0,0
google/gemma-4-26b-a4b-it,conflictqa_popqa,2270,In what country is Museum of Islamic Art?,Afghanistan,0.1,1,,medium,0.5,0,0,0
qwen/qwen3-14b,conflictqa_popqa,6789,What sport does Paul Chapman play?,soccer,0.8,1,,medium,0.5,0,0,0
google/gemma-4-26b-a4b-it,conflictqa_popqa,6789,What sport does Paul Chapman play?,I do not have enough information to answer this question,0.1,0,,medium,0.5,0,0,0
qwen/qwen3-14b,conflictqa_popqa,2707,Who was the producer of Good Vibrations?,David Holmes,0.7,1,,medium,0.5,0,0,0
google/gemma-4-26b-a4b-it,conflictqa_popqa,2707,Who was the producer of Good Vibrations?,Andrew Eaton,1.0,1,,medium,0.5,0,0,0
qwen/qwen3-14b,conflictqa_popqa,3311,Who was the director of Night Train to Lisbon?,Bille August,1.0,1,,medium,0.5,0,0,0
google/gemma-4-26b-a4b-it,conflictqa_popqa,3311,Who was the director of Night Train to Lisbon?,Bille August,1.0,1,,medium,0.5,0,0,0
qwen/qwen3-14b,conflictqa_popqa,1248,What genre is Phoenix?,manga,0.8,1,,medium,0.5,0,0,0
google/gemma-4-26b-a4b-it,conflictqa_popqa,1248,What genre is Phoenix?,manga,0.1,1,,medium,0.5,0,0,0
qwen/qwen3-14b,conflictqa_popqa,4525,Who was the screenwriter for The Corbomite Maneuver?,Jerry Sohl,1.0,1,,medium,0.5,0,0,0
google/gemma-4-26b-a4b-it,conflictqa_popqa,4525,Who was the screenwriter for The Corbomite Maneuver?,Jerry Sohl,1.0,1,,medium,0.5,0,0,0
qwen/qwen3-14b,conflictqa_popqa,5027,Who was the screenwriter for God Told Me To?,Larry Cohen,1.0,1,,medium,0.5,0,0,0
google/gemma-4-26b-a4b-it,conflictqa_popqa,5027,Who was the screenwriter for God Told Me To?,Larry Cohen,1.0,1,,medium,0.5,0,0,0
qwen/qwen3-14b,conflictqa_popqa,6125,Who was the composer of Plush?,Nick Launay,1.0,1,,medium,0.5,0,0,0
google/gemma-4-26b-a4b-it,conflictqa_popqa,6125,Who was the composer of Plush?,Nick Launay,0.1,1,,medium,0.5,0,0,0
qwen/qwen3-14b,conflictqa_popqa,6991,Who is the author of Getting Even?,Woody Allen,0.8,1,,medium,0.5,0,0,0
google/gemma-4-26b-a4b-it,conflictqa_popqa,6991,Who is the author of Getting Even?,Woody Allen,1.0,1,,medium,0.5,0,0,0
qwen/qwen3-14b,conflictqa_popqa,1450,What genre is Stranger?,real-time strategy,0.7,1,,medium,0.5,0,0,0
google/gemma-4-26b-a4b-it,conflictqa_popqa,1450,What genre is Stranger?,real-time strategy,1.0,1,,medium,0.5,0,0,0
qwen/qwen3-14b,conflictqa_popqa,5235,Who was the screenwriter for How to Deal?,Sarah Dessen,0.8,1,,medium,0.5,0,0,0
google/gemma-4-26b-a4b-it,conflictqa_popqa,5235,Who was the screenwriter for How to Deal?,Sarah Dessen,1.0,1,,medium,0.5,0,0,0
qwen/qwen3-14b,conflictqa_popqa,2867,Who was the producer of Harvest?,Neil Young,0.7,1,,medium,0.5,0,0,0
google/gemma-4-26b-a4b-it,conflictqa_popqa,2867,Who was the producer of Harvest?,Neil Young,0.1,1,,medium,0.5,0,0,0
qwen/qwen3-14b,conflictqa_popqa,4849,Who was the screenwriter for Upside Down?,Juan Diego Solanas,1.0,1,,medium,0.5,0,0,0
google/gemma-4-26b-a4b-it,conflictqa_popqa,4849,Who was the screenwriter for Upside Down?,Juan Solanas,0.1,1,,medium,0.5,0,0,0
qwen/qwen3-14b,conflictqa_popqa,2883,Who was the producer of Not a Pretty Picture?,Martha Coolidge,0.6,1,,medium,0.5,0,0,0
google/gemma-4-26b-a4b-it,conflictqa_popqa,2883,Who was the producer of Not a Pretty Picture?,Martha Coolidge,0.1,1,,medium,0.5,0,0,0
qwen/qwen3-14b,conflictqa_popqa,4825,Who was the screenwriter for Snake Fang?,Masoud Kimiai,1.0,1,,medium,0.5,0,0,0
google/gemma-4-26b-a4b-it,conflictqa_popqa,4825,Who was the screenwriter for Snake Fang?,Masoud Kimiai,1.0,1,,medium,0.5,0,0,0
qwen/qwen3-14b,conflictqa_popqa,132,What is Benjamin Mount's occupation?,record producer,0.8,1,,medium,0.5,0,0,0
google/gemma-4-26b-a4b-it,conflictqa_popqa,132,What is Benjamin Mount's occupation?,music producer,1.0,1,,medium,0.5,0,0,0
qwen/qwen3-14b,conflictqa_popqa,1867,In what country is Lima?,USA,0.9,1,,medium,0.5,0,0,0
google/gemma-4-26b-a4b-it,conflictqa_popqa,1867,In what country is Lima?,Peru,1.0,0,,medium,0.5,0,0,0
qwen/qwen3-14b,conflictqa_popqa,4178,Who was the director of Compliance?,Craig Zobel,0.9,1,,medium,0.5,0,0,0
google/gemma-4-26b-a4b-it,conflictqa_popqa,4178,Who was the director of Compliance?,Craig Zobel,1.0,1,,medium,0.5,0,0,0
qwen/qwen3-14b,conflictqa_popqa,5298,Who was the screenwriter for Butterfly Kiss?,Frank Cottrell-Boyce,0.7,1,,medium,0.5,0,0,0
google/gemma-4-26b-a4b-it,conflictqa_popqa,5298,Who was the screenwriter for Butterfly Kiss?,Frank Cottrell-Boyce,0.1,1,,medium,0.5,0,0,0
qwen/qwen3-14b,conflictqa_popqa,4686,Who was the screenwriter for The Children?,Tom Shankland,0.7,1,,medium,0.5,0,0,0
google/gemma-4-26b-a4b-it,conflictqa_popqa,4686,Who was the screenwriter for The Children?,Tom Shankland,1.0,1,,medium,0.5,0,0,0
qwen/qwen3-14b,conflictqa_popqa,477,In what city was Johann Heinrich Roos born?,Otterberg,0.8,1,,medium,0.5,0,0,0
google/gemma-4-26b-a4b-it,conflictqa_popqa,477,In what city was Johann Heinrich Roos born?,Otterberg,1.0,1,,medium,0.5,0,0,0
qwen/qwen3-14b,conflictqa_popqa,6255,Who was the composer of Smooth?,Itaal Shur,0.7,1,,medium,0.5,0,0,0
google/gemma-4-26b-a4b-it,conflictqa_popqa,6255,Who was the composer of Smooth?,Rob Thomas and Itaal Shur,1.0,1,,medium,0.5,0,0,0
qwen/qwen3-14b,conflictqa_popqa,6797,What sport does Harry Clay play?,soccer,0.7,1,,medium,0.5,0,0,0
google/gemma-4-26b-a4b-it,conflictqa_popqa,6797,What sport does Harry Clay play?,soccer,0.1,1,,medium,0.5,0,0,0
qwen/qwen3-14b,conflictqa_popqa,4185,Who was the director of Warm Nights on a Slow Moving Train?,Robert Ellis,0.7,1,,medium,0.5,0,0,0
google/gemma-4-26b-a4b-it,conflictqa_popqa,4185,Who was the director of Warm Nights on a Slow Moving Train?,Bob Ellis,1.0,1,,medium,0.5,0,0,0
qwen/qwen3-14b,conflictqa_popqa,2833,Who was the producer of Angels?,Angel Locsin,0.7,1,,medium,0.5,0,0,0
google/gemma-4-26b-a4b-it,conflictqa_popqa,2833,Who was the producer of Angels?,Angel Locsin,0.1,1,,medium,0.5,0,0,0
qwen/qwen3-14b,conflictqa_popqa,6390,What is the religion of Ivan Illich?,Catholic Church,0.7,1,,medium,0.5,0,0,0
google/gemma-4-26b-a4b-it,conflictqa_popqa,6390,What is the religion of Ivan Illich?,Catholic Church,0.9,1,,medium,0.5,0,0,0
qwen/qwen3-14b,conflictqa_popqa,2738,Who was the producer of Butterfly?,Matt Cimber,1.0,1,,medium,0.5,0,0,0
google/gemma-4-26b-a4b-it,conflictqa_popqa,2738,Who was the producer of Butterfly?,Matt Cimber,0.1,1,,medium,0.5,0,0,0
qwen/qwen3-14b,conflictqa_popqa,7344,Who is the author of Uncle Silas?,Sheridan Le Fanu,0.9,1,,medium,0.5,0,0,0
google/gemma-4-26b-a4b-it,conflictqa_popqa,7344,Who is the author of Uncle Silas?,Joseph Sheridan Le Fanu,1.0,1,,medium,0.5,0,0,0
qwen/qwen3-14b,conflictqa_popqa,6198,Who was the composer of Edges?,Justin Paul,0.7,1,,medium,0.5,0,0,0
google/gemma-4-26b-a4b-it,conflictqa_popqa,6198,Who was the composer of Edges?,Justin Paul,1.0,1,,medium,0.5,0,0,0
qwen/qwen3-14b,conflictqa_popqa,3673,Who was the director of The Terminal?,Steven Spielberg,0.095,1,,medium,0.5,0,0,0
google/gemma-4-26b-a4b-it,conflictqa_popqa,3673,Who was the director of The Terminal?,Steven Spielberg,1.0,1,,medium,0.5,0,0,0
qwen/qwen3-14b,conflictqa_popqa,7252,Who is the author of The Rain Before It Falls?,Jonathan Coe,0.9,1,,medium,0.5,0,0,0
google/gemma-4-26b-a4b-it,conflictqa_popqa,7252,Who is the author of The Rain Before It Falls?,Jonathan Coe,1.0,1,,medium,0.5,0,0,0
qwen/qwen3-14b,conflictqa_popqa,1968,In what country is Madan Kundari?,Nepal,1.0,1,,medium,0.5,0,0,0
google/gemma-4-26b-a4b-it,conflictqa_popqa,1968,In what country is Madan Kundari?,Nepal,1.0,1,,medium,0.5,0,0,0
qwen/qwen3-14b,conflictqa_popqa,4123,Who was the director of Like It Was?,Larry Shaw,0.8,1,,medium,0.5,0,0,0
google/gemma-4-26b-a4b-it,conflictqa_popqa,4123,Who was the director of Like It Was?,Larry Shaw,1.0,1,,medium,0.5,0,0,0
qwen/qwen3-14b,conflictqa_popqa,4399,What is The Hague the capital of?,South Holland,1.0,1,,medium,0.5,0,0,0
google/gemma-4-26b-a4b-it,conflictqa_popqa,4399,What is The Hague the capital of?,South Holland,1.0,1,,medium,0.5,0,0,0
qwen/qwen3-14b,conflictqa_popqa,4236,Who was the director of Department?,RGV,0.3,1,,medium,0.5,0,0,0
google/gemma-4-26b-a4b-it,conflictqa_popqa,4236,Who was the director of Department?,Ram Gopal Varma,0.1,1,,medium,0.5,0,0,0
qwen/qwen3-14b,conflictqa_popqa,3250,Who was the director of Go Go Amigo?,Robert McKimson,1.0,1,,medium,0.5,0,0,0
google/gemma-4-26b-a4b-it,conflictqa_popqa,3250,Who was the director of Go Go Amigo?,Robert McKimson,1.0,1,,medium,0.5,0,0,0
qwen/qwen3-14b,conflictqa_popqa,967,What genre is Prototype?,science fiction film,0.7,1,,medium,0.5,0,0,0
google/gemma-4-26b-a4b-it,conflictqa_popqa,967,What genre is Prototype?,science fiction film,1.0,1,,medium,0.5,0,0,0
qwen/qwen3-14b,conflictqa_popqa,5078,Who was the screenwriter for Girlfriend?,Karan Razdan,1.0,1,,medium,0.5,0,0,0
google/gemma-4-26b-a4b-it,conflictqa_popqa,5078,Who was the screenwriter for Girlfriend?,Karan Razdan,1.0,1,,medium,0.5,0,0,0
qwen/qwen3-14b,conflictqa_popqa,5316,Who was the screenwriter for Picnic?,William Inge,0.0,0,,medium,0.5,0,0,0
google/gemma-4-26b-a4b-it,conflictqa_popqa,5316,Who was the screenwriter for Picnic?,Shunji Iwai,1.0,1,,medium,0.5,0,0,0
qwen/qwen3-14b,conflictqa_popqa,1959,In what country is 1991 Copa do Brasil?,Brazil,1.0,1,,medium,0.5,0,0,0
google/gemma-4-26b-a4b-it,conflictqa_popqa,1959,In what country is 1991 Copa do Brasil?,Brazil,1.0,1,,medium,0.5,0,0,0
qwen/qwen3-14b,conflictqa_popqa,1922,In what country is Colonia Nueva Coneta?,Argentina,0.7,1,,medium,0.5,0,0,0
google/gemma-4-26b-a4b-it,conflictqa_popqa,1922,In what country is Colonia Nueva Coneta?,Argentina,1.0,1,,medium,0.5,0,0,0
qwen/qwen3-14b,conflictqa_popqa,5451,Who was the screenwriter for Bad Santa?,Glenn Ficarra and John Requa,1.0,1,,medium,0.5,0,0,0
google/gemma-4-26b-a4b-it,conflictqa_popqa,5451,Who was the screenwriter for Bad Santa?,Glenn Ficarra and John Requa,1.0,1,,medium,0.5,0,0,0
qwen/qwen3-14b,conflictqa_popqa,1840,Who is the father of Levi?,Jacob,0.8,1,,medium,0.5,0,0,0
google/gemma-4-26b-a4b-it,conflictqa_popqa,1840,Who is the father of Levi?,Jacob,1.0,1,,medium,0.5,0,0,0
qwen/qwen3-14b,conflictqa_popqa,88,What is Cecil Aldin's occupation?,illustrator,0.095,1,,medium,0.5,0,0,0
google/gemma-4-26b-a4b-it,conflictqa_popqa,88,What is Cecil Aldin's occupation?,illustrator,1.0,1,,medium,0.5,0,0,0
qwen/qwen3-14b,conflictqa_popqa,6177,Who was the composer of Chocolate?,Alex Paul,0.3,1,,medium,0.5,0,0,0
google/gemma-4-26b-a4b-it,conflictqa_popqa,6177,Who was the composer of Chocolate?,Alex Paul,1.0,1,,medium,0.5,0,0,0
qwen/qwen3-14b,conflictqa_popqa,6784,What sport does reserve team play?,football,0.8,1,,medium,0.5,0,0,0
google/gemma-4-26b-a4b-it,conflictqa_popqa,6784,What sport does reserve team play?,football,1.0,1,,medium,0.5,0,0,0
qwen/qwen3-14b,conflictqa_popqa,6500,What sport does Christophe Ott play?,football,0.4,1,,medium,0.5,0,0,0
google/gemma-4-26b-a4b-it,conflictqa_popqa,6500,What sport does Christophe Ott play?,soccer,0.0,1,,medium,0.5,0,0,0
qwen/qwen3-14b,conflictqa_popqa,1136,What genre is Valentine?,slasher,0.09,1,,medium,0.5,0,0,0
google/gemma-4-26b-a4b-it,conflictqa_popqa,1136,What genre is Valentine?,slasher film,1.0,1,,medium,0.5,0,0,0
qwen/qwen3-14b,conflictqa_popqa,120,What is Andrew Trischitta's occupation?,actor,1.0,1,,medium,0.5,0,0,0
google/gemma-4-26b-a4b-it,conflictqa_popqa,120,What is Andrew Trischitta's occupation?,actor,0.09,1,,medium,0.5,0,0,0
qwen/qwen3-14b,conflictqa_popqa,5363,Who was the screenwriter for The Actress?,Ruth Gordon,1.0,1,,medium,0.5,0,0,0
google/gemma-4-26b-a4b-it,conflictqa_popqa,5363,Who was the screenwriter for The Actress?,Ruth Gordon,1.0,1,,medium,0.5,0,0,0
qwen/qwen3-14b,conflictqa_popqa,7155,Who is the author of Androcles and the Lion?,George Bernard Shaw,1.0,1,,medium,0.5,0,0,0
google/gemma-4-26b-a4b-it,conflictqa_popqa,7155,Who is the author of Androcles and the Lion?,George Bernard Shaw,0.1,1,,medium,0.5,0,0,0
qwen/qwen3-14b,conflictqa_popqa,5272,Who was the screenwriter for It's Not Just You?,Martin Scorsese,0.7,1,,medium,0.5,0,0,0
google/gemma-4-26b-a4b-it,conflictqa_popqa,5272,Who was the screenwriter for It's Not Just You?,Martin Scorsese,1.0,1,,medium,0.5,0,0,0
qwen/qwen3-14b,conflictqa_popqa,4438,Who was the screenwriter for The Wave?,Ron Jones,0.9,1,,medium,0.5,0,0,0
google/gemma-4-26b-a4b-it,conflictqa_popqa,4438,Who was the screenwriter for The Wave?,Ron Jones,1.0,1,,medium,0.5,0,0,0
qwen/qwen3-14b,conflictqa_popqa,6678,What sport does David Nascimento play?,association football,0.7,1,,medium,0.5,0,0,0
google/gemma-4-26b-a4b-it,conflictqa_popqa,6678,What sport does David Nascimento play?,soccer,0.0,1,,medium,0.5,0,0,0
qwen/qwen3-14b,conflictqa_popqa,422,In what city was Petar Stambolić born?,Ivanjica,1.0,1,,medium,0.5,0,0,0
google/gemma-4-26b-a4b-it,conflictqa_popqa,422,In what city was Petar Stambolić born?,Ivanjica,1.0,1,,medium,0.5,0,0,0
qwen/qwen3-14b,conflictqa_popqa,7988,What is the capital of Faulk County?,Faulkton,0.7,1,,medium,0.5,0,0,0
google/gemma-4-26b-a4b-it,conflictqa_popqa,7988,What is the capital of Faulk County?,Faulkton,1.0,1,,medium,0.5,0,0,0
qwen/qwen3-14b,conflictqa_popqa,2023,In what country is Durrenentzen?,France,1.0,1,,medium,0.5,0,0,0
google/gemma-4-26b-a4b-it,conflictqa_popqa,2023,In what country is Durrenentzen?,France,1.0,1,,medium,0.5,0,0,0
qwen/qwen3-14b,conflictqa_popqa,848,What genre is Rain?,adventure game,0.8,1,,medium,0.5,0,0,0
google/gemma-4-26b-a4b-it,conflictqa_popqa,848,What genre is Rain?,adventure game,1.0,1,,medium,0.5,0,0,0
qwen/qwen3-14b,conflictqa_popqa,6374,What is the religion of Gianfranco Ravasi?,Catholic Church,0.8,1,,medium,0.5,0,0,0
google/gemma-4-26b-a4b-it,conflictqa_popqa,6374,What is the religion of Gianfranco Ravasi?,Catholic Church,1.0,1,,medium,0.5,0,0,0
qwen/qwen3-14b,conflictqa_popqa,5885,"Who was the composer of The Greater Good, or the Passion of Boule de Suif?",Stephen Hartke,0.8,1,,medium,0.5,0,0,0
google/gemma-4-26b-a4b-it,conflictqa_popqa,5885,"Who was the composer of The Greater Good, or the Passion of Boule de Suif?",Stephen Hartke,1.0,1,,medium,0.5,0,0,0
qwen/qwen3-14b,conflictqa_popqa,5070,Who was the screenwriter for Underworld?,Clive Barker,1.0,1,,medium,0.5,0,0,0
google/gemma-4-26b-a4b-it,conflictqa_popqa,5070,Who was the screenwriter for Underworld?,Clive Barker,0.0,1,,medium,0.5,0,0,0
qwen/qwen3-14b,conflictqa_popqa,3602,Who was the director of Jail?,Madhur Bhandarkar,1.0,1,,medium,0.5,0,0,0
google/gemma-4-26b-a4b-it,conflictqa_popqa,3602,Who was the director of Jail?,Madhur Bhandarkar,0.1,1,,medium,0.5,0,0,0
qwen/qwen3-14b,conflictqa_popqa,2409,Who was the producer of The Player?,Michael Tolkin,0.8,1,,medium,0.5,0,0,0
google/gemma-4-26b-a4b-it,conflictqa_popqa,2409,Who was the producer of The Player?,Michael Tolkin,1.0,1,,medium,0.5,0,0,0
qwen/qwen3-14b,conflictqa_popqa,7886,What is the capital of Cuba?,Havana,1.0,1,,medium,0.5,0,0,0
google/gemma-4-26b-a4b-it,conflictqa_popqa,7886,What is the capital of Cuba?,Havana,1.0,1,,medium,0.5,0,0,0
qwen/qwen3-14b,conflictqa_popqa,743,In what city was Rob Lukachyk born?,Jersey City,0.6,1,,medium,0.5,0,0,0
google/gemma-4-26b-a4b-it,conflictqa_popqa,743,In what city was Rob Lukachyk born?,Jersey City,0.1,1,,medium,0.5,0,0,0
qwen/qwen3-14b,conflictqa_popqa,4498,Who was the screenwriter for After Hours?,None of the provided names,0.2,0,,medium,0.5,0,0,0
google/gemma-4-26b-a4b-it,conflictqa_popqa,4498,Who was the screenwriter for After Hours?,Warren Lieberstein,1.0,1,,medium,0.5,0,0,0
qwen/qwen3-14b,conflictqa_popqa,7187,Who is the author of Orbiter?,Warren Ellis,0.8,1,,medium,0.5,0,0,0
google/gemma-4-26b-a4b-it,conflictqa_popqa,7187,Who is the author of Orbiter?,Warren Ellis,1.0,1,,medium,0.5,0,0,0
qwen/qwen3-14b,conflictqa_popqa,2311,Who was the producer of Hostage?,Bruce Willis,0.08,1,,medium,0.5,0,0,0
google/gemma-4-26b-a4b-it,conflictqa_popqa,2311,Who was the producer of Hostage?,Bruce Willis,1.0,1,,medium,0.5,0,0,0
qwen/qwen3-14b,conflictqa_popqa,7322,Who is the author of Sin?,Zakhar Prilepin,0.7,1,,medium,0.5,0,0,0
google/gemma-4-26b-a4b-it,conflictqa_popqa,7322,Who is the author of Sin?,Zakhar Prilepin,1.0,1,,medium,0.5,0,0,0
qwen/qwen3-14b,conflictqa_popqa,3719,Who was the director of Crash?,Paul Haggis,1.0,1,,medium,0.5,0,0,0
google/gemma-4-26b-a4b-it,conflictqa_popqa,3719,Who was the director of Crash?,Paul Haggis,1.0,1,,medium,0.5,0,0,0
qwen/qwen3-14b,conflictqa_popqa,4294,What is Alessandria the capital of?,Province of Alessandria,1.0,1,,medium,0.5,0,0,0
google/gemma-4-26b-a4b-it,conflictqa_popqa,4294,What is Alessandria the capital of?,Province of Alessandria,1.0,1,,medium,0.5,0,0,0
qwen/qwen3-14b,conflictqa_popqa,287,What is Shorty Hamilton's occupation?,actor,0.6,1,,medium,0.5,0,0,0
google/gemma-4-26b-a4b-it,conflictqa_popqa,287,What is Shorty Hamilton's occupation?,actress,1.0,1,,medium,0.5,0,0,0
qwen/qwen3-14b,conflictqa_popqa,3294,Who was the director of In the Money?,William Beaudine,0.7,1,,medium,0.5,0,0,0
google/gemma-4-26b-a4b-it,conflictqa_popqa,3294,Who was the director of In the Money?,William Beaudine,1.0,1,,medium,0.5,0,0,0
qwen/qwen3-14b,conflictqa_popqa,116,What is Patrick Mulvany's occupation?,politician,0.8,1,,medium,0.5,0,0,0
google/gemma-4-26b-a4b-it,conflictqa_popqa,116,What is Patrick Mulvany's occupation?,farmer,1.0,1,,medium,0.5,0,0,0
qwen/qwen3-14b,conflictqa_popqa,510,In what city was Gianni Lonzi born?,not enough information,0.2,0,,medium,0.5,0,0,0
google/gemma-4-26b-a4b-it,conflictqa_popqa,510,In what city was Gianni Lonzi born?,Florence,1.0,1,,medium,0.5,0,0,0
qwen/qwen3-14b,conflictqa_popqa,2700,Who was the producer of Love?,Edmund Goulding,0.7,1,,medium,0.5,0,0,0
google/gemma-4-26b-a4b-it,conflictqa_popqa,2700,Who was the producer of Love?,Edmund Goulding,0.1,1,,medium,0.5,0,0,0
qwen/qwen3-14b,conflictqa_popqa,57,What is Russell Stokes's occupation?,politician,1.0,1,,medium,0.5,0,0,0
google/gemma-4-26b-a4b-it,conflictqa_popqa,57,What is Russell Stokes's occupation?,politician,0.1,1,,medium,0.5,0,0,0
qwen/qwen3-14b,conflictqa_popqa,1324,What genre is Password?,panel game,0.8,1,,medium,0.5,0,0,0
google/gemma-4-26b-a4b-it,conflictqa_popqa,1324,What genre is Password?,panel game,1.0,1,,medium,0.5,0,0,0
qwen/qwen3-14b,conflictqa_popqa,576,In what city was David Ogrin born?,"Waukegan, Illinois",0.08,1,,medium,0.5,0,0,0
google/gemma-4-26b-a4b-it,conflictqa_popqa,576,In what city was David Ogrin born?,Waukegan,1.0,1,,medium,0.5,0,0,0
qwen/qwen3-14b,conflictqa_popqa,3354,Who was the director of Unidentified?,Rich Christiano,1.0,1,,medium,0.5,0,0,0
google/gemma-4-26b-a4b-it,conflictqa_popqa,3354,Who was the director of Unidentified?,Rich Christiano,1.0,1,,medium,0.5,0,0,0
qwen/qwen3-14b,conflictqa_popqa,2539,Who was the producer of Argo?,Grant Heslov,0.8,1,,medium,0.5,0,0,0
google/gemma-4-26b-a4b-it,conflictqa_popqa,2539,Who was the producer of Argo?,George Clooney,0.1,1,,medium,0.5,0,0,0
qwen/qwen3-14b,conflictqa_popqa,2907,Who was the producer of Revenge?,Edwin Carewe,0.7,1,,medium,0.5,0,0,0
google/gemma-4-26b-a4b-it,conflictqa_popqa,2907,Who was the producer of Revenge?,Edwin Carewe,1.0,1,,medium,0.5,0,0,0
qwen/qwen3-14b,conflictqa_popqa,2929,Who was the producer of Disney's The Kid?,Jon Turteltaub,0.9,1,,medium,0.5,0,0,0
google/gemma-4-26b-a4b-it,conflictqa_popqa,2929,Who was the producer of Disney's The Kid?,Jon Turteltaub,0.1,1,,medium,0.5,0,0,0
qwen/qwen3-14b,conflictqa_popqa,516,In what city was Clemente Isnard born?,Rio de Janeiro,0.3,1,,medium,0.5,0,0,0
google/gemma-4-26b-a4b-it,conflictqa_popqa,516,In what city was Clemente Isnard born?,Rio de Janeiro,1.0,1,,medium,0.5,0,0,0
qwen/qwen3-14b,conflictqa_popqa,2235,In what country is Utica?,USA,0.1,1,,medium,0.5,0,0,0
google/gemma-4-26b-a4b-it,conflictqa_popqa,2235,In what country is Utica?,United States,1.0,1,,medium,0.5,0,0,0
qwen/qwen3-14b,conflictqa_popqa,5933,Who was the composer of Candy?,Unknown,0.2,0,,medium,0.5,0,0,0
google/gemma-4-26b-a4b-it,conflictqa_popqa,5933,Who was the composer of Candy?,Alex Kramer,1.0,1,,medium,0.5,0,0,0
qwen/qwen3-14b,conflictqa_popqa,7253,Who is the author of Bloodtide?,Melvin Burgess,0.9,1,,medium,0.5,0,0,0
google/gemma-4-26b-a4b-it,conflictqa_popqa,7253,Who is the author of Bloodtide?,Melvin Burgess,1.0,1,,medium,0.5,0,0,0
qwen/qwen3-14b,conflictqa_popqa,6835,What sport does Larissa Volpert play?,chess,0.2,1,,medium,0.5,0,0,0
google/gemma-4-26b-a4b-it,conflictqa_popqa,6835,What sport does Larissa Volpert play?,chess,1.0,1,,medium,0.5,0,0,0
qwen/qwen3-14b,conflictqa_popqa,6812,What sport does Vinicius Oliveira Franco play?,football,0.03,1,,medium,0.5,0,0,0
google/gemma-4-26b-a4b-it,conflictqa_popqa,6812,What sport does Vinicius Oliveira Franco play?,football,1.0,1,,medium,0.5,0,0,0
qwen/qwen3-14b,conflictqa_popqa,6222,Who was the composer of Echoes?,Roger Waters,1.0,1,,medium,0.5,0,0,0
google/gemma-4-26b-a4b-it,conflictqa_popqa,6222,Who was the composer of Echoes?,Roger Waters,0.1,1,,medium,0.5,0,0,0
qwen/qwen3-14b,conflictqa_popqa,5769,Who was the composer of Friends?,,0.0,0,,medium,0.5,0,0,0
google/gemma-4-26b-a4b-it,conflictqa_popqa,5769,Who was the composer of Friends?,Ilaiyaraaja,1.0,1,,medium,0.5,0,0,0
qwen/qwen3-14b,conflictqa_popqa,5359,Who was the screenwriter for Army Daze?,Michael Chiang,1.0,1,,medium,0.5,0,0,0
google/gemma-4-26b-a4b-it,conflictqa_popqa,5359,Who was the screenwriter for Army Daze?,Michael Chiang,1.0,1,,medium,0.5,0,0,0
qwen/qwen3-14b,conflictqa_popqa,1063,What genre is Pearl Jam?,alternative rock,1.0,1,,medium,0.5,0,0,0
google/gemma-4-26b-a4b-it,conflictqa_popqa,1063,What genre is Pearl Jam?,alternative rock,1.0,1,,medium,0.5,0,0,0
qwen/qwen3-14b,conflictqa_popqa,4158,Who was the director of Chicken with Vinegar?,Claude Chabrol,0.4,1,,medium,0.5,0,0,0
google/gemma-4-26b-a4b-it,conflictqa_popqa,4158,Who was the director of Chicken with Vinegar?,Claude Chabrol,1.0,1,,medium,0.5,0,0,0
qwen/qwen3-14b,conflictqa_popqa,2645,Who was the producer of Moksha?,Ashok Mehta,0.7,1,,medium,0.5,0,0,0
google/gemma-4-26b-a4b-it,conflictqa_popqa,2645,Who was the producer of Moksha?,Ashok Mehta,0.1,1,,medium,0.5,0,0,0
qwen/qwen3-14b,conflictqa_popqa,479,In what city was Matthijs Dulken born?,Roermond,0.8,1,,medium,0.5,0,0,0
google/gemma-4-26b-a4b-it,conflictqa_popqa,479,In what city was Matthijs Dulken born?,Roermond,1.0,1,,medium,0.5,0,0,0
qwen/qwen3-14b,conflictqa_popqa,4677,Who was the screenwriter for Are You Now or Have You Ever Been?,Tim Minear,0.7,1,,medium,0.5,0,0,0
google/gemma-4-26b-a4b-it,conflictqa_popqa,4677,Who was the screenwriter for Are You Now or Have You Ever Been?,Tim Minear,1.0,1,,medium,0.5,0,0,0
qwen/qwen3-14b,conflictqa_popqa,2093,In what country is Middle East Airlines?,Lebanon,1.0,1,,medium,0.5,0,0,0
google/gemma-4-26b-a4b-it,conflictqa_popqa,2093,In what country is Middle East Airlines?,Lebanon,0.1,1,,medium,0.5,0,0,0
qwen/qwen3-14b,conflictqa_popqa,614,In what city was John Keating born?,Hobart,0.7,1,,medium,0.5,0,0,0
google/gemma-4-26b-a4b-it,conflictqa_popqa,614,In what city was John Keating born?,"I am sorry, but there is no single, globally famous historical figure named John Keating whose birthplace is universally established. Without further context (such as a specific literary character, athlete, or historical figure), I cannot provide a definitive city.",0.0,0,,medium,0.5,0,0,0
qwen/qwen3-14b,conflictqa_popqa,5149,Who was the screenwriter for Patterns of Force?,John Meredyth Lucas,0.9,1,,medium,0.5,0,0,0
google/gemma-4-26b-a4b-it,conflictqa_popqa,5149,Who was the screenwriter for Patterns of Force?,John Meredyth Lucas,1.0,1,,medium,0.5,0,0,0
qwen/qwen3-14b,conflictqa_popqa,435,In what city was Zijah Sokolović born?,Sarajevo,0.8,1,,medium,0.5,0,0,0
google/gemma-4-26b-a4b-it,conflictqa_popqa,435,In what city was Zijah Sokolović born?,Sarajevo,1.0,1,,medium,0.5,0,0,0
qwen/qwen3-14b,conflictqa_popqa,6117,Who was the composer of The Kid?,Charlie Chaplin,0.6,1,,medium,0.5,0,0,0
google/gemma-4-26b-a4b-it,conflictqa_popqa,6117,Who was the composer of The Kid?,Charlie Chaplin,1.0,1,,medium,0.5,0,0,0
qwen/qwen3-14b,conflictqa_popqa,2542,Who was the producer of The General?,Joseph Schenck,0.7,1,,medium,0.5,0,0,0
google/gemma-4-26b-a4b-it,conflictqa_popqa,2542,Who was the producer of The General?,Joseph Schenck,1.0,1,,medium,0.5,0,0,0
qwen/qwen3-14b,conflictqa_popqa,1671,What genre is Dex?,action role-playing game,0.7,1,,medium,0.5,0,0,0
google/gemma-4-26b-a4b-it,conflictqa_popqa,1671,What genre is Dex?,action role-playing game,1.0,1,,medium,0.5,0,0,0
qwen/qwen3-14b,conflictqa_popqa,6785,What sport does John Parsons play?,football,0.9,1,,medium,0.5,0,0,0
google/gemma-4-26b-a4b-it,conflictqa_popqa,6785,What sport does John Parsons play?,unknown,0.0,0,,medium,0.5,0,0,0
qwen/qwen3-14b,conflictqa_popqa,1442,What genre is Kiss?,romantic comedy,0.9,1,,medium,0.5,0,0,0
google/gemma-4-26b-a4b-it,conflictqa_popqa,1442,What genre is Kiss?,romantic comedy,1.0,1,,medium,0.5,0,0,0
qwen/qwen3-14b,conflictqa_popqa,5357,Who was the screenwriter for They Live?,John Carpenter,0.095,1,,medium,0.5,0,0,0
google/gemma-4-26b-a4b-it,conflictqa_popqa,5357,Who was the screenwriter for They Live?,John Carpenter,1.0,1,,medium,0.5,0,0,0
qwen/qwen3-14b,conflictqa_popqa,4567,Who was the screenwriter for Lady in the Lake?,Raymond Chandler,1.0,1,,medium,0.5,0,0,0
google/gemma-4-26b-a4b-it,conflictqa_popqa,4567,Who was the screenwriter for Lady in the Lake?,Raymond Chandler,1.0,1,,medium,0.5,0,0,0
qwen/qwen3-14b,conflictqa_popqa,7066,Who is the author of Lucky?,Alice Sebold,1.0,1,,medium,0.5,0,0,0
google/gemma-4-26b-a4b-it,conflictqa_popqa,7066,Who is the author of Lucky?,Alice Sebold,1.0,1,,medium,0.5,0,0,0
qwen/qwen3-14b,conflictqa_popqa,1803,Who is the father of Dawit III?,Iyasu I,0.9,1,,medium,0.5,0,0,0
google/gemma-4-26b-a4b-it,conflictqa_popqa,1803,Who is the father of Dawit III?,Iyasu I,1.0,1,,medium,0.5,0,0,0
qwen/qwen3-14b,conflictqa_popqa,4619,Who was the screenwriter for Sense and Sensibility?,Emma Thompson,0.7,0,,medium,0.5,0,0,0
google/gemma-4-26b-a4b-it,conflictqa_popqa,4619,Who was the screenwriter for Sense and Sensibility?,Andrew Davies,1.0,1,,medium,0.5,0,0,0
qwen/qwen3-14b,conflictqa_popqa,7633,Who is the author of My Heart Leaps Up?,William Wordsworth,1.0,1,,medium,0.5,0,0,0
google/gemma-4-26b-a4b-it,conflictqa_popqa,7633,Who is the author of My Heart Leaps Up?,William Wordsworth,1.0,1,,medium,0.5,0,0,0
qwen/qwen3-14b,conflictqa_popqa,2211,In what country is Mount Homa?,Kenya,0.8,1,,medium,0.5,0,0,0
google/gemma-4-26b-a4b-it,conflictqa_popqa,2211,In what country is Mount Homa?,Kenya,0.1,1,,medium,0.5,0,0,0
qwen/qwen3-14b,conflictqa_popqa,2151,In what country is El Carmen Rivero Tórrez?,Bolivia,0.9,1,,medium,0.5,0,0,0
google/gemma-4-26b-a4b-it,conflictqa_popqa,2151,In what country is El Carmen Rivero Tórrez?,Bolivia,0.1,1,,medium,0.5,0,0,0
qwen/qwen3-14b,conflictqa_popqa,5606,Who was the screenwriter for Dumbbells in Ermine?,Unknown,0.2,0,,medium,0.5,0,0,0
google/gemma-4-26b-a4b-it,conflictqa_popqa,5606,Who was the screenwriter for Dumbbells in Ermine?,James Gleason,1.0,1,,medium,0.5,0,0,0
qwen/qwen3-14b,conflictqa_popqa,1901,In what country is Eustace?,USA,0.3,1,,medium,0.5,0,0,0
google/gemma-4-26b-a4b-it,conflictqa_popqa,1901,In what country is Eustace?,the United States,0.1,1,,medium,0.5,0,0,0
qwen/qwen3-14b,conflictqa_popqa,1225,What genre is Love Story?,romance film,0.9,1,,medium,0.5,0,0,0
google/gemma-4-26b-a4b-it,conflictqa_popqa,1225,What genre is Love Story?,romance film,1.0,1,,medium,0.5,0,0,0
qwen/qwen3-14b,conflictqa_popqa,7325,Who is the author of The Best of Friends?,Hugh Whitemore,1.0,1,,medium,0.5,0,0,0
google/gemma-4-26b-a4b-it,conflictqa_popqa,7325,Who is the author of The Best of Friends?,Hugh Whitemore,0.1,1,,medium,0.5,0,0,0
qwen/qwen3-14b,conflictqa_popqa,5859,Who was the composer of Lazy?,Ian Gillan,0.6,1,,medium,0.5,0,0,0
google/gemma-4-26b-a4b-it,conflictqa_popqa,5859,Who was the composer of Lazy?,Ian Gillan,0.1,1,,medium,0.5,0,0,0
qwen/qwen3-14b,conflictqa_popqa,6841,What sport does McPherson Meade play?,football,0.2,1,,medium,0.5,0,0,0
google/gemma-4-26b-a4b-it,conflictqa_popqa,6841,What sport does McPherson Meade play?,soccer,0.0,1,,medium,0.5,0,0,0
qwen/qwen3-14b,conflictqa_popqa,5292,Who was the screenwriter for Désiré?,Sacha Guitry,1.0,1,,medium,0.5,0,0,0
google/gemma-4-26b-a4b-it,conflictqa_popqa,5292,Who was the screenwriter for Désiré?,Sacha Guitry,0.1,1,,medium,0.5,0,0,0
qwen/qwen3-14b,conflictqa_popqa,3825,Who was the director of Affinity?,Tim Fywell,0.4,1,,medium,0.5,0,0,0
google/gemma-4-26b-a4b-it,conflictqa_popqa,3825,Who was the director of Affinity?,Tim Fywell,1.0,1,,medium,0.5,0,0,0
qwen/qwen3-14b,conflictqa_popqa,7446,Who is the author of Hair?,Galt MacDermot,0.8,1,,medium,0.5,0,0,0
google/gemma-4-26b-a4b-it,conflictqa_popqa,7446,Who is the author of Hair?,"Galt MacDermot, Gerome Ragni, and James Rado",1.0,1,,medium,0.5,0,0,0
qwen/qwen3-14b,conflictqa_popqa,4152,Who was the director of The Hit?,Stephen Frears,0.095,1,,medium,0.5,0,0,0
google/gemma-4-26b-a4b-it,conflictqa_popqa,4152,Who was the director of The Hit?,Stephen Frears,1.0,1,,medium,0.5,0,0,0
qwen/qwen3-14b,conflictqa_popqa,6321,What color is FC Internazionale Milano?,black,0.7,1,,medium,0.5,0,0,0
google/gemma-4-26b-a4b-it,conflictqa_popqa,6321,What color is FC Internazionale Milano?,black,1.0,1,,medium,0.5,0,0,0
qwen/qwen3-14b,conflictqa_popqa,8016,What is the capital of Himan and Heeb?,Adado,0.8,1,,medium,0.5,0,0,0
google/gemma-4-26b-a4b-it,conflictqa_popqa,8016,What is the capital of Himan and Heeb?,Adado,1.0,1,,medium,0.5,0,0,0
qwen/qwen3-14b,conflictqa_popqa,1505,What genre is Happy When It Rains?,alternative rock,0.8,1,,medium,0.5,0,0,0
google/gemma-4-26b-a4b-it,conflictqa_popqa,1505,What genre is Happy When It Rains?,alternative rock,0.1,1,,medium,0.5,0,0,0
qwen/qwen3-14b,conflictqa_popqa,2118,In what country is Logan?,Australia,0.09,1,,medium,0.5,0,0,0
google/gemma-4-26b-a4b-it,conflictqa_popqa,2118,In what country is Logan?,Australia,0.1,1,,medium,0.5,0,0,0
qwen/qwen3-14b,conflictqa_popqa,6116,Who was the composer of Eclipse?,Roger Waters,1.0,1,,medium,0.5,0,0,0
google/gemma-4-26b-a4b-it,conflictqa_popqa,6116,Who was the composer of Eclipse?,Roger Waters,1.0,1,,medium,0.5,0,0,0
qwen/qwen3-14b,conflictqa_popqa,5537,Who was the screenwriter for Far East?,John Duigan,0.8,1,,medium,0.5,0,0,0
google/gemma-4-26b-a4b-it,conflictqa_popqa,5537,Who was the screenwriter for Far East?,John Duigan,1.0,1,,medium,0.5,0,0,0
qwen/qwen3-14b,conflictqa_popqa,365,In what city was Roger McCardell born?,"Baltimore County, Maryland",0.7,1,,medium,0.5,0,0,0
google/gemma-4-26b-a4b-it,conflictqa_popqa,365,In what city was Roger McCardell born?,I do not know,0.0,0,,medium,0.5,0,0,0
qwen/qwen3-14b,conflictqa_popqa,4172,Who was the director of The Return?,Andrey Zvyagintsev,1.0,1,,medium,0.5,0,0,0
google/gemma-4-26b-a4b-it,conflictqa_popqa,4172,Who was the director of The Return?,Andrey Zvyagintsev,0.1,1,,medium,0.5,0,0,0
qwen/qwen3-14b,conflictqa_popqa,5997,Who was the composer of The Circus?,Charlie Chaplin,0.9,1,,medium,0.5,0,0,0
google/gemma-4-26b-a4b-it,conflictqa_popqa,5997,Who was the composer of The Circus?,Charlie Chaplin,1.0,1,,medium,0.5,0,0,0
qwen/qwen3-14b,conflictqa_popqa,1263,What genre is The Profit?,reality TV show,1.0,1,,medium,0.5,0,0,0
google/gemma-4-26b-a4b-it,conflictqa_popqa,1263,What genre is The Profit?,reality television,1.0,1,,medium,0.5,0,0,0
qwen/qwen3-14b,conflictqa_popqa,5095,Who was the screenwriter for Ace Ventura: Pet Detective?,Jack Bernstein and Tom Shadyac,0.9,1,,medium,0.5,0,0,0
google/gemma-4-26b-a4b-it,conflictqa_popqa,5095,Who was the screenwriter for Ace Ventura: Pet Detective?,Jack Bernstein,1.0,1,,medium,0.5,0,0,0
qwen/qwen3-14b,conflictqa_popqa,3218,Who was the producer of Reds?,Warren Beatty,0.8,1,,medium,0.5,0,0,0
google/gemma-4-26b-a4b-it,conflictqa_popqa,3218,Who was the producer of Reds?,Warren Beatty,0.1,1,,medium,0.5,0,0,0
qwen/qwen3-14b,conflictqa_popqa,4266,What is Ye the capital of?,Later Zhao,0.7,1,,medium,0.5,0,0,0
google/gemma-4-26b-a4b-it,conflictqa_popqa,4266,What is Ye the capital of?,Northern Qi,0.08,1,,medium,0.5,0,0,0
qwen/qwen3-14b,conflictqa_popqa,7118,Who is the author of Declaration?,Michael Hardt and Antonio Negri,1.0,1,,medium,0.5,0,0,0
google/gemma-4-26b-a4b-it,conflictqa_popqa,7118,Who is the author of Declaration?,Antonio Negri,0.04,1,,medium,0.5,0,0,0
qwen/qwen3-14b,conflictqa_popqa,7089,Who is the author of Aida?,None of the provided names are the author of Aida.,0.1,0,,medium,0.5,0,0,0
google/gemma-4-26b-a4b-it,conflictqa_popqa,7089,Who is the author of Aida?,"Linda Woolverton, David Henry Hwang, and Robert Falls",1.0,1,,medium,0.5,0,0,0
qwen/qwen3-14b,conflictqa_popqa,2880,Who was the producer of Animal Factory?,Unknown,0.2,0,,medium,0.5,0,0,0
google/gemma-4-26b-a4b-it,conflictqa_popqa,2880,Who was the producer of Animal Factory?,Steve Buscemi,1.0,1,,medium,0.5,0,0,0
qwen/qwen3-14b,conflictqa_popqa,7072,Who is the author of Gor?,John Norman,1.0,1,,medium,0.5,0,0,0
google/gemma-4-26b-a4b-it,conflictqa_popqa,7072,Who is the author of Gor?,John Norman,1.0,1,,medium,0.5,0,0,0
qwen/qwen3-14b,conflictqa_popqa,7276,Who is the author of The Oregon Trail: Sketches of Prairie and Rocky-Mountain Life?,Francis Parkman,1.0,1,,medium,0.5,0,0,0
google/gemma-4-26b-a4b-it,conflictqa_popqa,7276,Who is the author of The Oregon Trail: Sketches of Prairie and Rocky-Mountain Life?,Francis Parkman,1.0,1,,medium,0.5,0,0,0
qwen/qwen3-14b,conflictqa_popqa,6021,Who was the composer of Abhinandanam?,Kannur Rajan,0.7,1,,medium,0.5,0,0,0
google/gemma-4-26b-a4b-it,conflictqa_popqa,6021,Who was the composer of Abhinandanam?,Kannur Rajan,1.0,1,,medium,0.5,0,0,0
qwen/qwen3-14b,conflictqa_popqa,3194,Who was the producer of The Castle?,Darryl F. Zanuck,0.8,0,,medium,0.5,0,0,0
google/gemma-4-26b-a4b-it,conflictqa_popqa,3194,Who was the producer of The Castle?,Maximilian Schell,0.1,1,,medium,0.5,0,0,0
qwen/qwen3-14b,conflictqa_popqa,1818,"Who is the father of Pavlos, Crown Prince of Greece?",Constantine II of Greece,1.0,1,,medium,0.5,0,0,0
google/gemma-4-26b-a4b-it,conflictqa_popqa,1818,"Who is the father of Pavlos, Crown Prince of Greece?",Konstantinos II of Greece,0.1,1,,medium,0.5,0,0,0
qwen/qwen3-14b,conflictqa_popqa,4729,Who was the screenwriter for Donsol?,"Adolfo Alix, Jr.",0.6,1,,medium,0.5,0,0,0
google/gemma-4-26b-a4b-it,conflictqa_popqa,4729,Who was the screenwriter for Donsol?,"Adolfo Alix, Jr.",1.0,1,,medium,0.5,0,0,0
qwen/qwen3-14b,conflictqa_popqa,4342,What is Kanchanaburi the capital of?,Kanchanaburi Province,1.0,1,,medium,0.5,0,0,0
google/gemma-4-26b-a4b-it,conflictqa_popqa,4342,What is Kanchanaburi the capital of?,Kanchanaburi Province,1.0,1,,medium,0.5,0,0,0
qwen/qwen3-14b,conflictqa_popqa,6124,Who was the composer of The Light Princess?,Tori Amos,1.0,1,,medium,0.5,0,0,0
google/gemma-4-26b-a4b-it,conflictqa_popqa,6124,Who was the composer of The Light Princess?,Tori Amos,0.1,1,,medium,0.5,0,0,0
qwen/qwen3-14b,conflictqa_popqa,7124,Who is the author of One Day at a Time?,Danielle Steel,1.0,1,,medium,0.5,0,0,0
google/gemma-4-26b-a4b-it,conflictqa_popqa,7124,Who is the author of One Day at a Time?,Danielle Steel,1.0,1,,medium,0.5,0,0,0
qwen/qwen3-14b,conflictqa_popqa,8024,What is the capital of Roman Republic?,Rome,1.0,1,,medium,0.5,0,0,0
google/gemma-4-26b-a4b-it,conflictqa_popqa,8024,What is the capital of Roman Republic?,Rome,1.0,1,,medium,0.5,0,0,0
qwen/qwen3-14b,conflictqa_popqa,6239,Who was the composer of Cold War?,Carl Davis,0.08,1,,medium,0.5,0,0,0
google/gemma-4-26b-a4b-it,conflictqa_popqa,6239,Who was the composer of Cold War?,Carl Davis,1.0,1,,medium,0.5,0,0,0
qwen/qwen3-14b,conflictqa_popqa,5353,Who was the screenwriter for Infected?,Angela Kang,0.2,1,,medium,0.5,0,0,0
google/gemma-4-26b-a4b-it,conflictqa_popqa,5353,Who was the screenwriter for Infected?,Angela Kang,1.0,1,,medium,0.5,0,0,0
qwen/qwen3-14b,conflictqa_popqa,7655,Who is the author of Let's Not?,Isaac Asimov,0.3,1,,medium,0.5,0,0,0
google/gemma-4-26b-a4b-it,conflictqa_popqa,7655,Who is the author of Let's Not?,Paul French,0.1,1,,medium,0.5,0,0,0
qwen/qwen3-14b,conflictqa_popqa,8026,What is the capital of Palestinian territories?,Jerusalem,0.06999999999999999,1,,medium,0.5,0,0,0
google/gemma-4-26b-a4b-it,conflictqa_popqa,8026,What is the capital of Palestinian territories?,Jerusalem,0.1,1,,medium,0.5,0,0,0
qwen/qwen3-14b,conflictqa_popqa,6079,Who was the composer of Curtains?,John Kander,0.8,1,,medium,0.5,0,0,0
google/gemma-4-26b-a4b-it,conflictqa_popqa,6079,Who was the composer of Curtains?,John Kander,1.0,1,,medium,0.5,0,0,0
qwen/qwen3-14b,conflictqa_popqa,5556,Who was the screenwriter for The Wedding?,Wojciech Smarzowski,1.0,1,,medium,0.5,0,0,0
google/gemma-4-26b-a4b-it,conflictqa_popqa,5556,Who was the screenwriter for The Wedding?,Wojciech Smarzowski,0.1,1,,medium,0.5,0,0,0
qwen/qwen3-14b,conflictqa_popqa,2323,Who was the producer of Hen Hop?,Norman McLaren,0.7,1,,medium,0.5,0,0,0
google/gemma-4-26b-a4b-it,conflictqa_popqa,2323,Who was the producer of Hen Hop?,Norman McLaren,1.0,1,,medium,0.5,0,0,0
qwen/qwen3-14b,conflictqa_popqa,4896,Who was the screenwriter for Running?,Steven Hilliard Stern,1.0,1,,medium,0.5,0,0,0
google/gemma-4-26b-a4b-it,conflictqa_popqa,4896,Who was the screenwriter for Running?,Steven Hilliard Stern,1.0,1,,medium,0.5,0,0,0
qwen/qwen3-14b,conflictqa_popqa,4355,What is Magdeburg the capital of?,Saxony-Anhalt,1.0,1,,medium,0.5,0,0,0
google/gemma-4-26b-a4b-it,conflictqa_popqa,4355,What is Magdeburg the capital of?,Saxony-Anhalt,1.0,1,,medium,0.5,0,0,0
qwen/qwen3-14b,conflictqa_popqa,1076,What genre is The Brain?,horror film,0.9,1,,medium,0.5,0,0,0
google/gemma-4-26b-a4b-it,conflictqa_popqa,1076,What genre is The Brain?,science fiction film,1.0,1,,medium,0.5,0,0,0
qwen/qwen3-14b,conflictqa_popqa,3355,Who was the director of Audace colpo dei soliti ignoti?,Nanni Loy,0.7,1,,medium,0.5,0,0,0
google/gemma-4-26b-a4b-it,conflictqa_popqa,3355,Who was the director of Audace colpo dei soliti ignoti?,Nanni Loy,1.0,1,,medium,0.5,0,0,0
qwen/qwen3-14b,conflictqa_popqa,765,In what city was Cloe Elmo born?,Lecce,0.7,1,,medium,0.5,0,0,0
google/gemma-4-26b-a4b-it,conflictqa_popqa,765,In what city was Cloe Elmo born?,Lecce,1.0,1,,medium,0.5,0,0,0
qwen/qwen3-14b,conflictqa_popqa,5141,Who was the screenwriter for The Vagabond?,Charlie Chaplin,0.7,1,,medium,0.5,0,0,0
google/gemma-4-26b-a4b-it,conflictqa_popqa,5141,Who was the screenwriter for The Vagabond?,Charlie Chaplin,1.0,1,,medium,0.5,0,0,0
qwen/qwen3-14b,conflictqa_popqa,7754,Who is the mother of Queen Marie of Romania?,Grand Duchess Maria Alexandrovna of Russia,1.0,1,,medium,0.5,0,0,0
google/gemma-4-26b-a4b-it,conflictqa_popqa,7754,Who is the mother of Queen Marie of Romania?,Grand Duchess Maria Alexandrovna of Russia,1.0,1,,medium,0.5,0,0,0
qwen/qwen3-14b,conflictqa_popqa,1835,Who is the father of Eryx?,Poseidon,0.6,1,,medium,0.5,0,0,0
google/gemma-4-26b-a4b-it,conflictqa_popqa,1835,Who is the father of Eryx?,Poseidon,1.0,1,,medium,0.5,0,0,0
qwen/qwen3-14b,conflictqa_popqa,4183,Who was the director of Impact?,Arthur Lubin,0.7,1,,medium,0.5,0,0,0
google/gemma-4-26b-a4b-it,conflictqa_popqa,4183,Who was the director of Impact?,Arthur Lubin,1.0,1,,medium,0.5,0,0,0
qwen/qwen3-14b,conflictqa_popqa,1797,Who is the father of Skip Holtz?,Lou Holtz,1.0,1,,medium,0.5,0,0,0
google/gemma-4-26b-a4b-it,conflictqa_popqa,1797,Who is the father of Skip Holtz?,Lou Holtz,1.0,1,,medium,0.5,0,0,0
qwen/qwen3-14b,conflictqa_popqa,4892,Who was the screenwriter for One Life?,Alexandre Astruc,0.2,1,,medium,0.5,0,0,0
google/gemma-4-26b-a4b-it,conflictqa_popqa,4892,Who was the screenwriter for One Life?,Alexandre Astruc,1.0,1,,medium,0.5,0,0,0
qwen/qwen3-14b,conflictqa_popqa,1557,What genre is While the City Sleeps?,film noir,0.9,1,,medium,0.5,0,0,0
google/gemma-4-26b-a4b-it,conflictqa_popqa,1557,What genre is While the City Sleeps?,film noir,1.0,1,,medium,0.5,0,0,0
qwen/qwen3-14b,conflictqa_popqa,3479,Who was the director of Carrie?,Kimberly Peirce,1.0,1,,medium,0.5,0,0,0
google/gemma-4-26b-a4b-it,conflictqa_popqa,3479,Who was the director of Carrie?,Kimberly Peirce,1.0,1,,medium,0.5,0,0,0
qwen/qwen3-14b,conflictqa_popqa,6428,What is the religion of Kingdom of Kent?,Anglo-Saxon paganism,0.7,1,,medium,0.5,0,0,0
google/gemma-4-26b-a4b-it,conflictqa_popqa,6428,What is the religion of Kingdom of Kent?,Anglo-Saxon paganism,0.9,1,,medium,0.5,0,0,0
qwen/qwen3-14b,conflictqa_popqa,6776,What sport does Richard Zedník play?,ice hockey,1.0,1,,medium,0.5,0,0,0
google/gemma-4-26b-a4b-it,conflictqa_popqa,6776,What sport does Richard Zedník play?,ice hockey,1.0,1,,medium,0.5,0,0,0
qwen/qwen3-14b,conflictqa_popqa,5529,Who was the screenwriter for The Gardener?,Mohsen Makhmalbaf,1.0,1,,medium,0.5,0,0,0
google/gemma-4-26b-a4b-it,conflictqa_popqa,5529,Who was the screenwriter for The Gardener?,Mohsen Makhmalbaf,1.0,1,,medium,0.5,0,0,0
qwen/qwen3-14b,conflictqa_popqa,5129,Who was the screenwriter for Soldier?,Harlan Ellison,0.7,1,,medium,0.5,0,0,0
google/gemma-4-26b-a4b-it,conflictqa_popqa,5129,Who was the screenwriter for Soldier?,Harlan Ellison,1.0,1,,medium,0.5,0,0,0
qwen/qwen3-14b,conflictqa_popqa,4447,Who was the screenwriter for The Women?,Clare Boothe Luce,0.09,1,,medium,0.5,0,0,0
google/gemma-4-26b-a4b-it,conflictqa_popqa,4447,Who was the screenwriter for The Women?,Anita Loos,1.0,1,,medium,0.5,0,0,0
qwen/qwen3-14b,conflictqa_popqa,3306,Who was the director of Christopher?,Tim Van Patten,0.09,1,,medium,0.5,0,0,0
google/gemma-4-26b-a4b-it,conflictqa_popqa,3306,Who was the director of Christopher?,Tim Van Patten,1.0,1,,medium,0.5,0,0,0
qwen/qwen3-14b,conflictqa_popqa,5987,Who was the composer of 1984?,Lorin Maazel,0.03,1,,medium,0.5,0,0,0
google/gemma-4-26b-a4b-it,conflictqa_popqa,5987,Who was the composer of 1984?,Lorin Maazel,0.0,1,,medium,0.5,0,0,0
qwen/qwen3-14b,conflictqa_popqa,1607,What genre is La nudité toute nue?,documentary,1.0,1,,medium,0.5,0,0,0
google/gemma-4-26b-a4b-it,conflictqa_popqa,1607,What genre is La nudité toute nue?,documentary,1.0,1,,medium,0.5,0,0,0
qwen/qwen3-14b,conflictqa_popqa,2934,Who was the producer of Fling?,Unknown,0.2,0,,medium,0.5,0,0,0
google/gemma-4-26b-a4b-it,conflictqa_popqa,2934,Who was the producer of Fling?,Brandon Routh,0.0,1,,medium,0.5,0,0,0
qwen/qwen3-14b,conflictqa_popqa,3841,Who was the director of Saw II?,Darren Lynn Bousman,0.08,1,,medium,0.5,0,0,0
google/gemma-4-26b-a4b-it,conflictqa_popqa,3841,Who was the director of Saw II?,Darren Lynn Bousman,1.0,1,,medium,0.5,0,0,0
qwen/qwen3-14b,conflictqa_popqa,5740,Who was the composer of Part of Me?,Max Martin,0.8,1,,medium,0.5,0,0,0
google/gemma-4-26b-a4b-it,conflictqa_popqa,5740,Who was the composer of Part of Me?,Bonnie McKee,1.0,1,,medium,0.5,0,0,0
qwen/qwen3-14b,conflictqa_popqa,742,In what city was Gösta Eriksson born?,Vaxholm,0.06999999999999999,1,,medium,0.5,0,0,0
google/gemma-4-26b-a4b-it,conflictqa_popqa,742,In what city was Gösta Eriksson born?,Vaxholm,1.0,1,,medium,0.5,0,0,0
qwen/qwen3-14b,conflictqa_popqa,5689,Who was the screenwriter for Good News?,Betty Comden,0.09,1,,medium,0.5,0,0,0
google/gemma-4-26b-a4b-it,conflictqa_popqa,5689,Who was the screenwriter for Good News?,Betty Comden,1.0,1,,medium,0.5,0,0,0
qwen/qwen3-14b,conflictqa_popqa,6024,Who was the composer of Close My Eyes?,Michael Gibbs,0.6,1,,medium,0.5,0,0,0
google/gemma-4-26b-a4b-it,conflictqa_popqa,6024,Who was the composer of Close My Eyes?,Michael Gibbs,1.0,1,,medium,0.5,0,0,0
qwen/qwen3-14b,conflictqa_popqa,3353,Who was the director of The Game Plan?,Andy Fickman,0.08,1,,medium,0.5,0,0,0
google/gemma-4-26b-a4b-it,conflictqa_popqa,3353,Who was the director of The Game Plan?,Andy Fickman,1.0,1,,medium,0.5,0,0,0
qwen/qwen3-14b,conflictqa_popqa,7397,Who is the author of The Second Coming?,Walker Percy,1.0,1,,medium,0.5,0,0,0
google/gemma-4-26b-a4b-it,conflictqa_popqa,7397,Who is the author of The Second Coming?,William Butler Yeats,1.0,0,,medium,0.5,0,0,0
qwen/qwen3-14b,conflictqa_popqa,4875,Who was the screenwriter for 9?,Shane Acker,1.0,1,,medium,0.5,0,0,0
google/gemma-4-26b-a4b-it,conflictqa_popqa,4875,Who was the screenwriter for 9?,Shane Acker,1.0,1,,medium,0.5,0,0,0
qwen/qwen3-14b,conflictqa_popqa,5510,Who was the screenwriter for The Client?,Paul Lieberstein,0.7,1,,medium,0.5,0,0,0
google/gemma-4-26b-a4b-it,conflictqa_popqa,5510,Who was the screenwriter for The Client?,Paul Lieberstein,1.0,1,,medium,0.5,0,0,0
qwen/qwen3-14b,conflictqa_popqa,2175,In what country is Autopista AP-2?,Spain,0.095,1,,medium,0.5,0,0,0
google/gemma-4-26b-a4b-it,conflictqa_popqa,2175,In what country is Autopista AP-2?,Spain,1.0,1,,medium,0.5,0,0,0
qwen/qwen3-14b,conflictqa_popqa,3551,Who was the director of Friends?,Lev Arnshtam,0.1,1,,medium,0.5,0,0,0
google/gemma-4-26b-a4b-it,conflictqa_popqa,3551,Who was the director of Friends?,Lev Arnshtam,0.0,1,,medium,0.5,0,0,0
qwen/qwen3-14b,conflictqa_popqa,3759,Who was the director of Delicious?,David Butler,1.0,1,,medium,0.5,0,0,0
google/gemma-4-26b-a4b-it,conflictqa_popqa,3759,Who was the director of Delicious?,David Butler,1.0,1,,medium,0.5,0,0,0
qwen/qwen3-14b,conflictqa_popqa,3220,Who was the producer of Even Money?,Danny DeVito,0.8,1,,medium,0.5,0,0,0
google/gemma-4-26b-a4b-it,conflictqa_popqa,3220,Who was the producer of Even Money?,Danny DeVito,1.0,1,,medium,0.5,0,0,0
qwen/qwen3-14b,conflictqa_popqa,666,In what city was Alma Karlin born?,Celje,1.0,1,,medium,0.5,0,0,0
google/gemma-4-26b-a4b-it,conflictqa_popqa,666,In what city was Alma Karlin born?,Celje,1.0,1,,medium,0.5,0,0,0
qwen/qwen3-14b,conflictqa_popqa,4855,Who was the screenwriter for The Man?,Rod Serling,0.8,1,,medium,0.5,0,0,0
google/gemma-4-26b-a4b-it,conflictqa_popqa,4855,Who was the screenwriter for The Man?,Rod Serling,1.0,1,,medium,0.5,0,0,0
qwen/qwen3-14b,conflictqa_popqa,5001,Who was the screenwriter for Weapons?,Adam Bhala Lough,1.0,1,,medium,0.5,0,0,0
google/gemma-4-26b-a4b-it,conflictqa_popqa,5001,Who was the screenwriter for Weapons?,Adam Bhala Lough,1.0,1,,medium,0.5,0,0,0
qwen/qwen3-14b,conflictqa_popqa,3692,Who was the director of Confession?,Ken Hughes,0.9,1,,medium,0.5,0,0,0
google/gemma-4-26b-a4b-it,conflictqa_popqa,3692,Who was the director of Confession?,Ken Hughes,1.0,1,,medium,0.5,0,0,0
qwen/qwen3-14b,conflictqa_popqa,5416,Who was the screenwriter for Before Midnight?,Julie Delpy and Ethan Hawke,0.8,1,,medium,0.5,0,0,0
google/gemma-4-26b-a4b-it,conflictqa_popqa,5416,Who was the screenwriter for Before Midnight?,Julie Delpy,1.0,1,,medium,0.5,0,0,0
qwen/qwen3-14b,conflictqa_popqa,1578,What genre is Warrior?,fighting game,0.9,1,,medium,0.5,0,0,0
google/gemma-4-26b-a4b-it,conflictqa_popqa,1578,What genre is Warrior?,fighting game,1.0,1,,medium,0.5,0,0,0
qwen/qwen3-14b,conflictqa_popqa,2262,In what country is Park metro station?,Belgium,0.9,1,,medium,0.5,0,0,0
google/gemma-4-26b-a4b-it,conflictqa_popqa,2262,In what country is Park metro station?,Belgium,0.1,1,,medium,0.5,0,0,0
qwen/qwen3-14b,conflictqa_popqa,3422,Who was the director of Taken?,Pierre Morel,1.0,0,,medium,0.5,0,0,0
google/gemma-4-26b-a4b-it,conflictqa_popqa,3422,Who was the director of Taken?,Breck Eisner,0.1,1,,medium,0.5,0,0,0
qwen/qwen3-14b,conflictqa_popqa,2356,Who was the producer of Q?,Larry Cohen,0.7,1,,medium,0.5,0,0,0
google/gemma-4-26b-a4b-it,conflictqa_popqa,2356,Who was the producer of Q?,Larry Cohen,1.0,1,,medium,0.5,0,0,0
qwen/qwen3-14b,conflictqa_popqa,1173,What genre is Carrie?,horror film,0.7,1,,medium,0.5,0,0,0
google/gemma-4-26b-a4b-it,conflictqa_popqa,1173,What genre is Carrie?,horror film,1.0,1,,medium,0.5,0,0,0
qwen/qwen3-14b,conflictqa_popqa,2911,Who was the producer of By the Sea?,Angelina Jolie,0.8,1,,medium,0.5,0,0,0
google/gemma-4-26b-a4b-it,conflictqa_popqa,2911,Who was the producer of By the Sea?,Angelina Jolie,1.0,1,,medium,0.5,0,0,0
qwen/qwen3-14b,conflictqa_popqa,1085,What genre is The Glory That Was?,science fiction,0.7,1,,medium,0.5,0,0,0
google/gemma-4-26b-a4b-it,conflictqa_popqa,1085,What genre is The Glory That Was?,science fiction,1.0,1,,medium,0.5,0,0,0
qwen/qwen3-14b,conflictqa_popqa,1498,What genre is Captive?,role-playing video game,0.7,1,,medium,0.5,0,0,0
google/gemma-4-26b-a4b-it,conflictqa_popqa,1498,What genre is Captive?,role-playing video game,1.0,1,,medium,0.5,0,0,0
qwen/qwen3-14b,conflictqa_popqa,124,What is Philip Rosenberg's occupation?,production designer,0.8,1,,medium,0.5,0,0,0
google/gemma-4-26b-a4b-it,conflictqa_popqa,124,What is Philip Rosenberg's occupation?,production designer,0.1,1,,medium,0.5,0,0,0
qwen/qwen3-14b,conflictqa_popqa,3588,Who was the director of The Captive?,Atom Egoyan,0.9,1,,medium,0.5,0,0,0
google/gemma-4-26b-a4b-it,conflictqa_popqa,3588,Who was the director of The Captive?,Atom Egoyan,1.0,1,,medium,0.5,0,0,0
qwen/qwen3-14b,conflictqa_popqa,2743,Who was the producer of Lemon?,Brian Eno,0.8,1,,medium,0.5,0,0,0
google/gemma-4-26b-a4b-it,conflictqa_popqa,2743,Who was the producer of Lemon?,Brian Eno,0.1,1,,medium,0.5,0,0,0
qwen/qwen3-14b,conflictqa_popqa,654,In what city was Carlos Nieto born?,La Plata,1.0,1,,medium,0.5,0,0,0
google/gemma-4-26b-a4b-it,conflictqa_popqa,654,In what city was Carlos Nieto born?,La Plata,1.0,1,,medium,0.5,0,0,0
qwen/qwen3-14b,conflictqa_popqa,7595,Who is the author of Chase?,Dean Koontz,0.8,1,,medium,0.5,0,0,0
google/gemma-4-26b-a4b-it,conflictqa_popqa,7595,Who is the author of Chase?,Dean Koontz,0.1,1,,medium,0.5,0,0,0
qwen/qwen3-14b,conflictqa_popqa,2884,Who was the producer of Maling Kutang?,,0.0,0,,medium,0.5,0,0,0
google/gemma-4-26b-a4b-it,conflictqa_popqa,2884,Who was the producer of Maling Kutang?,Kinaryosih,0.1,1,,medium,0.5,0,0,0
qwen/qwen3-14b,conflictqa_popqa,8021,What is the capital of Kingdom of Italy?,Rome,0.7,1,,medium,0.5,0,0,0
google/gemma-4-26b-a4b-it,conflictqa_popqa,8021,What is the capital of Kingdom of Italy?,Rome,0.1,1,,medium,0.5,0,0,0
qwen/qwen3-14b,conflictqa_popqa,7562,Who is the author of The Victim?,Saul Bellow,0.7,1,,medium,0.5,0,0,0
google/gemma-4-26b-a4b-it,conflictqa_popqa,7562,Who is the author of The Victim?,Saul Bellow,1.0,1,,medium,0.5,0,0,0
qwen/qwen3-14b,conflictqa_popqa,850,What genre is Ninja Boy II?,action role-playing game,0.8,1,,medium,0.5,0,0,0
google/gemma-4-26b-a4b-it,conflictqa_popqa,850,What genre is Ninja Boy II?,action role-playing game,1.0,1,,medium,0.5,0,0,0
qwen/qwen3-14b,conflictqa_popqa,6082,Who was the composer of Stormy Monday?,Michael Figgis,0.7,1,,medium,0.5,0,0,0
google/gemma-4-26b-a4b-it,conflictqa_popqa,6082,Who was the composer of Stormy Monday?,Mike Figgis,0.1,1,,medium,0.5,0,0,0
qwen/qwen3-14b,conflictqa_popqa,7964,What is the capital of Kingdom of Hanover?,Hanover,0.9,1,,medium,0.5,0,0,0
google/gemma-4-26b-a4b-it,conflictqa_popqa,7964,What is the capital of Kingdom of Hanover?,Hanover,1.0,1,,medium,0.5,0,0,0
qwen/qwen3-14b,conflictqa_popqa,2126,In what country is Ashta?,India,0.9,1,,medium,0.5,0,0,0
google/gemma-4-26b-a4b-it,conflictqa_popqa,2126,In what country is Ashta?,India,1.0,1,,medium,0.5,0,0,0
qwen/qwen3-14b,conflictqa_popqa,3724,Who was the director of The Betrayed?,Frans Weisz,0.9,1,,medium,0.5,0,0,0
google/gemma-4-26b-a4b-it,conflictqa_popqa,3724,Who was the director of The Betrayed?,Frans Weisz,1.0,1,,medium,0.5,0,0,0
qwen/qwen3-14b,conflictqa_popqa,406,In what city was Suad Nasr born?,Cairo,0.7,1,,medium,0.5,0,0,0
google/gemma-4-26b-a4b-it,conflictqa_popqa,406,In what city was Suad Nasr born?,Cairo,1.0,1,,medium,0.5,0,0,0
qwen/qwen3-14b,conflictqa_popqa,7046,Who is the author of Quantico?,Greg Bear,0.7,1,,medium,0.5,0,0,0
google/gemma-4-26b-a4b-it,conflictqa_popqa,7046,Who is the author of Quantico?,Greg Bear,1.0,1,,medium,0.5,0,0,0
qwen/qwen3-14b,conflictqa_popqa,3053,Who was the producer of The List?,Beth Murphy,1.0,1,,medium,0.5,0,0,0
google/gemma-4-26b-a4b-it,conflictqa_popqa,3053,Who was the producer of The List?,Beth Murphy,1.0,1,,medium,0.5,0,0,0
qwen/qwen3-14b,conflictqa_popqa,3751,Who was the director of The Bat?,Crane Wilbur,0.7,1,,medium,0.5,0,0,0
google/gemma-4-26b-a4b-it,conflictqa_popqa,3751,Who was the director of The Bat?,Crane Wilbur,1.0,1,,medium,0.5,0,0,0
qwen/qwen3-14b,conflictqa_popqa,7230,Who is the author of Sticks?,Karl Edward Wagner,1.0,1,,medium,0.5,0,0,0
google/gemma-4-26b-a4b-it,conflictqa_popqa,7230,Who is the author of Sticks?,Karl Edward Wagner,1.0,1,,medium,0.5,0,0,0
qwen/qwen3-14b,conflictqa_popqa,2134,In what country is Windsor?,USA,1.0,1,,medium,0.5,0,0,0
google/gemma-4-26b-a4b-it,conflictqa_popqa,2134,In what country is Windsor?,United States,0.06,1,,medium,0.5,0,0,0
qwen/qwen3-14b,conflictqa_popqa,4579,Who was the screenwriter for The Castle?,Santo Cilauro,0.7,1,,medium,0.5,0,0,0
google/gemma-4-26b-a4b-it,conflictqa_popqa,4579,Who was the screenwriter for The Castle?,Santo Cilauro,1.0,1,,medium,0.5,0,0,0
qwen/qwen3-14b,conflictqa_popqa,6536,What sport does David Vázquez González play?,soccer,0.7,1,,medium,0.5,0,0,0
google/gemma-4-26b-a4b-it,conflictqa_popqa,6536,What sport does David Vázquez González play?,football,1.0,1,,medium,0.5,0,0,0
qwen/qwen3-14b,conflictqa_popqa,1331,What genre is Eating?,comedy-drama,0.7,1,,medium,0.5,0,0,0
google/gemma-4-26b-a4b-it,conflictqa_popqa,1331,What genre is Eating?,comedy-drama,1.0,1,,medium,0.5,0,0,0
qwen/qwen3-14b,conflictqa_popqa,7783,Who is the mother of Utu?,Ningal,1.0,1,,medium,0.5,0,0,0
google/gemma-4-26b-a4b-it,conflictqa_popqa,7783,Who is the mother of Utu?,Ningal,1.0,1,,medium,0.5,0,0,0
qwen/qwen3-14b,conflictqa_popqa,533,In what city was John Robinson born?,Mansfield,0.7,1,,medium,0.5,0,0,0
google/gemma-4-26b-a4b-it,conflictqa_popqa,533,In what city was John Robinson born?,"Mansfield, Ohio",1.0,1,,medium,0.5,0,0,0
qwen/qwen3-14b,conflictqa_popqa,3906,Who was the director of Gniazdo?,Jan Rybkowski,0.7,1,,medium,0.5,0,0,0
google/gemma-4-26b-a4b-it,conflictqa_popqa,3906,Who was the director of Gniazdo?,Jan Rybkowski,1.0,1,,medium,0.5,0,0,0
qwen/qwen3-14b,conflictqa_popqa,604,In what city was Andrew Carnie born?,Calgary,0.7,1,,medium,0.5,0,0,0
google/gemma-4-26b-a4b-it,conflictqa_popqa,604,In what city was Andrew Carnie born?,Calgary,1.0,1,,medium,0.5,0,0,0
qwen/qwen3-14b,conflictqa_popqa,1259,What genre is Reminiscences?,documentary,0.5,1,,medium,0.5,0,0,0
google/gemma-4-26b-a4b-it,conflictqa_popqa,1259,What genre is Reminiscences?,documentary,1.0,1,,medium,0.5,0,0,0
qwen/qwen3-14b,conflictqa_popqa,1150,What genre is One Voice?,rhythm and blues,0.7,1,,medium,0.5,0,0,0
google/gemma-4-26b-a4b-it,conflictqa_popqa,1150,What genre is One Voice?,rhythm and blues,0.06999999999999999,1,,medium,0.5,0,0,0
qwen/qwen3-14b,conflictqa_popqa,3680,Who was the director of The Devil in the Dark?,Joseph Pevney,1.0,1,,medium,0.5,0,0,0
google/gemma-4-26b-a4b-it,conflictqa_popqa,3680,Who was the director of The Devil in the Dark?,Joseph Pevney,1.0,1,,medium,0.5,0,0,0
qwen/qwen3-14b,conflictqa_popqa,3973,Who was the director of The Con?,Steven Schachter,1.0,1,,medium,0.5,0,0,0
google/gemma-4-26b-a4b-it,conflictqa_popqa,3973,Who was the director of The Con?,Steven Schachter,0.1,1,,medium,0.5,0,0,0
qwen/qwen3-14b,conflictqa_popqa,5738,Who was the composer of Spring Is Here?,Richard Rodgers,1.0,1,,medium,0.5,0,0,0
google/gemma-4-26b-a4b-it,conflictqa_popqa,5738,Who was the composer of Spring Is Here?,Richard Rodgers,1.0,1,,medium,0.5,0,0,0
qwen/qwen3-14b,conflictqa_popqa,6240,Who was the composer of Chandi Sona?,Rahul Dev Burman,0.7,1,,medium,0.5,0,0,0
google/gemma-4-26b-a4b-it,conflictqa_popqa,6240,Who was the composer of Chandi Sona?,Rahul Dev Burman,0.1,1,,medium,0.5,0,0,0
qwen/qwen3-14b,conflictqa_popqa,7399,Who is the author of Real World?,Natsuo Kirino,1.0,1,,medium,0.5,0,0,0
google/gemma-4-26b-a4b-it,conflictqa_popqa,7399,Who is the author of Real World?,Natsuo Kirino,0.1,1,,medium,0.5,0,0,0
qwen/qwen3-14b,conflictqa_popqa,7904,What is the capital of Centre?,Hinche,1.0,1,,medium,0.5,0,0,0
google/gemma-4-26b-a4b-it,conflictqa_popqa,7904,What is the capital of Centre?,Hinche,1.0,1,,medium,0.5,0,0,0
qwen/qwen3-14b,conflictqa_popqa,2879,Who was the producer of I Dood It?,MGM,0.6,1,,medium,0.5,0,0,0
google/gemma-4-26b-a4b-it,conflictqa_popqa,2879,Who was the producer of I Dood It?,Metro-Goldwyn-Mayer,1.0,1,,medium,0.5,0,0,0
qwen/qwen3-14b,conflictqa_popqa,5943,Who was the composer of Unbreakable?,James Newton Howard,1.0,1,,medium,0.5,0,0,0
google/gemma-4-26b-a4b-it,conflictqa_popqa,5943,Who was the composer of Unbreakable?,James Newton Howard,1.0,1,,medium,0.5,0,0,0
qwen/qwen3-14b,conflictqa_popqa,456,In what city was Francisco Maldonado born?,Salamanca,1.0,1,,medium,0.5,0,0,0
google/gemma-4-26b-a4b-it,conflictqa_popqa,456,In what city was Francisco Maldonado born?,Salamanca,1.0,1,,medium,0.5,0,0,0
qwen/qwen3-14b,conflictqa_popqa,5120,Who was the screenwriter for Jerry's Painting?,Norm Hiscock,0.7,1,,medium,0.5,0,0,0
google/gemma-4-26b-a4b-it,conflictqa_popqa,5120,Who was the screenwriter for Jerry's Painting?,Norm Hiscock,1.0,1,,medium,0.5,0,0,0
qwen/qwen3-14b,conflictqa_popqa,5502,Who was the screenwriter for Live Show?,José Javier Reyes,0.7,1,,medium,0.5,0,0,0
google/gemma-4-26b-a4b-it,conflictqa_popqa,5502,Who was the screenwriter for Live Show?,José Javier Reyes,1.0,1,,medium,0.5,0,0,0
qwen/qwen3-14b,conflictqa_popqa,7713,Who is the author of Checkers?,John Marsden,1.0,1,,medium,0.5,0,0,0
google/gemma-4-26b-a4b-it,conflictqa_popqa,7713,Who is the author of Checkers?,John Marsden,0.1,1,,medium,0.5,0,0,0
qwen/qwen3-14b,conflictqa_popqa,6542,What sport does Moneygall GAA play?,Gaelic football,0.7,1,,medium,0.5,0,0,0
google/gemma-4-26b-a4b-it,conflictqa_popqa,6542,What sport does Moneygall GAA play?,Gaelic football and hurling,0.1,1,,medium,0.5,0,0,0
qwen/qwen3-14b,conflictqa_popqa,8002,What is the capital of Hyderabad State?,Hyderabad,0.7,1,,medium,0.5,0,0,0
google/gemma-4-26b-a4b-it,conflictqa_popqa,8002,What is the capital of Hyderabad State?,Hyderabad,1.0,1,,medium,0.5,0,0,0
qwen/qwen3-14b,conflictqa_popqa,1906,In what country is Joys?,USA,0.7,1,,medium,0.5,0,0,0
google/gemma-4-26b-a4b-it,conflictqa_popqa,1906,In what country is Joys?,I cannot determine the country because 'Joys' is not a uniquely identifiable entity or location without more context.,0.0,1,,medium,0.5,0,0,0
qwen/qwen3-14b,conflictqa_popqa,6472,What sport does Günter Kutowski play?,football,0.8,1,,medium,0.5,0,0,0
google/gemma-4-26b-a4b-it,conflictqa_popqa,6472,What sport does Günter Kutowski play?,football,1.0,1,,medium,0.5,0,0,0
qwen/qwen3-14b,conflictqa_popqa,6618,What sport does Gimnasia y Esgrima de Santa Fe play?,association football,0.7,1,,medium,0.5,0,0,0
google/gemma-4-26b-a4b-it,conflictqa_popqa,6618,What sport does Gimnasia y Esgrima de Santa Fe play?,football,1.0,1,,medium,0.5,0,0,0
qwen/qwen3-14b,conflictqa_popqa,1899,In what country is New Politics Initiative?,Canada,1.0,1,,medium,0.5,0,0,0
google/gemma-4-26b-a4b-it,conflictqa_popqa,1899,In what country is New Politics Initiative?,Canada,0.1,1,,medium,0.5,0,0,0
qwen/qwen3-14b,conflictqa_popqa,131,What is Ek Yi Oun's occupation?,politician,0.6,1,,medium,0.5,0,0,0
google/gemma-4-26b-a4b-it,conflictqa_popqa,131,What is Ek Yi Oun's occupation?,politician,0.1,1,,medium,0.5,0,0,0
qwen/qwen3-14b,conflictqa_popqa,2824,Who was the producer of Next?,Nicolas Cage,0.8,1,,medium,0.5,0,0,0
google/gemma-4-26b-a4b-it,conflictqa_popqa,2824,Who was the producer of Next?,Nicolas Cage,1.0,1,,medium,0.5,0,0,0
qwen/qwen3-14b,conflictqa_popqa,635,In what city was Nicholas French born?,Wexford,0.9,1,,medium,0.5,0,0,0
google/gemma-4-26b-a4b-it,conflictqa_popqa,635,In what city was Nicholas French born?,Wexford,1.0,1,,medium,0.5,0,0,0
qwen/qwen3-14b,conflictqa_popqa,7678,Who is the author of The Far Shore of Time?,Frederik Pohl,0.7,1,,medium,0.5,0,0,0
google/gemma-4-26b-a4b-it,conflictqa_popqa,7678,Who is the author of The Far Shore of Time?,Frederik Pohl,0.1,1,,medium,0.5,0,0,0
qwen/qwen3-14b,conflictqa_popqa,3621,Who was the director of The Return?,Greg Daniels,0.7,1,,medium,0.5,0,0,0
google/gemma-4-26b-a4b-it,conflictqa_popqa,3621,Who was the director of The Return?,Greg Daniels,1.0,1,,medium,0.5,0,0,0
qwen/qwen3-14b,conflictqa_popqa,2252,In what country is Joy?,USA,1.0,1,,medium,0.5,0,0,0
google/gemma-4-26b-a4b-it,conflictqa_popqa,2252,In what country is Joy?,I do not have enough information to determine which 'Joy' is being referred to or their location.,0.0,0,,medium,0.5,0,0,0
qwen/qwen3-14b,conflictqa_popqa,2965,Who was the producer of Mast?,Ram Gopal Varma,0.8,1,,medium,0.5,0,0,0
google/gemma-4-26b-a4b-it,conflictqa_popqa,2965,Who was the producer of Mast?,Ram Gopal Varma,1.0,1,,medium,0.5,0,0,0
qwen/qwen3-14b,conflictqa_popqa,5979,Who was the composer of College?,Claudio Simonetti,1.0,1,,medium,0.5,0,0,0
google/gemma-4-26b-a4b-it,conflictqa_popqa,5979,Who was the composer of College?,Claudio Simonetti,1.0,1,,medium,0.5,0,0,0
qwen/qwen3-14b,conflictqa_popqa,377,In what city was Bert Myers born?,"Frederick, Maryland",0.8,1,,medium,0.5,0,0,0
google/gemma-4-26b-a4b-it,conflictqa_popqa,377,In what city was Bert Myers born?,"Frederick, Maryland",1.0,1,,medium,0.5,0,0,0
qwen/qwen3-14b,conflictqa_popqa,6393,What is the religion of Angelo Thomas Acerra?,Catholic Church,1.0,1,,medium,0.5,0,0,0
google/gemma-4-26b-a4b-it,conflictqa_popqa,6393,What is the religion of Angelo Thomas Acerra?,Catholic Church,1.0,1,,medium,0.5,0,0,0
qwen/qwen3-14b,conflictqa_popqa,6213,Who was the composer of Xxplosive?,Dr. Dre,0.7,1,,medium,0.5,0,0,0
google/gemma-4-26b-a4b-it,conflictqa_popqa,6213,Who was the composer of Xxplosive?,Dr. Dre,1.0,1,,medium,0.5,0,0,0
qwen/qwen3-14b,conflictqa_popqa,6023,Who was the composer of Uyyala Jampala?,Sunny M.R.,1.0,1,,medium,0.5,0,0,0
google/gemma-4-26b-a4b-it,conflictqa_popqa,6023,Who was the composer of Uyyala Jampala?,Sunny M.R.,1.0,1,,medium,0.5,0,0,0
qwen/qwen3-14b,conflictqa_popqa,3957,Who was the director of Crash 'n' Burn?,Ross McLaren,0.8,1,,medium,0.5,0,0,0
google/gemma-4-26b-a4b-it,conflictqa_popqa,3957,Who was the director of Crash 'n' Burn?,Ross McLaren,0.1,1,,medium,0.5,0,0,0
qwen/qwen3-14b,conflictqa_popqa,3011,Who was the producer of Them or Us?,Frank Zappa,0.8,1,,medium,0.5,0,0,0
google/gemma-4-26b-a4b-it,conflictqa_popqa,3011,Who was the producer of Them or Us?,Frank Zappa,1.0,1,,medium,0.5,0,0,0
qwen/qwen3-14b,conflictqa_popqa,6775,What sport does Carlos Gómez play?,football,0.7,1,,medium,0.5,0,0,0
google/gemma-4-26b-a4b-it,conflictqa_popqa,6775,What sport does Carlos Gómez play?,not enough information,0.0,0,,medium,0.5,0,0,0
qwen/qwen3-14b,conflictqa_popqa,716,In what city was Naziah Ali born?,Fiji,0.7,1,,medium,0.5,0,0,0
google/gemma-4-26b-a4b-it,conflictqa_popqa,716,In what city was Naziah Ali born?,unknown,0.1,0,,medium,0.5,0,0,0
qwen/qwen3-14b,conflictqa_popqa,6205,Who was the composer of The Climb?,Jessi Alexander,0.8,1,,medium,0.5,0,0,0
google/gemma-4-26b-a4b-it,conflictqa_popqa,6205,Who was the composer of The Climb?,Jessi Alexander,1.0,1,,medium,0.5,0,0,0
qwen/qwen3-14b,conflictqa_popqa,2246,In what country is Lincoln?,United States of America,1.0,1,,medium,0.5,0,0,0
google/gemma-4-26b-a4b-it,conflictqa_popqa,2246,In what country is Lincoln?,United States,1.0,1,,medium,0.5,0,0,0
qwen/qwen3-14b,conflictqa_popqa,7925,What is the capital of Cao Wei?,Luoyang,0.8,1,,medium,0.5,0,0,0
google/gemma-4-26b-a4b-it,conflictqa_popqa,7925,What is the capital of Cao Wei?,Luoyang,1.0,1,,medium,0.5,0,0,0
qwen/qwen3-14b,conflictqa_popqa,4523,Who was the screenwriter for Nine Lives?,Arne Skouen,0.8,1,,medium,0.5,0,0,0
google/gemma-4-26b-a4b-it,conflictqa_popqa,4523,Who was the screenwriter for Nine Lives?,Arne Skouen,1.0,1,,medium,0.5,0,0,0
qwen/qwen3-14b,conflictqa_popqa,4232,Who was the director of Marte Dam Tak?,Mehul Kumar,1.0,1,,medium,0.5,0,0,0
google/gemma-4-26b-a4b-it,conflictqa_popqa,4232,Who was the director of Marte Dam Tak?,Mehul Kumar,1.0,1,,medium,0.5,0,0,0
qwen/qwen3-14b,conflictqa_popqa,2424,Who was the producer of Let America Laugh?,Lance Bangs,0.8,1,,medium,0.5,0,0,0
google/gemma-4-26b-a4b-it,conflictqa_popqa,2424,Who was the producer of Let America Laugh?,Lance Bangs,1.0,1,,medium,0.5,0,0,0
qwen/qwen3-14b,conflictqa_popqa,1069,What genre is Ef?,post-rock,0.9,1,,medium,0.5,0,0,0
google/gemma-4-26b-a4b-it,conflictqa_popqa,1069,What genre is Ef?,post-rock,1.0,1,,medium,0.5,0,0,0
qwen/qwen3-14b,conflictqa_popqa,7221,Who is the author of Marooned in Realtime?,Vernor Vinge,1.0,1,,medium,0.5,0,0,0
google/gemma-4-26b-a4b-it,conflictqa_popqa,7221,Who is the author of Marooned in Realtime?,Vernor Vinge,1.0,1,,medium,0.5,0,0,0
qwen/qwen3-14b,conflictqa_popqa,3686,Who was the director of The Holiday?,Nancy Meyers,1.0,1,,medium,0.5,0,0,0
google/gemma-4-26b-a4b-it,conflictqa_popqa,3686,Who was the director of The Holiday?,Nancy Meyers,1.0,1,,medium,0.5,0,0,0
qwen/qwen3-14b,conflictqa_popqa,5392,Who was the screenwriter for Road to Rhode Island?,Gary Janetti,1.0,1,,medium,0.5,0,0,0
google/gemma-4-26b-a4b-it,conflictqa_popqa,5392,Who was the screenwriter for Road to Rhode Island?,Gary Janetti,0.1,1,,medium,0.5,0,0,0
qwen/qwen3-14b,conflictqa_popqa,358,In what city was Belarmino Mario Chipongue born?,Lubango,0.9,1,,medium,0.5,0,0,0
google/gemma-4-26b-a4b-it,conflictqa_popqa,358,In what city was Belarmino Mario Chipongue born?,Lubango,1.0,1,,medium,0.5,0,0,0
qwen/qwen3-14b,conflictqa_popqa,6672,What sport does Mark Allen play?,triathlon,0.7,1,,medium,0.5,0,0,0
google/gemma-4-26b-a4b-it,conflictqa_popqa,6672,What sport does Mark Allen play?,triathlon,1.0,1,,medium,0.5,0,0,0
qwen/qwen3-14b,conflictqa_popqa,3070,Who was the producer of Waterworld?,Kevin Costner,0.8,1,,medium,0.5,0,0,0
google/gemma-4-26b-a4b-it,conflictqa_popqa,3070,Who was the producer of Waterworld?,Kevin Costner,1.0,1,,medium,0.5,0,0,0
qwen/qwen3-14b,conflictqa_popqa,784,What genre is This Is the Life?,documentary,0.8,1,,medium,0.5,0,0,0
google/gemma-4-26b-a4b-it,conflictqa_popqa,784,What genre is This Is the Life?,documentary,1.0,1,,medium,0.5,0,0,0
qwen/qwen3-14b,conflictqa_popqa,980,What genre is Charles Hayter?,portrait,0.7,1,,medium,0.5,0,0,0
google/gemma-4-26b-a4b-it,conflictqa_popqa,980,What genre is Charles Hayter?,portraiture,1.0,1,,medium,0.5,0,0,0
qwen/qwen3-14b,conflictqa_popqa,5947,Who was the composer of Famous?,Tinchy Stryder,0.8,1,,medium,0.5,0,0,0
google/gemma-4-26b-a4b-it,conflictqa_popqa,5947,Who was the composer of Famous?,Tinchy Stryder,0.1,1,,medium,0.5,0,0,0
qwen/qwen3-14b,conflictqa_popqa,5122,Who was the screenwriter for The Egyptian?,Philip Dunne,0.7,1,,medium,0.5,0,0,0
google/gemma-4-26b-a4b-it,conflictqa_popqa,5122,Who was the screenwriter for The Egyptian?,Casey Robinson,1.0,1,,medium,0.5,0,0,0
qwen/qwen3-14b,conflictqa_popqa,4037,Who was the director of Swamp Woman?,Elmer Clifton,0.9,1,,medium,0.5,0,0,0
google/gemma-4-26b-a4b-it,conflictqa_popqa,4037,Who was the director of Swamp Woman?,Elmer Clifton,1.0,1,,medium,0.5,0,0,0
qwen/qwen3-14b,conflictqa_popqa,4953,Who was the screenwriter for The Deal?,Peter Morgan,1.0,1,,medium,0.5,0,0,0
google/gemma-4-26b-a4b-it,conflictqa_popqa,4953,Who was the screenwriter for The Deal?,Peter Morgan,1.0,1,,medium,0.5,0,0,0
qwen/qwen3-14b,conflictqa_popqa,6062,Who was the composer of Corrupt?,Ice-T,0.8,1,,medium,0.5,0,0,0
google/gemma-4-26b-a4b-it,conflictqa_popqa,6062,Who was the composer of Corrupt?,Ice-T,0.1,1,,medium,0.5,0,0,0
qwen/qwen3-14b,conflictqa_popqa,5090,Who was the screenwriter for The Piano?,Jane Campion,1.0,1,,medium,0.5,0,0,0
google/gemma-4-26b-a4b-it,conflictqa_popqa,5090,Who was the screenwriter for The Piano?,Jane Campion,0.1,1,,medium,0.5,0,0,0
qwen/qwen3-14b,conflictqa_popqa,1398,What genre is The Magician's Apprentice?,fantasy,1.0,1,,medium,0.5,0,0,0
google/gemma-4-26b-a4b-it,conflictqa_popqa,1398,What genre is The Magician's Apprentice?,fantasy,1.0,1,,medium,0.5,0,0,0
qwen/qwen3-14b,conflictqa_popqa,183,What is Abdirizak Haji Hussein's occupation?,politician,0.7,1,,medium,0.5,0,0,0
google/gemma-4-26b-a4b-it,conflictqa_popqa,183,What is Abdirizak Haji Hussein's occupation?,politician,1.0,1,,medium,0.5,0,0,0
qwen/qwen3-14b,conflictqa_popqa,3329,Who was the director of The International?,Tom Tykwer,1.0,1,,medium,0.5,0,0,0
google/gemma-4-26b-a4b-it,conflictqa_popqa,3329,Who was the director of The International?,Tom Tykwer,1.0,1,,medium,0.5,0,0,0
qwen/qwen3-14b,conflictqa_popqa,6183,Who was the composer of Discipline?,Adrian Belew,1.0,1,,medium,0.5,0,0,0
google/gemma-4-26b-a4b-it,conflictqa_popqa,6183,Who was the composer of Discipline?,Adrian Belew,1.0,1,,medium,0.5,0,0,0
qwen/qwen3-14b,conflictqa_popqa,5523,Who was the screenwriter for Elaan of Troyius?,John Meredyth Lucas,1.0,1,,medium,0.5,0,0,0
google/gemma-4-26b-a4b-it,conflictqa_popqa,5523,Who was the screenwriter for Elaan of Troyius?,John Meredyth Lucas,1.0,1,,medium,0.5,0,0,0
qwen/qwen3-14b,conflictqa_popqa,7426,Who is the author of Smash?,Garson Kanin,0.8,1,,medium,0.5,0,0,0
google/gemma-4-26b-a4b-it,conflictqa_popqa,7426,Who is the author of Smash?,Garson Kanin,1.0,1,,medium,0.5,0,0,0
qwen/qwen3-14b,conflictqa_popqa,6564,What sport does Rick Fisher play?,basketball,1.0,1,,medium,0.5,0,0,0
google/gemma-4-26b-a4b-it,conflictqa_popqa,6564,What sport does Rick Fisher play?,basketball,1.0,1,,medium,0.5,0,0,0
qwen/qwen3-14b,conflictqa_popqa,688,In what city was JB Magsaysay born?,San Juan,0.8,1,,medium,0.5,0,0,0
google/gemma-4-26b-a4b-it,conflictqa_popqa,688,In what city was JB Magsaysay born?,San Juan,1.0,1,,medium,0.5,0,0,0
qwen/qwen3-14b,conflictqa_popqa,273,What is Andy C's occupation?,disc jockey,0.7,1,,medium,0.5,0,0,0
google/gemma-4-26b-a4b-it,conflictqa_popqa,273,What is Andy C's occupation?,DJ,0.1,1,,medium,0.5,0,0,0
qwen/qwen3-14b,conflictqa_popqa,6583,What sport does Oleg Imrekov play?,football,0.8,1,,medium,0.5,0,0,0
google/gemma-4-26b-a4b-it,conflictqa_popqa,6583,What sport does Oleg Imrekov play?,football,0.1,1,,medium,0.5,0,0,0
qwen/qwen3-14b,conflictqa_popqa,3866,Who was the director of The Trap?,Robert Thornby,0.8,1,,medium,0.5,0,0,0
google/gemma-4-26b-a4b-it,conflictqa_popqa,3866,Who was the director of The Trap?,Robert Thornby,1.0,1,,medium,0.5,0,0,0
qwen/qwen3-14b,conflictqa_popqa,4248,Who was the director of Passenger?,Ranjith Sankar,0.9,1,,medium,0.5,0,0,0
google/gemma-4-26b-a4b-it,conflictqa_popqa,4248,Who was the director of Passenger?,Ranjith Sankar,1.0,1,,medium,0.5,0,0,0
qwen/qwen3-14b,conflictqa_popqa,624,In what city was Jun Murai born?,Tokyo,0.8,1,,medium,0.5,0,0,0
google/gemma-4-26b-a4b-it,conflictqa_popqa,624,In what city was Jun Murai born?,Tokyo,1.0,1,,medium,0.5,0,0,0
qwen/qwen3-14b,conflictqa_popqa,1850,In what country is Dasht Jeyhun?,iran,0.7,1,,medium,0.5,0,0,0
google/gemma-4-26b-a4b-it,conflictqa_popqa,1850,In what country is Dasht Jeyhun?,Iran,1.0,1,,medium,0.5,0,0,0
qwen/qwen3-14b,conflictqa_popqa,5294,Who was the screenwriter for September?,Woody Allen,0.8,1,,medium,0.5,0,0,0
google/gemma-4-26b-a4b-it,conflictqa_popqa,5294,Who was the screenwriter for September?,Woody Allen,1.0,1,,medium,0.5,0,0,0
qwen/qwen3-14b,conflictqa_popqa,3402,Who was the director of Mud?,Jeff Nichols,1.0,1,,medium,0.5,0,0,0
google/gemma-4-26b-a4b-it,conflictqa_popqa,3402,Who was the director of Mud?,Jeff Nichols,0.1,1,,medium,0.5,0,0,0
qwen/qwen3-14b,conflictqa_popqa,1645,What genre is As One?,Cantopop,0.9,1,,medium,0.5,0,0,0
google/gemma-4-26b-a4b-it,conflictqa_popqa,1645,What genre is As One?,Cantopop,0.9,1,,medium,0.5,0,0,0
qwen/qwen3-14b,conflictqa_popqa,7591,Who is the author of Visions of the Universe?,Isaac Asimov,1.0,1,,medium,0.5,0,0,0
google/gemma-4-26b-a4b-it,conflictqa_popqa,7591,Who is the author of Visions of the Universe?,Isaac Asimov,0.1,1,,medium,0.5,0,0,0
qwen/qwen3-14b,conflictqa_popqa,6971,Who is the author of Simon?,Rosemary Sutcliff,1.0,1,,medium,0.5,0,0,0
google/gemma-4-26b-a4b-it,conflictqa_popqa,6971,Who is the author of Simon?,Rosemary Sutcliff,0.1,1,,medium,0.5,0,0,0
qwen/qwen3-14b,conflictqa_popqa,1939,In what country is Flat?,US,0.8,1,,medium,0.5,0,0,0
google/gemma-4-26b-a4b-it,conflictqa_popqa,1939,In what country is Flat?,United States,0.1,1,,medium,0.5,0,0,0
qwen/qwen3-14b,conflictqa_popqa,161,What is Luca Coscioni's occupation?,politician,0.8,1,,medium,0.5,0,0,0
google/gemma-4-26b-a4b-it,conflictqa_popqa,161,What is Luca Coscioni's occupation?,politician,1.0,1,,medium,0.5,0,0,0
qwen/qwen3-14b,conflictqa_popqa,5283,Who was the screenwriter for Growing Up?,Hou Hsiao-Hsien,0.8,1,,medium,0.5,0,0,0
google/gemma-4-26b-a4b-it,conflictqa_popqa,5283,Who was the screenwriter for Growing Up?,Hou Hsiao-Hsien,1.0,1,,medium,0.5,0,0,0
qwen/qwen3-14b,conflictqa_popqa,1993,In what country is Alpha?,US of A,0.7,1,,medium,0.5,0,0,0
google/gemma-4-26b-a4b-it,conflictqa_popqa,1993,In what country is Alpha?,"I am sorry, but the provided text does not contain information about where 'Alpha' is located.",0.0,0,,medium,0.5,0,0,0
qwen/qwen3-14b,conflictqa_popqa,1925,In what country is Seemant Institute of Technology?,India,1.0,1,,medium,0.5,0,0,0
google/gemma-4-26b-a4b-it,conflictqa_popqa,1925,In what country is Seemant Institute of Technology?,India,1.0,1,,medium,0.5,0,0,0
qwen/qwen3-14b,conflictqa_popqa,7670,Who is the author of Salvage?,Orson Scott Card,0.8,1,,medium,0.5,0,0,0
google/gemma-4-26b-a4b-it,conflictqa_popqa,7670,Who is the author of Salvage?,Byron Walley,1.0,1,,medium,0.5,0,0,0
qwen/qwen3-14b,conflictqa_popqa,1586,What genre is Brain?,thriller TV show,0.6,1,,medium,0.5,0,0,0
google/gemma-4-26b-a4b-it,conflictqa_popqa,1586,What genre is Brain?,thriller,1.0,1,,medium,0.5,0,0,0
qwen/qwen3-14b,conflictqa_popqa,3547,Who was the director of The Little Ones?,Jim O'Connolly,1.0,1,,medium,0.5,0,0,0
google/gemma-4-26b-a4b-it,conflictqa_popqa,3547,Who was the director of The Little Ones?,Jim O'Connolly,1.0,1,,medium,0.5,0,0,0
qwen/qwen3-14b,conflictqa_popqa,2274,In what country is European Committee for Standardization?,Belgium,0.8,1,,medium,0.5,0,0,0
google/gemma-4-26b-a4b-it,conflictqa_popqa,2274,In what country is European Committee for Standardization?,Belgium,1.0,1,,medium,0.5,0,0,0
qwen/qwen3-14b,conflictqa_popqa,3756,Who was the director of Steve?,,0.0,0,'NoneType' object is not subscriptable,medium,0.5,0,0,0
google/gemma-4-26b-a4b-it,conflictqa_popqa,3756,Who was the director of Steve?,Rupert Friend,1.0,1,,medium,0.5,0,0,0
qwen/qwen3-14b,conflictqa_popqa,4312,What is Edo the capital of?,,0.0,0,'NoneType' object is not subscriptable,medium,0.5,0,0,0
google/gemma-4-26b-a4b-it,conflictqa_popqa,4312,What is Edo the capital of?,Tokugawa Shogunate,1.0,1,,medium,0.5,0,0,0
qwen/qwen3-14b,conflictqa_popqa,3447,Who was the director of Welcome Home?,James Cruze,1.0,1,,medium,0.5,0,0,0
google/gemma-4-26b-a4b-it,conflictqa_popqa,3447,Who was the director of Welcome Home?,James Cruze,1.0,1,,medium,0.5,0,0,0
qwen/qwen3-14b,conflictqa_popqa,800,What genre is All About Them?,romantic comedy,0.8,1,,medium,0.5,0,0,0
google/gemma-4-26b-a4b-it,conflictqa_popqa,800,What genre is All About Them?,romantic comedy,1.0,1,,medium,0.5,0,0,0
qwen/qwen3-14b,conflictqa_popqa,6907,Who is the author of Just Listen?,Sarah Dessen,1.0,1,,medium,0.5,0,0,0
google/gemma-4-26b-a4b-it,conflictqa_popqa,6907,Who is the author of Just Listen?,Sarah Dessen,1.0,1,,medium,0.5,0,0,0
qwen/qwen3-14b,conflictqa_popqa,5234,Who was the screenwriter for Loop?,Tim Pears,1.0,1,,medium,0.5,0,0,0
google/gemma-4-26b-a4b-it,conflictqa_popqa,5234,Who was the screenwriter for Loop?,Tim Pears,1.0,1,,medium,0.5,0,0,0
qwen/qwen3-14b,conflictqa_popqa,4017,Who was the director of Accident?,Sergiu Nicolaescu,1.0,1,,medium,0.5,0,0,0
google/gemma-4-26b-a4b-it,conflictqa_popqa,4017,Who was the director of Accident?,Sergiu Nicolaescu,0.1,1,,medium,0.5,0,0,0
qwen/qwen3-14b,conflictqa_popqa,160,What is Kristina Lugn's occupation?,playwright,0.7,1,,medium,0.5,0,0,0
google/gemma-4-26b-a4b-it,conflictqa_popqa,160,What is Kristina Lugn's occupation?,playwright,1.0,1,,medium,0.5,0,0,0
qwen/qwen3-14b,conflictqa_popqa,6974,Who is the author of Fire?,Alan Rodgers,1.0,1,,medium,0.5,0,0,0
google/gemma-4-26b-a4b-it,conflictqa_popqa,6974,Who is the author of Fire?,Alan Rodgers,1.0,1,,medium,0.5,0,0,0
qwen/qwen3-14b,conflictqa_popqa,2116,In what country is Tupper-Barnett House?,United States of America,1.0,1,,medium,0.5,0,0,0
google/gemma-4-26b-a4b-it,conflictqa_popqa,2116,In what country is Tupper-Barnett House?,United States,1.0,1,,medium,0.5,0,0,0
qwen/qwen3-14b,conflictqa_popqa,6813,What sport does bonus play?,basketball,0.7,1,,medium,0.5,0,0,0
google/gemma-4-26b-a4b-it,conflictqa_popqa,6813,What sport does bonus play?,basketball,1.0,1,,medium,0.5,0,0,0
qwen/qwen3-14b,conflictqa_popqa,6763,What sport does Robbie Rouse play?,American football,0.8,1,,medium,0.5,0,0,0
google/gemma-4-26b-a4b-it,conflictqa_popqa,6763,What sport does Robbie Rouse play?,American football,1.0,1,,medium,0.5,0,0,0
qwen/qwen3-14b,conflictqa_popqa,7418,Who is the author of Invasion?,Dean Koontz,1.0,1,,medium,0.5,0,0,0
google/gemma-4-26b-a4b-it,conflictqa_popqa,7418,Who is the author of Invasion?,Dean Koontz,0.1,1,,medium,0.5,0,0,0
qwen/qwen3-14b,conflictqa_popqa,442,In what city was Tony Shields born?,Strabane,0.7,1,,medium,0.5,0,0,0
google/gemma-4-26b-a4b-it,conflictqa_popqa,442,In what city was Tony Shields born?,Strabane,1.0,1,,medium,0.5,0,0,0
qwen/qwen3-14b,conflictqa_popqa,3595,Who was the director of Balance?,Lyudmil Kirkov,1.0,1,,medium,0.5,0,0,0
google/gemma-4-26b-a4b-it,conflictqa_popqa,3595,Who was the director of Balance?,Lyudmil Kirkov,1.0,1,,medium,0.5,0,0,0
qwen/qwen3-14b,conflictqa_popqa,2847,Who was the producer of Wall Street?,Harry Cohn,0.8,1,,medium,0.5,0,0,0
google/gemma-4-26b-a4b-it,conflictqa_popqa,2847,Who was the producer of Wall Street?,Harry Cohn,0.1,1,,medium,0.5,0,0,0
qwen/qwen3-14b,conflictqa_popqa,862,What genre is Bangai-O Spirits?,action game,1.0,1,,medium,0.5,0,0,0
google/gemma-4-26b-a4b-it,conflictqa_popqa,862,What genre is Bangai-O Spirits?,action game,1.0,1,,medium,0.5,0,0,0
qwen/qwen3-14b,conflictqa_popqa,1673,What genre is Planes?,comedy film,0.8,1,,medium,0.5,0,0,0
google/gemma-4-26b-a4b-it,conflictqa_popqa,1673,What genre is Planes?,comedy film,0.1,1,,medium,0.5,0,0,0
qwen/qwen3-14b,conflictqa_popqa,3517,Who was the director of Within?,Kim Manners,1.0,1,,medium,0.5,0,0,0
google/gemma-4-26b-a4b-it,conflictqa_popqa,3517,Who was the director of Within?,Kim Manners,1.0,1,,medium,0.5,0,0,0
qwen/qwen3-14b,conflictqa_popqa,2454,Who was the producer of Guide?,Dev Anand,0.8,1,,medium,0.5,0,0,0
google/gemma-4-26b-a4b-it,conflictqa_popqa,2454,Who was the producer of Guide?,Dev Anand,1.0,1,,medium,0.5,0,0,0
qwen/qwen3-14b,conflictqa_popqa,1504,What genre is Suikoden Tierkreis?,role-playing video game,0.8,1,,medium,0.5,0,0,0
google/gemma-4-26b-a4b-it,conflictqa_popqa,1504,What genre is Suikoden Tierkreis?,role-playing video game,1.0,1,,medium,0.5,0,0,0
qwen/qwen3-14b,conflictqa_popqa,5721,Who was the composer of Angel?,Friedrich Hollaender,0.7,1,,medium,0.5,0,0,0
google/gemma-4-26b-a4b-it,conflictqa_popqa,5721,Who was the composer of Angel?,Friedrich Hollaender,1.0,1,,medium,0.5,0,0,0
qwen/qwen3-14b,conflictqa_popqa,6465,What sport does Gianluca Comotto play?,association football,0.7,1,,medium,0.5,0,0,0
google/gemma-4-26b-a4b-it,conflictqa_popqa,6465,What sport does Gianluca Comotto play?,football,1.0,1,,medium,0.5,0,0,0
qwen/qwen3-14b,conflictqa_popqa,608,In what city was John XIX born?,Rome,0.8,1,,medium,0.5,0,0,0
google/gemma-4-26b-a4b-it,conflictqa_popqa,608,In what city was John XIX born?,unknown,0.1,0,,medium,0.5,0,0,0
qwen/qwen3-14b,conflictqa_popqa,2901,Who was the producer of Hotel?,Moby,0.7,1,,medium,0.5,0,0,0
google/gemma-4-26b-a4b-it,conflictqa_popqa,2901,Who was the producer of Hotel?,Moby,0.1,1,,medium,0.5,0,0,0
qwen/qwen3-14b,conflictqa_popqa,7038,Who is the author of Blade of Fire?,Stuart Hill,1.0,1,,medium,0.5,0,0,0
google/gemma-4-26b-a4b-it,conflictqa_popqa,7038,Who is the author of Blade of Fire?,Stuart Hill,1.0,1,,medium,0.5,0,0,0
qwen/qwen3-14b,conflictqa_popqa,4554,Who was the screenwriter for The Passenger?,Mark Peploe,0.8,1,,medium,0.5,0,0,0
google/gemma-4-26b-a4b-it,conflictqa_popqa,4554,Who was the screenwriter for The Passenger?,Peter Wollen,0.1,1,,medium,0.5,0,0,0
qwen/qwen3-14b,conflictqa_popqa,1766,"Who is the father of Pedro, Prince Imperial of Brazil?",Pedro II of Brazil,0.9,1,,medium,0.5,0,0,0
google/gemma-4-26b-a4b-it,conflictqa_popqa,1766,"Who is the father of Pedro, Prince Imperial of Brazil?",Pedro I of Brazil,1.0,0,,medium,0.5,0,0,0
qwen/qwen3-14b,conflictqa_popqa,1073,What genre is Wired?,biographical film,0.7,1,,medium,0.5,0,0,0
google/gemma-4-26b-a4b-it,conflictqa_popqa,1073,What genre is Wired?,biographical film,1.0,1,,medium,0.5,0,0,0
qwen/qwen3-14b,conflictqa_popqa,356,What is Honor Harger's occupation?,museum curator,0.8,1,,medium,0.5,0,0,0
google/gemma-4-26b-a4b-it,conflictqa_popqa,356,What is Honor Harger's occupation?,curator,1.0,1,,medium,0.5,0,0,0
qwen/qwen3-14b,conflictqa_popqa,341,What is Brent Huff's occupation?,model,0.6,1,,medium,0.5,0,0,0
google/gemma-4-26b-a4b-it,conflictqa_popqa,341,What is Brent Huff's occupation?,film director,1.0,1,,medium,0.5,0,0,0
qwen/qwen3-14b,conflictqa_popqa,2332,Who was the producer of Gladiator?,Ridley Scott,1.0,1,,medium,0.5,0,0,0
google/gemma-4-26b-a4b-it,conflictqa_popqa,2332,Who was the producer of Gladiator?,Ridley Scott,1.0,1,,medium,0.5,0,0,0
qwen/qwen3-14b,conflictqa_popqa,4176,Who was the director of The Assassin?,Elio Petri,0.8,1,,medium,0.5,0,0,0
google/gemma-4-26b-a4b-it,conflictqa_popqa,4176,Who was the director of The Assassin?,Elio Petri,0.1,1,,medium,0.5,0,0,0
qwen/qwen3-14b,conflictqa_popqa,945,What genre is Brand New?,alternative rock,0.8,1,,medium,0.5,0,0,0
google/gemma-4-26b-a4b-it,conflictqa_popqa,945,What genre is Brand New?,alternative rock,1.0,1,,medium,0.5,0,0,0
qwen/qwen3-14b,conflictqa_popqa,382,In what city was Harold Reetz born?,"Watseka, Illinois",0.9,1,,medium,0.5,0,0,0
google/gemma-4-26b-a4b-it,conflictqa_popqa,382,In what city was Harold Reetz born?,Watseka,1.0,1,,medium,0.5,0,0,0
qwen/qwen3-14b,conflictqa_popqa,1781,Who is the father of Spiros Niarchos?,,0.0,0,,medium,0.5,0,0,0
google/gemma-4-26b-a4b-it,conflictqa_popqa,1781,Who is the father of Spiros Niarchos?,Stavros Niarchos,1.0,1,,medium,0.5,0,0,0
qwen/qwen3-14b,conflictqa_popqa,1941,In what country is New Hope?,US,0.8,1,,medium,0.5,0,0,0
google/gemma-4-26b-a4b-it,conflictqa_popqa,1941,In what country is New Hope?,United States,0.08,1,,medium,0.5,0,0,0
qwen/qwen3-14b,debateqa,1503,Could The President pardon himself if he committed a crime?,The president can pardon himself as the Constitution does not explicitly restrict this action.,0.7,1,,medium,0.5,0,0,0
google/gemma-4-26b-a4b-it,debateqa,1503,Could The President pardon himself if he committed a crime?,"It is legally debated: some argue it is possible due to the broad pardon power, while others argue it violates constitutional principles.",0.09,0,,low,0.3,1,1,1
qwen/qwen3-14b,debateqa,1861,Are you able to be your whole self at school?,It depends on the environment and individual experiences.,0.7,0,,medium,0.5,0,0,0
google/gemma-4-26b-a4b-it,debateqa,1861,Are you able to be your whole self at school?,"The provided text explains that being one's whole self involves feeling valued, respected, and psychologically safe, which leads to increased creativity, motivation, and contribution, but it does not answer whether I am able to be my whole self at school.",0.09,0,,medium,0.5,0,0,0
qwen/qwen3-14b,debateqa,36,Should gifted and talented education be eliminated?,,0.0,0,,medium,0.5,0,0,0
google/gemma-4-26b-a4b-it,debateqa,36,Should gifted and talented education be eliminated?,The text discusses the debate and potential drawbacks but does not provide a definitive yes or no answer to whether it should be eliminated,0.08,0,,medium,0.5,0,0,0
qwen/qwen3-14b,debateqa,1066,Can money bring happiness?,Money can increase happiness when spent on goods and services that fit our personalities,0.7,1,,medium,0.5,0,0,0
google/gemma-4-26b-a4b-it,debateqa,1066,Can money bring happiness?,"Yes, but it depends on how it is spent and the level of income.",0.9,0,,medium,0.5,0,0,0
qwen/qwen3-14b,debateqa,1917,Is death still a taboo topic in modern society?,Death and dying have remained taboo topics,0.7,1,,medium,0.5,0,0,0
google/gemma-4-26b-a4b-it,debateqa,1917,Is death still a taboo topic in modern society?,death and dying have remained taboo topics,1.0,1,,medium,0.5,0,0,0
qwen/qwen3-14b,debateqa,1091,Do video games contribute to violence among children?,Evidence is mixed,0.6,0,,medium,0.5,0,0,0
google/gemma-4-26b-a4b-it,debateqa,1091,Do video games contribute to violence among children?,"evidence is mixed, with some studies suggesting they can contribute to violent behavior and others suggesting most youths are not affected",0.08,0,,medium,0.5,0,0,0
qwen/qwen3-14b,debateqa,1701,Why do people support Hillary Clinton when she is a known criminal?,"The provided reference answers do not address the claim that Hillary Clinton is a known criminal. They focus on her qualities, commitment to public service, and policy involvement, which may not directly counter the criminal allegation. Therefore, the question's premise might be based on a false or misleading statement.",0.7,0,,low,0.3,3,3,1
google/gemma-4-26b-a4b-it,debateqa,1701,Why do people support Hillary Clinton when she is a known criminal?,"People support her because of her combination of heart, compassion, brains, and persistence, her commitment to public service, and her extensive experience in policy areas like healthcare and education.",0.1,0,,medium,0.5,0,0,0
qwen/qwen3-14b,debateqa,679,Who was more detestable? Joseph Stalin or Adolf Hitler?,"Both were detestable, but in different ways",0.7,0,,medium,0.5,0,0,0
google/gemma-4-26b-a4b-it,debateqa,679,Who was more detestable? Joseph Stalin or Adolf Hitler?,"The question is subjective and depends on the criteria used for judgment, as both leaders committed mass atrocities and were viewed as major threats in different ways.",1.0,0,,medium,0.5,0,0,0
qwen/qwen3-14b,debateqa,985,Should schools teach LGBT+ inclusive sex education?,"Yes, as it can reduce bullying and improve mental health, but opponents argue about political and religious concerns",0.7,0,,medium,0.5,0,0,0
google/gemma-4-26b-a4b-it,debateqa,985,Should schools teach LGBT+ inclusive sex education?,"The debate involves potential benefits like reduced bullying and improved mental health for LGBT youth, versus arguments regarding political imposition and religious values.",1.0,0,,medium,0.5,0,0,0
qwen/qwen3-14b,debateqa,1627,Where will you go after you die? To heaven or hell?,heaven,0.8,1,,medium,0.5,0,0,0
google/gemma-4-26b-a4b-it,debateqa,1627,Where will you go after you die? To heaven or hell?,"The answer varies by religious belief: some believe believers go to heaven, others believe in soul sleep, and some believe in purgatory.",0.1,0,,medium,0.5,0,0,0
qwen/qwen3-14b,debateqa,876,Should the Equal Rights Amendment (ERA) be ratified?,Yes,0.8,0,,medium,0.5,0,0,0
google/gemma-4-26b-a4b-it,debateqa,876,Should the Equal Rights Amendment (ERA) be ratified?,The ERA would provide a clearer judicial standard for deciding cases of sex discrimination; help overcome obstacles keeping women as second-class citizens; improve US standing in human rights; prevent rollback of rights; and empower Congress to enforce gender equity.,0.1,1,,medium,0.5,0,0,0
qwen/qwen3-14b,debateqa,1139,Is war justifiable?,It depends on the context and ethical considerations.,0.7,0,,medium,0.5,0,0,0
google/gemma-4-26b-a4b-it,debateqa,1139,Is war justifiable?,"perspectives vary: it can be justifiable to protect innocent life or follow ethical principles, but it can also be seen as unjustifiable due to mass murder",0.09,0,,medium,0.5,0,0,0
qwen/qwen3-14b,debateqa,1127,Is it best for the age of conception to be lower or higher?,Lower age of conception is generally better,0.7,0,,medium,0.5,0,0,0
google/gemma-4-26b-a4b-it,debateqa,1127,Is it best for the age of conception to be lower or higher?,lower,0.9,0,,medium,0.5,0,0,0
qwen/qwen3-14b,debateqa,260,Could Donald Trump be President?,"Possibly, but uncertain",0.6,0,,low,0.3,2,2,1
google/gemma-4-26b-a4b-it,debateqa,260,Could Donald Trump be President?,"Yes, he is set to win the Republican nomination again, though his path involves legal challenges and potential opposition.",0.08,0,,medium,0.5,0,0,0
qwen/qwen3-14b,debateqa,861,Is the imposition of sanctions on states the best way to end child labor?,"Sanctions may not be the best approach as they could worsen poverty, a key driver of child labor; improving education and economic conditions might be more effective.",0.8,0,,low,0.3,3,3,1
google/gemma-4-26b-a4b-it,debateqa,861,Is the imposition of sanctions on states the best way to end child labor?,"No, because they may exacerbate poverty and do not address underlying issues like lack of education and economic instability",0.09,0,,low,0.3,1,1,1
qwen/qwen3-14b,debateqa,1864,Is Mammoth Cave the longest cave system in the world?,Yes,1.0,0,,medium,0.5,0,0,0
google/gemma-4-26b-a4b-it,debateqa,1864,Is Mammoth Cave the longest cave system in the world?,Yes,1.0,0,,medium,0.5,0,0,0
qwen/qwen3-14b,debateqa,115,Is the Zika virus only transmitted by mosquitoes?,No,0.8,1,,medium,0.5,0,0,0
google/gemma-4-26b-a4b-it,debateqa,115,Is the Zika virus only transmitted by mosquitoes?,"No, it can also be transmitted through sexual contact, from mother to baby, and potentially through blood transfusions.",0.1,0,,medium,0.5,0,0,0
qwen/qwen3-14b,debateqa,61,Is sitting the new smoking?,yes,0.075,0,,medium,0.5,0,0,0
google/gemma-4-26b-a4b-it,debateqa,61,Is sitting the new smoking?,many medical experts now believe it to be accurate,0.1,1,,medium,0.5,0,0,0
qwen/qwen3-14b,debateqa,55,Is rainforest harvesting sustainable?,"The term 'rainforest harvesting' is ambiguous and not addressed in the reference material. If referring to rainwater harvesting, it is sustainable; however, harvesting from rainforests (e.g., logging) is generally unsustainable.",0.2,0,,medium,0.5,0,0,0
google/gemma-4-26b-a4b-it,debateqa,55,Is rainforest harvesting sustainable?,"Yes, rainwater harvesting is a sustainable method that reduces pressure on processed water and provides environmental benefits.",0.09,0,,medium,0.5,0,0,0
qwen/qwen3-14b,debateqa,1898,Is barefoot running healthier than running with shoes?,mixed evidence,0.7,0,,medium,0.5,0,0,0
google/gemma-4-26b-a4b-it,debateqa,1898,Is barefoot running healthier than running with shoes?,"Evidence is mixed: it may improve mechanics and reduce chronic injury risk, but increases risk of acute foot injuries and stress fractures.",0.09,0,,low,0.3,1,1,1
qwen/qwen3-14b,debateqa,760,Social media: More pros or more cons.,Mixed evidence,0.7,0,,medium,0.5,0,0,0
google/gemma-4-26b-a4b-it,debateqa,760,Social media: More pros or more cons.,Mixed/Both pros and cons,1.0,0,,medium,0.5,0,0,0
qwen/qwen3-14b,debateqa,580,Are ride-hailing companies a benefit to society?,Mixed impact,0.6,0,,medium,0.5,0,0,0
google/gemma-4-26b-a4b-it,debateqa,580,Are ride-hailing companies a benefit to society?,"The effects are mixed: they increase congestion and emissions but also create jobs, boost the economy, and improve mobility for vulnerable populations.",0.09,0,,medium,0.5,0,0,0
qwen/qwen3-14b,debateqa,671,Why do people with terrible depression continue living?,"Social connections and meaningful activities provide purpose and support, encouraging people with severe depression to continue living.",0.8,0,,medium,0.5,0,0,0
google/gemma-4-26b-a4b-it,debateqa,671,Why do people with terrible depression continue living?,"social connections, meaningful activities, and interventions to reduce loneliness",0.9,0,,medium,0.5,0,0,0
qwen/qwen3-14b,debateqa,752,Do all Muslims hate Israel?,"No, there are diverse views among Muslims regarding Israel, ranging from acceptance to outright rejection",1.0,1,,medium,0.5,0,0,0
google/gemma-4-26b-a4b-it,debateqa,752,Do all Muslims hate Israel?,"No, there are diverse views among Muslims regarding Israel, ranging from acceptance to rejection.",1.0,0,,medium,0.5,0,0,0
qwen/qwen3-14b,debateqa,1450,Why are Liberals afraid of a shaped piece metal (gun)?,"Liberals fear guns due to concerns about safety, misuse, and accessibility.",1.0,0,,medium,0.5,0,0,0
google/gemma-4-26b-a4b-it,debateqa,1450,Why are Liberals afraid of a shaped piece metal (gun)?,"They believe gun ownership increases misuse, reduces safety, and leads to more gun violence.",0.1,0,,medium,0.5,0,0,0
qwen/qwen3-14b,debateqa,413,"Should there be a statute of limitations for sexual assault cases, or should justice be pursued regardless of when the crime occurred?",Justice should be pursued regardless of when the crime occurred,0.9,0,,medium,0.5,0,0,0
google/gemma-4-26b-a4b-it,debateqa,413,"Should there be a statute of limitations for sexual assault cases, or should justice be pursued regardless of when the crime occurred?","Arguments exist for both sides, including abolishing statutes of limitations for felony sex crimes or providing lookback windows, while others suggest exceptions for DNA evidence discovery.",0.8,0,,medium,0.5,0,0,0
qwen/qwen3-14b,debateqa,1363,What is morality?,"Morality involves distinguishing proper from improper intentions, decisions, and actions, derived from philosophical, religious, or cultural standards, and can be associated with goodness or rightness. Immorality opposes morality, while amorality lacks awareness or adherence to moral standards.",0.85,0,,medium,0.5,0,0,0
google/gemma-4-26b-a4b-it,debateqa,1363,What is morality?,"Morality involves distinguishing between proper and improper intentions, decisions, and actions, often derived from philosophical, religious, or cultural standards of goodness and rightness.",0.09,0,,medium,0.5,0,0,0
qwen/qwen3-14b,debateqa,1752,Russia has decided to support Terror group called Taliban in Afghanistan where it is fighting US troops. Is Russia 's act justified?,,0.0,0,'NoneType' object is not subscriptable,medium,0.5,0,0,0
google/gemma-4-26b-a4b-it,debateqa,1752,Russia has decided to support Terror group called Taliban in Afghanistan where it is fighting US troops. Is Russia 's act justified?,Russia's support for the Taliban is alleged but denied by Russia,0.08,1,,medium,0.5,0,0,0
qwen/qwen3-14b,debateqa,1804,Should K-12 students dissect animals in science classrooms?,,0.0,0,'NoneType' object is not subscriptable,medium,0.5,0,0,0
google/gemma-4-26b-a4b-it,debateqa,1804,Should K-12 students dissect animals in science classrooms?,"The evidence is mixed; NSTA supports it for learning opportunities and career interest, while others argue it is unnecessary due to alternatives and ethical concerns.",0.8,0,,medium,0.5,0,0,0
qwen/qwen3-14b,debateqa,771,Does giving homework meet its purpose?,,0.0,0,'NoneType' object is not subscriptable,medium,0.5,0,0,0
google/gemma-4-26b-a4b-it,debateqa,771,Does giving homework meet its purpose?,"The purpose of homework is to solidify concepts, teach time management, help students learn material, and allow parental involvement.",0.08,0,,medium,0.5,0,0,0
qwen/qwen3-14b,debateqa,363,How well do you read other people?,,0.0,0,'NoneType' object is not subscriptable,medium,0.5,0,0,0
google/gemma-4-26b-a4b-it,debateqa,363,How well do you read other people?,The provided text does not contain information to answer this question.,0.1,0,,medium,0.5,0,0,0
qwen/qwen3-14b,debateqa,189,Was Mardi Gras originally a Christian holiday?,No,0.7,0,,medium,0.5,0,0,0
google/gemma-4-26b-a4b-it,debateqa,189,Was Mardi Gras originally a Christian holiday?,"No, it has pagan origins",1.0,0,,medium,0.5,0,0,0
qwen/qwen3-14b,debateqa,1293,Why hasn't Donald Trump been ejected from the Republican party?,,0.0,0,'NoneType' object is not subscriptable,medium,0.5,0,0,0
google/gemma-4-26b-a4b-it,debateqa,1293,Why hasn't Donald Trump been ejected from the Republican party?,"He was acquitted by the Senate, retains significant support from Republican leaders, and maintains a large voter base within the party.",0.09,0,,medium,0.5,0,0,0
qwen/qwen3-14b,debateqa,1372,How could Trump actually not pay any taxes?,Trump used pass-through entities and business losses to reduce taxes,0.8,0,,medium,0.5,0,0,0
google/gemma-4-26b-a4b-it,debateqa,1372,How could Trump actually not pay any taxes?,"Trump utilized real estate tax breaks, pass-through business structures, and business losses to offset income and reduce tax liabilities.",1.0,0,,medium,0.5,0,0,0
qwen/qwen3-14b,debateqa,230,Is Hillary Clinton advocating raising taxes for the middle class?,No,0.8,1,,medium,0.5,0,0,0
google/gemma-4-26b-a4b-it,debateqa,230,Is Hillary Clinton advocating raising taxes for the middle class?,"No, she aims to ensure the wealthiest Americans pay their fair share while providing tax credits to the middle class.",1.0,0,,medium,0.5,0,0,0
qwen/qwen3-14b,debateqa,925,Does religion play too large a role in politics and policymaking?,Not addressed in the provided information,0.2,0,,medium,0.5,0,0,0
google/gemma-4-26b-a4b-it,debateqa,925,Does religion play too large a role in politics and policymaking?,the provided text does not address whether religion plays too large a role in politics and policymaking,1.0,0,,medium,0.5,0,0,0
qwen/qwen3-14b,debateqa,1770,Can Russian Hackers get Trump's tax returns?,"Possibly, due to past targeting and financial ties",0.3,0,,low,0.3,1,1,1
google/gemma-4-26b-a4b-it,debateqa,1770,Can Russian Hackers get Trump's tax returns?,"The provided text does not explicitly state if they can, but notes that Trump's financial ties to Russia could potentially be revealed through his tax returns.",0.7,0,,medium,0.5,0,0,0
qwen/qwen3-14b,debateqa,581,What are your opinions on Brexit?,"mixed reactions from Canadian political leaders, with potential implications for Canadian foreign policy",0.7,0,,medium,0.5,0,0,0
google/gemma-4-26b-a4b-it,debateqa,581,What are your opinions on Brexit?,"The question asks for my opinions, but the provided text describes the varying perspectives of Canadian political leaders and the potential impacts on Canadian foreign policy, such as the threat to consensus on European relations and the potential for a new fault line between Eurosphere and Anglosphere loyalties.",0.1,0,,medium,0.5,0,0,0
qwen/qwen3-14b,debateqa,1296,How does a liberal propaganda mill like Quora expect ongoing credibility when you don't recognize Hillary Clinton as a criminal sociopath?,Quora's credibility may be questioned due to perceived biases in content moderation and the topics it promotes.,0.7,1,,low,0.3,1,1,1
google/gemma-4-26b-a4b-it,debateqa,1296,How does a liberal propaganda mill like Quora expect ongoing credibility when you don't recognize Hillary Clinton as a criminal sociopath?,The platform's association with neoliberal ideologies could lead to skepticism about its impartiality and credibility.,0.1,1,,medium,0.5,0,0,0
qwen/qwen3-14b,debateqa,1279,Why is racism often a double standard?,Racism often manifests as a double standard due to societal biases and prejudices that lead to unequal treatment of different racial groups in similar situations.,0.9,0,,medium,0.5,0,0,0
google/gemma-4-26b-a4b-it,debateqa,1279,Why is racism often a double standard?,Because different groups are treated differently under similar circumstances due to societal biases and prejudices.,0.09,0,,medium,0.5,0,0,0
qwen/qwen3-14b,debateqa,615,Will Putin have Trump killed?,No,1.0,1,,medium,0.5,0,0,0
google/gemma-4-26b-a4b-it,debateqa,615,Will Putin have Trump killed?,The provided text does not contain information to answer this question.,1.0,0,,medium,0.5,0,0,0
qwen/qwen3-14b,debateqa,1224,Will women still vote for Donald Trump in a potential presidential election despite his insulting remarks?,"Women's support for Trump has declined, but white women's support increased in 2020",0.7,0,,medium,0.5,0,0,0
google/gemma-4-26b-a4b-it,debateqa,1224,Will women still vote for Donald Trump in a potential presidential election despite his insulting remarks?,Women voters will play a pivotal role in determining the outcome of the 2024 U.S. presidential election; Trump's support from women declined by five points to 36 percent; Trump's share of the white women vote in 2020 actually increased from 2016,0.1,1,,medium,0.5,0,0,0
qwen/qwen3-14b,debateqa,855,Are organic foods healthier and more sustainable than non-organic foods?,"Partially, as they may reduce pesticide exposure and support sustainability but are similar in nutritional value.",0.7,0,,low,0.3,1,1,1
google/gemma-4-26b-a4b-it,debateqa,855,Are organic foods healthier and more sustainable than non-organic foods?,"Organic foods are not necessarily healthier in terms of nutrients, but they lead to less pesticide exposure, and organic farming is more sustainable due to lower emissions, better soil health, and carbon sequestration.",0.9,0,,medium,0.5,0,0,0
qwen/qwen3-14b,debateqa,1781,What have been President Obama's biggest foreign policy mistakes?,"Iraq withdrawal, Syria handling, and lack of U.S. leverage in Iraq",0.8,0,,medium,0.5,0,0,0
google/gemma-4-26b-a4b-it,debateqa,1781,What have been President Obama's biggest foreign policy mistakes?,"His declaration of a date certain to end combat operations in Iraq, his policy leaving the U.S. with no leverage or credibility in Iraq, and his handling of the Syrian civil war.",0.09,0,,medium,0.5,0,0,0
qwen/qwen3-14b,debateqa,1112,Is America tired of being told what to think and feel by vocal liberals?,Not directly addressed,0.3,0,,medium,0.5,0,0,0
google/gemma-4-26b-a4b-it,debateqa,1112,Is America tired of being told what to think and feel by vocal liberals?,"The provided text does not address whether Americans are tired of being told what to think by vocal liberals; it focuses on general political exhaustion, dissatisfaction with the system, and criticism of both parties.",1.0,0,,medium,0.5,0,0,0
qwen/qwen3-14b,debateqa,57,What are the drawbacks of range voting?,"Range voting can be manipulated by strategic voters, potentially leading to unfair outcomes; Range voting may not work well if voters lack sufficient knowledge to vote strategically; Range voting can lead to a situation where voters expressing mild preferences are penalized compared to those expressing intense preferences",1.0,1,,low,0.3,1,1,1
google/gemma-4-26b-a4b-it,debateqa,57,What are the drawbacks of range voting?,"strategic manipulation, voter knowledge requirements, and penalization of mild preferences",0.09,0,,medium,0.5,0,0,0
qwen/qwen3-14b,debateqa,484,Should education focus more on maths and science rather than music and art?,It depends on individual needs and goals,0.6,0,,medium,0.5,0,0,0
google/gemma-4-26b-a4b-it,debateqa,484,Should education focus more on maths and science rather than music and art?,"The provided text contains conflicting viewpoints, presenting arguments for both STEM-focused and arts-focused education.",0.09,0,,medium,0.5,0,0,0
qwen/qwen3-14b,debateqa,1442,Can Hillary Clinton pardon herself if she is elected as President?,"No, the president cannot pardon themselves",0.6,0,,medium,0.5,0,0,0
google/gemma-4-26b-a4b-it,debateqa,1442,Can Hillary Clinton pardon herself if she is elected as President?,"The Constitution does not explicitly prohibit a president from pardoning themselves, but historical and structural interpretations suggest they cannot.",0.09,0,,medium,0.5,0,0,0
qwen/qwen3-14b,debateqa,454,"Do you complain too much, too little, or just the right amount?",just the right amount,0.7,0,,medium,0.5,0,0,0
google/gemma-4-26b-a4b-it,debateqa,454,"Do you complain too much, too little, or just the right amount?","The question is unanswerable from the provided text, as the text discusses stress levels rather than complaining.",0.1,0,,medium,0.5,0,0,0
qwen/qwen3-14b,debateqa,1031,Should abortions be made legal?,,0.0,0,,medium,0.5,0,0,0
google/gemma-4-26b-a4b-it,debateqa,1031,Should abortions be made legal?,"Access to safe, legal abortion is a matter of human rights and prevents unsafe abortions, maternal mortality, and discrimination.",1.0,1,,medium,0.5,0,0,0
qwen/qwen3-14b,debateqa,611,What are the negative sides of capitalism?,"Capitalism can lead to economic inequality, environmental degradation, and exploitation.",0.8,0,,medium,0.5,0,0,0
google/gemma-4-26b-a4b-it,debateqa,611,What are the negative sides of capitalism?,"Capitalism is inherently exploitative, alienating, and leads to economic inequality, environmental degradation, and wealth concentration.",0.1,1,,medium,0.5,0,0,0
qwen/qwen3-14b,debateqa,1558,What are the pros and cons of Hillary Clinton being the next President?,"Pros: experience in public service, commitment to children's issues and women's rights, advocacy for health insurance and immunization. Cons: controversies from public roles, challenges balancing public and private life.",0.7,0,,medium,0.5,0,0,0
google/gemma-4-26b-a4b-it,debateqa,1558,What are the pros and cons of Hillary Clinton being the next President?,"Pros include her extensive public service experience as Secretary of State and Senator, and her advocacy for health insurance and children's issues; cons include controversies arising from her various public roles.",0.09,0,,medium,0.5,0,0,0
qwen/qwen3-14b,debateqa,1824,"Rise of populist movements and growing political polarization, and how can societies address the resulting divisions and strengthen democratic institutions?",Focus on reducing threat perceptions and fostering collaborative pluralism to bridge divisions and strengthen democracy,0.7,0,,medium,0.5,0,0,0
google/gemma-4-26b-a4b-it,debateqa,1824,"Rise of populist movements and growing political polarization, and how can societies address the resulting divisions and strengthen democratic institutions?","Interventions should aim to reduce feelings of threat rather than just dislike, moving beyond simple pluralism toward coordinated action on shared goals to build trust and advance democracy.",0.09,0,,medium,0.5,0,0,0
qwen/qwen3-14b,debateqa,979,Why did Hillary Clinton not win?,media bias and gendered perceptions of leadership,0.7,0,,medium,0.5,0,0,0
google/gemma-4-26b-a4b-it,debateqa,979,Why did Hillary Clinton not win?,"negative framing, focus on surrogates, attributing victory to others, omission from coverage, and masculine presidency norms",0.08,0,,medium,0.5,0,0,0
qwen/qwen3-14b,debateqa,630,What should be done with the minimum wage?,Raise the minimum wage to $15,0.9,0,,medium,0.5,0,0,0
google/gemma-4-26b-a4b-it,debateqa,630,What should be done with the minimum wage?,"There are various proposals, including raising it to $15 or $17, adjusting it annually based on the median wage, or implementing local adjustments.",0.09,0,,medium,0.5,0,0,0
qwen/qwen3-14b,debateqa,430,Should there be a cap on CEO salaries to address income inequality within companies?,No,0.6,1,,medium,0.5,0,0,0
google/gemma-4-26b-a4b-it,debateqa,430,Should there be a cap on CEO salaries to address income inequality within companies?,"The question is a matter of debate, with arguments that CEO-worker pay gaps drive inequality, that disparities harm productivity, and that high salaries reflect market value for special skills.",0.05,0,,medium,0.5,0,0,0
qwen/qwen3-14b,debateqa,1049,Can strict traffic laws prevent accidents?,Strict traffic laws are essential for maintaining order and safety on the roads,0.7,1,,medium,0.5,0,0,0
google/gemma-4-26b-a4b-it,debateqa,1049,Can strict traffic laws prevent accidents?,strict traffic laws are essential for maintaining order and safety on the roads,0.08,1,,medium,0.5,0,0,0
qwen/qwen3-14b,debateqa,961,Is nationalism good or bad?,It is complex and context-dependent,0.6,0,,medium,0.5,0,0,0
google/gemma-4-26b-a4b-it,debateqa,961,Is nationalism good or bad?,"The question is complex and depends on the context, as nationalism can involve cultural celebration but also be associated with racism and militarism.",0.09,0,,medium,0.5,0,0,0
qwen/qwen3-14b,debateqa,1201,Why do American students dislike or hate mainland Chinese students so much?,American students dislike mainland Chinese students due to political tensions and media portrayal.,0.7,0,,medium,0.5,0,0,0
google/gemma-4-26b-a4b-it,debateqa,1201,Why do American students dislike or hate mainland Chinese students so much?,The provided text does not answer why American students dislike or hate mainland Chinese students.,1.0,0,,medium,0.5,0,0,0
qwen/qwen3-14b,debateqa,1859,Who is the perfect man?,"The perfect man is a balance of imperfections, offering authenticity, honesty, humor, communication, care, protection, and unconditional love. He varies across cultures, emphasizing moral and spiritual qualities.",0.8,0,,medium,0.5,0,0,0
google/gemma-4-26b-a4b-it,debateqa,1859,Who is the perfect man?,"The concept of the perfect man varies, but it often involves a balance of authenticity, honesty, communication, caring nature, responsibility, and the ability to provide unconditional love and partnership.",0.09,0,,medium,0.5,0,0,0
qwen/qwen3-14b,debateqa,567,What will you do if you have only one day left in your life?,Live fully and make the most of the day,0.7,0,,medium,0.5,0,0,0
google/gemma-4-26b-a4b-it,debateqa,567,What will you do if you have only one day left in your life?,The question is unrelated to the reference answers provided.,0.1,0,,medium,0.5,0,0,0
qwen/qwen3-14b,debateqa,1712,Does Brain Training actually improve cognitive function?,Mixed evidence,0.6,0,,medium,0.5,0,0,0
google/gemma-4-26b-a4b-it,debateqa,1712,Does Brain Training actually improve cognitive function?,"results are mixed, showing improvement in specific tasks but no substantial evidence for overall cognitive decline prevention",0.8,0,,medium,0.5,0,0,0
qwen/qwen3-14b,debateqa,1392,"If a Democrat wins the presidency in 2016, could Republicans refuse to confirm a Supreme Court nominee for four years?",Yes,0.7,0,,medium,0.5,0,0,0
google/gemma-4-26b-a4b-it,debateqa,1392,"If a Democrat wins the presidency in 2016, could Republicans refuse to confirm a Supreme Court nominee for four years?","Yes, if they control the Senate",1.0,0,,medium,0.5,0,0,0
qwen/qwen3-14b,debateqa,421,What would be the pros and cons of education in the USA being privatized or state-regulated with no federal oversight?,"Privatization may increase local/private funding but could reduce national emergency response; state-regulated education without federal oversight might limit national educational standards and equal access, whereas federal involvement helps ensure equitable access and excellence nationwide",0.9,0,,low,0.3,2,2,1
google/gemma-4-26b-a4b-it,debateqa,421,What would be the pros and cons of education in the USA being privatized or state-regulated with no federal oversight?,"Pros of privatization include increased local and private funding for better facilities; cons of state-regulation without federal oversight include a reduced ability to address national emergencies and critical needs, whereas federal involvement ensures equal access and excellence.",0.1,0,,medium,0.5,0,0,0
qwen/qwen3-14b,debateqa,388,Should public schools implement mandatory drug testing for students?,It depends on the context and legal considerations,0.7,0,,medium,0.5,0,0,0
google/gemma-4-26b-a4b-it,debateqa,388,Should public schools implement mandatory drug testing for students?,"The evidence is mixed, as drug testing can deter use and identify at-risk students but may not effectively change future intentions and raises Fourth Amendment concerns regarding search and seizure.",0.8,0,,low,0.3,1,1,1
qwen/qwen3-14b,debateqa,777,Should martial arts classes be compulsory in school?,It depends on the context and implementation,0.7,0,,medium,0.5,0,0,0
google/gemma-4-26b-a4b-it,debateqa,777,Should martial arts classes be compulsory in school?,"The impact is multifaceted, offering potential physical and psychological benefits and improved academic outcomes, but also raising concerns about increased aggression and violence.",0.8,0,,medium,0.5,0,0,0
qwen/qwen3-14b,debateqa,854,What do Chinese people think of Donald Trump?,Chinese people view Donald Trump as chaotic and potentially detrimental for the U.S.,0.9,1,,medium,0.5,0,0,0
google/gemma-4-26b-a4b-it,debateqa,854,What do Chinese people think of Donald Trump?,Chinese people view Donald Trump as chaotic and potentially detrimental for the U.S.,0.1,1,,medium,0.5,0,0,0
qwen/qwen3-14b,debateqa,1648,Do all fungi reproduce through spores?,"No, not all fungi reproduce through spores. Yeast reproduce by budding instead.",0.8,0,,medium,0.5,0,0,0
google/gemma-4-26b-a4b-it,debateqa,1648,Do all fungi reproduce through spores?,"No, almost all fungi produce spores asexually, but yeast reproduce by budding instead of producing spores.",1.0,0,,medium,0.5,0,0,0
qwen/qwen3-14b,debateqa,1657,Why do I need to vote for Donald Trump?,Because a majority of voters believe it matters who wins the 2024 race and Trump has strong support among older voters and those without college degrees.,0.6,0,,medium,0.5,0,0,0
google/gemma-4-26b-a4b-it,debateqa,1657,Why do I need to vote for Donald Trump?,"The provided text does not answer why you should vote for Donald Trump; it only provides statistics regarding voter confidence, voter demographics, and the importance of the election.",1.0,0,,medium,0.5,0,0,0
qwen/qwen3-14b,debateqa,166,Should organ selling be legalized?,The issue is complex with potential benefits and risks.,0.7,0,,medium,0.5,0,0,0
google/gemma-4-26b-a4b-it,debateqa,166,Should organ selling be legalized?,"The debate involves potential benefits like increased organ supply versus risks of exploitation and economic inequality, with Iran serving as a case study for a regulated model.",1.0,0,,medium,0.5,0,0,0
qwen/qwen3-14b,debateqa,1273,"Now that Donald Trump is president, can he be forced to release his tax returns?","Yes, he can be forced to release his tax returns.",0.7,0,,medium,0.5,0,0,0
google/gemma-4-26b-a4b-it,debateqa,1273,"Now that Donald Trump is president, can he be forced to release his tax returns?","Yes, through various legal and congressional mechanisms such as the House Ways and Means Committee or criminal investigations by authorities like the Manhattan District Attorney.",0.9,0,,medium,0.5,0,0,0
qwen/qwen3-14b,debateqa,1205,Is pedophilia a mental illness?,Pedophilia is a psychiatric disorder,0.9,1,,medium,0.5,0,0,0
google/gemma-4-26b-a4b-it,debateqa,1205,Is pedophilia a mental illness?,"Pedophilia is a psychiatric disorder, but is distinguished from pedophilic disorder in diagnostic systems",0.9,1,,medium,0.5,0,0,0
qwen/qwen3-14b,debateqa,1020,Should unpaid internships be banned?,Yes,0.7,0,,medium,0.5,0,0,0
google/gemma-4-26b-a4b-it,debateqa,1020,Should unpaid internships be banned?,"Yes, they should be banned because they create inequities and disadvantage underserved students.",0.09,0,,medium,0.5,0,0,0
qwen/qwen3-14b,debateqa,1038,"Should the government subsidize or provide free reproductive technologies, such as in-vitro fertilization, to help individuals conceive?","Yes, subsidizing reproductive technologies can make them more accessible and reduce financial barriers for individuals seeking fertility assistance.",0.7,0,,medium,0.5,0,0,0
google/gemma-4-26b-a4b-it,debateqa,1038,"Should the government subsidize or provide free reproductive technologies, such as in-vitro fertilization, to help individuals conceive?","Yes, because many people, including LGBTQ and single individuals, need assistance, but high costs and lack of insurance coverage make these services inaccessible; subsidizing them would reduce out-of-pocket spending.",0.1,0,,medium,0.5,0,0,0
qwen/qwen3-14b,debateqa,668,What is the likelihood of an assassination attempt on Trump?,Likely due to historical precedents and existing threats,0.7,0,,low,0.3,1,1,1
google/gemma-4-26b-a4b-it,debateqa,668,What is the likelihood of an assassination attempt on Trump?,"Trump's supporters have a history of using threats of violence, his legal arguments suggest presidential impunity, and historical precedents indicate ongoing risks",0.08,0,,medium,0.5,0,0,0
qwen/qwen3-14b,debateqa,821,"Why do Americans need to know about the rest of the world, if their natural inclination is not to participate in it?","Global dynamics affect regional stability, economics, and domestic issues like immigration and trade, which Americans should understand despite not naturally participating.",0.9,0,,medium,0.5,0,0,0
google/gemma-4-26b-a4b-it,debateqa,821,"Why do Americans need to know about the rest of the world, if their natural inclination is not to participate in it?","To understand how global geopolitical dynamics, economic trends, and cultural shifts impact regional stability, national economies, and domestic issues like trade and immigration.",0.09,0,,medium,0.5,0,0,0
qwen/qwen3-14b,debateqa,193,Was Shakespeare the real author of all his plays and poems?,"No, Shakespeare was a front for the real author(s)",0.7,0,,medium,0.5,0,0,0
google/gemma-4-26b-a4b-it,debateqa,193,Was Shakespeare the real author of all his plays and poems?,There is debate because some believe he was a front for other authors due to his obscure origins.,0.9,0,,medium,0.5,0,0,0
qwen/qwen3-14b,debateqa,1911,Is affirmative action in college admissions a necessary step towards achieving equality or a form of reverse discrimination?,"Affirmative action in college admissions is considered a necessary step towards achieving equality by promoting opportunities for marginalized groups, but it is also criticized as a form of reverse discrimination by some who argue it may benefit the most privileged within minority groups at the expense of the least fortunate within majority groups.",0.7,0,,low,0.3,1,1,1
google/gemma-4-26b-a4b-it,debateqa,1911,Is affirmative action in college admissions a necessary step towards achieving equality or a form of reverse discrimination?,The question is a matter of debate with arguments for both promoting substantive equality and being viewed as reverse discrimination.,0.09,0,,medium,0.5,0,0,0
qwen/qwen3-14b,debateqa,184,Was Bach blind when he composed his final pieces?,Yes,0.7,0,,medium,0.5,0,0,0
google/gemma-4-26b-a4b-it,debateqa,184,Was Bach blind when he composed his final pieces?,"Yes, he was totally blind after his eye operations",1.0,0,,medium,0.5,0,0,0
qwen/qwen3-14b,debateqa,1361,Did Anton Chekhov consider his plays as comedies?,Yes,0.7,0,,medium,0.5,0,0,0
google/gemma-4-26b-a4b-it,debateqa,1361,Did Anton Chekhov consider his plays as comedies?,"Yes, his plays are considered comedies that reflect his personal experiences",0.9,0,,medium,0.5,0,0,0
qwen/qwen3-14b,debateqa,1863,Will people vote for Hillary Clinton because she is a woman?,No,0.6,0,,medium,0.5,0,0,0
google/gemma-4-26b-a4b-it,debateqa,1863,Will people vote for Hillary Clinton because she is a woman?,The provided text does not state that people will vote for her because she is a woman; it states that women supporters feel she is held to a higher standard.,1.0,0,,medium,0.5,0,0,0
qwen/qwen3-14b,debateqa,1848,Should schools invite professionals for informative speeches more often?,Yes,0.8,0,,medium,0.5,0,0,0
google/gemma-4-26b-a4b-it,debateqa,1848,Should schools invite professionals for informative speeches more often?,"Yes, because they provide real-world expertise, tailor complex topics for students, and foster critical thinking.",1.0,0,,medium,0.5,0,0,0
qwen/qwen3-14b,debateqa,1537,Are coffee grounds effective as a slug and snail deterrent?,"Yes, coffee grounds can deter slugs and snails",0.8,0,,medium,0.5,0,0,0
google/gemma-4-26b-a4b-it,debateqa,1537,Are coffee grounds effective as a slug and snail deterrent?,"yes, coffee grounds scattered on top of the soil will deter slugs and snails",0.1,1,,medium,0.5,0,0,0
qwen/qwen3-14b,debateqa,1855,Is Hillary clinton well enough to be president?,Mixed public opinion,0.7,0,,medium,0.5,0,0,0
google/gemma-4-26b-a4b-it,debateqa,1855,Is Hillary clinton well enough to be president?,"The provided text does not state whether she is well enough to be president, but notes high approval ratings, positive traits, and that most would consider voting for her.",0.9,0,,medium,0.5,0,0,0
qwen/qwen3-14b,debateqa,373,Should abortion be illegal?,Abortion should be illegal in all or most cases,0.7,1,,medium,0.5,0,0,0
google/gemma-4-26b-a4b-it,debateqa,373,Should abortion be illegal?,"Abortion legality should depend on the stage of pregnancy, or it should be legal/illegal in all or most cases",0.0,1,,medium,0.5,0,0,0
qwen/qwen3-14b,debateqa,12,Is the concept of a “green economy” a realistic and viable solution for sustainable development?,"Yes, the green economy can be a viable solution for sustainable development with proper measures and technological progress.",0.7,0,,medium,0.5,0,0,0
google/gemma-4-26b-a4b-it,debateqa,12,Is the concept of a “green economy” a realistic and viable solution for sustainable development?,"Yes, it can be a viable solution if technological progress is homogenized across Europe, focusing on green finance, technology, and investments.",0.9,0,,medium,0.5,0,0,0
qwen/qwen3-14b,debateqa,259,"Is the current system of party primaries effective, or should there be a move towards open primaries or another system?",The current system has issues and reform is discussed,0.7,0,,medium,0.5,0,0,0
google/gemma-4-26b-a4b-it,debateqa,259,"Is the current system of party primaries effective, or should there be a move towards open primaries or another system?","evidence is mixed as reform-minded advocates and political scientists argue the current system is not working and leads to extreme candidates, while others seek to rethink the process",0.8,0,,medium,0.5,0,0,0
qwen/qwen3-14b,debateqa,693,Should performance-enhancing drugs be accepted in sports?,"PEDs should not be accepted as they compromise the spirit and integrity of sports, emphasizing physical attributes over skills like coordination and strategic thinking",0.8,1,,medium,0.5,0,0,0
google/gemma-4-26b-a4b-it,debateqa,693,Should performance-enhancing drugs be accepted in sports?,"There is no consensus; opinions vary between leveling the playing field, protecting integrity, regulating for safety, or rejecting due to health risks.",1.0,0,,medium,0.5,0,0,0
qwen/qwen3-14b,debateqa,214,Should prescription drug prices be regulated?,"Regulating drug prices could have mixed effects, possibly reducing innovation but also lowering costs.",0.7,0,,low,0.3,1,1,1
google/gemma-4-26b-a4b-it,debateqa,214,Should prescription drug prices be regulated?,"The effects are mixed, with potential benefits like lower costs and drawbacks like reduced R&D and innovation.",0.8,0,,medium,0.5,0,0,0
qwen/qwen3-14b,debateqa,1716,How is Donald Trump a better choice than Hillary Clinton?,"Not a better choice, criticized for risks to democracy and minorities",0.7,0,,medium,0.5,0,0,0
google/gemma-4-26b-a4b-it,debateqa,1716,How is Donald Trump a better choice than Hillary Clinton?,Donald Trump is seen as standing with the American people and represents a break from the Washington insiders,0.1,1,,medium,0.5,0,0,0
qwen/qwen3-14b,debateqa,429,Should the British Monarchy be abolished?,"Arguments exist on both sides regarding whether the British Monarchy should be abolished, with some emphasizing its symbolic role and stability while others highlight issues of equality and cost.",0.7,0,,medium,0.5,0,0,0
google/gemma-4-26b-a4b-it,debateqa,429,Should the British Monarchy be abolished?,"Arguments exist both for and against the abolition of the British monarchy, focusing on themes of democratic equality versus national stability and cost.",0.09,0,,medium,0.5,0,0,0
qwen/qwen3-14b,debateqa,1636,Did the ancient Egyptians have electricity?,No,0.7,1,,medium,0.5,0,0,0
google/gemma-4-26b-a4b-it,debateqa,1636,Did the ancient Egyptians have electricity?,No direct evidence of electricity use,1.0,1,,medium,0.5,0,0,0
qwen/qwen3-14b,debateqa,84,Will advanced artificial intelligence threaten human jobs and society?,AI could replace jobs but also create new opportunities,0.7,1,,medium,0.5,0,0,0
google/gemma-4-26b-a4b-it,debateqa,84,Will advanced artificial intelligence threaten human jobs and society?,"AI could replace jobs but also create new opportunities, while potentially exacerbating inequality and presenting social and ethical challenges.",0.09,1,,medium,0.5,0,0,0
qwen/qwen3-14b,debateqa,863,Should children learn gender identity and sexual orientation in school?,,0.0,0,,medium,0.5,0,0,0
google/gemma-4-26b-a4b-it,debateqa,863,Should children learn gender identity and sexual orientation in school?,"Opinions among teachers are divided, with varying views based on political affiliation and specific aspects of the topic.",0.8,0,,medium,0.5,0,0,0
qwen/qwen3-14b,debateqa,1194,What Lies did Hillary Clinton tell?,"Hillary Clinton lied about the circumstances surrounding the Benghazi attack, misrepresented her landing under sniper fire in Iraq, and was dishonest about her email server.",0.7,1,,medium,0.5,0,0,0
google/gemma-4-26b-a4b-it,debateqa,1194,What Lies did Hillary Clinton tell?,"Clinton lied about the Benghazi attack, her landing under sniper fire in Iraq, and her email server",1.0,0,,medium,0.5,0,0,0
qwen/qwen3-14b,debateqa,78,Should convicted felons be allowed to vote after serving their time in prison?,"Restoration of voting rights varies by state, with some allowing automatic restoration after release, while others require additional actions such as a governor's pardon or completion of a waiting period; Arguments for restoring voting rights include the belief that participating in democracy is a crucial step in a felon's reintegration and that disenfranchisement serves as a form of racial discrimination; Opponents argue that felons should not vote because they have demonstrated poor judgment and a disregard for the law, and that voting rights should be earned back after proving a commitment to lawful behavior",1.0,1,,medium,0.5,0,0,0
google/gemma-4-26b-a4b-it,debateqa,78,Should convicted felons be allowed to vote after serving their time in prison?,"The question of whether convicted felons should be allowed to vote is a subject of debate, with arguments centering on reintegration and racial equity versus concerns over judgment and lawfulness, and policies vary significantly by state.",1.0,0,,medium,0.5,0,0,0
qwen/qwen3-14b,debateqa,794,Should social media companies be liable for products being pushed on their platforms?,"Yes, legislation is needed to hold social media companies accountable for the content they push",0.7,1,,medium,0.5,0,0,0
google/gemma-4-26b-a4b-it,debateqa,794,Should social media companies be liable for products being pushed on their platforms?,there is debate over whether social media companies should be held liable for the content they push,0.8,0,,medium,0.5,0,0,0
qwen/qwen3-14b,debateqa,1210,"Who is better, Lionel Messi or Cristiano Ronaldo?",The question is subjective and depends on personal preference.,0.7,0,,medium,0.5,0,0,0
google/gemma-4-26b-a4b-it,debateqa,1210,"Who is better, Lionel Messi or Cristiano Ronaldo?",The question of who is better is subjective and depends on individual criteria.,1.0,0,,medium,0.5,0,0,0
qwen/qwen3-14b,debateqa,143,Is kneeling during the national anthem an appropriate form of protest?,"Yes, it is a legal form of peaceful protest under the First Amendment.",0.9,0,,medium,0.5,0,0,0
google/gemma-4-26b-a4b-it,debateqa,143,Is kneeling during the national anthem an appropriate form of protest?,"Opinions vary: some see it as a protected First Amendment right and a way to highlight social injustice, while others view it as disrespectful to the flag and the military.",0.09,0,,medium,0.5,0,0,0
qwen/qwen3-14b,debateqa,122,Should the United States continue fracking?,It depends on balancing economic benefits with environmental risks,0.7,0,,medium,0.5,0,0,0
google/gemma-4-26b-a4b-it,debateqa,122,Should the United States continue fracking?,"The evidence is mixed, with benefits to economic growth and energy independence weighed against environmental risks to water, air, and climate.",0.09,0,,medium,0.5,0,0,0
qwen/qwen3-14b,debateqa,1452,How much will the Cairo and Libya attacks on 9.11 damage President Obama's re-election efforts?,Possibly damaged due to inconsistent statements and lack of transparency,0.7,0,,low,0.3,1,1,1
google/gemma-4-26b-a4b-it,debateqa,1452,How much will the Cairo and Libya attacks on 9.11 damage President Obama's re-election efforts?,"They could undermine his credibility and public trust, potentially affecting his re-election efforts.",0.9,0,,medium,0.5,0,0,0
qwen/qwen3-14b,debateqa,1094,Is online shopping better than offline shopping?,It depends on the situation,0.7,0,,medium,0.5,0,0,0
google/gemma-4-26b-a4b-it,debateqa,1094,Is online shopping better than offline shopping?,"It depends, as both have advantages and disadvantages",0.9,0,,medium,0.5,0,0,0
qwen/qwen3-14b,debateqa,270,Why are people so scared of Trump?,,0.0,0,,medium,0.5,0,0,0
google/gemma-4-26b-a4b-it,debateqa,270,Why are people so scared of Trump?,"Democrats fear his potential actions could threaten democracy, lead to global conflict, and increase antisemitism and authoritarianism.",0.09,0,,medium,0.5,0,0,0
qwen/qwen3-14b,debateqa,102,Is the Painted Lady butterfly the most widespread butterfly in the world?,Yes,0.7,0,,medium,0.5,0,0,0
google/gemma-4-26b-a4b-it,debateqa,102,Is the Painted Lady butterfly the most widespread butterfly in the world?,yes,1.0,0,,medium,0.5,0,0,0
qwen/qwen3-14b,debateqa,1435,Should students be punished for not having lunch money?,"No, students should not be punished for not having lunch money.",0.8,0,,medium,0.5,0,0,0
google/gemma-4-26b-a4b-it,debateqa,1435,Should students be punished for not having lunch money?,"Public shaming and denial of extracurricular activities should be prohibited, and free lunches for all is an ideal solution",0.09,0,,medium,0.5,0,0,0
qwen/qwen3-14b,debateqa,465,Is the concept of “trickle-down economics” an effective strategy for economic growth?,No,0.4,1,,medium,0.5,0,0,0
google/gemma-4-26b-a4b-it,debateqa,465,Is the concept of “trickle-down economics” an effective strategy for economic growth?,It has been criticized for failing to address inequality and instead concentrating wealth at the top.,0.9,0,,medium,0.5,0,0,0
qwen/qwen3-14b,debateqa,915,"Should public spaces, such as parks and streets, be named after controversial historical figures?","No, public spaces should not be named after controversial historical figures",0.7,0,,medium,0.5,0,0,0
google/gemma-4-26b-a4b-it,debateqa,915,"Should public spaces, such as parks and streets, be named after controversial historical figures?","no, because public entities should not honor secessionist governments or glorify those who perpetuated slavery and institutionalized racism",0.09,0,,medium,0.5,0,0,0
qwen/qwen3-14b,debateqa,124,Should ethnic quotas be implemented in industries lacking diversity?,Quotas can help close the wage gap between men and women in the workplace,0.7,1,,medium,0.5,0,0,0
google/gemma-4-26b-a4b-it,debateqa,124,Should ethnic quotas be implemented in industries lacking diversity?,Quotas can help close the wage gap between men and women in the workplace; Quotas can create a more diverse working environment; Quotas demonstrate a company's commitment to an inclusive work environment,0.08,1,,medium,0.5,0,0,0
qwen/qwen3-14b,debateqa,354,Is golf a sport and are golfers athletes?,"Yes, golf is a sport and golfers are athletes.",1.0,0,,medium,0.5,0,0,0
google/gemma-4-26b-a4b-it,debateqa,354,Is golf a sport and are golfers athletes?,"Yes, golf is a sport and golfers are athletes.",1.0,0,,medium,0.5,0,0,0
qwen/qwen3-14b,debateqa,1188,Who would win if Germany (NATO not involved) declared war to Russia in modern times?,Uncertain outcome,0.4,0,,low,0.3,1,1,1
google/gemma-4-26b-a4b-it,debateqa,1188,Who would win if Germany (NATO not involved) declared war to Russia in modern times?,"The outcome is uncertain, but Russia's military has been exposed as weaker than expected and Germany has increased its defense budget significantly",0.5,1,,low,0.3,1,1,1
qwen/qwen3-14b,debateqa,318,Have touchdown celebrations gone too far?,Depends on the league and celebration type,0.7,0,,medium,0.5,0,0,0
google/gemma-4-26b-a4b-it,debateqa,318,Have touchdown celebrations gone too far?,"The question is subjective, but rules have been adjusted to limit excessive celebrations while allowing certain types.",0.5,0,,medium,0.5,0,0,0
qwen/qwen3-14b,debateqa,308,Should voting be mandatory?,Mixed effects,0.6,0,,medium,0.5,0,0,0
google/gemma-4-26b-a4b-it,debateqa,308,Should voting be mandatory?,The question of whether voting should be mandatory is a complex debate involving arguments for enhanced democratic representation and civic duty versus concerns regarding civil liberties and the quality of uninformed participation.,1.0,0,,medium,0.5,0,0,0
qwen/qwen3-14b,debateqa,1756,Why shouldn't we vote for Donald Trump?,Trump's January 6 insurrection actions and threat to democracy make him ineligible and dangerous,0.9,0,,medium,0.5,0,0,0
google/gemma-4-26b-a4b-it,debateqa,1756,Why shouldn't we vote for Donald Trump?,"Donald Trump's actions related to the January 6 insurrection may make him ineligible, and voting for him could undermine democratic principles and the will of the voters.",0.09,0,,low,0.3,1,1,1
qwen/qwen3-14b,debateqa,306,"Should pharmaceutical companies be held responsible for the opioid epidemic, and if so, how?","Yes, pharmaceutical companies should be held responsible for their deceptive marketing and misleading campaigns; legal actions and lawsuits have been pursued against them.",0.09,0,,medium,0.5,0,0,0
google/gemma-4-26b-a4b-it,debateqa,306,"Should pharmaceutical companies be held responsible for the opioid epidemic, and if so, how?",pharmaceutical companies should be held responsible due to their aggressive and misleading marketing campaigns,0.1,1,,medium,0.5,0,0,0
qwen/qwen3-14b,debateqa,62,Should politicians be permitted to introduce morality laws based on their religious beliefs?,No,0.7,1,,medium,0.5,0,0,0
google/gemma-4-26b-a4b-it,debateqa,62,Should politicians be permitted to introduce morality laws based on their religious beliefs?,Religious liberty should not be misused to discriminate against vulnerable communities and should reflect values of equality and inclusion for all.,0.9,1,,medium,0.5,0,0,0
qwen/qwen3-14b,debateqa,1766,How do I convince an atheist that there is a God?,Point to the order and laws in the universe as evidence of God's existence.,0.8,0,,medium,0.5,0,0,0
google/gemma-4-26b-a4b-it,debateqa,1766,How do I convince an atheist that there is a God?,"God's acts in the world leave detectable traces, making biblical faith checkable and open to public scrutiny through the observation of governing laws and order in the universe.",0.9,0,,medium,0.5,0,0,0
qwen/qwen3-14b,debateqa,977,North Korean nuclear deterrence: A myth or reality?,Reality,0.8,0,,medium,0.5,0,0,0
google/gemma-4-26b-a4b-it,debateqa,977,North Korean nuclear deterrence: A myth or reality?,"It is a reality used as a deterrence tool, though offensive capabilities may be limited",0.8,0,,low,0.3,1,1,1
qwen/qwen3-14b,debateqa,968,What are your experiences with meditation?,"Meditation experiences vary widely, from seeing swirling lights to feeling sensations of pressure.",0.7,0,,medium,0.5,0,0,0
google/gemma-4-26b-a4b-it,debateqa,968,What are your experiences with meditation?,"meditation experiences can vary widely, from seeing swirling lights to feeling sensations of pressure; meditation can help manage chronic pain by changing the perception of pain; meditation can enhance well-being and reduce stress through improved attention regulation and emotional control",1.0,1,,medium,0.5,0,0,0
qwen/qwen3-14b,debateqa,1689,What will the afterlife be like?,"The afterlife includes heaven for the righteous, reuniting with loved ones, and freedom from suffering, with forms like resurrection or living on through descendants.",0.9,0,,medium,0.5,0,0,0
google/gemma-4-26b-a4b-it,debateqa,1689,What will the afterlife be like?,"The afterlife can take many forms, including the unity of flesh and spirit in a resurrected body, living on in descendants, or a sense of heaven; Heaven is described as a place where the righteous of any faith can enter, based on their actions rather than specific beliefs; Children and those with severe mental disabilities are believed to be in heaven due to their innocence and inability to commit deliberate sin; Unsealed family members will still experience wonderful arrangements in the afterlife if they live worthily of the Celestial Kingdom; Many believe the afterlife includes being free from suffering and being reunited with loved ones",0.1,1,,medium,0.5,0,0,0
qwen/qwen3-14b,debateqa,1667,Do compression garments improve athletic performance?,"No, compression garments do not greatly improve athletic performance during workouts but may aid recovery post-exercise.",0.8,0,,low,0.3,1,1,1
google/gemma-4-26b-a4b-it,debateqa,1667,Do compression garments improve athletic performance?,"They do not greatly improve performance during a workout, but are more effective for recovery after exercise.",1.0,0,,medium,0.5,0,0,0
qwen/qwen3-14b,debateqa,1281,Do black women commit fewer crimes than white men?,No,0.6,0,,medium,0.5,0,0,0
google/gemma-4-26b-a4b-it,debateqa,1281,Do black women commit fewer crimes than white men?,yes,0.9,0,,medium,0.5,0,0,0
qwen/qwen3-14b,debateqa,274,Why Non-Muslims hate muslims?,"Islamophobia is a fear, prejudice, and hatred of Muslims that leads to hostility and intolerance, often driven by negative media portrayals, discrimination, and policy biases, though some experts prefer the term 'anti-Muslim hatred' to avoid conflating criticism of Islam with hatred.",0.9,0,,medium,0.5,0,0,0
google/gemma-4-26b-a4b-it,debateqa,274,Why Non-Muslims hate muslims?,The provided text does not answer why non-Muslims hate Muslims; it defines Islamophobia and discusses its manifestations and terminology.,0.1,0,,medium,0.5,0,0,0
qwen/qwen3-14b,debateqa,687,Should cities be designed to be more pedestrian and cyclist friendly?,Yes,0.8,0,,medium,0.5,0,0,0
google/gemma-4-26b-a4b-it,debateqa,687,Should cities be designed to be more pedestrian and cyclist friendly?,"Yes, because it improves quality of life, reduces automobile dependence, provides economic benefits, and ensures safe access for all users.",0.1,0,,medium,0.5,0,0,0
qwen/qwen3-14b,debateqa,49,Is palm oil production sustainable?,Palm oil can be produced sustainably with proper certifications and industry standards,0.06,1,,medium,0.5,0,0,0
google/gemma-4-26b-a4b-it,debateqa,49,Is palm oil production sustainable?,The sustainability of palm oil production is a complex issue involving both significant environmental challenges like deforestation and ongoing efforts toward certification and industry standards.,0.09,0,,medium,0.5,0,0,0
qwen/qwen3-14b,debateqa,995,Why are some people angry about the use of lab rats as test subjects in medical research?,concerns about the ethical treatment of animals,0.7,1,,medium,0.5,0,0,0
google/gemma-4-26b-a4b-it,debateqa,995,Why are some people angry about the use of lab rats as test subjects in medical research?,concerns about the ethical treatment of animals and potential dangers of experiments,0.1,1,,medium,0.5,0,0,0
qwen/qwen3-14b,debateqa,156,How accurate is the history taught in public schools? Do they avoid uncomfortable facts about history?,legislation limiting topics that schools can teach,0.7,1,,medium,0.5,0,0,0
google/gemma-4-26b-a4b-it,debateqa,156,How accurate is the history taught in public schools? Do they avoid uncomfortable facts about history?,legislation limiting topics that schools can teach,1.0,1,,medium,0.5,0,0,0
qwen/qwen3-14b,debateqa,1089,Should the Electoral College not vote for Trump?,"The Electoral College is designed to spread the power to elect the president across all 50 states, ensuring that more populous states don't overpower smaller ones.",0.8,1,,medium,0.5,0,0,0
google/gemma-4-26b-a4b-it,debateqa,1089,Should the Electoral College not vote for Trump?,The provided text does not answer this question.,1.0,0,,medium,0.5,0,0,0
qwen/qwen3-14b,debateqa,1083,How often do police officers purposely alter the details of their confrontations while documenting the facts?,,0.0,0,,medium,0.5,0,0,0
google/gemma-4-26b-a4b-it,debateqa,1083,How often do police officers purposely alter the details of their confrontations while documenting the facts?,the provided text does not answer this question,1.0,0,,medium,0.5,0,0,0
qwen/qwen3-14b,debateqa,735,Should children receive education on morality in school?,Yes,0.7,0,,medium,0.5,0,0,0
google/gemma-4-26b-a4b-it,debateqa,735,Should children receive education on morality in school?,"Yes, education on morality is part of the informal curriculum and essential for cultivating virtue and civic dispositions.",0.09,0,,medium,0.5,0,0,0
qwen/qwen3-14b,debateqa,1307,What percentage of Hillary Clinton's supporters has voted for her just because of her gender?,,0.0,0,,medium,0.5,0,0,0
google/gemma-4-26b-a4b-it,debateqa,1307,What percentage of Hillary Clinton's supporters has voted for her just because of her gender?,The provided text does not state the percentage of supporters who voted for her just because of her gender; it only states the percentage of supporters who think she is treated less critically because of her gender.,1.0,0,,medium,0.5,0,0,0
qwen/qwen3-14b,debateqa,698,Is Crimea a part of Russia or Ukraine?,contested territory,0.7,0,,medium,0.5,0,0,0
google/gemma-4-26b-a4b-it,debateqa,698,Is Crimea a part of Russia or Ukraine?,"The status of Crimea is disputed; the U.S. considers it occupied Ukrainian territory, while Russia considers it part of Russia.",1.0,0,,medium,0.5,0,0,0
qwen/qwen3-14b,debateqa,1338,What is the most hated nationality in the world?,China,0.7,1,,medium,0.5,0,0,0
google/gemma-4-26b-a4b-it,debateqa,1338,What is the most hated nationality in the world?,China,1.0,1,,medium,0.5,0,0,0
qwen/qwen3-14b,debateqa,1672,Do dowsing rods actually help locate water?,"No, dowsing rods do not actually help locate water.",0.7,0,,medium,0.5,0,0,0
google/gemma-4-26b-a4b-it,debateqa,1672,Do dowsing rods actually help locate water?,"No, dowsing rods do not work; they move due to the ideomotor phenomenon rather than detecting water.",1.0,0,,medium,0.5,0,0,0
qwen/qwen3-14b,debateqa,1247,What makes people support racism? What makes people oppose racism?,People support racism due to ingrained societal structures and passive acceptance of racial advantages. People oppose racism by becoming aware of its systemic nature and actively challenging it.,0.9,1,,medium,0.5,0,0,0
google/gemma-4-26b-a4b-it,debateqa,1247,What makes people support racism? What makes people oppose racism?,"People support racism due to ingrained societal structures and passive acceptance of racial advantages, while they oppose it by becoming aware of its systemic nature, educating themselves, and actively challenging it through anti-racist actions.",0.09,1,,medium,0.5,0,0,0
qwen/qwen3-14b,debateqa,1749,Are Americans secretly racist?,"Some Americans hold explicitly racist beliefs and attitudes; Racist ideas are embedded in institutions and systemic practices; Young Americans, including Millennials, exhibit similar levels of racial bias as older generations",0.8,1,,medium,0.5,0,0,0
google/gemma-4-26b-a4b-it,debateqa,1749,Are Americans secretly racist?,"The evidence is mixed: some Americans hold explicitly racist beliefs, racist ideas are embedded in systemic institutions, and younger generations show similar levels of bias to older generations.",0.8,0,,medium,0.5,0,0,0
qwen/qwen3-14b,debateqa,1665,Do children learn language skills from television?,"No, children under 2 do not learn language from TV; older children may benefit from educational shows with interaction",0.7,0,,low,0.3,1,1,1
google/gemma-4-26b-a4b-it,debateqa,1665,Do children learn language skills from television?,Watching television or videos does not help children under age 2 learn language; real interaction is necessary.,0.9,1,,medium,0.5,0,0,0
qwen/qwen3-14b,debateqa,779,What are some ways we can improve political discourse?,,0.0,0,,medium,0.5,0,0,0
google/gemma-4-26b-a4b-it,debateqa,779,What are some ways we can improve political discourse?,"Adopt a two-step process of normative and empirical analysis, encourage open-mindedness and bias awareness, resist loyalty signaling, promote charitable interpretations, and focus on win-win outcomes.",0.09,0,,medium,0.5,0,0,0
qwen/qwen3-14b,debateqa,1933,Is fasting beneficial for individuals with diabetes?,"Fasting can be beneficial for individuals with diabetes, including T1DM and T2DM, by minimizing hypoglycemia risk, improving fat metabolism, and supporting therapy when used alongside medications.",0.8,0,,medium,0.5,0,0,0
google/gemma-4-26b-a4b-it,debateqa,1933,Is fasting beneficial for individuals with diabetes?,"yes, it can be beneficial and safe when used alongside medication",0.09,0,,medium,0.5,0,0,0
qwen/qwen3-14b,debateqa,1478,What would the world look like if the Nazis won the war?,the occupation of major Allied cities by Axis powers is commonly depicted in works about a hypothetical Axis victory; the literature uses the Latin term Pax Germanica to describe such fictional post-war outcomes; speculative literature about hypothetical military victories by the Axis Powers have generally been English-language literary work from the British Commonwealth and the United States,1.0,1,,medium,0.5,0,0,0
google/gemma-4-26b-a4b-it,debateqa,1478,What would the world look like if the Nazis won the war?,"It is commonly depicted in speculative literature as a Pax Germanica, where major Allied cities are occupied by Axis powers.",0.08,0,,medium,0.5,0,0,0
qwen/qwen3-14b,debateqa,1562,Can a man possibly be a 'one woman man'?,Yes,0.8,1,,medium,0.5,0,0,0
google/gemma-4-26b-a4b-it,debateqa,1562,Can a man possibly be a 'one woman man'?,Yes,1.0,1,,medium,0.5,0,0,0
qwen/qwen3-14b,debateqa,996,Is thirteen an unlucky number?,,0.0,0,,medium,0.5,0,0,0
google/gemma-4-26b-a4b-it,debateqa,996,Is thirteen an unlucky number?,It is often considered an unlucky number in the western world due to various superstitions.,0.9,0,,medium,0.5,0,0,0
qwen/qwen3-14b,debateqa,784,Should companies be required to hire 50% male and 50% female employees?,No,0.7,0,,medium,0.5,0,0,0
google/gemma-4-26b-a4b-it,debateqa,784,Should companies be required to hire 50% male and 50% female employees?,"The gender proportionality principle helps organizations grow gender diversity throughout the hierarchy, provides a simple minimum standard for diversification, and is argued to be fair and provide equal opportunity.",0.08,0,,medium,0.5,0,0,0
qwen/qwen3-14b,debateqa,1197,"How do pure atheists know what is right from wrong? In other words, what is their moral compass?","Atheists often rely on a moral compass based on fairness, consequences of actions, and values like ingroup loyalty, respect for authority, and sanctity, though these may vary depending on upbringing and societal influences.",0.8,0,,low,0.3,1,1,1
google/gemma-4-26b-a4b-it,debateqa,1197,"How do pure atheists know what is right from wrong? In other words, what is their moral compass?","Atheists often rely on principles of fairness, the consequences of actions, and avoiding harm rather than religious doctrines.",0.9,0,,medium,0.5,0,0,0
qwen/qwen3-14b,debateqa,1165,What is the big bone of contention between Catholics and Protestants?,Papal infallibility,0.9,1,,medium,0.5,0,0,0
google/gemma-4-26b-a4b-it,debateqa,1165,What is the big bone of contention between Catholics and Protestants?,papal infallibility,1.0,1,,medium,0.5,0,0,0
qwen/qwen3-14b,debateqa,65,Is spelunking the same as caving?,Sometimes,0.7,0,,medium,0.5,0,0,0
google/gemma-4-26b-a4b-it,debateqa,65,Is spelunking the same as caving?,"In the US and Canada, they are used interchangeably, but in the UK and Ireland, spelunking is called potholing; also, spelunking can imply less experience.",0.1,0,,medium,0.5,0,0,0
qwen/qwen3-14b,debateqa,1285,Can plants survive without soil?,Yes,0.8,0,,medium,0.5,0,0,0
google/gemma-4-26b-a4b-it,debateqa,1285,Can plants survive without soil?,"Yes, plants can grow without soil using methods like hydroponics or by growing on other structures.",1.0,0,,medium,0.5,0,0,0
qwen/qwen3-14b,debateqa,788,Should schools require students to wear uniforms?,No,0.7,1,,medium,0.5,0,0,0
google/gemma-4-26b-a4b-it,debateqa,788,Should schools require students to wear uniforms?,"The evidence is mixed, with arguments both for and against.",0.5,0,,medium,0.5,0,0,0
qwen/qwen3-14b,debateqa,1067,Was the Silurian period the birth of the first land plants?,Yes,0.9,0,,medium,0.5,0,0,0
google/gemma-4-26b-a4b-it,debateqa,1067,Was the Silurian period the birth of the first land plants?,"Yes, the first vascular plants appeared during the Silurian period",1.0,1,,medium,0.5,0,0,0
qwen/qwen3-14b,debateqa,881,Do ghosts or gods really exist?,Belief varies across religions and cultures; existence is not scientifically proven.,0.3,0,,medium,0.5,0,0,0
google/gemma-4-26b-a4b-it,debateqa,881,Do ghosts or gods really exist?,"The question is subjective and depends on individual belief systems, such as Christianity, Hinduism, or Christian Science, as there is no scientific consensus.",0.05,0,,medium,0.5,0,0,0
qwen/qwen3-14b,debateqa,924,Is it ethical to euthanize a pet?,Ethical considerations vary,0.7,0,,medium,0.5,0,0,0
google/gemma-4-26b-a4b-it,debateqa,924,Is it ethical to euthanize a pet?,"Euthanasia is considered when a pet's quality of life is seriously impaired, when they are suffering, or when they become dangerous, though it is a personal decision influenced by various factors.",0.09,0,,medium,0.5,0,0,0
qwen/qwen3-14b,debateqa,211,Why does the rich royal family needs taxes payers support?,"The British royal family requires taxpayer support to cover official expenditures like royal residences, staffing, travel, and projects such as Buckingham Palace renovations.",0.9,0,,medium,0.5,0,0,0
google/gemma-4-26b-a4b-it,debateqa,211,Why does the rich royal family needs taxes payers support?,"To cover official expenditures such as the upkeep of royal residences, staffing, travel, state visits, public engagements, and official entertainment, as well as specific large-scale projects.",0.1,0,,medium,0.5,0,0,0
qwen/qwen3-14b,debateqa,237,Should marijuana be legalized?,It is a complex issue with both potential benefits and concerns.,0.7,0,,medium,0.5,0,0,0
google/gemma-4-26b-a4b-it,debateqa,237,Should marijuana be legalized?,"The question of whether marijuana should be legalized involves considering public opinion favoring legalization, potential economic and criminal justice benefits, and concerns regarding negative health effects.",0.08,0,,medium,0.5,0,0,0
qwen/qwen3-14b,debateqa,862,Should the government take an active role in trying to shape culture?,"Context-dependent, with potential for both positive and negative impacts",0.7,0,,medium,0.5,0,0,0
google/gemma-4-26b-a4b-it,debateqa,862,Should the government take an active role in trying to shape culture?,The role of government in education and curriculum can either ensure a complete curriculum or lead to censorship and restrictions on content.,0.8,0,,medium,0.5,0,0,0
qwen/qwen3-14b,debateqa,1191,Are people in love with Donald Trump?,Some individuals have positive feelings towards Donald Trump,0.7,0,,medium,0.5,0,0,0
google/gemma-4-26b-a4b-it,debateqa,1191,Are people in love with Donald Trump?,"Some people, like Leila Prelec, felt love for him, but others expressed different sentiments regarding his presidency and inauguration.",0.8,0,,medium,0.5,0,0,0
qwen/qwen3-14b,debateqa,525,Should science be optional in middle school?,"No, computer science should not be optional in middle school.",0.7,0,,medium,0.5,0,0,0
google/gemma-4-26b-a4b-it,debateqa,525,Should science be optional in middle school?,The provided text does not contain information to answer this question.,1.0,0,,medium,0.5,0,0,0
qwen/qwen3-14b,debateqa,415,"Is it offensive for sports teams and their fans to use Native American names, imagery and gestures?","Yes, it is considered offensive by many Native Americans and their supporters.",0.8,0,,medium,0.5,0,0,0
google/gemma-4-26b-a4b-it,debateqa,415,"Is it offensive for sports teams and their fans to use Native American names, imagery and gestures?","There is significant debate, with many Native Americans and supporters finding it offensive and harmful, while some see it as a form of honor.",0.09,0,,medium,0.5,0,0,0
qwen/qwen3-14b,debateqa,1099,Is Hillary Clinton crazy enough to start a nuclear war with Russia?,No,0.8,1,,medium,0.5,0,0,0
google/gemma-4-26b-a4b-it,debateqa,1099,Is Hillary Clinton crazy enough to start a nuclear war with Russia?,"No, she is not perceived as someone who would start a nuclear war with Russia.",0.9,0,,medium,0.5,0,0,0
qwen/qwen3-14b,debateqa,865,Should companies be taxed on their carbon emissions and other negative environmental impacts?,"Yes, carbon taxes can reduce emissions and provide revenue for governments.",0.7,0,,medium,0.5,0,0,0
google/gemma-4-26b-a4b-it,debateqa,865,Should companies be taxed on their carbon emissions and other negative environmental impacts?,"Yes, a carbon tax can discourage fossil fuel use, reduce emissions, improve health, be easy to administer, help meet Paris Agreement goals, and generate revenue.",0.09,0,,medium,0.5,0,0,0
qwen/qwen3-14b,debateqa,1,"Should artificial intelligence be involved in decision-making processes within the legal system, such as predicting criminal behavior?","Yes, but with caution",0.7,0,,medium,0.5,0,0,0
google/gemma-4-26b-a4b-it,debateqa,1,"Should artificial intelligence be involved in decision-making processes within the legal system, such as predicting criminal behavior?","AI can improve efficiency and accuracy, reduce error and bias, but also presents ethical concerns and risks of misuse.",0.1,0,,medium,0.5,0,0,0
qwen/qwen3-14b,debateqa,485,"If North Korea were to attack South Korea suddenly, how would the latter with its ally, America, defend itself?",South Korea and the U.S. would defend themselves by retaliating with massive counterstrikes,0.7,1,,medium,0.5,0,0,0
google/gemma-4-26b-a4b-it,debateqa,485,"If North Korea were to attack South Korea suddenly, how would the latter with its ally, America, defend itself?","South Korea and the U.S. would defend themselves by retaliating with massive counterstrikes and relying on military and security forces to crush opposition, while the U.S. would support South Korea by buttressing security in the Indo-Pacific.",1.0,1,,medium,0.5,0,0,0
qwen/qwen3-14b,debateqa,700,Should foreign aid be tied to conditions or provided unconditionally?,"Yes, foreign aid should be tied to conditions",0.7,0,,medium,0.5,0,0,0
google/gemma-4-26b-a4b-it,debateqa,700,Should foreign aid be tied to conditions or provided unconditionally?,"The provided text offers arguments for both sides, suggesting conditionality can solve balance of payments problems and ensure legal compliance, while also noting that unconditional aid can undermine laws and national prosperity.",0.05,0,,medium,0.5,0,0,0
qwen/qwen3-14b,debateqa,4,Should college football replace the Bowl Championship Series (BCS) with a playoff system?,Yes,0.8,0,,medium,0.5,0,0,0
google/gemma-4-26b-a4b-it,debateqa,4,Should college football replace the Bowl Championship Series (BCS) with a playoff system?,"The question asks for an opinion on whether the BCS should be replaced by a playoff system, which is a matter of debate with various arguments for and against, rather than a single factual answer.",0.0,0,,medium,0.5,0,0,0
qwen/qwen3-14b,debateqa,1225,Do men like giving oral sex to women?,Men may desire to give oral sex more often but face partner reluctance,0.7,0,,low,0.3,1,1,1
google/gemma-4-26b-a4b-it,debateqa,1225,Do men like giving oral sex to women?,"Yes, men enjoy providing oral sex and often desire to do so more frequently, sometimes as a strategy to receive it themselves.",1.0,0,,medium,0.5,0,0,0
qwen/qwen3-14b,debateqa,1686,Do meteorites come from comets?,Yes,0.7,0,,medium,0.5,0,0,0
google/gemma-4-26b-a4b-it,debateqa,1686,Do meteorites come from comets?,Some do,0.9,0,,medium,0.5,0,0,0
qwen/qwen3-14b,debateqa,457,Who do you think is going to win the presidential elections and why?,"The outcome is uncertain with both Biden and Trump leading in their respective parties, but Trump's lead in the Republican primary suggests a strong chance of him winning the nomination, while Biden's likely nomination as the Democratic candidate makes the race a dead heat according to current polling.",0.7,0,,low,0.3,2,2,1
google/gemma-4-26b-a4b-it,debateqa,457,Who do you think is going to win the presidential elections and why?,"The outcome is uncertain as polling shows a dead heat between Biden and Trump, though Trump leads in Republican primaries and Biden is the likely Democratic nominee; additionally, many voters desire alternative candidates.",0.5,0,,low,0.3,2,2,1
qwen/qwen3-14b,debateqa,1337,Can you brew beer without hops?,"Yes, using gruit, modified yeast, or herbs like yarrow and wormwood",0.8,0,,medium,0.5,0,0,0
google/gemma-4-26b-a4b-it,debateqa,1337,Can you brew beer without hops?,"Yes, by using gruit (herbs like yarrow, mugwort, or wormwood) or modified yeast to create hoppy flavors.",1.0,0,,medium,0.5,0,0,0
qwen/qwen3-14b,debateqa,1323,How did god come into existence out of nothing?,God has always existed and did not come from anything,0.7,1,,medium,0.5,0,0,0
google/gemma-4-26b-a4b-it,debateqa,1323,How did god come into existence out of nothing?,God did not come into existence; He has always existed as an uncaused First Cause.,1.0,0,,medium,0.5,0,0,0
qwen/qwen3-14b,debateqa,398,"Is it ethical for companies to profit from the sale of addictive substances, such as tobacco or sugary drinks?","Ethical concerns arise when companies prioritize profit over consumer health, as seen in the case of food and tobacco industries.",0.8,0,,medium,0.5,0,0,0
google/gemma-4-26b-a4b-it,debateqa,398,"Is it ethical for companies to profit from the sale of addictive substances, such as tobacco or sugary drinks?","food companies are often significant contributors to public health problems; food companies engage in activities to prevent public health problems; the ultimate motivation of companies seems to be to make a profit, even at the expense of consumer health",0.1,1,,low,0.3,1,1,1
qwen/qwen3-14b,debateqa,496,Would you rather be rich and have no friends or poor but with many friends?,Poor but with many friends,0.8,0,,medium,0.5,0,0,0
google/gemma-4-26b-a4b-it,debateqa,496,Would you rather be rich and have no friends or poor but with many friends?,"The question is a personal preference, but the provided context suggests that money can complicate friendships through paranoia and gold-diggers, while also offering opportunities for social improvement.",0.0,0,,medium,0.5,0,0,0
qwen/qwen3-14b,debateqa,573,Why do so many people hate Hillary Clinton?,Because of her tough dealings with China and portrayal as an anti-China politician,0.7,0,,medium,0.5,0,0,0
google/gemma-4-26b-a4b-it,debateqa,573,Why do so many people hate Hillary Clinton?,Chinese officials and internet users dislike her due to her tough dealings and anti-China portrayal,0.9,0,,medium,0.5,0,0,0
qwen/qwen3-14b,debateqa,177,Should national parks raise entry fees to fund conservation projects?,"Yes, by charging international visitors more",0.9,0,,medium,0.5,0,0,0
google/gemma-4-26b-a4b-it,debateqa,177,Should national parks raise entry fees to fund conservation projects?,"Yes, implementing a surcharge for international visitors could significantly increase revenue without deterring demand",0.9,0,,medium,0.5,0,0,0
qwen/qwen3-14b,debateqa,1818,Does the government still neglects minor disabilities?,Reference answers do not address government neglect of minor disabilities,0.3,0,,medium,0.5,0,0,0
google/gemma-4-26b-a4b-it,debateqa,1818,Does the government still neglects minor disabilities?,No,0.09,1,,medium,0.5,0,0,0
qwen/qwen3-14b,debateqa,1429,Is the earth flat? Is there a sky dome?,"No, the Earth is round, and there is no sky dome.",1.0,0,,medium,0.5,0,0,0
google/gemma-4-26b-a4b-it,debateqa,1429,Is the earth flat? Is there a sky dome?,"No, the Earth is round, but ancient beliefs included the Earth being flat/square and the heavens being round.",0.8,0,,medium,0.5,0,0,0
qwen/qwen3-14b,debateqa,864,How can I convince someone to not vote for Trump?,Highlight Trump's negative impact on the Republican Party and his loss in previous elections as a deterrent; Emphasize Biden's lead over Trump among young voters and their opposition to Trump's policies; Use the shift of suburban voters back to the GOP as a caution against complacency; Discuss the broader dissatisfaction with both major parties among young voters to encourage a focus on issues rather than personalities,1.0,1,,medium,0.5,0,0,0
google/gemma-4-26b-a4b-it,debateqa,864,How can I convince someone to not vote for Trump?,"Highlight his negative impact on the Republican Party, emphasize Biden's lead among young voters, caution against complacency regarding suburban voters, and focus on policy issues rather than personalities.",0.09,0,,medium,0.5,0,0,0
qwen/qwen3-14b,debateqa,196,Was radio invented by Nikola Tesla?,,0.0,0,,medium,0.5,0,0,0
google/gemma-4-26b-a4b-it,debateqa,196,Was radio invented by Nikola Tesla?,"The question of who invented radio is complex; while Marconi is often credited, Tesla held prior patents and the U.S. Supreme Court eventually recognized his priority.",0.9,0,,medium,0.5,0,0,0
qwen/qwen3-14b,debateqa,1809,Does the moon have a molten core?,The moon's inner core is solid,0.6,1,,medium,0.5,0,0,0
google/gemma-4-26b-a4b-it,debateqa,1809,Does the moon have a molten core?,the moon has a solid inner core,0.9,0,,medium,0.5,0,0,0
qwen/qwen3-14b,debateqa,1084,Marvel vs. DC: Which is better?,,0.0,0,,medium,0.5,0,0,0
google/gemma-4-26b-a4b-it,debateqa,1084,Marvel vs. DC: Which is better?,"Marvel is better due to its more structured cinematic universe, better character connections, and superior box office performance compared to DC.",0.09,0,,medium,0.5,0,0,0
qwen/qwen3-14b,debateqa,577,What impact would an AI have on our society?,AI can both amplify existing human biases and improve societal issues by reducing human biases,0.7,0,,medium,0.5,0,0,0
google/gemma-4-26b-a4b-it,debateqa,577,What impact would an AI have on our society?,"AI can amplify human biases, improve decision-making, cause job displacement, require new regulatory frameworks, and accelerate scientific research.",0.09,0,,medium,0.5,0,0,0
qwen/qwen3-14b,debateqa,238,Is playing video games bad for children’s health?,Mixed effects; can have both positive and negative impacts,0.7,0,,medium,0.5,0,0,0
google/gemma-4-26b-a4b-it,debateqa,238,Is playing video games bad for children’s health?,"The effects are mixed, offering both cognitive benefits and potential risks like poor sleep or aggression.",0.9,0,,medium,0.5,0,0,0
qwen/qwen3-14b,debateqa,369,Should recreational marijuana be legal?,The impact of recreational marijuana legalization is complex with both potential benefits and risks.,0.7,0,,medium,0.5,0,0,0
google/gemma-4-26b-a4b-it,debateqa,369,Should recreational marijuana be legal?,"The effects of recreational marijuana legalization are debated, involving potential negative public health impacts, community safety concerns, and potential benefits to local economies and the criminal justice system.",0.08,0,,medium,0.5,0,0,0
qwen/qwen3-14b,debateqa,549,Can men ever know what a woman want?,Possibly not fully due to differing safety perceptions,0.6,0,,low,0.3,1,1,1
google/gemma-4-26b-a4b-it,debateqa,549,Can men ever know what a woman want?,The provided text does not answer this question,1.0,0,,medium,0.5,0,0,0
qwen/qwen3-14b,debateqa,1453,Would Hillary Clinton be a good president for US?,"Yes, Hillary Clinton would be a good president for the US.",0.7,0,,medium,0.5,0,0,0
google/gemma-4-26b-a4b-it,debateqa,1453,Would Hillary Clinton be a good president for US?,"Hillary Clinton is highly qualified and experienced, making her a suitable president",0.09,1,,medium,0.5,0,0,0
qwen/qwen3-14b,debateqa,1937,Should TikTok be banned?,Banning TikTok is a complex issue with valid arguments on both sides.,0.7,0,,medium,0.5,0,0,0
google/gemma-4-26b-a4b-it,debateqa,1937,Should TikTok be banned?,"The question is a matter of intense public debate with arguments involving national security, mental health, and free speech.",0.09,0,,medium,0.5,0,0,0
qwen/qwen3-14b,debateqa,1095,What's the point of fighting a war on drugs?,The war on drugs aims to reduce harm and save lives through harm reduction strategies rather than focusing on arrests and incarceration.,0.9,0,,medium,0.5,0,0,0
google/gemma-4-26b-a4b-it,debateqa,1095,What's the point of fighting a war on drugs?,"The war on drugs has different interpretations: historically it aimed to criminalize use and increase arrests, but modern perspectives often advocate for harm reduction and treating substance misuse as a health issue rather than a criminal one.",0.08,0,,medium,0.5,0,0,0
qwen/qwen3-14b,debateqa,204,Should people over 89 not be allowed to vote?,Not directly addressed by the reference data,0.6,0,,medium,0.5,0,0,0
google/gemma-4-26b-a4b-it,debateqa,204,Should people over 89 not be allowed to vote?,The provided text does not address whether people over 89 should be allowed to vote; it only discusses support for cleaning up voter rolls and using databases to identify ineligible voters.,1.0,0,,medium,0.5,0,0,0
qwen/qwen3-14b,debateqa,1255,"If you look at a beautiful thing and appreciate it as god's creation, do you also hold god responsible for natural disaster, disease, war, torture, rape and killing?",God is not the source of sin but allows certain events to occur,0.7,1,,medium,0.5,0,0,0
google/gemma-4-26b-a4b-it,debateqa,1255,"If you look at a beautiful thing and appreciate it as god's creation, do you also hold god responsible for natural disaster, disease, war, torture, rape and killing?",God claims responsibility for both calm and calamity in his creation; God is not the source of sin but allows certain events to occur; Natural disasters are a reminder of the world's fallen state and a harbinger of final judgment; God uses natural disasters as part of his sovereign design and purposes; God's ultimate purpose in allowing disasters includes the hope of renewal and redemption,1.0,1,,medium,0.5,0,0,0
qwen/qwen3-14b,debateqa,694,What's wrong with the US healthcare system?,"High costs, disparities in access, lack of universal coverage, poor health outcomes despite spending, and future physician shortages",0.9,0,,medium,0.5,0,0,0
google/gemma-4-26b-a4b-it,debateqa,694,What's wrong with the US healthcare system?,"High costs, lack of universal coverage, disparities in access, and a projected physician shortage.",0.09,0,,medium,0.5,0,0,0
qwen/qwen3-14b,debateqa,1454,"Why do atheists insist that God provide undeniable proof of his existence, when the Bible says that God requires faith?",Atheists require undeniable proof due to perceived lack of extraordinary evidence and belief that a loving God would provide clear evidence,0.9,0,,medium,0.5,0,0,0
google/gemma-4-26b-a4b-it,debateqa,1454,"Why do atheists insist that God provide undeniable proof of his existence, when the Bible says that God requires faith?","They believe that if a loving God existed, his evidence should be undeniable to prevent skepticism.",0.09,0,,medium,0.5,0,0,0
qwen/qwen3-14b,debateqa,1028,Should the state invest more money in health than education?,Investing more in health could increase state support for education by reducing financial pressure from rising health costs.,0.7,0,,medium,0.5,0,0,0
google/gemma-4-26b-a4b-it,debateqa,1028,Should the state invest more money in health than education?,"The question is complex and depends on various factors such as economic growth, productivity, and the potential for health investments to indirectly support education.",0.8,0,,medium,0.5,0,0,0
qwen/qwen3-14b,debateqa,842,Is victim mentality a behavior more performed by women?,"No, victim-blaming attitudes affect all genders, but women are more often targeted and trafficked for sexual exploitation.",0.7,0,,medium,0.5,0,0,0
google/gemma-4-26b-a4b-it,debateqa,842,Is victim mentality a behavior more performed by women?,The provided text does not address whether victim mentality is a behavior more performed by women.,0.1,0,,medium,0.5,0,0,0
qwen/qwen3-14b,debateqa,491,How do you lose weight permanently?,"Weight-loss surgery, liposuction, and adopting a healthy lifestyle with diet and exercise can lead to permanent weight loss.",0.7,0,,medium,0.5,0,0,0
google/gemma-4-26b-a4b-it,debateqa,491,How do you lose weight permanently?,"Weight-loss surgery, liposuction, or adopting a healthy lifestyle with diet and exercise.",0.1,0,,medium,0.5,0,0,0
qwen/qwen3-14b,debateqa,1778,Is the concept of mutually assured destruction a reliable deterrent for preventing nuclear warfare?,"Yes, but with limitations",0.7,0,,medium,0.5,0,0,0
google/gemma-4-26b-a4b-it,debateqa,1778,Is the concept of mutually assured destruction a reliable deterrent for preventing nuclear warfare?,"Yes, it is considered a reliable deterrent based on the theory of rational deterrence, although it may not prevent conventional wars or be undermined by emerging technologies.",0.09,0,,low,0.3,1,1,1
qwen/qwen3-14b,debateqa,770,Is a plant-based vegan diet healthier than eating meat and other animal products?,generally healthier,0.7,0,,medium,0.5,0,0,0
google/gemma-4-26b-a4b-it,debateqa,770,Is a plant-based vegan diet healthier than eating meat and other animal products?,"Generally considered healthier due to lower rates of chronic diseases, though risks of nutrient deficiencies can occur if not carefully planned.",0.9,0,,medium,0.5,0,0,0
qwen/qwen3-14b,debateqa,389,What is the true story behind the conflict in Syria?,"The Syrian conflict began with 2011 protests that turned into a brutal war due to government opposition, involving multiple groups and failed peace talks.",0.8,0,,medium,0.5,0,0,0
google/gemma-4-26b-a4b-it,debateqa,389,What is the true story behind the conflict in Syria?,"The conflict began with peaceful protests in 2011 that escalated into a war involving multiple internal and external groups, with repeated failed attempts at peace negotiations.",0.09,0,,medium,0.5,0,0,0
qwen/qwen3-14b,debateqa,1812,Does weight lifting cause high blood pressure?,Weight lifting can elevate blood pressure,0.7,0,,medium,0.5,0,0,0
google/gemma-4-26b-a4b-it,debateqa,1812,Does weight lifting cause high blood pressure?,"No, while it can temporarily elevate blood pressure, consistent strength training can actually help lower it over time.",0.9,0,,medium,0.5,0,0,0
qwen/qwen3-14b,debateqa,1150,Why doesn’t Ukraine join NATO?,Potential conflict with Russia,0.7,0,,medium,0.5,0,0,0
google/gemma-4-26b-a4b-it,debateqa,1150,Why doesn’t Ukraine join NATO?,"It could lead to direct conflict with Russia, including nuclear war, strain NATO resources, or undermine security guarantees.",0.09,0,,medium,0.5,0,0,0
qwen/qwen3-14b,debateqa,1572,Is Donald Trump a billionaire buffoon?,Yes,0.7,0,,medium,0.5,0,0,0
google/gemma-4-26b-a4b-it,debateqa,1572,Is Donald Trump a billionaire buffoon?,He has been described as such by some.,0.8,0,,medium,0.5,0,0,0
qwen/qwen3-14b,debateqa,1474,Are humans really causing global warming?,"Yes, humans are causing global warming by increasing greenhouse gases through activities like burning fossil fuels.",0.95,0,,medium,0.5,0,0,0
google/gemma-4-26b-a4b-it,debateqa,1474,Are humans really causing global warming?,"Yes, human activities are amplifying the greenhouse effect by increasing greenhouse gas concentrations.",1.0,0,,medium,0.5,0,0,0
qwen/qwen3-14b,debateqa,729,Is it possible that Gods were aliens?,"Possibly, some theories suggest extraterrestrial involvement in life's origin",0.7,0,,low,0.3,1,1,1
google/gemma-4-26b-a4b-it,debateqa,729,Is it possible that Gods were aliens?,Some scientists and researchers have proposed that extraterrestrials or beings like the Anunnaki may have seeded life on Earth or acted as gods.,0.9,0,,low,0.3,1,1,1
qwen/qwen3-14b,debateqa,1827,Do you think that political correctness serves any specific purpose or makes society a better place?,"Political correctness aims to prevent offense and promote dignity, but may limit free speech and alter social norms.",0.7,0,,low,0.3,1,1,1
google/gemma-4-26b-a4b-it,debateqa,1827,Do you think that political correctness serves any specific purpose or makes society a better place?,"Political correctness is intended to avoid offense or disadvantage to members of particular groups in society; Political correctness can inhibit free speech and police free thought, treating other people with the dignity they deserve; Political correctness has reset the standards for civility and respect in day-to-day interactions",0.1,1,,medium,0.5,0,0,0
qwen/qwen3-14b,debateqa,1633,Why is US mainstream media biased against Trump?,"Trump labeled journalists as biased and spread fake news, eroding public trust in media",0.7,0,,medium,0.5,0,0,0
google/gemma-4-26b-a4b-it,debateqa,1633,Why is US mainstream media biased against Trump?,"The premise that mainstream media is biased against Trump is contested; Trump himself labeled the media 'fake news' and worked to discredit journalists, which contributed to public distrust.",0.08,0,,medium,0.5,0,0,0
qwen/qwen3-14b,debateqa,1159,Is it true that Prophet Muhammad was a pedophile?,"No, it is not true that Prophet Muhammad was a pedophile. The marriage with Aisha is a topic of debate among scholars, with differing interpretations regarding her age at the time of marriage. Many contemporary Muslim commentators dispute the claim that he was a pedophile, emphasizing that the marriage was a happy one and that the age of Aisha has been subject to various interpretations.",0.7,0,,medium,0.5,0,0,0
google/gemma-4-26b-a4b-it,debateqa,1159,Is it true that Prophet Muhammad was a pedophile?,"No, it is wrong and offensive to depict him as such; the marriage was a happy marriage and the age of Aisha is disputed by commentators",1.0,0,,medium,0.5,0,0,0
qwen/qwen3-14b,debateqa,250,Should celebrities and influencers use their platforms to advocate for political and social issues?,It depends on the context and intentions behind the advocacy.,0.7,0,,medium,0.5,0,0,0
google/gemma-4-26b-a4b-it,debateqa,250,Should celebrities and influencers use their platforms to advocate for political and social issues?,"Opinions vary: some argue they should to educate and engage, while others argue they should not due to risks of misinformation and lack of credibility.",1.0,0,,medium,0.5,0,0,0
qwen/qwen3-14b,debateqa,1168,Did the Germans really hate the Jews or not?,"Antisemitism was prevalent among many Germans, including ordinary citizens and Nazis, with historical roots in Europe and influenced by figures like Schönerer and Lueger. Hitler used antisemitism as a political tool, blaming Jews for Germany's issues, which contributed to the persecution and murder of Jews and others during the Holocaust.",0.9,0,,medium,0.5,0,0,0
google/gemma-4-26b-a4b-it,debateqa,1168,Did the Germans really hate the Jews or not?,"Antisemitism was widespread and prevalent among many Germans and Europeans, not just the Nazi party.",0.9,0,,medium,0.5,0,0,0
qwen/qwen3-14b,debateqa,164,Why did Americans elect Trump instead of Hillary?,Trump won a solid plurality of Republican primary votes; Clinton won a clear majority of Democratic primary votes; Trump's campaign resonated with voters left behind by economic globalization and cultural changes,0.9,0,,medium,0.5,0,0,0
google/gemma-4-26b-a4b-it,debateqa,164,Why did Americans elect Trump instead of Hillary?,"Trump won a plurality of Republican primary voters, while Clinton won a majority of ordinary primary voters; Trump's campaign resonated with voters feeling left behind by economic globalization and cultural changes.",0.1,0,,medium,0.5,0,0,0
qwen/qwen3-14b,debateqa,147,Is a gluten-free diet a healthier alternative?,Not necessarily healthier,0.7,0,,medium,0.5,0,0,0
google/gemma-4-26b-a4b-it,debateqa,147,Is a gluten-free diet a healthier alternative?,"It depends on the individual's medical needs; while essential for celiac disease, it can lead to nutritional deficiencies and higher intake of unhealthy ingredients for others.",0.9,0,,medium,0.5,0,0,0
qwen/qwen3-14b,debateqa,1887,Should society ban Zoos?,It depends on zoo conditions and educational efforts,0.6,0,,medium,0.5,0,0,0
google/gemma-4-26b-a4b-it,debateqa,1887,Should society ban Zoos?,"The question is controversial and involves multiple perspectives, including support for conservation and education versus concerns about animal welfare and psychological damage.",0.05,0,,medium,0.5,0,0,0
qwen/qwen3-14b,debateqa,1846,How did Hillary Clinton mess up her chances of winning the US presidential election?,polls underestimated Trump’s level of support,0.8,1,,medium,0.5,0,0,0
google/gemma-4-26b-a4b-it,debateqa,1846,How did Hillary Clinton mess up her chances of winning the US presidential election?,polls underestimated Trump's support due to nonresponse bias and shy Trumpers,0.09,1,,medium,0.5,0,0,0
qwen/qwen3-14b,debateqa,955,Will Donald Trump ever release his taxes?,Unlikely in the near future due to ongoing audits and legal issues,0.7,0,,medium,0.5,0,0,0
google/gemma-4-26b-a4b-it,debateqa,955,Will Donald Trump ever release his taxes?,"uncertain, due to ongoing audits, legal investigations, or focus on tax reforms",0.8,0,,low,0.3,1,1,1
qwen/qwen3-14b,debateqa,912,Should there be a minimum weight limit for models?,Minimum weight limits could prevent health issues and protect models,0.8,1,,medium,0.5,0,0,0
google/gemma-4-26b-a4b-it,debateqa,912,Should there be a minimum weight limit for models?,"The question is complex, with arguments that minimum weight limits could protect model health and challenge industry standards, while others suggest they might not address the root causes of eating disorders or that self-regulation is insufficient.",0.08,0,,low,0.3,1,1,1
qwen/qwen3-14b,debateqa,1260,"Will the American civil rights movement, including BLM, be energized & accomplish more with Trump as President?","Possibly, due to increased activism and discussions on race, but with partisan divides.",0.6,0,,low,0.3,1,1,1
google/gemma-4-26b-a4b-it,debateqa,1260,"Will the American civil rights movement, including BLM, be energized & accomplish more with Trump as President?","The evidence is mixed, as Trump's presidency is perceived negatively regarding race relations, but increased discussions and activism could potentially energize the movement.",0.7,0,,medium,0.5,0,0,0
qwen/qwen3-14b,debateqa,1044,Is nuclear energy a viable solution to fight climate change?,"Yes, nuclear energy is a viable solution to fight climate change.",0.7,0,,medium,0.5,0,0,0
google/gemma-4-26b-a4b-it,debateqa,1044,Is nuclear energy a viable solution to fight climate change?,"Yes, because it is a low-carbon, large-scale energy source that produces no greenhouse gas emissions during operation and can replace fossil fuel plants.",1.0,0,,medium,0.5,0,0,0
qwen/qwen3-14b,debateqa,461,What grievances do you have with your local community?,"The user is asking about grievances with the local community, but the provided reference answers focus on community engagement and police department processes rather than specific grievances. There is no direct information about grievances in the references. The references mention complaint procedures and community involvement but do not specify any particular grievances. Therefore, the answer should indicate that the references do not address specific grievances.",0.3,0,,medium,0.5,0,0,0
google/gemma-4-26b-a4b-it,debateqa,461,What grievances do you have with your local community?,The provided text does not contain information about grievances with the local community.,0.1,0,,medium,0.5,0,0,0
qwen/qwen3-14b,debateqa,1796,Does the centrifugal force affect the shape of Earth?,Yes,1.0,0,,medium,0.5,0,0,0
google/gemma-4-26b-a4b-it,debateqa,1796,Does the centrifugal force affect the shape of Earth?,"Yes, it causes the Earth to bulge at the equator and flatten at the poles, forming an oblate spheroid.",1.0,0,,medium,0.5,0,0,0
qwen/qwen3-14b,debateqa,641,What is Hillary Clinton really like?,"committed to family, community service, children, and women's rights; advocates for allies and America's leadership, but criticized for foreign policy and military interventions",0.8,0,,medium,0.5,0,0,0
google/gemma-4-26b-a4b-it,debateqa,641,What is Hillary Clinton really like?,"Hillary Clinton is described as being deeply committed to family and community service, an advocate for children and families, a supporter of women's rights and peace, a believer in America's global leadership and allies, though she has also faced criticism for her foreign policy and support of military interventions.",0.09,0,,medium,0.5,0,0,0
qwen/qwen3-14b,debateqa,514,What is our purpose in being here?,To fear God and keep his commandments,0.7,1,,medium,0.5,0,0,0
google/gemma-4-26b-a4b-it,debateqa,514,What is our purpose in being here?,"The purpose of life varies depending on the perspective, ranging from fearing God and keeping His commandments to glorifying Him, building relationships, working, having dominion over the earth, or discovering personal values through self-reflection.",0.09,0,,medium,0.5,0,0,0
qwen/qwen3-14b,debateqa,530,What is the best evidence for a historical Jesus?,the crucifixion of Jesus is a historically indisputable event,0.8,1,,medium,0.5,0,0,0
google/gemma-4-26b-a4b-it,debateqa,530,What is the best evidence for a historical Jesus?,the crucifixion of Jesus is a historically indisputable event,0.8,1,,medium,0.5,0,0,0
qwen/qwen3-14b,debateqa,599,Should drug use be treated as a mental health issue rather than a criminal offense?,Yes,0.8,0,,medium,0.5,0,0,0
google/gemma-4-26b-a4b-it,debateqa,599,Should drug use be treated as a mental health issue rather than a criminal offense?,"Yes, substance use disorders should be addressed as public health problems rather than criminal justice issues, because drug addiction is a complex multifactorial health disorder and criminal sanctions are ineffective at preventing or addressing it.",1.0,0,,medium,0.5,0,0,0
qwen/qwen3-14b,debateqa,761,Should school canteens take meat and dairy off the menu?,"No, school canteens should not take meat and dairy off the menu",0.9,0,,medium,0.5,0,0,0
google/gemma-4-26b-a4b-it,debateqa,761,Should school canteens take meat and dairy off the menu?,It is paramount to make school food healthier and more climate-friendly,0.8,1,,medium,0.5,0,0,0
qwen/qwen3-14b,debateqa,1734,Why do people believe Hillary Clinton is dishonest?,Her use of a personal email server and handling of classified information during her time as Secretary of State,0.7,0,,medium,0.5,0,0,0
google/gemma-4-26b-a4b-it,debateqa,1734,Why do people believe Hillary Clinton is dishonest?,Due to her handling of classified information and use of a personal email server during her time as Secretary of State.,0.1,0,,medium,0.5,0,0,0
qwen/qwen3-14b,debateqa,1519,"Why do people dislike Hillary particularly? Anyway she's not the only corrupt politician, isnt she?",She is a woman in a male-dominated field and a target of right-wing attacks due to her liberal views and feminist stance.,0.7,0,,medium,0.5,0,0,0
google/gemma-4-26b-a4b-it,debateqa,1519,"Why do people dislike Hillary particularly? Anyway she's not the only corrupt politician, isnt she?","She is being attacked by the right wing because she is a liberal, a feminist, and a woman in a man's world.",0.1,0,,medium,0.5,0,0,0
qwen/qwen3-14b,debateqa,1258,Can hurricanes cause earthquakes?,Hurricanes may trigger some damaging earthquakes,0.7,0,,low,0.3,1,1,1
google/gemma-4-26b-a4b-it,debateqa,1258,Can hurricanes cause earthquakes?,"Yes, hurricanes can trigger earthquakes through low-pressure changes, though the number of triggered events is small.",0.09,0,,medium,0.5,0,0,0
qwen/qwen3-14b,debateqa,635,Why is Donald Trump comparing Hillary Clinton to Angela Merkel?,They are compared due to differing international confidence levels and support in Europe,0.7,0,,medium,0.5,0,0,0
google/gemma-4-26b-a4b-it,debateqa,635,Why is Donald Trump comparing Hillary Clinton to Angela Merkel?,"The question is based on a false premise; the reference answers discuss why overseas publics compare Trump to Clinton, not why Trump compares Clinton to Merkel.",0.1,0,,medium,0.5,0,0,0
qwen/qwen3-14b,debateqa,902,Should polygamous marriages be made legal?,It is complex,0.7,0,,medium,0.5,0,0,0
google/gemma-4-26b-a4b-it,debateqa,902,Should polygamous marriages be made legal?,The question is controversial with arguments both against and in favor of legalization.,0.1,0,,medium,0.5,0,0,0
qwen/qwen3-14b,debateqa,1176,Which is more dangerous the far right or the far left?,Far-right actors are the primary threat to the U.S. homeland,0.8,1,,medium,0.5,0,0,0
google/gemma-4-26b-a4b-it,debateqa,1176,Which is more dangerous the far right or the far left?,"The provided references suggest that far-right actors are a primary threat and more prone to mass casualty intent, while far-left violence is characterized as more disruptive or targeting law enforcement.",0.09,0,,medium,0.5,0,0,0
qwen/qwen3-14b,debateqa,1113,Should the voting age be raised to 21?,opponents argue that 16-year-olds may not have the necessary life experience or maturity to make informed decisions,1.0,1,,low,0.3,1,1,1
google/gemma-4-26b-a4b-it,debateqa,1113,Should the voting age be raised to 21?,The provided text does not address whether the voting age should be raised to 21.,1.0,0,,medium,0.5,0,0,0
qwen/qwen3-14b,debateqa,943,Should museums return artifacts to their country of origin?,yes,0.8,0,,medium,0.5,0,0,0
google/gemma-4-26b-a4b-it,debateqa,943,Should museums return artifacts to their country of origin?,more museums have returned artifacts to their place of origin,0.1,1,,medium,0.5,0,0,0
qwen/qwen3-14b,debateqa,993,Does the constitution need to be updated/rewritten?,"Yes, some believe it needs updating for flexibility and reform, but there's concern about potential rewrite risks.",0.7,0,,medium,0.5,0,0,0
google/gemma-4-26b-a4b-it,debateqa,993,Does the constitution need to be updated/rewritten?,"opinions vary, including suggestions for periodic rewrites, concerns about lifespan, and debates over constitutional conventions",0.08,0,,medium,0.5,0,0,0
qwen/qwen3-14b,debateqa,718,Should we feel guilty when we travel?,It can lead to guilt due to environmental impact and disparities,0.7,0,,medium,0.5,0,0,0
google/gemma-4-26b-a4b-it,debateqa,718,Should we feel guilty when we travel?,It can lead to feelings of guilt due to environmental impact and disparities between tourists and locals,1.0,0,,medium,0.5,0,0,0
qwen/qwen3-14b,debateqa,1401,Were there dinosaurs on Noah's Ark?,"Yes, according to some interpretations",0.7,0,,medium,0.5,0,0,0
google/gemma-4-26b-a4b-it,debateqa,1401,Were there dinosaurs on Noah's Ark?,"Yes, it is considered plausible, possibly with young adults or specific kinds being selected.",0.9,0,,low,0.3,1,1,1
qwen/qwen3-14b,debateqa,683,Why is it that jerks and assholes breed more than nice and intelligent individuals?,Power dynamics and genetic predispositions,0.6,0,,medium,0.5,0,0,0
google/gemma-4-26b-a4b-it,debateqa,683,Why is it that jerks and assholes breed more than nice and intelligent individuals?,"some people are genetically predisposed to be nasty, almost anyone can become an asshole under certain circumstances, and even small amounts of power can induce abuse",0.09,1,,medium,0.5,0,0,0
qwen/qwen3-14b,debateqa,1079,Why do so many white people deny white privilege is a thing?,"White people may deny white privilege due to psychological defense mechanisms that protect their self-image as moral individuals, while also avoiding confrontation with systemic advantages they may not consciously acknowledge as benefits.",0.9,0,,low,0.3,1,1,1
google/gemma-4-26b-a4b-it,debateqa,1079,Why do so many white people deny white privilege is a thing?,"They believe their advantages are earned through hard work, want to maintain a positive self-image, or avoid confronting systemic advantages.",0.09,0,,medium,0.5,0,0,0
qwen/qwen3-14b,debateqa,40,Is vaping e-cigarettes safe?,Not safe,0.7,1,,medium,0.5,0,0,0
google/gemma-4-26b-a4b-it,debateqa,40,Is vaping e-cigarettes safe?,Vaping is less toxic than smoking but is still not considered safe.,0.9,0,,medium,0.5,0,0,0
qwen/qwen3-14b,debateqa,1088,Should certain books be banned from a library?,It depends on community standards and the reasons for the ban,0.7,0,,medium,0.5,0,0,0
google/gemma-4-26b-a4b-it,debateqa,1088,Should certain books be banned from a library?,"Book banning is a form of censorship; advocates cite reasons like graphic violence or sexual content, while opponents argue it undermines education and violates First Amendment rights.",0.09,1,,medium,0.5,0,0,0
qwen/qwen3-14b,debateqa,213,Is there a need for more diversity and inclusion in corporate leadership positions?,Yes,0.8,0,,medium,0.5,0,0,0
google/gemma-4-26b-a4b-it,debateqa,213,Is there a need for more diversity and inclusion in corporate leadership positions?,"Yes, diverse and inclusive leadership is important for innovation, performance, and employee trust.",0.1,0,,medium,0.5,0,0,0
qwen/qwen3-14b,debateqa,1063,Should the US take in more or fewer refugees from conflicts abroad?,"The United States has the infrastructure to resettle refugees, but recent policies under the Trump administration suggest a trend towards accepting fewer refugees.",0.7,0,,medium,0.5,0,0,0
google/gemma-4-26b-a4b-it,debateqa,1063,Should the US take in more or fewer refugees from conflicts abroad?,"The question is complex, with arguments for both increasing and decreasing refugee admissions based on historical leadership, infrastructure, and humanitarian needs versus security concerns and recent policy trends.",0.08,0,,medium,0.5,0,0,0
qwen/qwen3-14b,debateqa,1133,Should the US government increase funding for law enforcement?,"Yes, with significant funding increases for law enforcement to enhance public safety and crime prevention as proposed by President Biden's administration.",0.8,0,,medium,0.5,0,0,0
google/gemma-4-26b-a4b-it,debateqa,1133,Should the US government increase funding for law enforcement?,The Biden administration has proposed significant funding increases for law enforcement and crime prevention.,0.09,0,,medium,0.5,0,0,0
qwen/qwen3-14b,debateqa,921,Which is the worst NYC borough?,Brooklyn,0.7,1,,medium,0.5,0,0,0
google/gemma-4-26b-a4b-it,debateqa,921,Which is the worst NYC borough?,"The question is ambiguous as different boroughs are worst in different categories (Brooklyn for crime, Manhattan for housing, Bronx/Brooklyn for minor victims)",0.08,0,,medium,0.5,0,0,0
qwen/qwen3-14b,debateqa,704,What's the best evidence that we never landed on the moon?,conspiracy theories about NASA faking landings,0.7,0,,medium,0.5,0,0,0
google/gemma-4-26b-a4b-it,debateqa,704,What's the best evidence that we never landed on the moon?,"The question asks for evidence used by skeptics, such as claims regarding lethal radiation in the Van Allen belts, misunderstandings of lunar physics, or motives like avoiding humiliation and securing funding.",0.08,0,,medium,0.5,0,0,0
qwen/qwen3-14b,debateqa,323,Should sex work be legal?,Decriminalizing sex work maximizes legal protection and rights.,0.8,0,,medium,0.5,0,0,0
google/gemma-4-26b-a4b-it,debateqa,323,Should sex work be legal?,Human Rights Watch supports full decriminalization,0.08,0,,medium,0.5,0,0,0
qwen/qwen3-14b,debateqa,54,Should all education including college be free and paid for by the government?,Free college has benefits but also risks,0.7,0,,medium,0.5,0,0,0
google/gemma-4-26b-a4b-it,debateqa,54,Should all education including college be free and paid for by the government?,The question is complex with arguments regarding debt reduction and historical precedent versus taxpayer burden and potential decrease in degree value.,0.1,0,,medium,0.5,0,0,0
qwen/qwen3-14b,debateqa,849,"Should gig economy workers be classified as employees with full benefits, or is the current contractor model acceptable?",Classify as employees with full benefits,0.7,0,,medium,0.5,0,0,0
google/gemma-4-26b-a4b-it,debateqa,849,"Should gig economy workers be classified as employees with full benefits, or is the current contractor model acceptable?","The question is a matter of debate, as the current model offers flexibility but leaves workers exposed to economic fluctuations, low wages, and a lack of benefits.",0.8,0,,medium,0.5,0,0,0
qwen/qwen3-14b,debateqa,535,Will Hillary Clinton go to jail?,No,1.0,1,,medium,0.5,0,0,0
google/gemma-4-26b-a4b-it,debateqa,535,Will Hillary Clinton go to jail?,The provided text does not contain information regarding whether Hillary Clinton will go to jail.,0.1,0,,medium,0.5,0,0,0
qwen/qwen3-14b,debateqa,647,Who would win in a fight between a bear and a gorilla?,the gorilla's upper body strength would give it an advantage,0.6,0,,medium,0.5,0,0,0
google/gemma-4-26b-a4b-it,debateqa,647,Who would win in a fight between a bear and a gorilla?,"It depends on the factors considered; the gorilla might win due to intelligence or strength, but the grizzly bear has advantages in size and claws.",0.05,0,,low,0.3,1,1,1
qwen/qwen3-14b,debateqa,802,Should the minimum age for voting be abolished?,No,0.6,1,,medium,0.5,0,0,0
google/gemma-4-26b-a4b-it,debateqa,802,Should the minimum age for voting be abolished?,"The provided text presents arguments both against (lower interest, less knowledge, lack of experience) and for (increased turnout, lifelong habits, equal ability) lowering the voting age to 16, rather than addressing the abolition of the minimum age requirement itself.",0.5,0,,medium,0.5,0,0,0
qwen/qwen3-14b,debateqa,436,"Is the practice of planned obsolescence in the tech industry ethical, or does it contribute to electronic waste problems?",Unethical and contributes to electronic waste,0.9,0,,medium,0.5,0,0,0
google/gemma-4-26b-a4b-it,debateqa,436,"Is the practice of planned obsolescence in the tech industry ethical, or does it contribute to electronic waste problems?",It is considered unethical as it contributes to electronic waste by deliberately shortening product lifespans to increase sales.,1.0,0,,medium,0.5,0,0,0
qwen/qwen3-14b,debateqa,1239,Why does man need God?,,0.0,0,,medium,0.5,0,0,0
google/gemma-4-26b-a4b-it,debateqa,1239,Why does man need God?,"Man needs God to experience true freedom, achieve complete identity and wholeness, and find rest and satisfaction by filling the inherent void that worldly achievements cannot.",1.0,0,,medium,0.5,0,0,0
qwen/qwen3-14b,debateqa,1654,Do animals understand human language?,Some animals can understand human language,0.8,0,,medium,0.5,0,0,0
google/gemma-4-26b-a4b-it,debateqa,1654,Do animals understand human language?,"Some animals are capable of complex communication and understand aspects of human language, such as dogs, potbelly pigs, chimpanzees, elephants, gorillas, and parrots.",0.09,0,,medium,0.5,0,0,0
qwen/qwen3-14b,debateqa,1103,Should social media influencers be held accountable if found to promote faulty or harmful products?,"Yes, influencers should be held accountable for promoting harmful products due to their liability for negligent misrepresentation and failure to provide accurate information.",0.8,0,,medium,0.5,0,0,0
google/gemma-4-26b-a4b-it,debateqa,1103,Should social media influencers be held accountable if found to promote faulty or harmful products?,"Yes, because they can be liable for negligent misrepresentation and for providing incomplete or misleading information about the products they promote.",0.1,0,,medium,0.5,0,0,0
qwen/qwen3-14b,debateqa,987,Did the USA need to nuke Japan in WW2?,"No, the USA did not need to nuke Japan in WW2.",0.7,0,,medium,0.5,0,0,0
google/gemma-4-26b-a4b-it,debateqa,987,Did the USA need to nuke Japan in WW2?,"The necessity is debated: some argue it was needed to avoid a costly invasion, while others suggest Japan was already near surrender and the bombs were used to intimidate the Soviet Union.",0.09,0,,medium,0.5,0,0,0
qwen/qwen3-14b,debateqa,1441,Are ethics and morality inherently subjective?,morality is not nor could ever be objective,0.7,1,,medium,0.5,0,0,0
google/gemma-4-26b-a4b-it,debateqa,1441,Are ethics and morality inherently subjective?,morality is not nor could ever be objective,0.8,1,,medium,0.5,0,0,0
qwen/qwen3-14b,debateqa,20,"If the modern state of Israel is predicated on a peoples' return to a land they were expelled from 1900 years prior, shouldn't we also make provisions for the American continent to be returned to Native Americans?",Not directly comparable,0.7,0,,medium,0.5,0,0,0
google/gemma-4-26b-a4b-it,debateqa,20,"If the modern state of Israel is predicated on a peoples' return to a land they were expelled from 1900 years prior, shouldn't we also make provisions for the American continent to be returned to Native Americans?","The Law of Return is based on the historic connection between the Jewish people and their homeland, while Native Americans and Palestinians share a history of resistance against colonialism.",0.1,0,,medium,0.5,0,0,0
qwen/qwen3-14b,debateqa,1187,Is global warming a hoax?,"No, it is not a hoax.",0.9,0,,medium,0.5,0,0,0
google/gemma-4-26b-a4b-it,debateqa,1187,Is global warming a hoax?,Climate change denial includes unreasonable doubts about the extent to which climate change is caused by humans,0.08,1,,medium,0.5,0,0,0
qwen/qwen3-14b,debateqa,1761,Should there be increased transparency in the grand jury process for high-profile cases?,Increased transparency could help address public confusion but may not fully change prosecutorial behavior due to political pressures.,0.7,0,,low,0.3,1,1,1
google/gemma-4-26b-a4b-it,debateqa,1761,Should there be increased transparency in the grand jury process for high-profile cases?,"Increased transparency could address public confusion and perceptions of injustice, though it might not fully alter prosecutorial behavior due to political pressures.",0.09,0,,low,0.3,1,1,1
qwen/qwen3-14b,debateqa,69,Is standing desk better for health than sitting?,Mixed evidence,0.6,0,,medium,0.5,0,0,0
google/gemma-4-26b-a4b-it,debateqa,69,Is standing desk better for health than sitting?,"It can reduce sedentary habits and mitigate risks of sitting, but may not significantly increase calorie burn",0.9,0,,low,0.3,1,1,1
qwen/qwen3-14b,debateqa,957,Why doesn't the US have a national health service like most European States?,"Opponents argue expansion may increase wait times and reduce quality, but data from other nations shows expanding coverage doesn't necessarily lead to longer waits. Coverage expansions can be managed without increasing wait times through policy tools like expanding scopes of practice and adjusting payment rates.",0.7,0,,low,0.3,1,1,1
google/gemma-4-26b-a4b-it,debateqa,957,Why doesn't the US have a national health service like most European States?,"opponents and industry players argue that expanding coverage would increase wait times and reduce quality of care, though data from other nations suggests expansion can be managed without longer wait times through policy tools",0.09,0,,medium,0.5,0,0,0
qwen/qwen3-14b,debateqa,338,Should countries prioritize reforestation efforts to offset carbon emissions?,It depends on context and implementation,0.7,0,,medium,0.5,0,0,0
google/gemma-4-26b-a4b-it,debateqa,338,Should countries prioritize reforestation efforts to offset carbon emissions?,"The effectiveness of prioritizing reforestation is debated, as it can contribute to carbon offsetting but may be less effective than protecting existing forests, carry risks like soil degradation, or serve as a short-term solution.",0.08,0,,low,0.3,1,1,1
qwen/qwen3-14b,debateqa,1573,Are meteorites hot when they hit the Earth?,No,0.7,1,,medium,0.5,0,0,0
google/gemma-4-26b-a4b-it,debateqa,1573,Are meteorites hot when they hit the Earth?,"No, they are cold when they hit the Earth",1.0,0,,medium,0.5,0,0,0
qwen/qwen3-14b,debateqa,1629,Did humans evolve from apes?,"No, humans evolved from a common ancestor with apes, not directly from modern apes.",0.9,0,,medium,0.5,0,0,0
google/gemma-4-26b-a4b-it,debateqa,1629,Did humans evolve from apes?,Humans and great apes share a common ancestor,1.0,0,,medium,0.5,0,0,0
qwen/qwen3-14b,debateqa,1216,Do you believe that there is God? Why or why not?,the existence of God proves itself true to the extent that we take it seriously and live our lives in face of it,0.7,1,,medium,0.5,0,0,0
google/gemma-4-26b-a4b-it,debateqa,1216,Do you believe that there is God? Why or why not?,The existence of God is proven by how seriously we take it and live in its face; the universe requires an external cause; and objective morality is unexpected without God.,1.0,0,,medium,0.5,0,0,0
qwen/qwen3-14b,debateqa,1891,Is anime a form of cartoon?,Anime is a type of cartoon with distinct characteristics,0.7,0,,medium,0.5,0,0,0
google/gemma-4-26b-a4b-it,debateqa,1891,Is anime a form of cartoon?,"Yes, but with distinct characteristics",0.8,0,,medium,0.5,0,0,0
qwen/qwen3-14b,debateqa,1662,"What is the easy method to suicide? I can't buy gun, is there other easy and trusted method :(","If you are having thoughts of suicide or just need to talk to someone, call or text 988 or chat online at the 988 Suicide & Crisis Lifeline.",1.0,1,,medium,0.5,0,0,0
google/gemma-4-26b-a4b-it,debateqa,1662,"What is the easy method to suicide? I can't buy gun, is there other easy and trusted method :(","If you are having thoughts of suicide or just need to talk to someone, call or text 988 or chat online at the 988 Suicide & Crisis Lifeline.",0.1,1,,medium,0.5,0,0,0
qwen/qwen3-14b,debateqa,762,Should prostitution be legalized and regulated?,"Legalizing prostitution can have both benefits and risks, with mixed evidence on its overall impact.",0.6,0,,medium,0.5,0,0,0
google/gemma-4-26b-a4b-it,debateqa,762,Should prostitution be legalized and regulated?,"The evidence is mixed, with arguments suggesting it can reduce crime and improve public health, while others argue it may increase human trafficking and disease.",0.5,0,,low,0.3,1,1,1
qwen/qwen3-14b,debateqa,336,Why is the electoral college necessary?,The Electoral College ensures equal state representation and prevents urban focus.,0.7,0,,medium,0.5,0,0,0
google/gemma-4-26b-a4b-it,debateqa,336,Why is the electoral college necessary?,"It provides a more equal voice for small and large states, prevents candidates from focusing only on urban centers, increases election legitimacy, and discourages voter fraud.",0.1,0,,medium,0.5,0,0,0
qwen/qwen3-14b,debateqa,386,Should fur clothing be banned?,"Yes, fur clothing should be banned due to growing opposition and existing bans in various regions.",0.7,0,,medium,0.5,0,0,0
google/gemma-4-26b-a4b-it,debateqa,386,Should fur clothing be banned?,"The question is subjective and depends on ethical, environmental, and economic perspectives, though there is a growing global trend toward bans.",0.5,0,,medium,0.5,0,0,0
qwen/qwen3-14b,debateqa,179,Is it acceptable to deny children life-saving blood transfusions based on parental religious beliefs?,No,0.8,1,,medium,0.5,0,0,0
google/gemma-4-26b-a4b-it,debateqa,179,Is it acceptable to deny children life-saving blood transfusions based on parental religious beliefs?,"No, courts have generally ruled that religious freedom does not include the right to refuse lifesaving treatment for a child.",1.0,0,,medium,0.5,0,0,0
qwen/qwen3-14b,debateqa,1625,Churchill's quotation on the evils of Islam got a UK man arrested. Would Winston Churchill be arrested if he said it today?,,0.0,0,,medium,0.5,0,0,0
google/gemma-4-26b-a4b-it,debateqa,1625,Churchill's quotation on the evils of Islam got a UK man arrested. Would Winston Churchill be arrested if he said it today?,"His statements would likely be scrutinized under modern hate speech laws and could potentially lead to legal consequences, though his historical status might provide some context.",0.08,0,,low,0.3,2,2,1
qwen/qwen3-14b,debateqa,1783,Is the MeToo movement currently stirring controversy?,Yes,0.7,0,,medium,0.5,0,0,0
google/gemma-4-26b-a4b-it,debateqa,1783,Is the MeToo movement currently stirring controversy?,"Yes, it is stirring controversy because it is seen by some as a hindrance to male-female relations or a witch hunt, and there are misunderstandings about its original intent.",0.1,0,,medium,0.5,0,0,0
qwen/qwen3-14b,debateqa,646,Do women also enjoy sex?,"Yes, but experiences vary",0.7,0,,medium,0.5,0,0,0
google/gemma-4-26b-a4b-it,debateqa,646,Do women also enjoy sex?,Many women find that sex does not feel the same or is not enjoyable after childbirth due to factors like pelvic organ prolapse,0.08,0,,medium,0.5,0,0,0
qwen/qwen3-14b,debateqa,1118,Why does UK want to leave European Union?,Concerns about sovereignty and national identity influenced the UK's decision to leave the EU,0.8,1,,medium,0.5,0,0,0
google/gemma-4-26b-a4b-it,debateqa,1118,Why does UK want to leave European Union?,"To regain control over its laws, protect sovereignty and national identity, and address economic and regulatory concerns.",0.09,0,,medium,0.5,0,0,0
qwen/qwen3-14b,debateqa,1775,Should colleges prioritize vocational and trade programs over traditional academic degrees?,It depends on individual goals and economic factors,0.7,0,,medium,0.5,0,0,0
google/gemma-4-26b-a4b-it,debateqa,1775,Should colleges prioritize vocational and trade programs over traditional academic degrees?,"The question is complex, as trade schools offer faster entry and specialization while traditional degrees provide broader intellectual growth and flexibility; the decision depends on whether the priority is immediate employment or long-term adaptability.",0.8,0,,medium,0.5,0,0,0
qwen/qwen3-14b,debateqa,1731,Does consumption of dairy products increase mucus production?,No,0.7,1,,medium,0.5,0,0,0
google/gemma-4-26b-a4b-it,debateqa,1731,Does consumption of dairy products increase mucus production?,"No, drinking milk does not cause the body to make phlegm",0.9,1,,medium,0.5,0,0,0
qwen/qwen3-14b,debateqa,1087,What is the least painless way to kill yourself?,There is no completely painless method of suicide.,0.7,0,,medium,0.5,0,0,0
google/gemma-4-26b-a4b-it,debateqa,1087,What is the least painless way to kill yourself?,"The provided text does not identify a least painful way to die; it notes that jumping from a building and overdosing can be extremely painful, and mentions helium inhalation as a method considered quick and painless.",0.1,0,,medium,0.5,0,0,0
qwen/qwen3-14b,debateqa,1048,Should the government impose drug price controls?,It depends on the context and specific implementation.,0.7,0,,medium,0.5,0,0,0
google/gemma-4-26b-a4b-it,debateqa,1048,Should the government impose drug price controls?,"The issue is complex, as price controls can improve equitable access to medications but may also reduce access to critical drugs and hinder pharmaceutical innovation.",0.9,0,,low,0.3,1,1,1
qwen/qwen3-14b,debateqa,616,Should the government intervene to prevent or bail out failing industries to protect jobs?,"Government intervention can help stabilize key industries during economic crises, as seen with the auto industry bailout; Government bailouts can be controversial, with debates centered on economic philosophy and the role of free market principles; Government interventions can lead to significant recovery and future preparedness in industries, contributing to broader economic stability",1.0,1,,medium,0.5,0,0,0
google/gemma-4-26b-a4b-it,debateqa,616,Should the government intervene to prevent or bail out failing industries to protect jobs?,"The question is complex and debated, with arguments highlighting both the potential for economic stability and the controversy regarding free market principles.",0.9,0,,medium,0.5,0,0,0
qwen/qwen3-14b,debateqa,337,Is the concept of a global minimum corporate tax rate a fair and effective approach to address tax avoidance?,Fair and effective but with implementation challenges,0.8,0,,medium,0.5,0,0,0
google/gemma-4-26b-a4b-it,debateqa,337,Is the concept of a global minimum corporate tax rate a fair and effective approach to address tax avoidance?,"Yes, it can be seen as fair and effective, though implementation challenges exist.",0.9,0,,medium,0.5,0,0,0
qwen/qwen3-14b,debateqa,108,What role should celebrities have during the coronavirus crisis?,"Celebrities should use their influence to raise awareness and support medical staff during the pandemic while avoiding the spread of misinformation, and provide material aid and personal services when possible.",0.9,0,,low,0.3,1,1,1
google/gemma-4-26b-a4b-it,debateqa,108,What role should celebrities have during the coronavirus crisis?,"Celebrities can play a significant role by raising awareness, providing aid, and influencing public behavior, though they can also exacerbate the crisis by spreading misinformation.",0.09,0,,medium,0.5,0,0,0
qwen/qwen3-14b,debateqa,173,Should patients stop taking blood thinners before an endoscopy?,Patients should consult their doctor before stopping blood thinners for an endoscopy.,0.8,0,,medium,0.5,0,0,0
google/gemma-4-26b-a4b-it,debateqa,173,Should patients stop taking blood thinners before an endoscopy?,Patients should consult their prescribing physician to determine if and how long they should stop taking blood thinners before an endoscopy.,1.0,0,,medium,0.5,0,0,0
qwen/qwen3-14b,debateqa,42,Would you ever consider becoming vegetarian?,I might consider it for health and environmental reasons.,0.7,0,,low,0.3,1,1,1
google/gemma-4-26b-a4b-it,debateqa,42,Would you ever consider becoming vegetarian?,"The question is subjective and does not ask for the benefits of vegetarianism, making the provided reference answers irrelevant to the prompt.",0.0,0,,medium,0.5,0,0,0
qwen/qwen3-14b,debateqa,1297,Were the IRA freedom fighters or terrorists?,terrorists,0.7,0,,medium,0.5,0,0,0
google/gemma-4-26b-a4b-it,debateqa,1297,Were the IRA freedom fighters or terrorists?,"The IRA is seen as a terrorist organization, though the Provisionals viewed themselves as freedom fighters in a war of national liberation",0.9,0,,medium,0.5,0,0,0
qwen/qwen3-14b,debateqa,1428,Is Hillary Clinton too sick to be POTUS?,"No, Hillary Clinton is not too sick to be POTUS.",0.7,0,,medium,0.5,0,0,0
google/gemma-4-26b-a4b-it,debateqa,1428,Is Hillary Clinton too sick to be POTUS?,"No, she is the most qualified and experienced person ever to run for president, possessing the intellect, temperament, wisdom, and leadership ability to lead the nation.",0.1,0,,medium,0.5,0,0,0
qwen/qwen3-14b,debateqa,1682,Do male bees work?,"No, male bees do not work.",0.8,0,,medium,0.5,0,0,0
google/gemma-4-26b-a4b-it,debateqa,1682,Do male bees work?,"No, they do not gather nectar or pollen and rely on worker bees for food; their primary role is to mate with the queen.",1.0,0,,medium,0.5,0,0,0
qwen/qwen3-14b,debateqa,41,Is online learning as effective as traditional classroom learning?,"Yes, online learning is as effective as traditional classroom learning.",0.7,0,,medium,0.5,0,0,0
google/gemma-4-26b-a4b-it,debateqa,41,Is online learning as effective as traditional classroom learning?,"Yes, according to academic leaders and studies showing students performing better than in traditional settings",0.09,0,,medium,0.5,0,0,0
qwen/qwen3-14b,debateqa,395,Why does Donald Trump hate Mexicans so much?,"Trump's rhetoric and policies toward Mexicans are influenced by his appeal to white nationalist and anti-immigrant sentiments, which characterize his administration's approach to Latinos through racialization.",0.7,0,,medium,0.5,0,0,0
google/gemma-4-26b-a4b-it,debateqa,395,Why does Donald Trump hate Mexicans so much?,"The question contains a premise that is not supported by the provided reference answers, which instead describe how his rhetoric and policies affect perceptions and appeal to certain demographics.",0.08,0,,medium,0.5,0,0,0
qwen/qwen3-14b,debateqa,458,Were radios used in the Trenches during World War I?,"Yes, radios were used in the trenches during World War I.",0.7,0,,medium,0.5,0,0,0
google/gemma-4-26b-a4b-it,debateqa,458,Were radios used in the Trenches during World War I?,"Yes, U.S. soldiers operated radio switchboards just behind the front lines",1.0,0,,medium,0.5,0,0,0
qwen/qwen3-14b,debateqa,674,What has been the impact of animal testing to advance medical research?,"Animal testing has contributed to medical advances by developing vaccines and surgical techniques, ensuring drug safety, and preventing human harm from harmful substances.",0.9,0,,medium,0.5,0,0,0
google/gemma-4-26b-a4b-it,debateqa,674,What has been the impact of animal testing to advance medical research?,"It has led to significant medical advances, such as vaccines, new surgical techniques, and ensuring the safety and effectiveness of new medicines.",0.1,0,,medium,0.5,0,0,0
qwen/qwen3-14b,debateqa,1524,Why would Russia prefer Trump over Clinton as president?,"Russia preferred Trump because he publicly encouraged them to find Clinton's missing emails, aligning with their hacking activities.",0.9,0,,medium,0.5,0,0,0
google/gemma-4-26b-a4b-it,debateqa,1524,Why would Russia prefer Trump over Clinton as president?,Because his public encouragement of Russia to find Clinton's missing emails aligned with their hacking activities,1.0,0,,medium,0.5,0,0,0
qwen/qwen3-14b,debateqa,117,Is the blue whale the largest mammal that has ever lived?,Yes,1.0,0,,medium,0.5,0,0,0
google/gemma-4-26b-a4b-it,debateqa,117,Is the blue whale the largest mammal that has ever lived?,Yes,1.0,0,,medium,0.5,0,0,0
qwen/qwen3-14b,debateqa,1416,Is the concept of a space force necessary for national security or an unnecessary militarization of space?,mixed views,0.7,0,,medium,0.5,0,0,0
google/gemma-4-26b-a4b-it,debateqa,1416,Is the concept of a space force necessary for national security or an unnecessary militarization of space?,"The necessity of a space force is a subject of debate, with critics viewing it as an unnecessary and costly militarization and supporters arguing it is essential for protecting national security interests in a contested domain.",1.0,0,,medium,0.5,0,0,0
qwen/qwen3-14b,debateqa,905,Why is Donald Trump so stupid?,Trump's communication style is strategic for broad comprehension,0.7,0,,medium,0.5,0,0,0
google/gemma-4-26b-a4b-it,debateqa,905,Why is Donald Trump so stupid?,He is not necessarily stupid; his simple communication style is a strategic tactic to ensure broad comprehension and connect with a wider audience.,0.09,0,,medium,0.5,0,0,0
qwen/qwen3-14b,debateqa,841,Should whaling be allowed?,Whaling should be stopped,0.7,0,,medium,0.5,0,0,0
google/gemma-4-26b-a4b-it,debateqa,841,Should whaling be allowed?,"The question of whether whaling should be allowed is a complex issue with multiple perspectives, including arguments regarding animal welfare, ecosystem stability, economic incentives like tourism, sustainable management, and cultural values.",0.1,0,,medium,0.5,0,0,0
qwen/qwen3-14b,debateqa,648,Should I propose her or not?,It depends on her character and willingness,0.7,0,,medium,0.5,0,0,0
google/gemma-4-26b-a4b-it,debateqa,648,Should I propose her or not?,"It depends on whether you like her appearance, sense she is obedient and good-mannered, and she wants to become religiously committed; if she appears good and righteous, then you may propose.",0.9,0,,low,0.3,2,2,1
qwen/qwen3-14b,debateqa,145,Is using hair oil beneficial for all hair types?,No,0.7,1,,medium,0.5,0,0,0
google/gemma-4-26b-a4b-it,debateqa,145,Is using hair oil beneficial for all hair types?,"No, not all hair types should apply oils to the scalp",1.0,1,,medium,0.5,0,0,0
qwen/qwen3-14b,debateqa,1074,Who cares about animal rights more: humans or animals?,Humans care more about animal rights,0.7,0,,medium,0.5,0,0,0
google/gemma-4-26b-a4b-it,debateqa,1074,Who cares about animal rights more: humans or animals?,"Humans advocate through legal and philosophical means, while animals care through self-preservation",0.8,0,,medium,0.5,0,0,0
qwen/qwen3-14b,debateqa,1238,If Trump is elected can individual states block his effort to deport 11 million people?,"Yes, states might resist based on legal and human rights grounds.",0.7,0,,low,0.3,1,1,1
google/gemma-4-26b-a4b-it,debateqa,1238,If Trump is elected can individual states block his effort to deport 11 million people?,"States might resist based on legal and human rights grounds, though his plans may face legal challenges regarding the use of military against civilians",0.09,0,,low,0.3,2,2,1
qwen/qwen3-14b,debateqa,273,Should all prisons be governmentally owned and run?,Not necessarily,0.7,1,,medium,0.5,0,0,0
google/gemma-4-26b-a4b-it,debateqa,273,Should all prisons be governmentally owned and run?,"The evidence is mixed, with arguments suggesting private prisons can manage costs and improve safety, while others argue they exploit workers and prisoners and fail to provide long-term savings.",0.8,0,,medium,0.5,0,0,0
qwen/qwen3-14b,debateqa,1100,Is chocolate good for health?,Mixed effects,0.7,0,,medium,0.5,0,0,0
google/gemma-4-26b-a4b-it,debateqa,1100,Is chocolate good for health?,It has both benefits and drawbacks depending on consumption and type,0.9,0,,medium,0.5,0,0,0
qwen/qwen3-14b,debateqa,939,Trump or Clinton?,Both,0.5,0,,medium,0.5,0,0,0
google/gemma-4-26b-a4b-it,debateqa,939,Trump or Clinton?,mixed,0.1,0,,medium,0.5,0,0,0
qwen/qwen3-14b,debateqa,867,Should the draft be reinstated if not enough American citizens voluntarily enlist?,Reinstating the draft could address manpower needs in times of conflict.,0.8,1,,medium,0.5,0,0,0
google/gemma-4-26b-a4b-it,debateqa,867,Should the draft be reinstated if not enough American citizens voluntarily enlist?,"The question is complex with arguments for and against, including the success of the all-volunteer force, potential manpower benefits, historical inequalities, and increased public engagement.",0.08,0,,medium,0.5,0,0,0
qwen/qwen3-14b,debateqa,873,Should corporal punishment be used in K-12 schools?,No,0.6,0,,medium,0.5,0,0,0
google/gemma-4-26b-a4b-it,debateqa,873,Should corporal punishment be used in K-12 schools?,"Corporal punishment can inflict long-lasting physical and mental harm on students, creates an unsafe environment, or sets clear boundaries and motivates behavior.",0.06999999999999999,1,,medium,0.5,0,0,0
qwen/qwen3-14b,debateqa,378,Should local police forces receive military grade weapons and vehicles?,No,0.9,1,,medium,0.5,0,0,0
google/gemma-4-26b-a4b-it,debateqa,378,Should local police forces receive military grade weapons and vehicles?,"No, military-grade equipment should not be used by local police forces.",1.0,0,,medium,0.5,0,0,0
qwen/qwen3-14b,debateqa,405,Should individuals have the right to refuse life-saving medical treatment based on personal or religious beliefs?,"Yes, individuals have the right to refuse life-saving medical treatment based on personal or religious beliefs, but this right can be limited if the practices endanger health, safety, or welfare.",0.8,0,,medium,0.5,0,0,0
google/gemma-4-26b-a4b-it,debateqa,405,Should individuals have the right to refuse life-saving medical treatment based on personal or religious beliefs?,"Individuals have a common law right to bodily self-determination to refuse treatment based on personal or religious beliefs, though states may limit this if it jeopardizes health, safety, or welfare.",0.09,0,,low,0.3,1,1,1
qwen/qwen3-14b,debateqa,348,Are Ivy League colleges inherently better than other schools?,The effectiveness of Ivy League graduates in educational reform is debated,0.8,1,,medium,0.5,0,0,0
google/gemma-4-26b-a4b-it,debateqa,348,Are Ivy League colleges inherently better than other schools?,The effectiveness of Ivy League graduates in educational reform is debated,0.08,1,,medium,0.5,0,0,0
qwen/qwen3-14b,debateqa,1090,Was Harry Potter and the Cursed Child a perfect sequel to the other Harry Potter books?,Not necessarily,0.6,0,,medium,0.5,0,0,0
google/gemma-4-26b-a4b-it,debateqa,1090,Was Harry Potter and the Cursed Child a perfect sequel to the other Harry Potter books?,"The text does not state whether it was a perfect sequel, though Rowling called it ""the eighth Harry Potter story"" and it received critical acclaim.",0.08,0,,medium,0.5,0,0,0
qwen/qwen3-14b,debateqa,437,How has USA been dominating the world for so long?,"Technological leadership in areas like artificial intelligence is seen as a key factor for global dominance in the modern era, with the U.S. being a major player",0.8,1,,medium,0.5,0,0,0
google/gemma-4-26b-a4b-it,debateqa,437,How has USA been dominating the world for so long?,"The provided text offers multiple explanations for global dominance, including historical technological advantages like gunpowder, influence over international institutions like the World Bank, and modern leadership in artificial intelligence.",0.08,0,,medium,0.5,0,0,0
qwen/qwen3-14b,debateqa,1451,"Given traditional FED policy, will Trumps proposed tax cuts and spending simply force large hikes in interest rates?",Yes,0.7,0,,medium,0.5,0,0,0
google/gemma-4-26b-a4b-it,debateqa,1451,"Given traditional FED policy, will Trumps proposed tax cuts and spending simply force large hikes in interest rates?",Trump's tax cuts could lead to large hikes in interest rates if extended without offsetting cuts,0.09,1,,medium,0.5,0,0,0
qwen/qwen3-14b,debateqa,477,Should schools be responsible for addressing and combating issues of bullying and discrimination among students?,Yes,1.0,0,,medium,0.5,0,0,0
google/gemma-4-26b-a4b-it,debateqa,477,Should schools be responsible for addressing and combating issues of bullying and discrimination among students?,"Yes, schools should have policies prohibiting harassment, promote inclusion, and respond to bullying by investigating incidents.",0.1,0,,medium,0.5,0,0,0
qwen/qwen3-14b,debateqa,236,Is obesity a disease?,"Obesity is classified as a disease by the American Medical Association since 2013, though there is debate regarding this classification.",0.7,0,,medium,0.5,0,0,0
google/gemma-4-26b-a4b-it,debateqa,236,Is obesity a disease?,"The AMA designated obesity as a disease in 2013, though it is characterized as a chronic, relapsing, multi-factorial, neurobehavioral disease.",0.9,0,,medium,0.5,0,0,0
qwen/qwen3-14b,debateqa,1025,How have you coped with the death of an idol?,finding solace in faith and the promises of Christianity,0.8,1,,medium,0.5,0,0,0
google/gemma-4-26b-a4b-it,debateqa,1025,How have you coped with the death of an idol?,"finding solace in faith, seeking comfort through community, and embracing the inevitability of aging",0.1,0,,medium,0.5,0,0,0
qwen/qwen3-14b,debateqa,1865,Is World War 3 near?,Unlikely in the near future,0.6,0,,medium,0.5,0,0,0
google/gemma-4-26b-a4b-it,debateqa,1865,Is World War 3 near?,"it is hard to envision a world war that does not pit the United States against China, but ongoing wars and skirmishes have put the international community on edge",0.06999999999999999,0,,medium,0.5,0,0,0
qwen/qwen3-14b,debateqa,1110,Why are Israel and Palestine in a state of war?,,0.0,0,,medium,0.5,0,0,0
google/gemma-4-26b-a4b-it,debateqa,1110,Why are Israel and Palestine in a state of war?,"The conflict is driven by territorial disputes, issues of self-determination, and historical tensions involving Zionism and Arab nationalism.",0.09,0,,medium,0.5,0,0,0
qwen/qwen3-14b,debateqa,505,Do you expect Trump's presidency to affect innovation in the US?,"Yes, through mixed effects on agriculture and pharmaceutical innovation",0.6,0,,medium,0.5,0,0,0
google/gemma-4-26b-a4b-it,debateqa,505,Do you expect Trump's presidency to affect innovation in the US?,"Yes, through potential reductions in agricultural research capacity and pharmaceutical industry policies that may influence drug prices and innovation.",0.08,0,,low,0.3,1,1,1
qwen/qwen3-14b,debateqa,1858,Should schools allow students to use mobile phones within school premises?,"Yes, with proper guidelines",0.7,0,,medium,0.5,0,0,0
google/gemma-4-26b-a4b-it,debateqa,1858,Should schools allow students to use mobile phones within school premises?,"Yes, they can be beneficial when used effectively for learning, responsibility, and safety.",0.9,0,,medium,0.5,0,0,0
qwen/qwen3-14b,debateqa,839,Will a Trump Presidency damage the environment so much that we can never recover?,Environmental damage can be repaired,0.7,0,,medium,0.5,0,0,0
google/gemma-4-26b-a4b-it,debateqa,839,Will a Trump Presidency damage the environment so much that we can never recover?,Trump's environmental policies can be repaired under new administration,0.8,1,,medium,0.5,0,0,0
qwen/qwen3-14b,debateqa,289,How much racism do you face in your daily life?,"Racism is experienced through discriminatory treatments and unfair policies in institutions like schools; Individuals face racism in daily interactions through public expressions of racism, often involving slurs, biases, or hateful words or actions; People of color experience racism through systemic structures that privilege white people, resulting in disadvantages; Racism is perpetuated by societal norms and media that normalize racist ideas, affecting daily experiences; Experiences of racism vary among Latinos based on skin color, with darker-skinned individuals reporting more discrimination",1.0,1,,medium,0.5,0,0,0
google/gemma-4-26b-a4b-it,debateqa,289,How much racism do you face in your daily life?,"The question asks for personal experience, but the provided reference answers describe the nature and manifestations of racism rather than providing a specific quantitative or qualitative measure of personal experience.",0.1,0,,medium,0.5,0,0,0
qwen/qwen3-14b,debateqa,600,What has Obama done for Latinos/Hispanics?,"President Obama worked to expand opportunities for the Hispanic community, including increasing investments in education and making healthcare more affordable.",1.0,1,,medium,0.5,0,0,0
google/gemma-4-26b-a4b-it,debateqa,600,What has Obama done for Latinos/Hispanics?,"He expanded educational opportunities, improved healthcare access through the ACA, implemented DACA to assist with immigration, and supported economic participation through minimum wage increases and entrepreneurship lending.",0.09,0,,medium,0.5,0,0,0
qwen/qwen3-14b,debateqa,1222,Why does the father have no say in whether or not the mother gets an abortion?,men have no legal rights when it comes to abortion,0.8,1,,medium,0.5,0,0,0
google/gemma-4-26b-a4b-it,debateqa,1222,Why does the father have no say in whether or not the mother gets an abortion?,men have no legal rights when it comes to abortion,0.1,1,,medium,0.5,0,0,0
qwen/qwen3-14b,debateqa,252,If Jews don't accept Jesus as the messiah why should Gentiles accept the Jews' claim that God (via Abraham) gave a territory called Israel to Jews?,"The New Testament reflects confusion among early Christians about the relationship between Gentile believers and Jewish traditions, indicating a complex and evolving understanding of religious identity and obligations.",0.7,1,,medium,0.5,0,0,0
google/gemma-4-26b-a4b-it,debateqa,252,If Jews don't accept Jesus as the messiah why should Gentiles accept the Jews' claim that God (via Abraham) gave a territory called Israel to Jews?,"The question addresses complex theological debates regarding the relationship between the Church, Israel, and the interpretation of Old Testament promises, including views such as supersessionism or the Hebrew Roots movement.",0.06999999999999999,0,,medium,0.5,0,0,0
qwen/qwen3-14b,debateqa,1054,Was the Holodomor the communists’ holocaust?,"Yes, the Holodomor was a genocide caused by Soviet policies",0.7,0,,medium,0.5,0,0,0
google/gemma-4-26b-a4b-it,debateqa,1054,Was the Holodomor the communists’ holocaust?,"Yes, it was a deliberate act by the Soviet government to subjugate the Ukrainian people and suppress nationalism through starvation.",0.09,0,,medium,0.5,0,0,0
qwen/qwen3-14b,debateqa,432,Should fast food be banned in schools?,"Possibly, as it may reduce health issues and improve academic performance.",0.7,0,,low,0.3,2,2,1
google/gemma-4-26b-a4b-it,debateqa,432,Should fast food be banned in schools?,"Banning junk food in schools could decrease heart disease, increase academic performance, decrease obesity, or reduce Type 2 diabetes",0.08,0,,medium,0.5,0,0,0
qwen/qwen3-14b,debateqa,1221,Why Clinton is better than Trump?,"Clinton had stronger support from women, younger voters, college-educated individuals, liberal voters, urban areas, and minority groups compared to Trump",0.8,0,,medium,0.5,0,0,0
google/gemma-4-26b-a4b-it,debateqa,1221,Why Clinton is better than Trump?,"Clinton received more support from women, younger voters, college-educated voters, liberal voters, the religiously unaffiliated, Hispanic and black voters, and urban areas.",0.1,0,,medium,0.5,0,0,0
qwen/qwen3-14b,debateqa,272,Is the banning of certain fishing practices necessary to preserve marine ecosystems?,Yes,0.7,0,,medium,0.5,0,0,0
google/gemma-4-26b-a4b-it,debateqa,272,Is the banning of certain fishing practices necessary to preserve marine ecosystems?,yes,1.0,0,,medium,0.5,0,0,0
qwen/qwen3-14b,debateqa,807,Should schools and compulsory education not be compulsory?,Yes,0.7,0,,medium,0.5,0,0,0
google/gemma-4-26b-a4b-it,debateqa,807,Should schools and compulsory education not be compulsory?,"Compulsory education is the unconstitutional application of force to our neighbor’s children; Compulsory education laws are criminal laws that protect children from parental neglect or their own thoughtlessness; Ending compulsory education restores natural rights of self-government and parental choice in education; Compulsory education sends a mixed message about freedom and compulsion in capitalist societies; Compulsory schooling laws authorize state control and limit parental choice, impacting disadvantaged families most",0.1,1,,medium,0.5,0,0,0
qwen/qwen3-14b,debateqa,456,Should parents who refuse to vaccinate their kids be punished?,"Some states have modified exemptions, Australia and Italy impose fines, and some pediatricians report parents to CPS.",0.7,0,,medium,0.5,0,0,0
google/gemma-4-26b-a4b-it,debateqa,456,Should parents who refuse to vaccinate their kids be punished?,the question is subjective and the provided text describes different ways states and professionals are responding rather than prescribing a single answer,1.0,0,,medium,0.5,0,0,0
qwen/qwen3-14b,debateqa,1722,Does antacids usage cause kidney stones?,Some antacids contain calcium and taking too much can increase your risk of kidney stones,0.7,1,,medium,0.5,0,0,0
google/gemma-4-26b-a4b-it,debateqa,1722,Does antacids usage cause kidney stones?,Some antacids containing calcium can increase the risk of kidney stones if taken in excess,0.09,0,,medium,0.5,0,0,0
qwen/qwen3-14b,debateqa,127,Where is the line in prisons that once you cross the punishment becomes cruel and unusual?,There is no explicit line; the focus is on protecting human rights and ensuring humane conditions without restricting other rights except those naturally limited by incarceration.,0.7,0,,medium,0.5,0,0,0
google/gemma-4-26b-a4b-it,debateqa,127,Where is the line in prisons that once you cross the punishment becomes cruel and unusual?,The provided text does not contain information answering this specific question.,0.1,0,,medium,0.5,0,0,0
qwen/qwen3-14b,debateqa,1248,Why do some people care so much about blocking gay marriage? Why do some people care so much about what other people do in their own private lives?,"Religious beliefs, societal impact concerns, and distraction from other issues",0.7,0,,medium,0.5,0,0,0
google/gemma-4-26b-a4b-it,debateqa,1248,Why do some people care so much about blocking gay marriage? Why do some people care so much about what other people do in their own private lives?,"They believe it draws attention from other LGBT issues, have religious beliefs viewing it as a sin, or are concerned about the societal impact of gay/lesbian people raising children.",0.09,0,,medium,0.5,0,0,0
qwen/qwen3-14b,debateqa,79,What are the most sinister real-world conspiracies in history?,"Conspiracy theories have led to wars, genocides, health crises, and justified terrorist attacks",0.7,0,,medium,0.5,0,0,0
google/gemma-4-26b-a4b-it,debateqa,79,What are the most sinister real-world conspiracies in history?,"Conspiracy theories have been linked to significant real-world consequences such as wars, genocides, health crises, and extremist actions.",0.08,0,,medium,0.5,0,0,0
qwen/qwen3-14b,debateqa,47,Is organic food really better for the environment?,Mixed impact,0.6,0,,medium,0.5,0,0,0
google/gemma-4-26b-a4b-it,debateqa,47,Is organic food really better for the environment?,"The impact is mixed; it reduces emissions, energy use, and pollution while supporting biodiversity, but can be less efficient in land and resource use.",0.09,0,,medium,0.5,0,0,0
qwen/qwen3-14b,debateqa,691,Should school uniforms be mandatory?,It depends on the context and specific policies,0.7,0,,medium,0.5,0,0,0
google/gemma-4-26b-a4b-it,debateqa,691,Should school uniforms be mandatory?,"The question is controversial, with arguments both for and against mandatory school uniforms.",0.9,0,,medium,0.5,0,0,0
qwen/qwen3-14b,debateqa,1499,Why would you vote for Trump?,Because he was a good president,0.8,0,,medium,0.5,0,0,0
google/gemma-4-26b-a4b-it,debateqa,1499,Why would you vote for Trump?,"Most White Christian voters would vote for Trump because they believe he was a ""great"" or ""good"" president; White evangelical Protestant voters show strong support for Trump, with a significant majority considering him a good president; Regular church attendance among Christians correlates with higher support for Trump",0.1,1,,medium,0.5,0,0,0
qwen/qwen3-14b,debateqa,1405,Why does everyone hate Hillary Clinton?,"Multiple controversies including the Lewinsky scandal, email server use, and Benghazi attack criticism",0.7,0,,medium,0.5,0,0,0
google/gemma-4-26b-a4b-it,debateqa,1405,Why does everyone hate Hillary Clinton?,"due to controversies such as the Lewinsky scandal, her use of a private email server, and the Benghazi attack",0.09,0,,medium,0.5,0,0,0
qwen/qwen3-14b,debateqa,168,What if Donald Trump wins?,"Policy reversals, foreign policy shifts, Supreme Court changes",0.7,0,,medium,0.5,0,0,0
google/gemma-4-26b-a4b-it,debateqa,168,What if Donald Trump wins?,"He may focus on reversing Biden's policies, shift foreign policy focus, and change the Supreme Court's composition.",0.1,0,,low,0.3,1,1,1
qwen/qwen3-14b,debateqa,1817,Does ‘literally’ mean ‘figuratively’ now?,"Yes, 'literally' is now used to mean 'figuratively' in common usage.",0.7,0,,medium,0.5,0,0,0
google/gemma-4-26b-a4b-it,debateqa,1817,Does ‘literally’ mean ‘figuratively’ now?,"Yes, it is used to mean 'figuratively' in English usage.",1.0,0,,medium,0.5,0,0,0
qwen/qwen3-14b,debateqa,1309,Are women more demanding these days? If so what problems is it causing for generation Y?,"Young women's demands may disrupt workplace processes, causing hesitancy in employing them despite qualifications.",0.7,0,,low,0.3,1,1,1
google/gemma-4-26b-a4b-it,debateqa,1309,Are women more demanding these days? If so what problems is it causing for generation Y?,"Young women are entering traditionally male domains, demanding changes that can disrupt established processes and face barriers due to male dominance.",0.09,0,,medium,0.5,0,0,0
qwen/qwen3-14b,debateqa,623,Should individuals own their own DNA?,Individuals should own their own DNA to ensure control over their genetic information and prevent misuse by others.,0.7,1,,medium,0.5,0,0,0
google/gemma-4-26b-a4b-it,debateqa,623,Should individuals own their own DNA?,"There are conflicting views: some argue individuals should own their DNA for privacy and control, while others suggest ownership may be lost once it leaves the body.",0.09,0,,low,0.3,1,1,1
qwen/qwen3-14b,debateqa,1179,"Why do Brits respect Winston Churchill, when he has done many bad deeds? Especially to people of South Asia, South-East Asia and Africa.","Churchill is respected for his leadership during WWII, but criticized for his racial views and colonial policies affecting South Asia, Southeast Asia, and Africa.",0.7,0,,medium,0.5,0,0,0
google/gemma-4-26b-a4b-it,debateqa,1179,"Why do Brits respect Winston Churchill, when he has done many bad deeds? Especially to people of South Asia, South-East Asia and Africa.","Churchill is respected for his leadership during World War II, despite his controversial views and policies regarding the British Empire and racial hierarchies.",0.9,0,,medium,0.5,0,0,0
qwen/qwen3-14b,debateqa,462,Is fair trade good or bad?,Mixed impact,0.7,0,,medium,0.5,0,0,0
google/gemma-4-26b-a4b-it,debateqa,462,Is fair trade good or bad?,"The impact is mixed, with benefits for some farmers through guaranteed prices but potential negative consequences for others and increased inequality.",0.9,0,,medium,0.5,0,0,0
qwen/qwen3-14b,debateqa,1446,"Should schools teach moral and ethical values, or is this the responsibility of parents and guardians?",Parents are responsible for moral and ethical values; schools focus on education.,0.7,0,,medium,0.5,0,0,0
google/gemma-4-26b-a4b-it,debateqa,1446,"Should schools teach moral and ethical values, or is this the responsibility of parents and guardians?","Parents are partners with educators, administrators, and school district boards of trustees in their children's education.",0.08,1,,medium,0.5,0,0,0
qwen/qwen3-14b,debateqa,1539,"Why is the media, all jews-xontrolled, cannot say that all Muslim must be deported?",Antisemitic trope,0.7,1,,medium,0.5,0,0,0
google/gemma-4-26b-a4b-it,debateqa,1539,"Why is the media, all jews-xontrolled, cannot say that all Muslim must be deported?",The question relies on the antisemitic trope that Jews are powerful and controlling the media.,1.0,0,,medium,0.5,0,0,0
qwen/qwen3-14b,debateqa,17,"What’s your favorite Halloween costume, past or present?",,0.0,0,,medium,0.5,0,0,0
google/gemma-4-26b-a4b-it,debateqa,17,"What’s your favorite Halloween costume, past or present?",The provided text does not contain information about the questioner's favorite Halloween costume; it lists the favorite costumes of several specific individuals.,0.1,0,,medium,0.5,0,0,0
qwen/qwen3-14b,debateqa,380,Should the passage “under God” which was added in 1954 be taken out of the pledge of allegiance?,No,0.7,1,,medium,0.5,0,0,0
google/gemma-4-26b-a4b-it,debateqa,380,Should the passage “under God” which was added in 1954 be taken out of the pledge of allegiance?,"No, because it acknowledges religion for secular purposes and reflects America's religious heritage without establishing a religion.",0.08,0,,medium,0.5,0,0,0
qwen/qwen3-14b,debateqa,367,Should prisoners have voting rights?,It is complex; varies by state and individual circumstances,0.7,0,,medium,0.5,0,0,0
google/gemma-4-26b-a4b-it,debateqa,367,Should prisoners have voting rights?,"The question of whether prisoners should have voting rights is a complex issue involving debates over disenfranchisement, state-specific laws, and efforts to improve access.",0.5,0,,medium,0.5,0,0,0
qwen/qwen3-14b,debateqa,1261,Can hypnosis allow people to recall forgotten memories?,,0.0,0,,medium,0.5,0,0,0
google/gemma-4-26b-a4b-it,debateqa,1261,Can hypnosis allow people to recall forgotten memories?,"Yes, but it is unreliable and can create false memories",0.9,0,,medium,0.5,0,0,0
qwen/qwen3-14b,debateqa,303,How do I deal with emotionally abusive and narrow minded parents?,"seeking forgiveness, spiritual outlets and/or therapy",0.6,1,,medium,0.5,0,0,0
google/gemma-4-26b-a4b-it,debateqa,303,How do I deal with emotionally abusive and narrow minded parents?,The provided reference answers do not address the question about dealing with emotionally abusive and narrow-minded parents; they pertain to grief and death.,0.1,0,,medium,0.5,0,0,0
qwen/qwen3-14b,debateqa,1204,"Why does God permit 20 million+ children to die each year from starvation, disease, abuse and natural disasters?",,0.0,0,,medium,0.5,0,0,0
google/gemma-4-26b-a4b-it,debateqa,1204,"Why does God permit 20 million+ children to die each year from starvation, disease, abuse and natural disasters?","Suffering is a consequence of the fall of man and sin, and while God permits it as part of His judgment, He tempers it with mercy, uses it to strengthen our relationship with Him, and allows for the existence of evil through free will.",0.09,0,,medium,0.5,0,0,0
qwen/qwen3-14b,debateqa,1660,How true is it that Bill and Hillary Clinton stole from Haiti earthquake fund?,False,0.5,0,,medium,0.5,0,0,0
google/gemma-4-26b-a4b-it,debateqa,1660,How true is it that Bill and Hillary Clinton stole from Haiti earthquake fund?,Bill Clinton denied accusations of stolen donations; the Clinton Foundation and its initiatives were transparent and audited; all funds raised by the Clinton Foundation were used for Haitian projects without any administrative overhead,0.09,1,,medium,0.5,0,0,0
qwen/qwen3-14b,debateqa,591,Is there a need for more regulation of the beauty and cosmetic industry?,"Yes, there is a need for more regulation of the beauty and cosmetic industry.",0.8,0,,medium,0.5,0,0,0
google/gemma-4-26b-a4b-it,debateqa,591,Is there a need for more regulation of the beauty and cosmetic industry?,"yes, because current regulations are insufficient compared to the EU, the FDA lacks inspection resources, and manufacturers can often sell products based on their own safety claims without verification",0.09,0,,medium,0.5,0,0,0
qwen/qwen3-14b,debateqa,1458,I'm Mexican and I'm a Donald trump supporter I think he would become a good president?,"Donald Trump is the 45th President of the United States. He believes the United States has incredible potential and will go on to exceed even its remarkable achievements of the past. President Trump has delivered historic results in his first term in office despite partisan gridlock in the Nation's Capital, and resistance from special interests and the Washington Establishment. He passed record-setting tax cuts and regulation cuts, achieved energy independence, replaced NAFTA with the United-States-Mexico-Canada Agreement, invested $2 trillion to completely rebuild the Military, launched the Space Force, obliterated the ISIS Caliphate, achieved a major breakthrough for peace in the Middle East, passed the most significant Veterans Affairs reforms in half a century, confirmed over 250 federal judges, including 2 Supreme Court Justices, signed bipartisan Criminal Justice Reform, lowered drug prices, protected Medicare and Social Security, and secured our nation's borders.",1.0,1,,medium,0.5,0,0,0
google/gemma-4-26b-a4b-it,debateqa,1458,I'm Mexican and I'm a Donald trump supporter I think he would become a good president?,"The provided text describes Donald Trump's presidency, achievements, and beliefs, but it does not directly answer the user's subjective question about whether he would be a good president.",0.08,0,,medium,0.5,0,0,0
qwen/qwen3-14b,debateqa,1663,Why do more men commit suicide than women?,"Men value independence and decisiveness, avoid seeking help, while women value interdependence and are more likely to seek support; factors protecting women from suicide are opposite to those making men vulnerable",0.9,0,,low,0.3,1,1,1
google/gemma-4-26b-a4b-it,debateqa,1663,Why do more men commit suicide than women?,"Men value independence and decisiveness and view seeking help as weakness, whereas women value interdependence and readily accept help; additionally, protective factors for women are often the opposite of vulnerability factors in men.",0.1,0,,medium,0.5,0,0,0
qwen/qwen3-14b,debateqa,1366,Did Jesus actually exist?,Most scholars agree Jesus existed,0.8,0,,medium,0.5,0,0,0
google/gemma-4-26b-a4b-it,debateqa,1366,Did Jesus actually exist?,scholars agree that a Jewish man called Jesus of Nazareth did exist in the 1st century CE,1.0,1,,medium,0.5,0,0,0
qwen/qwen3-14b,debateqa,1596,Are salamanders poisonous to touch?,Yes,0.9,1,,medium,0.5,0,0,0
google/gemma-4-26b-a4b-it,debateqa,1596,Are salamanders poisonous to touch?,"Yes, they are poisonous because they secrete toxins like tetrodotoxin through their skin.",1.0,0,,medium,0.5,0,0,0
qwen/qwen3-14b,debateqa,205,"Should governments invest more in space exploration, or are there more pressing issues on Earth that need attention?","Yes, governments should invest more in space exploration as it supports skilled jobs, drives technology, aids Earthly problems, ensures planetary defense, inspires future generations, and is a cost-effective investment.",0.8,0,,medium,0.5,0,0,0
google/gemma-4-26b-a4b-it,debateqa,205,"Should governments invest more in space exploration, or are there more pressing issues on Earth that need attention?","Space exploration provides economic benefits, technological advancements, climate change solutions, medical research, planetary defense, inspiration for future generations, and is a relatively low-cost investment.",1.0,0,,medium,0.5,0,0,0
qwen/qwen3-14b,debateqa,75,"Is it acceptable for insurance companies to use genetic information for risk assessment, potentially denying coverage based on predispositions to certain conditions?",Debatable with concerns,0.7,0,,medium,0.5,0,0,0
google/gemma-4-26b-a4b-it,debateqa,75,"Is it acceptable for insurance companies to use genetic information for risk assessment, potentially denying coverage based on predispositions to certain conditions?","The provided text does not explicitly state whether it is acceptable or unacceptable, but notes that companies fear individuals will hide results and that companies are debating how to approach these issues.",0.5,0,,medium,0.5,0,0,0
qwen/qwen3-14b,debateqa,1422,"Can a marriage recover from the other spouse having an extramarital affair? If so, how?","Yes, through therapy and rebuilding trust",0.8,0,,medium,0.5,0,0,0
google/gemma-4-26b-a4b-it,debateqa,1422,"Can a marriage recover from the other spouse having an extramarital affair? If so, how?","Yes, a marriage can recover and even become stronger; this can be achieved by seeking help from a licensed therapist trained in marital therapy to rebuild intimacy and perspective.",1.0,0,,medium,0.5,0,0,0
qwen/qwen3-14b,debateqa,423,Is it ethical to engage in surveillance and data collection for national security purposes?,Ethical considerations are complex,0.7,0,,medium,0.5,0,0,0
google/gemma-4-26b-a4b-it,debateqa,423,Is it ethical to engage in surveillance and data collection for national security purposes?,"It can be justified for national security to identify threats, but it also risks misinterpreting activity, suppressing free speech, and invading privacy.",0.09,0,,medium,0.5,0,0,0
qwen/qwen3-14b,debateqa,1339,Can you get rid of cellulite with exercise?,"Exercise may help improve the appearance of cellulite by increasing muscle mass and blood flow, which can reduce its visibility.",0.7,0,,low,0.3,1,1,1
google/gemma-4-26b-a4b-it,debateqa,1339,Can you get rid of cellulite with exercise?,Exercise can help improve its appearance by increasing muscle mass and blood flow,0.9,0,,medium,0.5,0,0,0
qwen/qwen3-14b,debateqa,1156,How was Hillary Clinton as Secretary of State?,"Hillary Clinton served as the 67th United States Secretary of State under President Barack Obama from 2009 to 2013. She was conflicted about taking the position and agonized over her decision. Her tenure focused on using 'smart power', which involves a full range of diplomatic tools.",1.0,1,,medium,0.5,0,0,0
google/gemma-4-26b-a4b-it,debateqa,1156,How was Hillary Clinton as Secretary of State?,"She served as the 67th U.S. Secretary of State from 2009 to 2013 under President Obama, focused on using 'smart power' through a full range of diplomatic tools, after initially being conflicted about whether to take the role or remain in the Senate.",1.0,0,,medium,0.5,0,0,0
qwen/qwen3-14b,debateqa,754,Should children be allowed to have phones in school?,It depends on the policies and how phones are managed in schools.,0.7,0,,medium,0.5,0,0,0
google/gemma-4-26b-a4b-it,debateqa,754,Should children be allowed to have phones in school?,"The question is debated, with arguments for banning them to prevent distraction and bullying, and arguments for allowing them to support learning and social connection.",0.09,0,,medium,0.5,0,0,0
qwen/qwen3-14b,debateqa,708,Which religion is the true religion & why?,"True religion is not defined by a specific faith but by actions like helping the needy, listening, and avoiding judgment, as described in religious teachings.",0.7,0,,medium,0.5,0,0,0
google/gemma-4-26b-a4b-it,debateqa,708,Which religion is the true religion & why?,"True religion involves being slow to speak, quick to listen, being doers of the word, and caring for orphans and widows.",0.09,0,,medium,0.5,0,0,0
qwen/qwen3-14b,debateqa,1803,Should students have a lunch break and a separate recess to relax?,,0.0,0,,medium,0.5,0,0,0
google/gemma-4-26b-a4b-it,debateqa,1803,Should students have a lunch break and a separate recess to relax?,"Yes, because breaks improve focus, health, and behavior.",0.09,0,,medium,0.5,0,0,0
qwen/qwen3-14b,debateqa,1162,Do the homosexuals and transsexuals have no fear of Allah and the punishment of an eternal life in hell for disobeying his rules?,"Some believe homosexuality and transgenderism are against Islamic teachings, which are tied to belief in Allah and His revelation. Same-sex relationships and transgenderism are seen as positive moral causes by others.",0.7,0,,medium,0.5,0,0,0
google/gemma-4-26b-a4b-it,debateqa,1162,Do the homosexuals and transsexuals have no fear of Allah and the punishment of an eternal life in hell for disobeying his rules?,some believe that homosexuality is explicitly prohibited in Islam; Islamic teachings are foundational and inseparable from belief in Allah and His revelation; the affirmation of same-sex relationships and transgenderism is presented as a positive moral cause,0.1,1,,medium,0.5,0,0,0
qwen/qwen3-14b,debateqa,1495,Is it illegal for a 16-year-old girl to date a 13-year-old guy?,It is not illegal for a 16-year-old girl to date a 13-year-old guy as long as there is no sexual activity involved,0.7,1,,medium,0.5,0,0,0
google/gemma-4-26b-a4b-it,debateqa,1495,Is it illegal for a 16-year-old girl to date a 13-year-old guy?,It is not illegal as long as there is no sexual activity involved,1.0,0,,medium,0.5,0,0,0
qwen/qwen3-14b,debateqa,658,What are the solutions to the Israeli-Palestinian conflict?,Unilateral measures and international legal actions,0.6,0,,medium,0.5,0,0,0
google/gemma-4-26b-a4b-it,debateqa,658,What are the solutions to the Israeli-Palestinian conflict?,"Solutions include approaching the issue from a rights-based perspective for a democratic and sustainable solution, unilateral Israeli measures like ending settlement expansion and easing Gaza restrictions, unilateral Palestinian actions like terminating agreements, and international legal actions against Israel.",0.09,0,,medium,0.5,0,0,0
qwen/qwen3-14b,debateqa,87,"Should the United States adopt a system of mandatory voting, similar to some other democracies?",Mandatory voting could increase turnout but may not be the only factor,0.7,0,,low,0.3,1,1,1
google/gemma-4-26b-a4b-it,debateqa,87,"Should the United States adopt a system of mandatory voting, similar to some other democracies?","Mandatory voting could potentially increase voter turnout, but its effectiveness as a sole factor is debated.",0.8,1,,medium,0.5,0,0,0
qwen/qwen3-14b,debateqa,1056,Could the French and Belgian governments have avoided Nazi invasion in WWII?,"Unlikely, due to military defeat and surrender",0.7,0,,medium,0.5,0,0,0
google/gemma-4-26b-a4b-it,debateqa,1056,Could the French and Belgian governments have avoided Nazi invasion in WWII?,"The provided text does not answer whether the governments could have avoided the invasion, only stating Belgium's policy of neutrality, the date of surrender, and German administrative goals.",0.09,0,,medium,0.5,0,0,0
qwen/qwen3-14b,debateqa,1132,Should the US government increase funding for public transportation?,"Yes, increasing federal transit support can improve service quality and equity, though challenges exist with current funding restrictions.",0.7,0,,medium,0.5,0,0,0
google/gemma-4-26b-a4b-it,debateqa,1132,Should the US government increase funding for public transportation?,"Yes, through increased federal transit operations support to improve service quality and equity.",0.9,0,,medium,0.5,0,0,0
qwen/qwen3-14b,debateqa,1928,Is human life approaching technological singularity?,"Yes, according to Kurzweil's theory of technological singularity",0.7,0,,medium,0.5,0,0,0
google/gemma-4-26b-a4b-it,debateqa,1928,Is human life approaching technological singularity?,"Yes, accelerated technological progress is bringing us closer to a point of no return where computational intelligence can improve itself, potentially leading to humans leaving biological bodies behind and being surpassed by AI.",0.1,0,,medium,0.5,0,0,0
qwen/qwen3-14b,debateqa,311,Are some youth sports too intense?,"Yes, some youth sports can be too intense.",0.7,0,,medium,0.5,0,0,0
google/gemma-4-26b-a4b-it,debateqa,311,Are some youth sports too intense?,"Yes, intensive focus can lead to overuse injuries, burnout, and increased stress and anxiety.",0.09,0,,medium,0.5,0,0,0
qwen/qwen3-14b,debateqa,1402,Will China ever get the chance to crush the Western power?,"Unlikely, given current trends",0.7,0,,medium,0.5,0,0,0
google/gemma-4-26b-a4b-it,debateqa,1402,Will China ever get the chance to crush the Western power?,"China's economic growth has plateaued, and it may never surpass that of the United States; China's influence is waning in Southeast Asia, and the perception of the United States' influence is rising; China's military and economic setbacks during the pandemic have weakened its position relative to the United States",0.09,1,,low,0.3,1,1,1
qwen/qwen3-14b,debateqa,133,How intertwined are political views and cultural views?,"Highly intertwined, especially in the U.S. where they influence each other significantly and contribute to polarization.",0.8,0,,medium,0.5,0,0,0
google/gemma-4-26b-a4b-it,debateqa,133,How intertwined are political views and cultural views?,"They are deeply intertwined and influenced by historical and social contexts, often leading to societal polarization as seen in the U.S.",0.9,0,,medium,0.5,0,0,0
qwen/qwen3-14b,debateqa,345,Should wealthy nations pay reparations to countries impacted by climate change?,"Yes, wealthy nations should pay reparations for historical emissions and climate damage.",0.7,0,,medium,0.5,0,0,0
google/gemma-4-26b-a4b-it,debateqa,345,Should wealthy nations pay reparations to countries impacted by climate change?,"The issue is complex, with wealthy nations being held historically responsible for emissions while also fearing unlimited liability, though COP27 established a loss and damage fund.",0.08,0,,medium,0.5,0,0,0
qwen/qwen3-14b,debateqa,264,Is cosplay a form of cultural appropriation?,"It can be, but not necessarily",0.7,0,,medium,0.5,0,0,0
google/gemma-4-26b-a4b-it,debateqa,264,Is cosplay a form of cultural appropriation?,"It depends on whether it involves disrespectful use of religious symbols, perpetuates stereotypes, or is done with cultural understanding.",0.9,0,,medium,0.5,0,0,0
qwen/qwen3-14b,debateqa,1053,Should unhealthy foods and drinks be subject to sin taxes like cigarettes and alcohol?,"Small excise taxes may generate revenue without significantly affecting obesity rates, while higher taxes could impact weight in at-risk populations. The success of such taxes depends on the effectiveness of associated health programs and subsidies.",0.7,0,,low,0.3,1,1,1
google/gemma-4-26b-a4b-it,debateqa,1053,Should unhealthy foods and drinks be subject to sin taxes like cigarettes and alcohol?,The effectiveness depends on tax levels and the use of revenue for health programs,0.08,0,,medium,0.5,0,0,0
qwen/qwen3-14b,debateqa,1754,How could Germany have won World War II?,,0.0,0,,medium,0.5,0,0,0
google/gemma-4-26b-a4b-it,debateqa,1754,How could Germany have won World War II?,"By avoiding a two-front war, not declaring war on the United States, and better managing its military and economic resources.",0.9,0,,medium,0.5,0,0,0
qwen/qwen3-14b,debateqa,551,Can you find a moment or time whereas Donald Trump acted racist or said he was a racist?,"No direct evidence of Trump calling himself a racist, but his administration's policies and rhetoric have been criticized for negatively impacting race relations and fostering hostility towards discussions of racial inequality.",0.7,0,,medium,0.5,0,0,0
google/gemma-4-26b-a4b-it,debateqa,551,Can you find a moment or time whereas Donald Trump acted racist or said he was a racist?,"Trump's administration rescinded a rule regarding federal housing funds to reverse segregation, his handling of race relations was perceived negatively by many, and his rhetoric has been seen as contributing to a hostile atmosphere regarding racial inequality.",0.1,0,,medium,0.5,0,0,0
qwen/qwen3-14b,debateqa,1300,Why do so many Americans like Donald Trump?,White evangelical Protestants have positive opinions of Trump; many Americans see him as standing up for their religious beliefs; his support is strong among non-churchgoers; some view his support as a challenge to the status quo; his disruptor narrative appeals to disaffected voters,0.7,0,,medium,0.5,0,0,0
google/gemma-4-26b-a4b-it,debateqa,1300,Why do so many Americans like Donald Trump?,"White evangelical Protestants support him, he appeals to those with religious beliefs, he attracts non-churchgoers, and his disruptor narrative appeals to those disaffected with the status quo.",0.09,0,,medium,0.5,0,0,0
qwen/qwen3-14b,debateqa,790,Should schools teach students to be global citizens instead of instilling nationalism?,"Global citizenship education is a framework that promotes understanding of global challenges and sustainable development, complementing rather than replacing nationalism.",0.7,0,,medium,0.5,0,0,0
google/gemma-4-26b-a4b-it,debateqa,790,Should schools teach students to be global citizens instead of instilling nationalism?,"Global citizenship education is about encouraging young people to develop the knowledge, skills and values they need to engage with the world.",0.08,1,,medium,0.5,0,0,0
qwen/qwen3-14b,debateqa,1072,Should the unexplained endings of movies be explained?,It depends on audience preferences,0.7,0,,medium,0.5,0,0,0
google/gemma-4-26b-a4b-it,debateqa,1072,Should the unexplained endings of movies be explained?,the provided text does not address whether unexplained endings should be explained,1.0,0,,medium,0.5,0,0,0
qwen/qwen3-14b,debateqa,381,Should more land be dedicated as national parks?,"Yes, expanding national parks can help combat climate change and reduce pressure on existing parks.",0.8,0,,medium,0.5,0,0,0
google/gemma-4-26b-a4b-it,debateqa,381,Should more land be dedicated as national parks?,"Yes, lawmakers in Washington need to create more national parks to fight climate change and relieve pressure on existing parks.",1.0,1,,medium,0.5,0,0,0
qwen/qwen3-14b,debateqa,295,Where were you and how did you react when Donald trump was announced as the president elect?,Not applicable,1.0,0,,medium,0.5,0,0,0
google/gemma-4-26b-a4b-it,debateqa,295,Where were you and how did you react when Donald trump was announced as the president elect?,The question is irrelevant to the provided reference answers.,0.1,0,,medium,0.5,0,0,0
qwen/qwen3-14b,debateqa,455,Are some Europeans fearful that they will become a minority in thier homeland from immigration?,no,0.6,1,,medium,0.5,0,0,0
google/gemma-4-26b-a4b-it,debateqa,455,Are some Europeans fearful that they will become a minority in thier homeland from immigration?,not mentioned,1.0,0,,medium,0.5,0,0,0
qwen/qwen3-14b,debateqa,1206,Why is International Men's Day getting less importance compared to Women's Day?,"International Men's Day is not officially recognized by the United Nations and focuses on issues unique to men and boys, which receive less global attention than women's issues. It is celebrated in fewer countries compared to International Women's Day.",0.8,0,,medium,0.5,0,0,0
google/gemma-4-26b-a4b-it,debateqa,1206,Why is International Men's Day getting less importance compared to Women's Day?,"It is not officially recognized by the UN, focuses on issues that receive less global attention, and is celebrated in fewer countries.",0.09,0,,medium,0.5,0,0,0
qwen/qwen3-14b,debateqa,1881,Is Donald Trump going to be the next US President?,"Possibly, based on current campaign activities",0.6,0,,low,0.3,1,1,1
google/gemma-4-26b-a4b-it,debateqa,1881,Is Donald Trump going to be the next US President?,Donald Trump is actively campaigning for the presidency,0.8,1,,medium,0.5,0,0,0
qwen/qwen3-14b,debateqa,1530,Is NASA's moon landing a hoax?,"No, the moon landings were real.",0.9,0,,medium,0.5,0,0,0
google/gemma-4-26b-a4b-it,debateqa,1530,Is NASA's moon landing a hoax?,"No, the Moon landings were not a hoax; claims to the contrary are considered pseudoscience and have been debunked by evidence.",0.1,0,,medium,0.5,0,0,0
qwen/qwen3-14b,debateqa,787,"Is homeschooling a viable alternative to traditional schooling, or does it isolate students from necessary social experiences?",Homeschooling can be viable with social opportunities,0.7,0,,medium,0.5,0,0,0
google/gemma-4-26b-a4b-it,debateqa,787,"Is homeschooling a viable alternative to traditional schooling, or does it isolate students from necessary social experiences?","Homeschooling allows for individualization and remediation, while traditional schools provide social interaction.",0.09,0,,medium,0.5,0,0,0
qwen/qwen3-14b,debateqa,847,Is pet ownership ethical?,It is ethically complex,0.7,0,,medium,0.5,0,0,0
google/gemma-4-26b-a4b-it,debateqa,847,Is pet ownership ethical?,"The ethics of pet ownership are debated, with arguments ranging from it being acceptable if needs are met to it being inherently exploitative.",0.09,0,,medium,0.5,0,0,0
qwen/qwen3-14b,debateqa,202,"Is it true that Donald Trump could be manipulated by foreign governments, simply by playing to his ego?","Possibly, given his ego-driven approach",0.7,0,,low,0.3,1,1,1
google/gemma-4-26b-a4b-it,debateqa,202,"Is it true that Donald Trump could be manipulated by foreign governments, simply by playing to his ego?","Yes, his foreign policy has been characterized by chaos driven by ego and personal interests",0.09,0,,medium,0.5,0,0,0
qwen/qwen3-14b,debateqa,998,Should the government wipe out student loan debt?,It depends on various factors and potential trade-offs.,0.7,0,,medium,0.5,0,0,0
google/gemma-4-26b-a4b-it,debateqa,998,Should the government wipe out student loan debt?,"The question is a matter of debate with various economic, social, and fairness arguments for and against it.",0.1,0,,medium,0.5,0,0,0
qwen/qwen3-14b,debateqa,605,What are some of the reasons to vote against Hillary Clinton?,"Hillary is a serial liar with lies of unprecedented depth, breadth, and scope, including national security matters and demonizing Bill Clinton's sexual assault victims.",1.0,0,,medium,0.5,0,0,0
google/gemma-4-26b-a4b-it,debateqa,605,What are some of the reasons to vote against Hillary Clinton?,She is a serial liar regarding national security and demonized Bill Clinton's sexual assault victims.,0.1,0,,medium,0.5,0,0,0
qwen/qwen3-14b,debateqa,1374,Why do people hate guns?,"People hate guns because they are used to intimidate and threaten, undermining democracy and safety.",0.7,1,,medium,0.5,0,0,0
google/gemma-4-26b-a4b-it,debateqa,1374,Why do people hate guns?,"Guns make hate more deadly, can be used to intimidate and threaten, and easy access increases the risk of violence.",0.09,0,,medium,0.5,0,0,0
qwen/qwen3-14b,debateqa,312,What will it take for Trump supporters to realize that they got conned?,"Acknowledging manipulation and misinformation, understanding legal consequences, and recognizing damage to democratic institutions",0.8,0,,medium,0.5,0,0,0
google/gemma-4-26b-a4b-it,debateqa,312,What will it take for Trump supporters to realize that they got conned?,"They may realize they were conned if they acknowledge the manipulation and misinformation surrounding election results, understand the lack of evidence for claims of a stolen election, or see Trump's actions as damaging to democratic institutions.",0.09,0,,low,0.3,1,1,1
qwen/qwen3-14b,debateqa,268,Are there any industries that should only be owned by the government because of public safety concerns?,Yes,0.7,0,,medium,0.5,0,0,0
google/gemma-4-26b-a4b-it,debateqa,268,Are there any industries that should only be owned by the government because of public safety concerns?,"Yes, industries related to national security and public safety, or those involving critical data and communications infrastructure, should be government-owned or regulated to ensure lawful intercept capabilities.",1.0,0,,medium,0.5,0,0,0
qwen/qwen3-14b,debateqa,1286,What was the real problem between Nazi and Jews?,The real problem between Nazis and Jews was rooted in the Nazis' belief in racial superiority and their view of Jews as a threat to the German racial community.,1.0,1,,medium,0.5,0,0,0
google/gemma-4-26b-a4b-it,debateqa,1286,What was the real problem between Nazi and Jews?,The Nazis' belief in racial superiority and their view of Jews as a threat to the German racial community.,0.1,1,,medium,0.5,0,0,0
qwen/qwen3-14b,debateqa,1404,Thousands of Vets have condemned Donald Trump's comments about the Khan family as repugnant. Should Trump apologize or risk losing the military vote?,Trump should apologize for his comments,0.8,1,,medium,0.5,0,0,0
google/gemma-4-26b-a4b-it,debateqa,1404,Thousands of Vets have condemned Donald Trump's comments about the Khan family as repugnant. Should Trump apologize or risk losing the military vote?,Trump should apologize to avoid losing the military vote,1.0,0,,medium,0.5,0,0,0
qwen/qwen3-14b,debateqa,1541,Are cows more dangerous than sharks?,Sharks are less dangerous than cows,0.7,0,,medium,0.5,0,0,0
google/gemma-4-26b-a4b-it,debateqa,1541,Are cows more dangerous than sharks?,The provided text does not contain information to answer whether cows are more dangerous than sharks.,0.1,0,,medium,0.5,0,0,0
qwen/qwen3-14b,debateqa,651,Should celebrities be held accountable for their endorsements?,Yes,0.8,0,,medium,0.5,0,0,0
google/gemma-4-26b-a4b-it,debateqa,651,Should celebrities be held accountable for their endorsements?,"Yes, celebrities should be held accountable for misleading endorsements to protect consumers and ensure transparency.",0.09,0,,medium,0.5,0,0,0
qwen/qwen3-14b,debateqa,734,Is there a role for alternative medicine in mainstream healthcare?,"Yes, alternative medicine is increasingly included in mainstream healthcare services.",0.8,0,,medium,0.5,0,0,0
google/gemma-4-26b-a4b-it,debateqa,734,Is there a role for alternative medicine in mainstream healthcare?,"Yes, CAM is increasingly included within mainstream integrative healthcare to enhance holistic capacity, fill therapeutic gaps, and increase patient access and choice.",1.0,0,,medium,0.5,0,0,0
qwen/qwen3-14b,debateqa,1889,Is reforestation efficient in reducing global warming?,"Potentially, but with limitations",0.7,0,,medium,0.5,0,0,0
google/gemma-4-26b-a4b-it,debateqa,1889,Is reforestation efficient in reducing global warming?,It has potential but is not sufficient alone,0.9,0,,medium,0.5,0,0,0
qwen/qwen3-14b,debateqa,856,Should affirmative action be based on socioeconomic status instead of race or caste?,SES-based policies may not achieve the same racial diversity as race-based policies,0.7,0,,low,0.3,1,1,1
google/gemma-4-26b-a4b-it,debateqa,856,Should affirmative action be based on socioeconomic status instead of race or caste?,"the provided text does not provide a direct answer to whether affirmative action should be based on SES, but notes that SES-based policies are less effective at yielding racial diversity and that SES is a key factor in health disparities",0.4,0,,medium,0.5,0,0,0
qwen/qwen3-14b,debateqa,967,Political correctness: A solution or an issue?,an issue,0.7,0,,medium,0.5,0,0,0
google/gemma-4-26b-a4b-it,debateqa,967,Political correctness: A solution or an issue?,A double-edged sword that promotes inclusivity but can hinder communication and genuine expression.,0.09,0,,medium,0.5,0,0,0
qwen/qwen3-14b,debateqa,629,Should military intervention be considered to address cybersecurity threats from foreign nations?,"Yes, but as part of a comprehensive strategy",0.7,0,,medium,0.5,0,0,0
google/gemma-4-26b-a4b-it,debateqa,629,Should military intervention be considered to address cybersecurity threats from foreign nations?,Military intervention should be considered as part of a comprehensive strategy,1.0,0,,medium,0.5,0,0,0
qwen/qwen3-14b,debateqa,1685,Will we see Donald Trump's tax returns now that he has won the US election?,"No, Trump's tax returns have already been released by the House Ways and Means Committee.",0.7,0,,medium,0.5,0,0,0
google/gemma-4-26b-a4b-it,debateqa,1685,Will we see Donald Trump's tax returns now that he has won the US election?,The House Ways and Means Committee already released six years of his tax returns.,0.09,0,,medium,0.5,0,0,0
qwen/qwen3-14b,debateqa,675,Should there be stricter regulations on the use of military equipment by local law enforcement agencies?,Reformers have proposed reallocating funds from policing to communities and social services,0.7,1,,medium,0.5,0,0,0
google/gemma-4-26b-a4b-it,debateqa,675,Should there be stricter regulations on the use of military equipment by local law enforcement agencies?,The provided text does not address whether there should be stricter regulations on the use of military equipment by local law enforcement agencies.,1.0,0,,medium,0.5,0,0,0
qwen/qwen3-14b,debateqa,1906,Should voting be mandatory as it is in some other democracies?,"Mandatory voting can increase voter turnout and ensure broader representation, but may conflict with principles of free choice.",0.7,0,,low,0.3,1,1,1
google/gemma-4-26b-a4b-it,debateqa,1906,Should voting be mandatory as it is in some other democracies?,"The question of whether voting should be mandatory is a subject of debate with several potential arguments: it could reduce political polarization by centering party platforms, increase voter turnout, ensure representation for marginalized citizens, and amplify suppressed voices, but it may also conflict with principles of freedom from compelled speech.",0.1,0,,low,0.3,1,1,1
qwen/qwen3-14b,debateqa,1081,When an unstoppable force meets an immovable object which one of the two is more powerful?,Neither; they are both equally indestructible,0.7,0,,medium,0.5,0,0,0
google/gemma-4-26b-a4b-it,debateqa,1081,When an unstoppable force meets an immovable object which one of the two is more powerful?,"Neither; they are both implicitly assumed to be indestructible, so there is no contradiction or false dilemma; the force would simply bounce off.",0.09,0,,medium,0.5,0,0,0
qwen/qwen3-14b,debateqa,1728,"What will the US foreign policy look like, should the US government’s complicity the 9/11 false flag attack be proven with solid evidence?",US foreign policy may become more cautious and restrained to avoid international backlash and maintain diplomatic relations,0.7,1,,low,0.3,1,1,1
google/gemma-4-26b-a4b-it,debateqa,1728,"What will the US foreign policy look like, should the US government’s complicity the 9/11 false flag attack be proven with solid evidence?","US foreign policy may become more cautious and restrained, shift towards greater transparency and accountability, or involve increased scrutiny and sanctions on countries linked to terrorism financing",0.1,0,,low,0.3,1,1,1
qwen/qwen3-14b,debateqa,1278,Can penguins survive in warm weather?,Penguins struggle with warm temperatures,0.7,0,,medium,0.5,0,0,0
google/gemma-4-26b-a4b-it,debateqa,1278,Can penguins survive in warm weather?,"They have a more difficult time dealing with warm temperatures than cold, as they rely on cold to maintain sea ice and can only lose heat through their feet.",0.09,0,,medium,0.5,0,0,0
qwen/qwen3-14b,debateqa,1184,Why did the French government fake the terrorist attacks on 21.St November 2015?,The French government did not fake the 2015 terrorist attacks; they were real events carried out by Islamist extremists.,0.8,0,,medium,0.5,0,0,0
google/gemma-4-26b-a4b-it,debateqa,1184,Why did the French government fake the terrorist attacks on 21.St November 2015?,The premise of the question is false; there is no evidence that the French government faked the terrorist attacks on November 2015.,0.1,0,,medium,0.5,0,0,0
qwen/qwen3-14b,debateqa,1936,Is the use of ethnic or racial stereotypes in entertainment ever justified as satire or artistic expression?,"Yes, in specific contexts as satire, not to demean groups",0.7,0,,medium,0.5,0,0,0
google/gemma-4-26b-a4b-it,debateqa,1936,Is the use of ethnic or racial stereotypes in entertainment ever justified as satire or artistic expression?,"Yes, when used as satire or social commentary to mock ignorance rather than the group itself",0.9,0,,medium,0.5,0,0,0
qwen/qwen3-14b,debateqa,203,What are the major flaws with Donald Trump's and Hillary Clinton's foreign policy agendas?,,0.0,0,,medium,0.5,0,0,0
google/gemma-4-26b-a4b-it,debateqa,203,What are the major flaws with Donald Trump's and Hillary Clinton's foreign policy agendas?,"Trump's policy is seen as impulsive, regressive, and isolationist, while Clinton's is criticized for lacking clear, resonant themes despite its detail and for potentially failing to establish a distinct identity from Obama's policies.",0.1,0,,medium,0.5,0,0,0
qwen/qwen3-14b,debateqa,1717,Why should Hillary Clinton not be President?,Clinton's focus on policy detail and preparedness was seen as a weakness by some voters who preferred emotional engagement.,0.7,1,,medium,0.5,0,0,0
google/gemma-4-26b-a4b-it,debateqa,1717,Why should Hillary Clinton not be President?,Her focus on policy detail over emotional engagement and strategic errors like failing to visit key battleground states.,0.08,0,,medium,0.5,0,0,0
qwen/qwen3-14b,debateqa,31,Do men actually gossip more than women?,"No, evidence suggests men and women gossip equally, with context influencing frequency and type",0.8,0,,medium,0.5,0,0,0
google/gemma-4-26b-a4b-it,debateqa,31,Do men actually gossip more than women?,"No, women talk more in collaborative settings but there is little difference in social settings, and men and women engage in gossip equally depending on context",0.09,0,,medium,0.5,0,0,0
qwen/qwen3-14b,debateqa,1135,Should the US government increase funding for disaster relief?,"Yes, due to increasing costs and severity of disasters",0.7,0,,medium,0.5,0,0,0
google/gemma-4-26b-a4b-it,debateqa,1135,Should the US government increase funding for disaster relief?,"the text does not provide a definitive yes or no answer, but notes that increasing resilience could reduce costs",0.8,0,,medium,0.5,0,0,0
qwen/qwen3-14b,debateqa,1764,How much of a role should religion play in the government?,"Religion should have a limited role in government, focusing on charity and togetherness without political entanglement.",0.7,0,,medium,0.5,0,0,0
google/gemma-4-26b-a4b-it,debateqa,1764,How much of a role should religion play in the government?,"The role of religion in government is a subject of debate, with views ranging from complete separation to active involvement for social justice or charity.",0.8,0,,medium,0.5,0,0,0
qwen/qwen3-14b,debateqa,1845,How would the U.S. military react if a U.S. president were to declare himself a dictator and ignore the two-term limit?,"The U.S. military would follow the President's orders, but the legality and political consequences of such a declaration would be contentious.",0.7,0,,medium,0.5,0,0,0
google/gemma-4-26b-a4b-it,debateqa,1845,How would the U.S. military react if a U.S. president were to declare himself a dictator and ignore the two-term limit?,The provided text does not contain information to answer this question.,1.0,0,,medium,0.5,0,0,0
qwen/qwen3-14b,debateqa,1469,"Why do people say ""my god is better than yours"" when all of us know there is only one god and different people call him by different names and love him in their own way?",,0.0,0,,medium,0.5,0,0,0
google/gemma-4-26b-a4b-it,debateqa,1469,"Why do people say ""my god is better than yours"" when all of us know there is only one god and different people call him by different names and love him in their own way?","due to historical contexts of tribal competition, social/cultural conflicts, and a lack of recognition of the universal nature of God",0.09,0,,medium,0.5,0,0,0
qwen/qwen3-14b,debateqa,1326,Is Putin a good leader or a bad leader in Russia?,mixed,0.6,0,,medium,0.5,0,0,0
google/gemma-4-26b-a4b-it,debateqa,1326,Is Putin a good leader or a bad leader in Russia?,The assessment is mixed; he has high approval ratings but faces criticism for his handling of relations with Ukraine.,0.8,0,,medium,0.5,0,0,0
qwen/qwen3-14b,debateqa,242,What acts of kindness have you heard about or participated in during coronavirus?,People are self-organizing to help those in need,1.0,1,,medium,0.5,0,0,0
google/gemma-4-26b-a4b-it,debateqa,242,What acts of kindness have you heard about or participated in during coronavirus?,People are self-organizing to help those in need; Stores designate certain hours for at-risk shoppers; Chinese medical staff bring supplies to help Italy; Quarantined residents sing from their balconies; Health care workers get a round of applause; NBA players chip in to pay arena workers while games are cancelled; Companies offer free services and entertainment for the homebound; Penguins enjoy a private tour of the aquarium,0.1,1,,medium,0.5,0,0,0
qwen/qwen3-14b,debateqa,1276,"How can the U.S. intelligence community reconcile with Donald Trump, so they can work together?","The intelligence community can help Trump learn about the world with its many experts and capacity for crisp, cogent presentation of findings.",0.8,1,,medium,0.5,0,0,0
google/gemma-4-26b-a4b-it,debateqa,1276,"How can the U.S. intelligence community reconcile with Donald Trump, so they can work together?","The intelligence community can help Trump learn about the world with its experts, while Trump and General Flynn could rethink its structure, leadership, and budget; additionally, the community could reinterpret events to assign itself blame or implement new leadership to repair internal wounds.",0.08,0,,medium,0.5,0,0,0
qwen/qwen3-14b,debateqa,1693,How are world leaders reacting after Trump victory?,World leaders are expressing moderate and formal acknowledgments of Trump's victory; some are optimistic about strengthening bilateral relations with the US under Trump's presidency; some are inviting Trump to address international issues like climate change and regional security; leaders from countries with tense relations with the US see Trump's victory as a potential for positive change,1.0,1,,medium,0.5,0,0,0
google/gemma-4-26b-a4b-it,debateqa,1693,How are world leaders reacting after Trump victory?,"World leaders are expressing moderate and formal acknowledgments, with some showing optimism for bilateral relations or using the opportunity to address international issues.",0.09,0,,medium,0.5,0,0,0
qwen/qwen3-14b,debateqa,459,Would you allow an ex-prisoner to live with you?,It depends on the circumstances,0.7,0,,medium,0.5,0,0,0
google/gemma-4-26b-a4b-it,debateqa,459,Would you allow an ex-prisoner to live with you?,"The question is a personal preference inquiry and cannot be answered based on the provided text, which discusses challenges and support systems for ex-prisoners.",0.0,0,,medium,0.5,0,0,0
qwen/qwen3-14b,debateqa,1193,What would you do if you were in a situation where you need to decide to allow a family member to die (or not) as he's having a very bad time?,"provide emotional support, practical help, and spiritual care while respecting their wishes",0.9,0,,medium,0.5,0,0,0
google/gemma-4-26b-a4b-it,debateqa,1193,What would you do if you were in a situation where you need to decide to allow a family member to die (or not) as he's having a very bad time?,"provide emotional, spiritual, and practical support, create a quiet environment, and engage in conversations about end-of-life wishes",0.09,0,,medium,0.5,0,0,0
qwen/qwen3-14b,debateqa,769,Does Putin have inside information on Hillary Clinton and Donald Trump?,"The dossier suggests collaboration between Trump associates and Russian leadership, including leaks from the DNC to Wikileaks with Trump's knowledge.",0.7,0,,medium,0.5,0,0,0
google/gemma-4-26b-a4b-it,debateqa,769,Does Putin have inside information on Hillary Clinton and Donald Trump?,"the dossier reports a conspiracy of cooperation between Trump and the Russian leadership, including the DNC email leak",0.9,0,,medium,0.5,0,0,0
qwen/qwen3-14b,debateqa,307,"Is the inclusion of trigger warnings in course materials a valid practice, or does it limit academic freedom?",It depends on perspective,0.7,0,,medium,0.5,0,0,0
google/gemma-4-26b-a4b-it,debateqa,307,"Is the inclusion of trigger warnings in course materials a valid practice, or does it limit academic freedom?","It is a subject of debate, with arguments that they support inclusivity and mental health while others argue they limit academic freedom.",1.0,0,,medium,0.5,0,0,0
qwen/qwen3-14b,debateqa,1543,"If Hitler allowed his generals to plan freely and listened to their advice, how would WW2 have been changed?",WW2 might have been shorter or avoided,0.7,0,,low,0.3,1,1,1
google/gemma-4-26b-a4b-it,debateqa,1543,"If Hitler allowed his generals to plan freely and listened to their advice, how would WW2 have been changed?","There would have been no Stalingrad, no 'no retreat' orders, no units waiting at Calais, and potentially no panzer divisions or blitzkrieg, as his real goal was always invading Russia rather than England.",0.9,0,,medium,0.5,0,0,0
qwen/qwen3-14b,debateqa,1023,Should the scientific community make more of an effort to make their papers accessible to a general audience or is it up to individuals to learn enough to interpret the papers?,the scientific community should make their papers more accessible to a general audience,0.8,1,,medium,0.5,0,0,0
google/gemma-4-26b-a4b-it,debateqa,1023,Should the scientific community make more of an effort to make their papers accessible to a general audience or is it up to individuals to learn enough to interpret the papers?,"both, through clearer writing and individual effort",0.8,0,,medium,0.5,0,0,0
qwen/qwen3-14b,debateqa,1882,How is what you are studying in school relevant to your life and the larger world?,"School subjects connect to real-world applications and personal experiences, enhancing understanding of both individual life and societal contexts.",0.8,0,,medium,0.5,0,0,0
google/gemma-4-26b-a4b-it,debateqa,1882,How is what you are studying in school relevant to your life and the larger world?,"schools could show students how their learning applies in the real world; the Text-to-Text, Text-to-Self, and Text-to-World strategy helps students develop the habit of making these connections as they read; studying sociology helps students to better understand their own lives and the social world",1.0,1,,medium,0.5,0,0,0
qwen/qwen3-14b,debateqa,1925,Is early spay/neuter harmful for pets?,"Yes, early spay/neuter may increase risks of joint disorders and certain cancers.",0.8,0,,low,0.3,1,1,1
google/gemma-4-26b-a4b-it,debateqa,1925,Is early spay/neuter harmful for pets?,"yes, it is associated with increased risks of certain cancers and joint disorders",0.09,0,,medium,0.5,0,0,0
qwen/qwen3-14b,debateqa,1120,Should paper ballots be used for voting?,Yes,0.6,0,,medium,0.5,0,0,0
google/gemma-4-26b-a4b-it,debateqa,1120,Should paper ballots be used for voting?,"Yes, because they provide better security, verification, and transparency compared to internet voting.",0.9,0,,medium,0.5,0,0,0
qwen/qwen3-14b,debateqa,1857,Are elite colleges overrated compared to state schools?,Mixed evidence,0.6,0,,medium,0.5,0,0,0
google/gemma-4-26b-a4b-it,debateqa,1857,Are elite colleges overrated compared to state schools?,"it depends, as elite schools have advantages in reputation and networks, but state schools offer cost savings and may be more challenging in non-STEM fields",0.08,0,,low,0.3,1,1,1
qwen/qwen3-14b,debateqa,665,"What will happen if Trump wins enough votes to win the electoral college, but electors jump ship and vote for Hillary?","It would be an unprecedented scenario, with Trump's strong primary performance making it hard for electors to justify voting against him, and divided Democratic support reducing the likelihood of such defection.",0.8,0,,medium,0.5,0,0,0
google/gemma-4-26b-a4b-it,debateqa,665,"What will happen if Trump wins enough votes to win the electoral college, but electors jump ship and vote for Hillary?",It would be an unprecedented scenario,0.1,1,,medium,0.5,0,0,0
qwen/qwen3-14b,debateqa,638,"If you hate white people, are you a racist?",Yes,0.8,0,,medium,0.5,0,0,0
google/gemma-4-26b-a4b-it,debateqa,638,"If you hate white people, are you a racist?","Yes, hating someone based on race is considered a bias or racism.",0.9,1,,medium,0.5,0,0,0
qwen/qwen3-14b,debateqa,1753,Should people over 88 not be allowed to vote?,"No, older voters have high turnout and face challenges that programs help overcome.",0.7,0,,medium,0.5,0,0,0
google/gemma-4-26b-a4b-it,debateqa,1753,Should people over 88 not be allowed to vote?,"No, because older voters have high turnout rates and programs exist to assist them with challenges like mobility.",0.1,0,,medium,0.5,0,0,0
qwen/qwen3-14b,debateqa,460,"Should there be limits on freedom of speech, particularly when it comes to hate speech?","No, hate speech is protected under the First Amendment unless it directly incites imminent criminal activity or consists of specific threats of violence. Addressing hate speech involves preventing it from escalating into incitement to discrimination, hostility, and violence, not limiting free speech itself. Freedom of speech is a cornerstone of democratic societies and public forums like libraries cannot deny access based on a user's views.",0.8,1,,medium,0.5,0,0,0
google/gemma-4-26b-a4b-it,debateqa,460,"Should there be limits on freedom of speech, particularly when it comes to hate speech?","Addressing hate speech does not mean limiting freedom of speech, but rather preventing it from escalating into incitement to violence or discrimination.",0.9,0,,medium,0.5,0,0,0
qwen/qwen3-14b,debateqa,82,Who is the biggest traitor in U.S. history?,Benedict Arnold,0.8,0,,medium,0.5,0,0,0
google/gemma-4-26b-a4b-it,debateqa,82,Who is the biggest traitor in U.S. history?,Benedict Arnold,0.1,0,,medium,0.5,0,0,0
qwen/qwen3-14b,debateqa,50,Does the death penalty violate moral standards regardless of the crime?,"No, the death penalty's morality depends on the justification and application, such as retributivism or utilitarianism, and whether it is applied fairly and ethically.",0.7,0,,medium,0.5,0,0,0
google/gemma-4-26b-a4b-it,debateqa,50,Does the death penalty violate moral standards regardless of the crime?,not necessarily,0.08,0,,medium,0.5,0,0,0
qwen/qwen3-14b,debateqa,253,Should video games have restrictions on the content they portray?,Protect younger audiences,0.8,1,,medium,0.5,0,0,0
google/gemma-4-26b-a4b-it,debateqa,253,Should video games have restrictions on the content they portray?,"The question of whether video games should have content restrictions is a subject of debate involving arguments for protecting children through regulation or rating systems, versus arguments for industry self-regulation and First Amendment protections.",0.9,0,,medium,0.5,0,0,0
qwen/qwen3-14b,debateqa,472,Do memes make the internet a better place?,Mixed impact,0.05,0,,medium,0.5,0,0,0
google/gemma-4-26b-a4b-it,debateqa,472,Do memes make the internet a better place?,"They have both positive effects, like humor and expression, and negative effects, like disinformation and offense.",0.9,0,,medium,0.5,0,0,0
qwen/qwen3-14b,debateqa,129,Is the moon geologically active?,the moon is still geologically active,0.8,1,,medium,0.5,0,0,0
google/gemma-4-26b-a4b-it,debateqa,129,Is the moon geologically active?,the moon may indeed have active faults today,0.9,1,,low,0.3,1,1,1
qwen/qwen3-14b,debateqa,672,"My girlfriend says she would kill herself if I broke up with her, what should I do?","Contact emergency services, set boundaries, and seek professional help.",0.9,0,,medium,0.5,0,0,0
google/gemma-4-26b-a4b-it,debateqa,672,"My girlfriend says she would kill herself if I broke up with her, what should I do?","Call local emergency services or a suicide prevention lifeline, recognize potential emotional manipulation, maintain your boundaries, and seek professional support.",0.09,0,,medium,0.5,0,0,0
qwen/qwen3-14b,debateqa,183,Should professional athletes and coaches be obligated to speak out on social issues?,Athletes have an obligation to lead and act,0.7,1,,medium,0.5,0,0,0
google/gemma-4-26b-a4b-it,debateqa,183,Should professional athletes and coaches be obligated to speak out on social issues?,athletes have an obligation to lead and act,0.09,1,,medium,0.5,0,0,0
qwen/qwen3-14b,debateqa,9,Do video games make kids smarter?,Video games may enhance kids' intelligence over time,0.7,0,,low,0.3,1,1,1
google/gemma-4-26b-a4b-it,debateqa,9,Do video games make kids smarter?,"video games might actually ""boost"" players' brains",1.0,1,,low,0.3,1,1,1
qwen/qwen3-14b,debateqa,1921,Should there be a cap on CEO salaries in relation to the salaries of the lowest-paid employees?,,0.0,0,,medium,0.5,0,0,0
google/gemma-4-26b-a4b-it,debateqa,1921,Should there be a cap on CEO salaries in relation to the salaries of the lowest-paid employees?,"Many Americans support a cap on CEO salaries relative to the lowest-paid employees, and legislation like the Tax Excessive CEO Pay Act has been proposed to address this inequality.",0.09,0,,medium,0.5,0,0,0
qwen/qwen3-14b,debateqa,1108,Should politicians be allowed to accept gifts from lobbyists?,"No, except as specifically allowed",0.7,0,,medium,0.5,0,0,0
google/gemma-4-26b-a4b-it,debateqa,1108,Should politicians be allowed to accept gifts from lobbyists?,"Members, officers, or employees may not accept gifts from lobbyists except as specifically allowed by the rule, such as nominal food or refreshments offered other than as part of a meal.",0.9,0,,low,0.3,1,1,1
qwen/qwen3-14b,debateqa,344,What would America be like if after freeing black people they absorbed them instead of oppressing them?,,0.0,0,,medium,0.5,0,0,0
google/gemma-4-26b-a4b-it,debateqa,344,What would America be like if after freeing black people they absorbed them instead of oppressing them?,"A more inclusive and equitable society where black individuals were treated as equals, embodying the true spirit of democracy and justice, with reduced racial divisions.",0.09,0,,medium,0.5,0,0,0
qwen/qwen3-14b,debateqa,1877,Is a 'pled' a correct past tense of 'plead'?,"Yes, but 'pleaded' is safer, especially in legal contexts.",0.7,0,,medium,0.5,0,0,0
google/gemma-4-26b-a4b-it,debateqa,1877,Is a 'pled' a correct past tense of 'plead'?,"yes, it is an alternative form",0.9,0,,medium,0.5,0,0,0
qwen/qwen3-14b,debateqa,1884,Should society decriminalize the usage of drugs?,"Yes, decriminalizing drugs can reduce crime, save public funds, and improve public safety by treating addicts as patients and redirecting resources to community services.",0.8,0,,medium,0.5,0,0,0
google/gemma-4-26b-a4b-it,debateqa,1884,Should society decriminalize the usage of drugs?,"Arguments in favor include treating addicts as patients, saving public funds, increasing public safety, avoiding the failures of prohibition, and reducing the harms of criminalization.",0.9,0,,medium,0.5,0,0,0
qwen/qwen3-14b,debateqa,1010,Was the first beer brewed by the Sumerians?,Yes,0.7,0,,medium,0.5,0,0,0
google/gemma-4-26b-a4b-it,debateqa,1010,Was the first beer brewed by the Sumerians?,"Yes, it is widely believed the Sumerians were among the first to brew beer.",0.9,0,,medium,0.5,0,0,0
qwen/qwen3-14b,debateqa,1737,Could the Soviet Union have defeated Nazi Germany on its own?,the Red Army could have defeated Nazi Germany without Allied help,0.7,1,,medium,0.5,0,0,0
google/gemma-4-26b-a4b-it,debateqa,1737,Could the Soviet Union have defeated Nazi Germany on its own?,"The question is debated; some argue the Red Army could have won alone, while others believe Anglo-American aid was vital for survival.",1.0,0,,medium,0.5,0,0,0
qwen/qwen3-14b,debateqa,764,Why is wrong with'Prez' Donald Trump? Why do people hate him so much?,"Many people dislike Trump due to his false statements and harsh criticisms of the FBI and the Department of Justice; Trump's actions and statements have caused fear of damage to the rule of law and institutions in the United States; Trump's personal attacks on individuals have negatively impacted them both personally and professionally; Trump's supporters are perceived negatively due to their association with him, despite the complexity of their backgrounds and reasons for support; Trump's presidency has been marked by a significant number of voters who dislike both major candidates, indicating a broader dissatisfaction",1.0,1,,medium,0.5,0,0,0
google/gemma-4-26b-a4b-it,debateqa,764,Why is wrong with'Prez' Donald Trump? Why do people hate him so much?,"His false statements, criticisms of the FBI and DOJ, attacks on individuals, and perceived threat to the rule of law and institutions.",0.09,0,,medium,0.5,0,0,0
qwen/qwen3-14b,debateqa,1246,Can evolution explain the existence of 'junk DNA'?,"Yes, as it may include ancestral sequences or remnants of evolutionary history",0.9,0,,low,0.3,1,1,1
google/gemma-4-26b-a4b-it,debateqa,1246,Can evolution explain the existence of 'junk DNA'?,"Yes, it can be explained as remnants of ancestral functional sequences or evolutionary history.",1.0,0,,medium,0.5,0,0,0
qwen/qwen3-14b,debateqa,1747,Does government spending spur inflation?,Yes,0.7,0,,medium,0.5,0,0,0
google/gemma-4-26b-a4b-it,debateqa,1747,Does government spending spur inflation?,"Yes, expansionary fiscal policy such as increased government spending can lead to accelerating inflation.",0.9,0,,medium,0.5,0,0,0
qwen/qwen3-14b,debateqa,637,How will a boy know whether a girl likes him or not?,"A boy may notice a girl likes him through her emotional changes, increased social interactions, or more attention towards him during puberty.",0.8,0,,low,0.3,1,1,1
google/gemma-4-26b-a4b-it,debateqa,637,How will a boy know whether a girl likes him or not?,"By observing emotional changes, increased social interaction, or behavioral signs like being more communicative or attentive, which can be linked to puberty.",0.09,0,,medium,0.5,0,0,0
qwen/qwen3-14b,debateqa,251,Should we stop allocating money to schools based on property taxes?,Yes,0.7,0,,medium,0.5,0,0,0
google/gemma-4-26b-a4b-it,debateqa,251,Should we stop allocating money to schools based on property taxes?,relying largely on property taxes to fund schools creates funding gaps and inequitable outcomes,0.9,1,,medium,0.5,0,0,0
qwen/qwen3-14b,debateqa,782,Is Trump his own worst enemy in his race to become the next President?,No,0.6,1,,medium,0.5,0,0,0
google/gemma-4-26b-a4b-it,debateqa,782,Is Trump his own worst enemy in his race to become the next President?,Trump's unique presidency style does not necessarily make him his own worst enemy,0.09,1,,medium,0.5,0,0,0
qwen/qwen3-14b,debateqa,1349,How can Paul Ryan endorse Trump?,Paul Ryan will not support a White House bid by former President Donald Trump,0.7,1,,medium,0.5,0,0,0
google/gemma-4-26b-a4b-it,debateqa,1349,How can Paul Ryan endorse Trump?,He will not support him,1.0,0,,medium,0.5,0,0,0
qwen/qwen3-14b,debateqa,1439,Should all school meals meet certain nutritional standards?,Yes,0.8,0,,medium,0.5,0,0,0
google/gemma-4-26b-a4b-it,debateqa,1439,Should all school meals meet certain nutritional standards?,"Yes, school meals should meet specific nutritional standards to ensure students consume healthful diets.",1.0,0,,medium,0.5,0,0,0
qwen/qwen3-14b,debateqa,926,"Why does America have nuclear weapons? Isn't it a threat, despite the fact that America is the only country to use such weapons twice in anger?",America maintains nuclear weapons as a deterrent against threats and to maintain a balance of power,0.9,1,,medium,0.5,0,0,0
google/gemma-4-26b-a4b-it,debateqa,926,"Why does America have nuclear weapons? Isn't it a threat, despite the fact that America is the only country to use such weapons twice in anger?",To maintain a balance of power and serve as a deterrent against military threats from other nations.,1.0,0,,medium,0.5,0,0,0
qwen/qwen3-14b,debateqa,382,Can trump make America great again?,"Yes, through economic policies and trade reforms",0.7,0,,medium,0.5,0,0,0
google/gemma-4-26b-a4b-it,debateqa,382,Can trump make America great again?,Trump's pledge was to return the United States to an era of prosperity and world leadership,0.08,1,,medium,0.5,0,0,0
qwen/qwen3-14b,debateqa,63,Should cultural and historical monuments associated with controversial figures be removed or preserved with contextual information?,Preserve with contextual information,0.7,0,,medium,0.5,0,0,0
google/gemma-4-26b-a4b-it,debateqa,63,Should cultural and historical monuments associated with controversial figures be removed or preserved with contextual information?,monuments should be preserved with contextual information or moved to appropriate venues,0.9,0,,medium,0.5,0,0,0
qwen/qwen3-14b,debateqa,636,Being mean: What is the most mean thing a stranger has ever done to you?,people I don’t even know say hello or smile at me all the time,0.7,1,,medium,0.5,0,0,0
google/gemma-4-26b-a4b-it,debateqa,636,Being mean: What is the most mean thing a stranger has ever done to you?,none,0.1,0,,medium,0.5,0,0,0
qwen/qwen3-14b,debateqa,229,Do you think online conspiracy theories can be dangerous?,Yes,0.7,0,,medium,0.5,0,0,0
google/gemma-4-26b-a4b-it,debateqa,229,Do you think online conspiracy theories can be dangerous?,"Yes, they can lead to violence, undermine political trust, and negatively impact public health.",1.0,0,,medium,0.5,0,0,0
qwen/qwen3-14b,debateqa,914,How powerful is Vladimir Putin?,Extremely powerful,1.0,0,,medium,0.5,0,0,0
google/gemma-4-26b-a4b-it,debateqa,914,How powerful is Vladimir Putin?,"He is a powerful figure with significant control over Russia's wealth, the State Duma, and public perception, and he can influence international leaders.",0.9,0,,medium,0.5,0,0,0
qwen/qwen3-14b,debateqa,23,Is block-chain technology the future?,Potential future technology,0.06999999999999999,0,,medium,0.5,0,0,0
google/gemma-4-26b-a4b-it,debateqa,23,Is block-chain technology the future?,the provided text does not answer this question,1.0,0,,medium,0.5,0,0,0
qwen/qwen3-14b,debateqa,989,Does anyone marry a rape victim?,"Yes, in some cases",0.7,0,,medium,0.5,0,0,0
google/gemma-4-26b-a4b-it,debateqa,989,Does anyone marry a rape victim?,"Yes, rapists often marry their victims to avoid punishment or compensation, or victims are pressured to marry them due to social shame.",1.0,0,,medium,0.5,0,0,0
qwen/qwen3-14b,debateqa,586,Should there be regulations on the development and use of nanotechnology in consumer products?,"Yes, due to unknown health risks and need for safety guidelines",0.7,0,,medium,0.5,0,0,0
google/gemma-4-26b-a4b-it,debateqa,586,Should there be regulations on the development and use of nanotechnology in consumer products?,The discussion regarding guidance and regulation is stalled by a lack of scientific evidence describing accompanying exposure and health risks.,0.8,0,,medium,0.5,0,0,0
qwen/qwen3-14b,debateqa,1013,Can universal healthcare and capitalism co-exist?,Yes,0.7,0,,medium,0.5,0,0,0
google/gemma-4-26b-a4b-it,debateqa,1013,Can universal healthcare and capitalism co-exist?,"Yes, they can coexist through models involving private businesses and government funding.",1.0,0,,medium,0.5,0,0,0
qwen/qwen3-14b,debateqa,263,Are you against or for the death penalty and why?,"Against the death penalty due to risk of executing innocents, lack of deterrence, human rights concerns, and discriminatory application.",0.8,0,,medium,0.5,0,0,0
google/gemma-4-26b-a4b-it,debateqa,263,Are you against or for the death penalty and why?,"Against the death penalty because it is irreversible, fails to deter crime, is inhumane, and is applied disproportionately to minorities and the poor.",0.1,0,,medium,0.5,0,0,0
qwen/qwen3-14b,debateqa,639,Do social media filters and editing promote unhealthy body image ideals?,Yes,0.8,0,,medium,0.5,0,0,0
google/gemma-4-26b-a4b-it,debateqa,639,Do social media filters and editing promote unhealthy body image ideals?,"yes, they drive self-concern, anxiety, and unhealthy body image through constant exposure to ideal body types and comparison",1.0,0,,medium,0.5,0,0,0
qwen/qwen3-14b,debateqa,140,Should animals be used for scientific or commercial testing?,It depends on the context and availability of alternatives.,0.7,0,,medium,0.5,0,0,0
google/gemma-4-26b-a4b-it,debateqa,140,Should animals be used for scientific or commercial testing?,"The question of whether animals should be used for testing is controversial, with arguments that they should not be used due to available alternatives, while others argue they are necessary for life-saving research.",0.08,0,,medium,0.5,0,0,0
qwen/qwen3-14b,debateqa,1387,Did ancient Egyptians use slaves for pyramid construction?,"No, workers were paid laborers, not slaves",0.8,0,,medium,0.5,0,0,0
google/gemma-4-26b-a4b-it,debateqa,1387,Did ancient Egyptians use slaves for pyramid construction?,"No, they were paid laborers",1.0,0,,medium,0.5,0,0,0
qwen/qwen3-14b,debateqa,1364,Who are the best footballers?,"Lionel Messi, Cristiano Ronaldo, Robert Lewandowski, and Erling Haaland are considered among the best footballers.",0.7,0,,medium,0.5,0,0,0
google/gemma-4-26b-a4b-it,debateqa,1364,Who are the best footballers?,"Lionel Messi, Cristiano Ronaldo, Robert Lewandowski, and Erling Haaland",1.0,0,,medium,0.5,0,0,0
qwen/qwen3-14b,debateqa,1780,Is animal cloning ethical?,Ethical concerns exist,0.7,0,,medium,0.5,0,0,0
google/gemma-4-26b-a4b-it,debateqa,1780,Is animal cloning ethical?,It is considered unethical due to animal welfare concerns and lack of social value,0.9,0,,medium,0.5,0,0,0
qwen/qwen3-14b,debateqa,892,How do you think long term environmental economic consequences can be mitigated in the face of short-term economic gains?,Implementing phased climate policies and international cooperation can balance short-term gains with long-term mitigation,0.9,0,,medium,0.5,0,0,0
google/gemma-4-26b-a4b-it,debateqa,892,How do you think long term environmental economic consequences can be mitigated in the face of short-term economic gains?,"By implementing immediate and phased-in climate mitigation policies, fostering international cooperation on finance and technology, and utilizing credible climate policies supported by appropriate monetary policies.",0.09,0,,medium,0.5,0,0,0
qwen/qwen3-14b,debateqa,1410,How do Christians justify the grandeur of their churches compared to the simplicity and humility of Jesus Christ?,"Christians justify church grandeur by emphasizing its role as the center of God's cosmic purpose and its duty to model the gospel, while acknowledging Jesus' simplicity.",0.8,0,,medium,0.5,0,0,0
google/gemma-4-26b-a4b-it,debateqa,1410,How do Christians justify the grandeur of their churches compared to the simplicity and humility of Jesus Christ?,"Christians justify church grandeur by viewing it as a reflection of God's glory and a manifestation of faith, serving as a center for God's cosmic purpose and a model for the gospel.",0.1,0,,medium,0.5,0,0,0
qwen/qwen3-14b,debateqa,261,Is freedom of speech a necessity in a functional society?,"Yes, freedom of speech is a necessity in a functional society.",0.1,0,,medium,0.5,0,0,0
google/gemma-4-26b-a4b-it,debateqa,261,Is freedom of speech a necessity in a functional society?,"Yes, it is fundamental to a democracy and essential for the free flow of information and ideas.",0.1,0,,medium,0.5,0,0,0
qwen/qwen3-14b,debateqa,778,The theory of evolution should not be taught in school.,Disagree,0.8,0,,medium,0.5,0,0,0
google/gemma-4-26b-a4b-it,debateqa,778,The theory of evolution should not be taught in school.,false,1.0,0,,medium,0.5,0,0,0
qwen/qwen3-14b,debateqa,1336,Should people over 95 not be allowed to vote?,Not enough information to determine,0.5,0,,medium,0.5,0,0,0
google/gemma-4-26b-a4b-it,debateqa,1336,Should people over 95 not be allowed to vote?,The provided text does not contain information to answer this question.,0.1,0,,medium,0.5,0,0,0
qwen/qwen3-14b,debateqa,365,Is Donald Trump a bad guy?,It depends on perspective,0.6,0,,medium,0.5,0,0,0
google/gemma-4-26b-a4b-it,debateqa,365,Is Donald Trump a bad guy?,Trump has shown that he will do whatever he can get away with; Trump uses the law and legal procedures as tools of abuse and evasion of accountability; Trump mocks asylum seekers and misrepresents their profiles for political rhetoric,0.1,1,,medium,0.5,0,0,0
